{
"type": "FeatureCollection",
"crs": { "type": "name", "properties": { "name": "urn:ogc:def:crs:OGC:1.3:CRS84" } },
"features": [
{ "type": "Feature", "properties": { "device_id": "532bf5ca2f8265d273e01e0ec4dfcab6d1bd56b9f134cf699fe8b05fb6b670c3", "timestamps": "2020-01-01T20:27:16, 2020-01-01T20:28:07, 2020-01-01T20:29:34, 2020-01-01T20:30:18, 2020-01-01T20:31:23, 2020-01-01T20:32:36, 2020-01-01T20:34:27, 2020-01-01T20:44:29, 2020-01-01T20:46:57, 2020-01-01T20:55:49, 2020-01-01T21:00:48, 2020-01-01T21:03:47, 2020-01-01T21:06:32, 2020-01-01T21:09:05, 2020-01-01T21:15:47, 2020-01-01T21:20:39, 2020-01-01T21:23:32, 2020-01-01T21:26:05, 2020-01-01T21:36:52, 2020-01-01T21:45:32, 2020-01-01T21:55:26, 2020-01-01T21:55:27, 2020-01-01T22:05:26, 2020-01-01T22:15:26, 2020-01-01T22:25:26, 2020-01-01T22:35:19, 2020-01-01T22:45:56, 2020-01-01T22:57:08, 2020-01-01T23:06:26, 2020-01-01T23:07:17, 2020-01-01T23:08:00, 2020-01-01T23:09:32, 2020-01-01T23:10:16, 2020-01-01T23:11:08, 2020-01-01T23:11:21, 2020-01-01T23:12:34, 2020-01-01T23:13:19, 2020-01-01T23:14:13, 2020-01-01T23:15:36, 2020-01-01T23:15:52, 2020-01-01T23:16:02, 2020-01-01T23:27:52, 2020-01-01T23:37:59, 2020-01-01T23:53:53" }, "geometry": { "type": "LineString", "coordinates": [ [ -98.950487, 19.840652 ], [ -98.946215, 19.816504 ], [ -98.94796, 19.803363 ], [ -98.948923, 19.791638 ], [ -98.946857, 19.779526 ], [ -98.945662, 19.753387 ], [ -98.9523, 19.729671 ], [ -99.02927, 19.619159 ], [ -99.031874, 19.616581 ], [ -99.089918, 19.518059 ], [ -99.098079, 19.495435 ], [ -99.106733, 19.483328 ], [ -99.11219, 19.474602 ], [ -99.121745, 19.477137 ], [ -99.135625, 19.471083 ], [ -99.143904, 19.465314 ], [ -99.14678, 19.468568 ], [ -99.144535, 19.468207 ], [ -99.144479, 19.468141 ], [ -99.144381, 19.468167 ], [ -99.144397, 19.468186 ], [ -99.144403, 19.468153 ], [ -99.144375, 19.468162 ], [ -99.144399, 19.468158 ], [ -99.14438, 19.468189 ], [ -99.144393, 19.468154 ], [ -99.144428, 19.468162 ], [ -99.144674, 19.468187 ], [ -99.145254, 19.462623 ], [ -99.1417, 19.464355 ], [ -99.129152, 19.462421 ], [ -99.122662, 19.459801 ], [ -99.122515, 19.459766 ], [ -99.120702, 19.461613 ], [ -99.122043, 19.459794 ], [ -99.118, 19.465601 ], [ -99.116218, 19.467456 ], [ -99.116115, 19.467635 ], [ -99.116287, 19.46772 ], [ -99.116133, 19.467598 ], [ -99.116406, 19.467614 ], [ -99.116228, 19.467496 ], [ -99.116207, 19.467474 ], [ -99.116225, 19.467495 ] ] } },
{ "type": "Feature", "properties": { "device_id": "80b9cebac86976b8ed02d4447470e9017d98e16625834cb12cca3de6710ab058", "timestamps": "2020-01-01T07:31:08, 2020-01-01T07:46:08, 2020-01-01T08:01:08, 2020-01-01T08:16:09, 2020-01-01T08:32:45, 2020-01-01T08:47:45, 2020-01-01T09:02:42, 2020-01-01T09:10:25, 2020-01-01T09:10:56, 2020-01-01T09:25:25, 2020-01-01T09:26:14, 2020-01-01T09:26:28, 2020-01-01T09:41:12, 2020-01-01T09:56:11, 2020-01-01T10:11:13, 2020-01-01T10:26:10, 2020-01-01T10:41:16, 2020-01-01T20:57:47" }, "geometry": { "type": "LineString", "coordinates": [ [ -99.018556, 19.645752 ], [ -99.018556, 19.645752 ], [ -99.018556, 19.645752 ], [ -99.018556, 19.645752 ], [ -99.018443, 19.645878 ], [ -99.018443, 19.645878 ], [ -99.018443, 19.645878 ], [ -99.018443, 19.645878 ], [ -99.018443, 19.645878 ], [ -99.018443, 19.645878 ], [ -99.018443, 19.645878 ], [ -99.018443, 19.645878 ], [ -99.018443, 19.645878 ], [ -99.018443, 19.645878 ], [ -99.018443, 19.645878 ], [ -99.018443, 19.645878 ], [ -99.018443, 19.645878 ], [ -99.144888, 19.464799 ] ] } },
{ "type": "Feature", "properties": { "device_id": "fa005ea7b288f4feb70c5f20443e1d9875b46457987edc3ff11f399e9e4a03b1", "timestamps": "2020-01-01T06:00:54, 2020-01-01T06:15:11, 2020-01-01T06:25:28, 2020-01-01T06:35:39, 2020-01-01T07:01:02, 2020-01-01T07:01:50, 2020-01-01T07:02:47, 2020-01-01T07:03:14, 2020-01-01T07:04:03, 2020-01-01T07:04:59, 2020-01-01T07:05:49, 2020-01-01T07:06:10, 2020-01-01T07:07:06, 2020-01-01T07:07:22, 2020-01-01T07:08:31, 2020-01-01T07:09:17, 2020-01-01T07:10:08, 2020-01-01T07:10:24, 2020-01-01T07:11:33, 2020-01-01T07:12:19, 2020-01-01T07:13:23, 2020-01-01T07:14:30, 2020-01-01T07:14:55, 2020-01-01T07:15:45, 2020-01-01T07:16:26, 2020-01-01T07:17:38, 2020-01-01T07:17:51, 2020-01-01T07:18:44, 2020-01-01T07:19:29, 2020-01-01T07:20:02, 2020-01-01T07:20:50, 2020-01-01T07:21:47, 2020-01-01T07:22:11, 2020-01-01T07:23:01, 2020-01-01T07:23:57, 2020-01-01T07:24:48, 2020-01-01T07:25:13, 2020-01-01T07:47:13, 2020-01-01T07:57:25, 2020-01-01T08:07:41, 2020-01-01T08:23:34, 2020-01-01T08:35:46, 2020-01-01T08:51:42, 2020-01-01T09:07:06, 2020-01-01T09:46:48, 2020-01-01T10:06:23, 2020-01-01T10:26:14, 2020-01-01T10:45:03, 2020-01-01T11:06:38, 2020-01-01T11:27:23, 2020-01-01T11:59:52, 2020-01-01T11:59:53, 2020-01-01T11:59:54, 2020-01-01T12:19:53, 2020-01-01T12:38:29, 2020-01-01T12:58:02, 2020-01-01T13:17:51, 2020-01-01T13:26:02, 2020-01-01T13:37:00, 2020-01-01T13:48:11, 2020-01-01T14:07:14, 2020-01-01T14:22:20, 2020-01-01T14:41:00, 2020-01-01T14:52:10, 2020-01-01T15:26:45, 2020-01-01T15:41:28, 2020-01-01T15:56:02, 2020-01-01T15:56:50, 2020-01-01T15:57:46, 2020-01-01T15:59:57, 2020-01-01T16:00:48, 2020-01-01T16:01:14, 2020-01-01T16:02:03, 2020-01-01T16:02:58, 2020-01-01T16:04:10, 2020-01-01T16:05:07, 2020-01-01T16:05:22, 2020-01-01T16:08:09, 2020-01-01T16:08:24, 2020-01-01T16:09:33, 2020-01-01T16:10:45, 2020-01-01T16:11:26, 2020-01-01T16:12:38, 2020-01-01T16:12:51, 2020-01-01T16:13:44, 2020-01-01T16:14:29, 2020-01-01T16:15:39, 2020-01-01T16:15:53, 2020-01-01T16:16:40, 2020-01-01T16:17:15, 2020-01-01T16:18:01, 2020-01-01T16:18:56, 2020-01-01T16:19:47, 2020-01-01T16:20:14, 2020-01-01T16:21:00, 2020-01-01T16:21:59, 2020-01-01T16:22:35, 2020-01-01T16:23:16, 2020-01-01T16:24:07, 2020-01-01T16:25:31, 2020-01-01T16:26:17, 2020-01-01T16:27:08, 2020-01-01T16:28:34, 2020-01-01T16:29:32, 2020-01-01T16:30:16, 2020-01-01T16:31:21, 2020-01-01T16:32:34, 2020-01-01T16:33:18, 2020-01-01T16:44:25, 2020-01-01T17:00:59, 2020-01-01T17:17:51, 2020-01-01T17:47:58, 2020-01-01T18:16:42, 2020-01-01T18:16:45, 2020-01-01T18:26:17, 2020-01-01T18:38:21, 2020-01-01T18:48:13, 2020-01-01T19:05:38, 2020-01-01T19:06:44, 2020-01-01T19:07:29, 2020-01-01T19:08:05, 2020-01-01T19:08:56, 2020-01-01T19:09:40, 2020-01-01T19:10:15, 2020-01-01T19:11:01, 2020-01-01T19:11:56, 2020-01-01T19:12:48, 2020-01-01T19:13:14, 2020-01-01T19:14:03, 2020-01-01T19:14:58, 2020-01-01T19:15:35, 2020-01-01T19:16:10, 2020-01-01T19:17:07, 2020-01-01T19:17:22, 2020-01-01T19:18:31, 2020-01-01T19:19:18, 2020-01-01T19:20:23, 2020-01-01T19:21:30, 2020-01-01T19:21:55, 2020-01-01T19:22:45, 2020-01-01T19:23:26, 2020-01-01T19:24:37, 2020-01-01T19:24:51, 2020-01-01T19:25:41, 2020-01-01T19:26:27, 2020-01-01T19:27:39, 2020-01-01T19:27:54, 2020-01-01T19:29:38, 2020-01-01T19:30:05, 2020-01-01T19:30:50, 2020-01-01T19:31:46, 2020-01-01T19:53:58, 2020-01-01T20:12:22, 2020-01-01T20:37:04, 2020-01-01T20:49:26, 2020-01-01T21:02:23, 2020-01-01T21:18:03, 2020-01-01T21:29:31, 2020-01-01T21:43:53, 2020-01-01T21:56:29, 2020-01-01T22:11:13, 2020-01-01T22:21:12, 2020-01-01T22:31:24, 2020-01-01T22:40:05, 2020-01-01T22:51:15, 2020-01-01T23:06:14, 2020-01-01T23:17:36, 2020-01-01T23:28:26, 2020-01-01T23:38:20, 2020-01-01T23:48:26, 2020-01-01T23:59:34" }, "geometry": { "type": "LineString", "coordinates": [ [ -99.144218, 19.465336 ], [ -99.144482, 19.465176 ], [ -99.144481, 19.465173 ], [ -99.144514, 19.465113 ], [ -99.137898, 19.424051 ], [ -99.141844, 19.424564 ], [ -99.137372, 19.424059 ], [ -99.133054, 19.423242 ], [ -99.135635, 19.409843 ], [ -99.134514, 19.416662 ], [ -99.136733, 19.402623 ], [ -99.137936, 19.395211 ], [ -99.14009, 19.381266 ], [ -99.139043, 19.387922 ], [ -99.141053, 19.374233 ], [ -99.142012, 19.367308 ], [ -99.145371, 19.352273 ], [ -99.143437, 19.359699 ], [ -99.144608, 19.344767 ], [ -99.143302, 19.342562 ], [ -99.138695, 19.341151 ], [ -99.129735, 19.339302 ], [ -99.133817, 19.340518 ], [ -99.124676, 19.337901 ], [ -99.120945, 19.337133 ], [ -99.113424, 19.338656 ], [ -99.116996, 19.339023 ], [ -99.113046, 19.335456 ], [ -99.113388, 19.333146 ], [ -99.108699, 19.327198 ], [ -99.110704, 19.32966 ], [ -99.106561, 19.324799 ], [ -99.105327, 19.32278 ], [ -99.103307, 19.322747 ], [ -99.10306, 19.322474 ], [ -99.103384, 19.322757 ], [ -99.103666, 19.322972 ], [ -99.103971, 19.323181 ], [ -99.103977, 19.323185 ], [ -99.103975, 19.323182 ], [ -99.103983, 19.323177 ], [ -99.103931, 19.323135 ], [ -99.103971, 19.323182 ], [ -99.103985, 19.323182 ], [ -99.103818, 19.323076 ], [ -99.103979, 19.323172 ], [ -99.104033, 19.323117 ], [ -99.104033, 19.323117 ], [ -99.104033, 19.323117 ], [ -99.104033, 19.323117 ], [ -99.104033, 19.323117 ], [ -99.104033, 19.323117 ], [ -99.104033, 19.323117 ], [ -99.104033, 19.323117 ], [ -99.104033, 19.323117 ], [ -99.104033, 19.323117 ], [ -99.104033, 19.323117 ], [ -99.103937, 19.323187 ], [ -99.103976, 19.323183 ], [ -99.103975, 19.32318 ], [ -99.103974, 19.323181 ], [ -99.103959, 19.323188 ], [ -99.103978, 19.323182 ], [ -99.103972, 19.323158 ], [ -99.103992, 19.323191 ], [ -99.103992, 19.323191 ], [ -99.101326, 19.308161 ], [ -99.101308, 19.308153 ], [ -99.101326, 19.308162 ], [ -99.101326, 19.308164 ], [ -99.101325, 19.308165 ], [ -99.101326, 19.308164 ], [ -99.101325, 19.308166 ], [ -99.101326, 19.308164 ], [ -99.101325, 19.308167 ], [ -99.100955, 19.312472 ], [ -99.101197, 19.309206 ], [ -99.105387, 19.322451 ], [ -99.102106, 19.321976 ], [ -99.106404, 19.324956 ], [ -99.108344, 19.326951 ], [ -99.110553, 19.329729 ], [ -99.112895, 19.339669 ], [ -99.1132, 19.334294 ], [ -99.111682, 19.346412 ], [ -99.110473, 19.352857 ], [ -99.109484, 19.364716 ], [ -99.110764, 19.358978 ], [ -99.108056, 19.37022 ], [ -99.108249, 19.376018 ], [ -99.107051, 19.378735 ], [ -99.107384, 19.377394 ], [ -99.11358, 19.379501 ], [ -99.119726, 19.379982 ], [ -99.133462, 19.381907 ], [ -99.1267, 19.380563 ], [ -99.14071, 19.382924 ], [ -99.147475, 19.384008 ], [ -99.151872, 19.384498 ], [ -99.155475, 19.384769 ], [ -99.156896, 19.385132 ], [ -99.158726, 19.389676 ], [ -99.157892, 19.389761 ], [ -99.157788, 19.389794 ], [ -99.158001, 19.390386 ], [ -99.160029, 19.391236 ], [ -99.16, 19.391113 ], [ -99.160051, 19.391085 ], [ -99.160018, 19.390795 ], [ -99.160016, 19.390795 ], [ -99.159921, 19.390858 ], [ -99.160044, 19.390776 ], [ -99.159999, 19.390811 ], [ -99.159998, 19.390811 ], [ -99.160039, 19.390753 ], [ -99.160026, 19.390794 ], [ -99.159979, 19.390862 ], [ -99.140809, 19.376972 ], [ -99.14132, 19.372554 ], [ -99.142282, 19.366564 ], [ -99.145103, 19.353459 ], [ -99.143388, 19.359982 ], [ -99.144969, 19.346387 ], [ -99.143791, 19.342718 ], [ -99.140162, 19.339052 ], [ -99.141424, 19.340645 ], [ -99.138636, 19.337687 ], [ -99.137093, 19.334627 ], [ -99.136591, 19.330261 ], [ -99.136896, 19.331779 ], [ -99.131554, 19.329802 ], [ -99.128711, 19.329451 ], [ -99.122609, 19.329054 ], [ -99.124854, 19.329269 ], [ -99.120838, 19.328965 ], [ -99.115542, 19.328561 ], [ -99.109635, 19.32797 ], [ -99.10561, 19.323994 ], [ -99.107687, 19.326173 ], [ -99.105453, 19.3221 ], [ -99.104093, 19.320558 ], [ -99.100204, 19.320896 ], [ -99.101852, 19.319282 ], [ -99.099654, 19.317065 ], [ -99.099983, 19.3123 ], [ -99.100427, 19.307714 ], [ -99.100337, 19.307724 ], [ -99.100939, 19.307769 ], [ -99.100964, 19.30776 ], [ -99.100943, 19.307747 ], [ -99.101031, 19.307721 ], [ -99.10095, 19.307749 ], [ -99.100943, 19.307732 ], [ -99.100967, 19.307753 ], [ -99.100936, 19.307742 ], [ -99.100936, 19.307742 ], [ -99.100957, 19.307747 ], [ -99.100951, 19.307748 ], [ -99.100964, 19.307761 ], [ -99.100966, 19.307747 ], [ -99.10095, 19.307764 ], [ -99.100951, 19.307749 ], [ -99.10095, 19.307748 ], [ -99.10095, 19.30775 ], [ -99.100951, 19.307749 ], [ -99.100951, 19.307749 ], [ -99.100933, 19.30775 ], [ -99.100965, 19.30773 ], [ -99.100968, 19.307749 ], [ -99.100968, 19.307749 ], [ -99.103985, 19.323167 ] ] } },
{ "type": "Feature", "properties": { "device_id": "49ffc6735bf1bf37c241a14367193843fefd1c02b7ea59532f1e7b2e3145c624", "timestamps": "2020-01-01T06:06:55, 2020-01-01T06:17:49, 2020-01-01T06:28:48, 2020-01-01T06:43:12, 2020-01-01T06:43:28, 2020-01-01T06:44:02, 2020-01-01T06:44:56, 2020-01-01T06:45:46, 2020-01-01T06:46:11, 2020-01-01T06:47:04, 2020-01-01T06:47:58, 2020-01-01T06:48:49, 2020-01-01T06:49:10, 2020-01-01T06:50:02, 2020-01-01T06:50:25, 2020-01-01T06:51:00, 2020-01-01T06:51:25, 2020-01-01T06:52:36, 2020-01-01T06:54:17, 2020-01-01T06:55:21, 2020-01-01T06:56:30, 2020-01-01T06:56:55, 2020-01-01T06:57:41, 2020-01-01T06:58:28, 2020-01-01T06:59:50, 2020-01-01T07:00:29, 2020-01-01T07:01:39, 2020-01-01T07:01:53, 2020-01-01T07:02:43, 2020-01-01T07:03:29, 2020-01-01T07:03:48, 2020-01-01T07:15:58, 2020-01-01T07:24:05, 2020-01-01T07:30:05, 2020-01-01T07:30:41, 2020-01-01T07:30:44, 2020-01-01T07:31:25, 2020-01-01T07:41:40, 2020-01-01T07:52:21, 2020-01-01T08:03:47, 2020-01-01T08:13:44, 2020-01-01T08:23:48, 2020-01-01T08:34:52, 2020-01-01T08:43:30, 2020-01-01T08:43:31, 2020-01-01T08:43:32, 2020-01-01T08:43:33, 2020-01-01T08:53:47, 2020-01-01T09:04:21, 2020-01-01T09:14:23, 2020-01-01T09:24:11, 2020-01-01T09:34:22, 2020-01-01T09:43:09, 2020-01-01T09:54:21, 2020-01-01T10:04:21, 2020-01-01T10:14:55, 2020-01-01T10:23:49, 2020-01-01T10:34:22, 2020-01-01T10:46:11, 2020-01-01T10:56:31, 2020-01-01T11:06:13, 2020-01-01T11:16:22, 2020-01-01T11:26:42, 2020-01-01T11:38:47, 2020-01-01T11:48:20, 2020-01-01T11:58:47, 2020-01-01T12:09:17, 2020-01-01T12:19:22, 2020-01-01T12:29:35, 2020-01-01T12:39:15, 2020-01-01T12:51:22, 2020-01-01T13:09:59, 2020-01-01T13:20:21, 2020-01-01T13:20:22, 2020-01-01T13:33:45, 2020-01-01T13:44:52, 2020-01-01T13:53:31, 2020-01-01T13:54:39, 2020-01-01T13:54:48, 2020-01-01T13:55:43, 2020-01-01T13:56:21, 2020-01-01T13:57:26, 2020-01-01T13:58:48, 2020-01-01T13:59:47, 2020-01-01T14:05:25, 2020-01-01T14:05:56, 2020-01-01T14:18:21, 2020-01-01T14:28:47, 2020-01-01T14:40:37, 2020-01-01T14:53:07, 2020-01-01T14:53:37, 2020-01-01T14:53:41, 2020-01-01T14:53:47, 2020-01-01T14:57:41, 2020-01-01T15:20:49, 2020-01-01T15:31:35, 2020-01-01T15:41:31, 2020-01-01T15:54:11, 2020-01-01T16:04:21, 2020-01-01T16:29:30, 2020-01-01T16:48:59, 2020-01-01T17:13:15, 2020-01-01T17:23:07, 2020-01-01T17:34:21, 2020-01-01T17:45:21, 2020-01-01T17:55:12, 2020-01-01T18:04:04, 2020-01-01T18:14:46, 2020-01-01T18:37:45, 2020-01-01T18:57:26, 2020-01-01T19:09:50, 2020-01-01T19:12:21, 2020-01-01T19:18:46, 2020-01-01T19:28:19, 2020-01-01T19:38:03, 2020-01-01T19:49:35, 2020-01-01T19:59:14, 2020-01-01T20:09:27, 2020-01-01T20:18:17, 2020-01-01T20:28:24, 2020-01-01T20:38:25, 2020-01-01T20:48:18, 2020-01-01T20:58:00, 2020-01-01T20:58:30, 2020-01-01T20:58:47, 2020-01-01T20:59:50, 2020-01-01T21:09:22, 2020-01-01T21:13:46, 2020-01-01T21:23:05, 2020-01-01T21:35:26, 2020-01-01T21:45:50, 2020-01-01T21:54:06, 2020-01-01T22:04:42, 2020-01-01T22:15:53, 2020-01-01T22:25:10, 2020-01-01T22:35:59, 2020-01-01T22:46:21, 2020-01-01T22:57:25, 2020-01-01T23:09:35, 2020-01-01T23:22:23, 2020-01-01T23:43:50, 2020-01-01T23:53:24" }, "geometry": { "type": "LineString", "coordinates": [ [ -99.183535, 19.487554 ], [ -99.183498, 19.487526 ], [ -99.18361, 19.487588 ], [ -99.183233, 19.482833 ], [ -99.183187, 19.483069 ], [ -99.182395, 19.47482 ], [ -99.184189, 19.479307 ], [ -99.178646, 19.470444 ], [ -99.176459, 19.468558 ], [ -99.170088, 19.470155 ], [ -99.174012, 19.468963 ], [ -99.166096, 19.471417 ], [ -99.160862, 19.473058 ], [ -99.156548, 19.471642 ], [ -99.156366, 19.473454 ], [ -99.15509, 19.469256 ], [ -99.156687, 19.470518 ], [ -99.15517, 19.468339 ], [ -99.154964, 19.46873 ], [ -99.154943, 19.468713 ], [ -99.15505, 19.468714 ], [ -99.155017, 19.468726 ], [ -99.155034, 19.46872 ], [ -99.155017, 19.468726 ], [ -99.155017, 19.468727 ], [ -99.155431, 19.468951 ], [ -99.15519, 19.468814 ], [ -99.155285, 19.468835 ], [ -99.155115, 19.468788 ], [ -99.155115, 19.468786 ], [ -99.155115, 19.468786 ], [ -99.155045, 19.468738 ], [ -99.155044, 19.468743 ], [ -99.155046, 19.468746 ], [ -99.155046, 19.468746 ], [ -99.155046, 19.468746 ], [ -99.155046, 19.468738 ], [ -99.155046, 19.468746 ], [ -99.155043, 19.46875 ], [ -99.155044, 19.468743 ], [ -99.155046, 19.468738 ], [ -99.155045, 19.468744 ], [ -99.155043, 19.468738 ], [ -99.155032, 19.468714 ], [ -99.155032, 19.468714 ], [ -99.155032, 19.468714 ], [ -99.155032, 19.468714 ], [ -99.155047, 19.468739 ], [ -99.155043, 19.468739 ], [ -99.155043, 19.468746 ], [ -99.155044, 19.468739 ], [ -99.155044, 19.468736 ], [ -99.155045, 19.468736 ], [ -99.155042, 19.468738 ], [ -99.155046, 19.468737 ], [ -99.155043, 19.468737 ], [ -99.155044, 19.468737 ], [ -99.155045, 19.468746 ], [ -99.155045, 19.468736 ], [ -99.155047, 19.468737 ], [ -99.155044, 19.468746 ], [ -99.155047, 19.468748 ], [ -99.155047, 19.46874 ], [ -99.155047, 19.468737 ], [ -99.155044, 19.468745 ], [ -99.155044, 19.468743 ], [ -99.155045, 19.468737 ], [ -99.155042, 19.468738 ], [ -99.155044, 19.468736 ], [ -99.155032, 19.46876 ], [ -99.155019, 19.468749 ], [ -99.155019, 19.468717 ], [ -99.15504, 19.46871 ], [ -99.15504, 19.46871 ], [ -99.15504, 19.468727 ], [ -99.155124, 19.468891 ], [ -99.155119, 19.469384 ], [ -99.151108, 19.468052 ], [ -99.152157, 19.468146 ], [ -99.147762, 19.467658 ], [ -99.146336, 19.466757 ], [ -99.146245, 19.467219 ], [ -99.146157, 19.467007 ], [ -99.146156, 19.466999 ], [ -99.145488, 19.466024 ], [ -99.145489, 19.466024 ], [ -99.145492, 19.466029 ], [ -99.145332, 19.466075 ], [ -99.145472, 19.466019 ], [ -99.145214, 19.466312 ], [ -99.14521, 19.466341 ], [ -99.145211, 19.466343 ], [ -99.145211, 19.466348 ], [ -99.145992, 19.466364 ], [ -99.145397, 19.466016 ], [ -99.145438, 19.466012 ], [ -99.145473, 19.466009 ], [ -99.145466, 19.46599 ], [ -99.145432, 19.465966 ], [ -99.145545, 19.46636 ], [ -99.145326, 19.466107 ], [ -99.145462, 19.46603 ], [ -99.145465, 19.466005 ], [ -99.145419, 19.465965 ], [ -99.14507, 19.466291 ], [ -99.14511, 19.466188 ], [ -99.145064, 19.466302 ], [ -99.145454, 19.466016 ], [ -99.145456, 19.466014 ], [ -99.14554, 19.46603 ], [ -99.145421, 19.46626 ], [ -99.144903, 19.466363 ], [ -99.145422, 19.465824 ], [ -99.145488, 19.465996 ], [ -99.145497, 19.46601 ], [ -99.145479, 19.466002 ], [ -99.145457, 19.466036 ], [ -99.14548, 19.466012 ], [ -99.145459, 19.466027 ], [ -99.14546, 19.466049 ], [ -99.145453, 19.466018 ], [ -99.145481, 19.466011 ], [ -99.14548, 19.466012 ], [ -99.14546, 19.466012 ], [ -99.14548, 19.466011 ], [ -99.145481, 19.466011 ], [ -99.145459, 19.465966 ], [ -99.144884, 19.466284 ], [ -99.145481, 19.465978 ], [ -99.145493, 19.466024 ], [ -99.145476, 19.466029 ], [ -99.145303, 19.465891 ], [ -99.145465, 19.465951 ], [ -99.145463, 19.466029 ], [ -99.145477, 19.465998 ], [ -99.145504, 19.465995 ], [ -99.145491, 19.466021 ], [ -99.145481, 19.466012 ], [ -99.145461, 19.466015 ], [ -99.145468, 19.466001 ], [ -99.145492, 19.466025 ], [ -99.145494, 19.46598 ] ] } },
{ "type": "Feature", "properties": { "device_id": "1efcdcdfd14814578c2b903033f1662d01b80a8b88a3337867a50bc084bde081", "timestamps": "2020-01-01T06:08:56, 2020-01-01T06:17:36, 2020-01-01T06:36:38, 2020-01-01T06:47:47, 2020-01-01T06:56:04, 2020-01-01T07:07:51, 2020-01-01T07:23:51, 2020-01-01T07:23:53, 2020-01-01T07:38:58, 2020-01-01T07:52:37, 2020-01-01T07:53:09, 2020-01-01T08:14:45, 2020-01-01T08:19:19, 2020-01-01T08:23:09, 2020-01-01T08:28:09, 2020-01-01T08:34:50, 2020-01-01T08:39:19, 2020-01-01T08:44:50, 2020-01-01T08:49:53, 2020-01-01T08:54:20, 2020-01-01T08:58:09, 2020-01-01T09:04:19, 2020-01-01T09:09:55, 2020-01-01T09:14:50, 2020-01-01T09:19:20, 2020-01-01T09:23:09, 2020-01-01T09:24:53, 2020-01-01T09:29:55, 2020-01-01T09:39:51, 2020-01-01T09:52:54, 2020-01-01T10:04:52, 2020-01-01T10:24:52, 2020-01-01T10:42:32, 2020-01-01T11:02:44, 2020-01-01T11:24:19, 2020-01-01T11:44:19, 2020-01-01T12:04:19, 2020-01-01T12:24:19, 2020-01-01T12:44:45, 2020-01-01T13:04:19, 2020-01-01T13:24:19, 2020-01-01T13:24:32, 2020-01-01T13:44:04, 2020-01-01T14:04:19, 2020-01-01T14:15:56, 2020-01-01T14:34:25, 2020-01-01T14:50:41, 2020-01-01T15:29:19, 2020-01-01T15:49:19, 2020-01-01T16:09:19, 2020-01-01T16:29:19, 2020-01-01T16:49:19, 2020-01-01T17:09:19, 2020-01-01T17:37:29, 2020-01-01T17:54:51, 2020-01-01T18:09:23, 2020-01-01T18:19:51, 2020-01-01T18:34:52, 2020-01-01T18:49:52, 2020-01-01T19:09:52, 2020-01-01T19:26:54, 2020-01-01T19:26:57, 2020-01-01T19:47:13, 2020-01-01T20:02:54, 2020-01-01T20:22:31, 2020-01-01T20:43:44, 2020-01-01T20:53:40, 2020-01-01T21:13:06, 2020-01-01T21:29:54, 2020-01-01T21:41:24, 2020-01-01T21:51:26, 2020-01-01T22:01:32, 2020-01-01T22:11:33, 2020-01-01T22:21:36, 2020-01-01T22:32:24, 2020-01-01T22:42:51, 2020-01-01T22:51:40, 2020-01-01T23:01:24, 2020-01-01T23:13:54, 2020-01-01T23:23:54, 2020-01-01T23:32:36, 2020-01-01T23:44:54, 2020-01-01T23:53:46" }, "geometry": { "type": "LineString", "coordinates": [ [ -99.15687, 19.270051 ], [ -99.156887, 19.270052 ], [ -99.156887, 19.270052 ], [ -99.156887, 19.270052 ], [ -99.156887, 19.270052 ], [ -99.156887, 19.270052 ], [ -99.156887, 19.270052 ], [ -99.156909, 19.270004 ], [ -99.156887, 19.270052 ], [ -99.162009, 19.273649 ], [ -99.165036, 19.277021 ], [ -99.089308, 19.433047 ], [ -99.062627, 19.460934 ], [ -99.040704, 19.484429 ], [ -99.039669, 19.486349 ], [ -99.05449, 19.48696 ], [ -99.05815, 19.465611 ], [ -99.093375, 19.45206 ], [ -99.143695, 19.465288 ], [ -99.172221, 19.433594 ], [ -99.178533, 19.435811 ], [ -99.213815, 19.438769 ], [ -99.230521, 19.427508 ], [ -99.248485, 19.412622 ], [ -99.273531, 19.402463 ], [ -99.287627, 19.386817 ], [ -99.287469, 19.387023 ], [ -99.288372, 19.387034 ], [ -99.288396, 19.387113 ], [ -99.288395, 19.387072 ], [ -99.288371, 19.387074 ], [ -99.288383, 19.387014 ], [ -99.288374, 19.387096 ], [ -99.2887, 19.387217 ], [ -99.2887, 19.387217 ], [ -99.2887, 19.387217 ], [ -99.2887, 19.387217 ], [ -99.2887, 19.387217 ], [ -99.2887, 19.387217 ], [ -99.2887, 19.387217 ], [ -99.2887, 19.387217 ], [ -99.288393, 19.387062 ], [ -99.28844, 19.38706 ], [ -99.28844, 19.38706 ], [ -99.28844, 19.38706 ], [ -99.288396, 19.387076 ], [ -99.288395, 19.387106 ], [ -99.28846, 19.387136 ], [ -99.28846, 19.387136 ], [ -99.28846, 19.387136 ], [ -99.28846, 19.387136 ], [ -99.28846, 19.387136 ], [ -99.28846, 19.387136 ], [ -99.288405, 19.387094 ], [ -99.288397, 19.387054 ], [ -99.288421, 19.387079 ], [ -99.288371, 19.387039 ], [ -99.288394, 19.38711 ], [ -99.28842, 19.387087 ], [ -99.288396, 19.387101 ], [ -99.288395, 19.387098 ], [ -99.288396, 19.387107 ], [ -99.288336, 19.386946 ], [ -99.288407, 19.38702 ], [ -99.288397, 19.387105 ], [ -99.288393, 19.387079 ], [ -99.288401, 19.3871 ], [ -99.288392, 19.387106 ], [ -99.288375, 19.387109 ], [ -99.288588, 19.386936 ], [ -99.288402, 19.387051 ], [ -99.288418, 19.387072 ], [ -99.288397, 19.387098 ], [ -99.288409, 19.387093 ], [ -99.288409, 19.387093 ], [ -99.288397, 19.387079 ], [ -99.288391, 19.387105 ], [ -99.288423, 19.387074 ], [ -99.288393, 19.387103 ], [ -99.288406, 19.387081 ], [ -99.288398, 19.387101 ], [ -99.288397, 19.387092 ], [ -99.288398, 19.387074 ] ] } },
{ "type": "Feature", "properties": { "device_id": "218b9da8db5e3753e9edc84a3ea3a95705e6d1180dc06ed6b30df9801f9d09f2", "timestamps": "2020-01-01T06:00:30, 2020-01-01T06:00:55, 2020-01-01T06:01:45, 2020-01-01T06:02:26, 2020-01-01T06:03:37, 2020-01-01T06:04:44, 2020-01-01T06:05:11, 2020-01-01T06:06:03, 2020-01-01T06:06:58, 2020-01-01T06:07:49, 2020-01-01T06:08:10, 2020-01-01T06:09:00, 2020-01-01T06:09:25, 2020-01-01T06:10:35, 2020-01-01T06:11:16, 2020-01-01T06:12:07, 2020-01-01T06:12:22, 2020-01-01T06:13:31, 2020-01-01T06:14:17, 2020-01-01T06:15:08, 2020-01-01T06:15:24, 2020-01-01T06:16:34, 2020-01-01T06:17:19, 2020-01-01T06:18:20, 2020-01-01T06:19:30, 2020-01-01T06:19:55, 2020-01-01T06:20:45, 2020-01-01T06:21:26, 2020-01-01T06:22:36, 2020-01-01T06:22:52, 2020-01-01T06:23:41, 2020-01-01T06:24:27, 2020-01-01T06:25:39, 2020-01-01T06:25:54, 2020-01-01T06:26:40, 2020-01-01T06:27:12, 2020-01-01T06:37:14, 2020-01-01T06:44:15, 2020-01-01T06:45:05, 2020-01-01T06:45:53, 2020-01-01T06:46:46, 2020-01-01T06:47:11, 2020-01-01T06:48:03, 2020-01-01T06:48:58, 2020-01-01T06:49:49, 2020-01-01T06:50:10, 2020-01-01T06:51:06, 2020-01-01T06:51:25, 2020-01-01T06:52:31, 2020-01-01T06:53:17, 2020-01-01T06:54:09, 2020-01-01T06:54:24, 2020-01-01T06:55:30, 2020-01-01T06:56:42, 2020-01-01T06:57:27, 2020-01-01T06:58:38, 2020-01-01T06:58:54, 2020-01-01T06:59:43, 2020-01-01T07:00:29, 2020-01-01T07:01:05, 2020-01-01T07:01:56, 2020-01-01T07:02:46, 2020-01-01T07:03:12, 2020-01-01T07:04:04, 2020-01-01T07:04:57, 2020-01-01T07:05:48, 2020-01-01T07:06:13, 2020-01-01T07:07:06, 2020-01-01T07:07:25, 2020-01-01T07:08:31, 2020-01-01T07:09:17, 2020-01-01T07:10:08, 2020-01-01T07:10:24, 2020-01-01T07:11:34, 2020-01-01T07:12:18, 2020-01-01T07:13:09, 2020-01-01T07:13:24, 2020-01-01T07:14:33, 2020-01-01T07:15:19, 2020-01-01T07:16:20, 2020-01-01T07:17:37, 2020-01-01T07:17:52, 2020-01-01T07:18:41, 2020-01-01T07:19:28, 2020-01-01T07:20:39, 2020-01-01T07:20:53, 2020-01-01T07:21:40, 2020-01-01T07:22:15, 2020-01-01T07:23:02, 2020-01-01T07:23:56, 2020-01-01T07:24:47, 2020-01-01T07:25:11, 2020-01-01T07:26:04, 2020-01-01T07:26:58, 2020-01-01T07:27:31, 2020-01-01T07:28:17, 2020-01-01T07:29:09, 2020-01-01T07:29:24, 2020-01-01T07:30:30, 2020-01-01T07:31:45, 2020-01-01T07:32:20, 2020-01-01T07:33:30, 2020-01-01T07:33:55, 2020-01-01T07:34:42, 2020-01-01T07:35:27, 2020-01-01T07:36:38, 2020-01-01T07:36:54, 2020-01-01T07:37:43, 2020-01-01T07:38:15, 2020-01-01T07:39:04, 2020-01-01T07:39:58, 2020-01-01T07:40:48, 2020-01-01T07:41:13, 2020-01-01T07:42:03, 2020-01-01T07:42:59, 2020-01-01T07:43:35, 2020-01-01T07:47:15, 2020-01-01T07:50:15, 2020-01-01T07:53:45, 2020-01-01T07:56:42, 2020-01-01T07:59:47, 2020-01-01T08:02:30, 2020-01-01T08:05:03, 2020-01-01T08:08:00, 2020-01-01T08:12:54, 2020-01-01T08:15:54, 2020-01-01T08:18:58, 2020-01-01T08:21:22, 2020-01-01T08:24:28, 2020-01-01T08:27:11, 2020-01-01T08:30:45, 2020-01-01T08:33:48, 2020-01-01T08:36:48, 2020-01-01T08:39:49, 2020-01-01T08:42:33, 2020-01-01T08:45:37, 2020-01-01T08:48:37, 2020-01-01T08:51:05, 2020-01-01T08:54:01, 2020-01-01T08:57:01, 2020-01-01T09:00:01, 2020-01-01T09:03:03, 2020-01-01T09:06:00, 2020-01-01T09:13:54, 2020-01-01T09:16:26, 2020-01-01T09:19:26, 2020-01-01T09:22:29, 2020-01-01T09:25:17, 2020-01-01T09:28:40, 2020-01-01T09:31:40, 2020-01-01T09:34:31, 2020-01-01T09:37:30, 2020-01-01T09:40:01, 2020-01-01T09:43:03, 2020-01-01T09:50:51, 2020-01-01T09:50:52, 2020-01-01T09:53:52, 2020-01-01T09:57:21, 2020-01-01T10:00:27, 2020-01-01T10:03:27, 2020-01-01T10:06:29, 2020-01-01T10:08:02, 2020-01-01T10:08:03, 2020-01-01T10:08:07, 2020-01-01T10:08:09, 2020-01-01T10:08:38, 2020-01-01T10:09:01, 2020-01-01T10:09:03, 2020-01-01T10:09:05, 2020-01-01T10:09:07, 2020-01-01T10:09:14, 2020-01-01T10:09:16, 2020-01-01T10:09:19, 2020-01-01T10:09:23, 2020-01-01T10:09:25, 2020-01-01T10:09:27, 2020-01-01T10:09:28, 2020-01-01T10:09:33, 2020-01-01T10:09:37, 2020-01-01T10:09:41, 2020-01-01T10:09:43, 2020-01-01T10:09:47, 2020-01-01T10:09:49, 2020-01-01T10:09:51, 2020-01-01T10:09:57, 2020-01-01T10:10:04, 2020-01-01T10:10:06, 2020-01-01T10:10:09, 2020-01-01T10:10:14, 2020-01-01T10:10:16, 2020-01-01T10:10:19, 2020-01-01T10:10:23, 2020-01-01T10:10:26, 2020-01-01T10:10:28, 2020-01-01T10:10:33, 2020-01-01T10:10:35, 2020-01-01T10:10:39, 2020-01-01T10:10:43, 2020-01-01T10:10:47, 2020-01-01T10:10:51, 2020-01-01T10:10:55, 2020-01-01T10:10:57, 2020-01-01T10:10:59, 2020-01-01T10:11:05, 2020-01-01T10:11:06, 2020-01-01T10:11:08, 2020-01-01T10:11:12, 2020-01-01T10:11:14, 2020-01-01T10:11:18, 2020-01-01T10:11:22, 2020-01-01T10:11:24, 2020-01-01T10:11:26, 2020-01-01T10:11:28, 2020-01-01T10:11:32, 2020-01-01T10:11:34, 2020-01-01T10:11:37, 2020-01-01T10:11:42, 2020-01-01T10:11:44, 2020-01-01T10:11:46, 2020-01-01T10:11:48, 2020-01-01T10:11:51, 2020-01-01T10:11:54, 2020-01-01T10:11:58, 2020-01-01T10:12:54, 2020-01-01T10:12:55, 2020-01-01T10:17:47, 2020-01-01T10:20:47, 2020-01-01T10:23:36, 2020-01-01T10:26:37, 2020-01-01T10:29:05, 2020-01-01T10:32:00, 2020-01-01T10:35:06, 2020-01-01T10:38:08, 2020-01-01T10:48:17, 2020-01-01T10:58:57, 2020-01-01T11:08:13, 2020-01-01T11:08:30, 2020-01-01T11:08:37, 2020-01-01T11:19:29, 2020-01-01T11:29:53, 2020-01-01T11:34:34, 2020-01-01T11:35:18, 2020-01-01T11:36:09, 2020-01-01T11:36:23, 2020-01-01T11:37:30, 2020-01-01T11:38:42, 2020-01-01T11:39:27, 2020-01-01T11:40:39, 2020-01-01T11:40:54, 2020-01-01T11:41:40, 2020-01-01T11:42:12, 2020-01-01T11:43:01, 2020-01-01T11:43:57, 2020-01-01T11:44:47, 2020-01-01T11:45:14, 2020-01-01T11:46:04, 2020-01-01T11:46:58, 2020-01-01T11:47:49, 2020-01-01T11:48:10, 2020-01-01T11:49:00, 2020-01-01T11:49:25, 2020-01-01T11:50:35, 2020-01-01T11:51:16, 2020-01-01T11:52:06, 2020-01-01T11:52:22, 2020-01-01T11:53:31, 2020-01-01T11:54:01, 2020-01-01T11:54:03, 2020-01-01T11:54:05, 2020-01-01T11:54:07, 2020-01-01T11:54:13, 2020-01-01T11:54:17, 2020-01-01T11:54:24, 2020-01-01T11:54:25, 2020-01-01T11:54:29, 2020-01-01T11:54:31, 2020-01-01T11:54:35, 2020-01-01T11:54:38, 2020-01-01T11:54:41, 2020-01-01T11:54:45, 2020-01-01T11:54:47, 2020-01-01T11:54:56, 2020-01-01T11:54:58, 2020-01-01T11:55:01, 2020-01-01T11:55:05, 2020-01-01T11:55:08, 2020-01-01T11:55:14, 2020-01-01T11:55:15, 2020-01-01T11:55:18, 2020-01-01T11:55:20, 2020-01-01T11:55:21, 2020-01-01T11:55:25, 2020-01-01T11:55:28, 2020-01-01T11:55:34, 2020-01-01T11:55:35, 2020-01-01T11:55:38, 2020-01-01T11:55:44, 2020-01-01T11:55:45, 2020-01-01T11:55:47, 2020-01-01T11:55:53, 2020-01-01T11:55:55, 2020-01-01T11:55:57, 2020-01-01T11:56:38, 2020-01-01T11:56:51, 2020-01-01T11:56:55, 2020-01-01T11:57:44, 2020-01-01T11:58:28, 2020-01-01T11:59:39, 2020-01-01T11:59:53, 2020-01-01T12:00:40, 2020-01-01T12:01:15, 2020-01-01T12:02:04, 2020-01-01T12:02:58, 2020-01-01T12:03:48, 2020-01-01T12:04:13, 2020-01-01T12:05:03, 2020-01-01T12:05:59, 2020-01-01T12:06:35, 2020-01-01T12:07:10, 2020-01-01T12:08:07, 2020-01-01T12:08:22, 2020-01-01T12:09:34, 2020-01-01T12:10:18, 2020-01-01T12:11:09, 2020-01-01T12:11:23, 2020-01-01T12:12:30, 2020-01-01T12:13:45, 2020-01-01T12:14:20, 2020-01-01T12:15:36, 2020-01-01T12:15:52, 2020-01-01T12:16:42, 2020-01-01T12:17:27, 2020-01-01T12:18:39, 2020-01-01T12:18:54, 2020-01-01T12:19:43, 2020-01-01T12:20:29, 2020-01-01T12:21:05, 2020-01-01T12:21:50, 2020-01-01T12:22:46, 2020-01-01T12:23:12, 2020-01-01T12:24:01, 2020-01-01T12:24:57, 2020-01-01T12:25:47, 2020-01-01T12:26:14, 2020-01-01T12:27:04, 2020-01-01T12:27:58, 2020-01-01T12:28:48, 2020-01-01T12:29:14, 2020-01-01T12:30:03, 2020-01-01T12:30:59, 2020-01-01T12:31:49, 2020-01-01T12:32:13, 2020-01-01T12:33:00, 2020-01-01T12:33:25, 2020-01-01T12:37:37, 2020-01-01T12:40:38, 2020-01-01T12:43:02, 2020-01-01T12:46:01, 2020-01-01T12:49:04, 2020-01-01T12:52:07, 2020-01-01T12:54:00, 2020-01-01T12:54:03, 2020-01-01T12:54:08, 2020-01-01T12:55:01, 2020-01-01T12:55:05, 2020-01-01T12:55:10, 2020-01-01T12:55:11, 2020-01-01T12:55:15, 2020-01-01T12:55:17, 2020-01-01T12:55:19, 2020-01-01T12:55:22, 2020-01-01T12:55:24, 2020-01-01T12:55:26, 2020-01-01T12:55:28, 2020-01-01T12:55:30, 2020-01-01T12:55:34, 2020-01-01T12:55:35, 2020-01-01T12:55:38, 2020-01-01T12:55:40, 2020-01-01T12:55:41, 2020-01-01T12:55:48, 2020-01-01T12:55:52, 2020-01-01T12:55:54, 2020-01-01T12:55:56, 2020-01-01T12:55:58, 2020-01-01T12:59:14, 2020-01-01T13:01:09, 2020-01-01T13:05:55, 2020-01-01T13:07:09, 2020-01-01T13:10:09, 2020-01-01T13:14:51, 2020-01-01T13:17:59, 2020-01-01T13:20:21, 2020-01-01T13:21:01, 2020-01-01T13:21:03, 2020-01-01T13:21:06, 2020-01-01T13:21:09, 2020-01-01T13:21:14, 2020-01-01T13:21:17, 2020-01-01T13:21:19, 2020-01-01T13:21:30, 2020-01-01T13:21:34, 2020-01-01T13:21:35, 2020-01-01T13:21:37, 2020-01-01T13:21:39, 2020-01-01T13:21:42, 2020-01-01T13:21:43, 2020-01-01T13:21:47, 2020-01-01T13:22:10, 2020-01-01T13:22:11, 2020-01-01T13:22:15, 2020-01-01T13:22:17, 2020-01-01T13:22:20, 2020-01-01T13:22:24, 2020-01-01T13:22:25, 2020-01-01T13:22:28, 2020-01-01T13:22:44, 2020-01-01T13:22:45, 2020-01-01T13:22:52, 2020-01-01T13:22:54, 2020-01-01T13:22:57, 2020-01-01T13:23:24, 2020-01-01T13:26:28, 2020-01-01T13:29:28, 2020-01-01T13:32:41, 2020-01-01T13:35:46, 2020-01-01T13:38:47, 2020-01-01T13:41:34, 2020-01-01T13:44:34, 2020-01-01T13:47:01, 2020-01-01T13:50:04, 2020-01-01T13:54:51, 2020-01-01T13:57:54, 2020-01-01T14:00:21, 2020-01-01T14:03:21, 2020-01-01T14:06:11, 2020-01-01T14:09:44, 2020-01-01T14:12:44, 2020-01-01T14:15:32, 2020-01-01T14:18:30, 2020-01-01T14:21:38, 2020-01-01T14:24:38, 2020-01-01T14:28:57, 2020-01-01T14:31:57, 2020-01-01T14:34:21, 2020-01-01T14:37:28, 2020-01-01T14:40:11, 2020-01-01T14:43:13, 2020-01-01T14:46:42, 2020-01-01T14:49:49, 2020-01-01T14:52:00, 2020-01-01T14:55:09, 2020-01-01T14:57:23, 2020-01-01T15:07:49, 2020-01-01T15:26:32, 2020-01-01T15:40:34, 2020-01-01T15:51:01, 2020-01-01T15:51:58, 2020-01-01T15:52:48, 2020-01-01T15:53:13, 2020-01-01T15:54:00, 2020-01-01T15:54:25, 2020-01-01T15:55:35, 2020-01-01T15:56:16, 2020-01-01T15:57:07, 2020-01-01T15:58:31, 2020-01-01T16:00:09, 2020-01-01T16:00:24, 2020-01-01T16:01:33, 2020-01-01T16:02:19, 2020-01-01T16:03:20, 2020-01-01T16:05:28, 2020-01-01T16:06:38, 2020-01-01T16:06:51, 2020-01-01T16:07:43, 2020-01-01T16:08:15, 2020-01-01T16:09:02, 2020-01-01T16:09:56, 2020-01-01T16:10:46, 2020-01-01T16:11:11, 2020-01-01T16:12:03, 2020-01-01T16:12:58, 2020-01-01T16:13:35, 2020-01-01T16:15:21, 2020-01-01T16:16:31, 2020-01-01T16:18:09, 2020-01-01T16:18:23, 2020-01-01T16:19:33, 2020-01-01T16:20:45, 2020-01-01T16:21:20, 2020-01-01T16:22:36, 2020-01-01T16:23:42, 2020-01-01T16:24:26, 2020-01-01T16:25:38, 2020-01-01T16:25:51, 2020-01-01T16:26:44, 2020-01-01T16:27:28, 2020-01-01T16:28:39, 2020-01-01T16:28:53, 2020-01-01T16:29:40, 2020-01-01T16:30:15, 2020-01-01T16:31:02, 2020-01-01T16:31:56, 2020-01-01T16:32:46, 2020-01-01T16:33:12, 2020-01-01T16:34:04, 2020-01-01T16:34:57, 2020-01-01T16:35:49, 2020-01-01T16:36:13, 2020-01-01T16:37:03, 2020-01-01T16:37:59, 2020-01-01T16:38:35, 2020-01-01T16:39:16, 2020-01-01T16:40:07, 2020-01-01T16:40:22, 2020-01-01T16:41:20, 2020-01-01T16:50:05, 2020-01-01T17:00:21, 2020-01-01T17:10:16, 2020-01-01T17:28:46, 2020-01-01T17:39:51, 2020-01-01T17:48:10, 2020-01-01T17:58:27, 2020-01-01T18:07:19, 2020-01-01T18:17:00, 2020-01-01T18:26:40, 2020-01-01T18:36:10, 2020-01-01T18:45:04, 2020-01-01T18:55:16, 2020-01-01T19:00:15, 2020-01-01T19:01:02, 2020-01-01T19:01:56, 2020-01-01T19:02:47, 2020-01-01T19:03:11, 2020-01-01T19:04:04, 2020-01-01T19:04:58, 2020-01-01T19:05:49, 2020-01-01T19:06:10, 2020-01-01T19:07:06, 2020-01-01T19:07:25, 2020-01-01T19:08:32, 2020-01-01T19:09:17, 2020-01-01T19:10:07, 2020-01-01T19:10:21, 2020-01-01T19:11:34, 2020-01-01T19:12:19, 2020-01-01T19:13:23, 2020-01-01T19:14:30, 2020-01-01T19:14:55, 2020-01-01T19:15:45, 2020-01-01T19:16:26, 2020-01-01T19:17:38, 2020-01-01T19:17:51, 2020-01-01T19:18:43, 2020-01-01T19:19:29, 2020-01-01T19:20:50, 2020-01-01T19:21:40, 2020-01-01T19:22:15, 2020-01-01T19:23:02, 2020-01-01T19:23:56, 2020-01-01T19:24:47, 2020-01-01T19:25:14, 2020-01-01T19:26:03, 2020-01-01T19:26:58, 2020-01-01T19:27:35, 2020-01-01T19:28:16, 2020-01-01T19:29:07, 2020-01-01T19:29:21, 2020-01-01T19:30:34, 2020-01-01T19:31:19, 2020-01-01T19:32:23, 2020-01-01T19:33:30, 2020-01-01T19:33:55, 2020-01-01T19:35:20, 2020-01-01T19:36:37, 2020-01-01T19:36:52, 2020-01-01T19:37:57, 2020-01-01T19:56:21, 2020-01-01T20:08:04, 2020-01-01T20:15:26, 2020-01-01T20:35:29, 2020-01-01T20:49:06, 2020-01-01T21:00:13, 2020-01-01T21:10:32, 2020-01-01T21:29:30, 2020-01-01T21:40:31, 2020-01-01T21:40:34, 2020-01-01T21:41:50, 2020-01-01T21:42:25, 2020-01-01T22:02:55, 2020-01-01T22:15:00, 2020-01-01T22:31:18, 2020-01-01T22:43:21, 2020-01-01T22:43:59, 2020-01-01T22:48:32, 2020-01-01T22:53:40, 2020-01-01T23:03:44, 2020-01-01T23:20:22, 2020-01-01T23:30:36, 2020-01-01T23:40:41, 2020-01-01T23:50:09, 2020-01-01T23:54:13, 2020-01-01T23:55:03, 2020-01-01T23:55:58, 2020-01-01T23:56:35, 2020-01-01T23:57:10, 2020-01-01T23:58:06, 2020-01-01T23:58:22, 2020-01-01T23:59:31, 2020-01-01T23:59:38" }, "geometry": { "type": "LineString", "coordinates": [ [ -99.095521, 19.421272 ], [ -99.097919, 19.413734 ], [ -99.091192, 19.429127 ], [ -99.086753, 19.435733 ], [ -99.091792, 19.450588 ], [ -99.100704, 19.449945 ], [ -99.109984, 19.453199 ], [ -99.126771, 19.461385 ], [ -99.118039, 19.458449 ], [ -99.134767, 19.465053 ], [ -99.142489, 19.465577 ], [ -99.145845, 19.466421 ], [ -99.145765, 19.465115 ], [ -99.145818, 19.466408 ], [ -99.145818, 19.466408 ], [ -99.145814, 19.466406 ], [ -99.145817, 19.466405 ], [ -99.145814, 19.466406 ], [ -99.145813, 19.466404 ], [ -99.145799, 19.466423 ], [ -99.145813, 19.466406 ], [ -99.14481, 19.46727 ], [ -99.143365, 19.465131 ], [ -99.144826, 19.464723 ], [ -99.145161, 19.464592 ], [ -99.145163, 19.464592 ], [ -99.145163, 19.464591 ], [ -99.145161, 19.464591 ], [ -99.145162, 19.464596 ], [ -99.145163, 19.464595 ], [ -99.145161, 19.464596 ], [ -99.14516, 19.464594 ], [ -99.145161, 19.464593 ], [ -99.145163, 19.464593 ], [ -99.145163, 19.464594 ], [ -99.145161, 19.464594 ], [ -99.145098, 19.464627 ], [ -99.145436, 19.46452 ], [ -99.143668, 19.467007 ], [ -99.145831, 19.466642 ], [ -99.144457, 19.461572 ], [ -99.144932, 19.456254 ], [ -99.145549, 19.450745 ], [ -99.145944, 19.452023 ], [ -99.145241, 19.448387 ], [ -99.145894, 19.445155 ], [ -99.138746, 19.443989 ], [ -99.141117, 19.444311 ], [ -99.136739, 19.446108 ], [ -99.135156, 19.447537 ], [ -99.139934, 19.443606 ], [ -99.135644, 19.447453 ], [ -99.144625, 19.439294 ], [ -99.148751, 19.436069 ], [ -99.15051, 19.433615 ], [ -99.153568, 19.426119 ], [ -99.152412, 19.4291 ], [ -99.14948, 19.425466 ], [ -99.14678, 19.425242 ], [ -99.137922, 19.424036 ], [ -99.141757, 19.424531 ], [ -99.137493, 19.424026 ], [ -99.133538, 19.423205 ], [ -99.135613, 19.409985 ], [ -99.134477, 19.416946 ], [ -99.136769, 19.402753 ], [ -99.137911, 19.395365 ], [ -99.140077, 19.381262 ], [ -99.139041, 19.388076 ], [ -99.14109, 19.374265 ], [ -99.142105, 19.367303 ], [ -99.14547, 19.35228 ], [ -99.143502, 19.359508 ], [ -99.144692, 19.344902 ], [ -99.143281, 19.342561 ], [ -99.133916, 19.340525 ], [ -99.138637, 19.341228 ], [ -99.129795, 19.339332 ], [ -99.124765, 19.337916 ], [ -99.120983, 19.337137 ], [ -99.113397, 19.338694 ], [ -99.117023, 19.339007 ], [ -99.113089, 19.335572 ], [ -99.113289, 19.333178 ], [ -99.10871, 19.327212 ], [ -99.110654, 19.329806 ], [ -99.10656, 19.324986 ], [ -99.105329, 19.322833 ], [ -99.103333, 19.322718 ], [ -99.103161, 19.322505 ], [ -99.103366, 19.322713 ], [ -99.10579, 19.320724 ], [ -99.10744, 19.319718 ], [ -99.106532, 19.319847 ], [ -99.107779, 19.321224 ], [ -99.111433, 19.321162 ], [ -99.113292, 19.331425 ], [ -99.113971, 19.323888 ], [ -99.112899, 19.337971 ], [ -99.112263, 19.343555 ], [ -99.111014, 19.349117 ], [ -99.111128, 19.357518 ], [ -99.110696, 19.351392 ], [ -99.109559, 19.36431 ], [ -99.109037, 19.36665 ], [ -99.107799, 19.377355 ], [ -99.10759, 19.373608 ], [ -99.107087, 19.378365 ], [ -99.111258, 19.379294 ], [ -99.122372, 19.380158 ], [ -99.117302, 19.379794 ], [ -99.122378, 19.382992 ], [ -99.120273, 19.385873 ], [ -99.11988, 19.38596 ], [ -99.119791, 19.386309 ], [ -99.120178, 19.383758 ], [ -99.122396, 19.392667 ], [ -99.114, 19.390922 ], [ -99.113891, 19.388453 ], [ -99.113588, 19.393816 ], [ -99.111684, 19.423428 ], [ -99.091973, 19.442186 ], [ -99.065003, 19.460598 ], [ -99.052153, 19.469167 ], [ -99.060754, 19.480738 ], [ -99.060041, 19.481233 ], [ -99.05616, 19.469757 ], [ -99.074436, 19.454489 ], [ -99.096399, 19.439964 ], [ -99.112124, 19.420178 ], [ -99.113489, 19.396039 ], [ -99.108251, 19.370882 ], [ -99.115153, 19.357003 ], [ -99.115087, 19.357573 ], [ -99.114619, 19.359392 ], [ -99.108817, 19.367392 ], [ -99.112098, 19.388693 ], [ -99.113301, 19.408436 ], [ -99.135219, 19.408471 ], [ -99.134834, 19.426096 ], [ -99.142915, 19.426921 ], [ -99.147345, 19.426161 ], [ -99.149498, 19.424088 ], [ -99.152959, 19.413882 ], [ -99.159481, 19.406356 ], [ -99.172571, 19.409557 ], [ -99.172429, 19.413116 ], [ -99.171567, 19.404674 ], [ -99.181282, 19.390277 ], [ -99.191904, 19.369466 ], [ -99.202572, 19.34438 ], [ -99.207611, 19.335768 ], [ -99.205605, 19.332428 ], [ -99.199061, 19.334416 ], [ -99.193426, 19.336578 ], [ -99.193683, 19.336548 ], [ -99.202815, 19.332944 ], [ -99.198316, 19.356572 ], [ -99.191368, 19.3637 ], [ -99.19405, 19.363703 ], [ -99.190198, 19.354155 ], [ -99.190318, 19.344219 ], [ -99.190399, 19.343904 ], [ -99.19047, 19.343572 ], [ -99.190565, 19.343361 ], [ -99.190215, 19.34467 ], [ -99.192478, 19.338556 ], [ -99.192668, 19.338501 ], [ -99.192344, 19.338663 ], [ -99.192919, 19.338447 ], [ -99.191366, 19.340767 ], [ -99.19151, 19.340427 ], [ -99.191623, 19.340104 ], [ -99.190973, 19.341747 ], [ -99.190927, 19.342169 ], [ -99.191091, 19.341428 ], [ -99.191145, 19.341309 ], [ -99.192074, 19.338905 ], [ -99.192168, 19.338794 ], [ -99.191729, 19.339867 ], [ -99.19177, 19.339658 ], [ -99.191896, 19.339376 ], [ -99.191973, 19.339207 ], [ -99.190655, 19.342971 ], [ -99.190814, 19.342458 ], [ -99.198907, 19.336796 ], [ -99.199118, 19.336744 ], [ -99.199275, 19.336687 ], [ -99.195742, 19.338035 ], [ -99.196093, 19.337857 ], [ -99.196396, 19.33763 ], [ -99.194597, 19.338349 ], [ -99.194847, 19.338288 ], [ -99.195078, 19.338214 ], [ -99.197961, 19.337046 ], [ -99.197523, 19.337145 ], [ -99.198511, 19.336922 ], [ -99.196866, 19.337272 ], [ -99.197171, 19.337198 ], [ -99.193427, 19.338471 ], [ -99.193213, 19.338431 ], [ -99.193883, 19.338546 ], [ -99.194054, 19.338494 ], [ -99.199419, 19.33423 ], [ -99.19921, 19.334253 ], [ -99.199159, 19.334299 ], [ -99.199592, 19.335825 ], [ -99.19961, 19.335686 ], [ -99.199644, 19.335314 ], [ -99.199643, 19.336395 ], [ -99.199557, 19.33632 ], [ -99.199547, 19.336136 ], [ -99.199569, 19.336029 ], [ -99.199531, 19.334408 ], [ -99.199569, 19.334347 ], [ -99.199528, 19.334275 ], [ -99.1996, 19.335091 ], [ -99.199569, 19.334944 ], [ -99.199511, 19.334723 ], [ -99.199514, 19.334556 ], [ -99.199431, 19.336614 ], [ -99.19951, 19.336602 ], [ -99.199678, 19.336502 ], [ -99.199083, 19.334429 ], [ -99.199121, 19.334353 ], [ -99.195256, 19.33611 ], [ -99.200942, 19.333203 ], [ -99.201949, 19.34699 ], [ -99.191557, 19.372072 ], [ -99.181196, 19.390429 ], [ -99.162306, 19.402257 ], [ -99.163978, 19.407867 ], [ -99.161846, 19.401104 ], [ -99.161811, 19.401132 ], [ -99.161809, 19.401134 ], [ -99.161825, 19.401164 ], [ -99.161796, 19.401142 ], [ -99.161796, 19.401142 ], [ -99.161808, 19.401154 ], [ -99.161825, 19.401187 ], [ -99.160873, 19.401304 ], [ -99.160259, 19.402676 ], [ -99.16391, 19.402121 ], [ -99.162245, 19.402694 ], [ -99.168891, 19.400209 ], [ -99.177347, 19.399357 ], [ -99.185892, 19.400637 ], [ -99.191735, 19.412777 ], [ -99.189019, 19.406634 ], [ -99.192813, 19.419881 ], [ -99.191997, 19.426389 ], [ -99.193971, 19.43156 ], [ -99.191202, 19.431395 ], [ -99.196585, 19.431784 ], [ -99.199346, 19.431963 ], [ -99.20644, 19.432909 ], [ -99.202886, 19.432272 ], [ -99.2064, 19.43382 ], [ -99.206398, 19.433817 ], [ -99.205918, 19.432516 ], [ -99.205416, 19.433942 ], [ -99.208376, 19.434127 ], [ -99.209355, 19.430887 ], [ -99.216938, 19.428696 ], [ -99.213892, 19.429837 ], [ -99.221693, 19.426302 ], [ -99.226753, 19.419285 ], [ -99.226987, 19.419057 ], [ -99.226584, 19.419458 ], [ -99.227281, 19.418745 ], [ -99.224004, 19.42135 ], [ -99.224322, 19.421074 ], [ -99.22312, 19.422723 ], [ -99.222994, 19.423123 ], [ -99.223505, 19.421928 ], [ -99.225674, 19.420193 ], [ -99.22544, 19.420335 ], [ -99.22638, 19.419632 ], [ -99.224719, 19.420905 ], [ -99.224557, 19.420939 ], [ -99.225118, 19.420555 ], [ -99.222821, 19.423666 ], [ -99.222903, 19.423393 ], [ -99.231365, 19.417245 ], [ -99.23114, 19.417164 ], [ -99.231988, 19.417441 ], [ -99.229008, 19.415985 ], [ -99.228908, 19.416209 ], [ -99.229249, 19.415904 ], [ -99.228668, 19.416679 ], [ -99.228497, 19.417002 ], [ -99.228384, 19.417228 ], [ -99.228823, 19.416405 ], [ -99.230512, 19.416792 ], [ -99.230236, 19.416567 ], [ -99.230939, 19.417084 ], [ -99.229638, 19.416145 ], [ -99.229397, 19.415992 ], [ -99.229758, 19.416201 ], [ -99.227922, 19.417907 ], [ -99.227556, 19.418394 ], [ -99.228153, 19.417572 ], [ -99.236669, 19.417782 ], [ -99.232341, 19.417522 ], [ -99.232169, 19.417483 ], [ -99.240123, 19.416883 ], [ -99.241976, 19.416174 ], [ -99.249243, 19.412264 ], [ -99.245125, 19.414032 ], [ -99.252059, 19.409901 ], [ -99.255422, 19.407035 ], [ -99.265863, 19.402423 ], [ -99.260755, 19.40651 ], [ -99.269348, 19.400769 ], [ -99.269218, 19.403774 ], [ -99.2676, 19.408011 ], [ -99.27068, 19.406091 ], [ -99.265865, 19.408892 ], [ -99.266162, 19.408683 ], [ -99.266294, 19.407767 ], [ -99.266161, 19.408684 ], [ -99.266111, 19.409549 ], [ -99.268696, 19.406731 ], [ -99.274388, 19.406043 ], [ -99.270771, 19.405033 ], [ -99.276125, 19.403399 ], [ -99.279255, 19.399372 ], [ -99.2808, 19.393951 ], [ -99.280365, 19.383154 ], [ -99.278898, 19.389002 ], [ -99.277851, 19.380339 ], [ -99.276952, 19.375481 ], [ -99.279564, 19.367628 ], [ -99.277719, 19.371897 ], [ -99.280853, 19.364115 ], [ -99.280587, 19.361066 ], [ -99.272781, 19.359317 ], [ -99.277476, 19.356953 ], [ -99.267306, 19.362714 ], [ -99.261328, 19.361035 ], [ -99.258623, 19.348266 ], [ -99.259896, 19.354333 ], [ -99.254408, 19.346487 ], [ -99.254174, 19.346979 ], [ -99.256573, 19.344228 ], [ -99.254172, 19.347503 ], [ -99.261297, 19.340838 ], [ -99.262494, 19.338706 ], [ -99.25513, 19.34208 ], [ -99.258971, 19.341319 ], [ -99.25188, 19.340693 ], [ -99.251865, 19.339247 ], [ -99.251502, 19.337935 ], [ -99.252955, 19.33722 ], [ -99.236614, 19.337383 ], [ -99.234886, 19.33677 ], [ -99.227359, 19.336298 ], [ -99.209777, 19.338896 ], [ -99.199695, 19.340457 ], [ -99.195883, 19.337958 ], [ -99.198441, 19.335206 ], [ -99.198452, 19.33518 ], [ -99.19839, 19.335257 ], [ -99.19834, 19.33534 ], [ -99.198341, 19.33532 ], [ -99.198346, 19.335319 ], [ -99.198347, 19.33532 ], [ -99.198347, 19.33532 ], [ -99.198344, 19.33532 ], [ -99.198343, 19.335319 ], [ -99.198346, 19.335319 ], [ -99.198348, 19.335318 ], [ -99.198346, 19.33532 ], [ -99.198345, 19.33532 ], [ -99.198343, 19.33532 ], [ -99.198341, 19.33532 ], [ -99.198341, 19.33532 ], [ -99.198343, 19.33532 ], [ -99.198344, 19.335319 ], [ -99.198345, 19.33532 ], [ -99.198344, 19.33532 ], [ -99.198339, 19.335317 ], [ -99.198348, 19.335346 ], [ -99.19835, 19.33532 ], [ -99.198347, 19.335315 ], [ -99.197793, 19.335584 ], [ -99.180733, 19.336226 ], [ -99.167883, 19.33557 ], [ -99.151384, 19.333711 ], [ -99.151887, 19.339389 ], [ -99.149098, 19.342704 ], [ -99.152929, 19.357277 ], [ -99.15826, 19.373196 ], [ -99.162536, 19.374517 ], [ -99.162622, 19.374371 ], [ -99.162723, 19.374225 ], [ -99.162881, 19.37393 ], [ -99.159961, 19.374136 ], [ -99.160401, 19.374193 ], [ -99.160582, 19.374223 ], [ -99.16211, 19.374535 ], [ -99.161916, 19.374494 ], [ -99.161629, 19.374431 ], [ -99.162271, 19.374573 ], [ -99.162396, 19.374601 ], [ -99.160769, 19.374269 ], [ -99.16104, 19.374305 ], [ -99.161346, 19.374355 ], [ -99.164507, 19.371348 ], [ -99.164306, 19.371663 ], [ -99.16418, 19.371859 ], [ -99.164637, 19.371141 ], [ -99.163846, 19.37238 ], [ -99.163721, 19.372576 ], [ -99.163517, 19.372836 ], [ -99.164045, 19.372073 ], [ -99.165042, 19.370529 ], [ -99.164847, 19.370818 ], [ -99.162992, 19.37373 ], [ -99.163142, 19.373518 ], [ -99.163366, 19.373108 ], [ -99.167606, 19.366508 ], [ -99.171682, 19.35977 ], [ -99.18066, 19.347366 ], [ -99.186169, 19.337939 ], [ -99.18971, 19.338639 ], [ -99.190021, 19.345976 ], [ -99.197784, 19.356824 ], [ -99.189722, 19.388657 ], [ -99.195277, 19.418713 ], [ -99.191327, 19.431148 ], [ -99.18412, 19.433454 ], [ -99.195711, 19.431655 ], [ -99.195641, 19.42737 ], [ -99.197296, 19.426465 ], [ -99.171643, 19.424613 ], [ -99.169558, 19.415187 ], [ -99.168007, 19.413045 ], [ -99.169961, 19.401782 ], [ -99.168565, 19.405776 ], [ -99.162371, 19.402804 ], [ -99.146167, 19.403543 ], [ -99.138088, 19.394246 ], [ -99.139832, 19.384484 ], [ -99.142114, 19.367516 ], [ -99.134712, 19.355338 ], [ -99.137569, 19.341358 ], [ -99.13701, 19.330471 ], [ -99.12435, 19.314266 ], [ -99.1243, 19.31516 ], [ -99.113887, 19.320653 ], [ -99.103357, 19.322705 ], [ -99.10363, 19.32303 ], [ -99.104006, 19.323187 ], [ -99.103976, 19.323182 ], [ -99.103998, 19.32317 ], [ -99.100539, 19.319473 ], [ -99.102457, 19.322157 ], [ -99.100637, 19.317002 ], [ -99.100758, 19.313654 ], [ -99.101294, 19.308194 ], [ -99.100954, 19.309448 ], [ -99.101311, 19.308214 ], [ -99.101322, 19.308192 ], [ -99.100983, 19.307761 ], [ -99.100998, 19.307732 ], [ -99.100993, 19.307731 ], [ -99.100969, 19.307735 ], [ -99.100993, 19.30775 ], [ -99.100995, 19.307748 ], [ -99.100994, 19.307748 ], [ -99.101114, 19.309706 ], [ -99.100649, 19.316031 ], [ -99.100891, 19.312896 ], [ -99.100492, 19.318899 ], [ -99.10275, 19.322367 ], [ -99.106836, 19.325348 ], [ -99.10527, 19.322842 ], [ -99.10854, 19.327144 ], [ -99.110954, 19.330364 ], [ -99.112765, 19.340686 ], [ -99.112985, 19.335253 ], [ -99.111413, 19.347339 ], [ -99.110494, 19.360127 ], [ -99.107786, 19.371291 ], [ -99.10778, 19.378902 ], [ -99.107207, 19.377502 ], [ -99.114266, 19.379565 ], [ -99.120758, 19.38008 ], [ -99.127622, 19.380778 ], [ -99.141438, 19.383056 ], [ -99.147257, 19.383992 ], [ -99.147285, 19.383995 ], [ -99.155387, 19.384809 ], [ -99.152622, 19.384592 ], [ -99.1577, 19.385287 ], [ -99.160044, 19.387565 ], [ -99.158034, 19.389729 ], [ -99.158273, 19.389651 ], [ -99.158035, 19.389727 ], [ -99.158044, 19.390025 ], [ -99.160006, 19.391102 ], [ -99.159791, 19.391238 ], [ -99.160049, 19.39111 ], [ -99.160031, 19.391101 ], [ -99.159921, 19.390826 ], [ -99.159946, 19.390748 ], [ -99.159854, 19.390791 ], [ -99.159956, 19.390764 ], [ -99.159953, 19.390767 ], [ -99.159954, 19.390763 ], [ -99.159953, 19.390765 ], [ -99.16001, 19.39077 ], [ -99.159984, 19.39077 ], [ -99.160017, 19.390772 ], [ -99.159982, 19.39077 ], [ -99.159989, 19.390771 ], [ -99.159994, 19.390771 ], [ -99.159995, 19.390772 ], [ -99.160013, 19.390755 ], [ -99.160032, 19.390802 ], [ -99.15999, 19.390715 ], [ -99.159942, 19.390847 ], [ -99.160044, 19.390776 ], [ -99.159637, 19.39091 ], [ -99.159867, 19.390828 ], [ -99.160023, 19.390803 ], [ -99.159955, 19.390821 ], [ -99.159834, 19.390861 ], [ -99.156742, 19.389332 ], [ -99.157594, 19.384741 ], [ -99.156909, 19.387908 ], [ -99.158234, 19.381069 ], [ -99.155301, 19.380535 ], [ -99.145378, 19.378776 ], [ -99.150458, 19.379744 ], [ -99.141075, 19.377449 ], [ -99.141212, 19.373376 ], [ -99.143185, 19.361236 ], [ -99.142064, 19.367856 ], [ -99.144729, 19.354652 ], [ -99.145308, 19.347737 ], [ -99.141346, 19.341206 ], [ -99.144502, 19.342452 ], [ -99.140082, 19.339461 ], [ -99.139168, 19.337852 ], [ -99.137081, 19.335304 ], [ -99.136891, 19.330364 ], [ -99.137024, 19.332599 ], [ -99.13254, 19.32988 ], [ -99.128898, 19.329511 ], [ -99.123263, 19.329143 ], [ -99.125332, 19.329271 ], [ -99.120819, 19.328965 ], [ -99.116817, 19.328654 ], [ -99.110313, 19.328073 ], [ -99.106145, 19.324584 ], [ -99.105413, 19.322234 ], [ -99.102366, 19.319559 ], [ -99.104704, 19.320728 ], [ -99.100338, 19.320288 ], [ -99.099601, 19.318078 ], [ -99.100282, 19.308185 ], [ -99.099938, 19.313573 ], [ -99.10038, 19.307725 ], [ -99.100713, 19.307736 ], [ -99.100935, 19.307742 ], [ -99.100937, 19.307769 ], [ -99.100953, 19.307719 ], [ -99.100956, 19.30769 ], [ -99.100992, 19.307696 ], [ -99.10099, 19.307698 ], [ -99.100992, 19.307696 ], [ -99.10099, 19.307698 ], [ -99.100979, 19.307699 ], [ -99.10099, 19.307698 ], [ -99.100979, 19.3077 ], [ -99.100985, 19.307741 ], [ -99.100917, 19.307733 ], [ -99.100931, 19.307763 ], [ -99.10093, 19.307732 ], [ -99.100953, 19.307748 ], [ -99.100917, 19.307735 ], [ -99.100918, 19.307733 ], [ -99.10093, 19.307731 ], [ -99.100944, 19.307762 ], [ -99.100944, 19.307762 ], [ -99.100944, 19.307762 ], [ -99.100944, 19.307762 ], [ -99.100944, 19.307762 ], [ -99.100944, 19.307762 ], [ -99.100944, 19.307762 ], [ -99.101005, 19.307717 ], [ -99.101005, 19.307713 ], [ -99.10126, 19.308424 ], [ -99.100942, 19.30774 ], [ -99.100937, 19.307749 ], [ -99.100939, 19.307743 ], [ -99.100962, 19.307733 ], [ -99.100995, 19.307766 ], [ -99.10097, 19.30775 ], [ -99.100255, 19.307563 ], [ -99.099592, 19.317195 ], [ -99.099916, 19.312412 ], [ -99.099987, 19.320816 ], [ -99.103392, 19.322751 ], [ -99.103528, 19.32295 ], [ -99.103339, 19.322718 ], [ -99.103868, 19.323087 ], [ -99.103929, 19.323109 ] ] } },
{ "type": "Feature", "properties": { "device_id": "b03d71a1f24847c30cb244de4ada15e5b9e5766393a4e86509f11773d90c29c4", "timestamps": "2020-01-01T06:00:11, 2020-01-01T06:00:22, 2020-01-01T06:05:02, 2020-01-01T06:05:51, 2020-01-01T06:10:12, 2020-01-01T06:10:21, 2020-01-01T06:15:38, 2020-01-01T06:15:48, 2020-01-01T06:20:16, 2020-01-01T06:20:26, 2020-01-01T06:25:36, 2020-01-01T06:25:46, 2020-01-01T06:30:14, 2020-01-01T06:30:23, 2020-01-01T06:30:38, 2020-01-01T06:30:48, 2020-01-01T06:35:11, 2020-01-01T06:35:22, 2020-01-01T06:40:09, 2020-01-01T06:40:59, 2020-01-01T06:56:18, 2020-01-01T06:56:28, 2020-01-01T06:57:05, 2020-01-01T06:57:50, 2020-01-01T07:00:33, 2020-01-01T07:00:44, 2020-01-01T07:01:31, 2020-01-01T07:01:42, 2020-01-01T07:06:06, 2020-01-01T07:06:56, 2020-01-01T07:11:00, 2020-01-01T07:11:55, 2020-01-01T07:16:39, 2020-01-01T07:16:49, 2020-01-01T07:21:06, 2020-01-01T07:21:56, 2020-01-01T07:26:30, 2020-01-01T07:26:45, 2020-01-01T07:31:30, 2020-01-01T07:31:45, 2020-01-01T07:36:05, 2020-01-01T07:36:50, 2020-01-01T07:41:02, 2020-01-01T07:41:51, 2020-01-01T07:46:19, 2020-01-01T07:46:29, 2020-01-01T07:51:31, 2020-01-01T07:51:42, 2020-01-01T07:56:38, 2020-01-01T07:56:48, 2020-01-01T08:01:13, 2020-01-01T08:01:15, 2020-01-01T08:01:20, 2020-01-01T08:01:24, 2020-01-01T08:06:18, 2020-01-01T08:06:28, 2020-01-01T08:11:19, 2020-01-01T08:11:29, 2020-01-01T08:16:14, 2020-01-01T08:16:23, 2020-01-01T08:21:14, 2020-01-01T08:27:14, 2020-01-01T08:27:23, 2020-01-01T08:32:11, 2020-01-01T08:32:22, 2020-01-01T08:37:13, 2020-01-01T08:37:24, 2020-01-01T08:44:13, 2020-01-01T08:44:24, 2020-01-01T08:51:39, 2020-01-01T08:51:49, 2020-01-01T08:56:13, 2020-01-01T08:56:24, 2020-01-01T09:01:02, 2020-01-01T09:01:51, 2020-01-01T09:06:06, 2020-01-01T09:06:56, 2020-01-01T09:12:06, 2020-01-01T09:12:56, 2020-01-01T09:18:01, 2020-01-01T09:18:52, 2020-01-01T09:23:33, 2020-01-01T09:23:44, 2020-01-01T09:28:19, 2020-01-01T09:28:29, 2020-01-01T09:34:11, 2020-01-01T09:34:22, 2020-01-01T09:40:33, 2020-01-01T09:40:44, 2020-01-01T09:47:32, 2020-01-01T09:47:41, 2020-01-01T09:48:00, 2020-01-01T09:53:34, 2020-01-01T09:53:43, 2020-01-01T10:00:14, 2020-01-01T10:00:23, 2020-01-01T10:06:03, 2020-01-01T10:06:54, 2020-01-01T10:12:02, 2020-01-01T10:12:51, 2020-01-01T10:18:00, 2020-01-01T10:18:55, 2020-01-01T10:25:04, 2020-01-01T10:25:53, 2020-01-01T10:30:00, 2020-01-01T10:30:14, 2020-01-01T10:30:23, 2020-01-01T10:30:55, 2020-01-01T10:37:34, 2020-01-01T10:37:43, 2020-01-01T10:42:33, 2020-01-01T10:42:44, 2020-01-01T10:48:37, 2020-01-01T10:48:47, 2020-01-01T10:54:03, 2020-01-01T10:54:54, 2020-01-01T10:59:35, 2020-01-01T10:59:40, 2020-01-01T11:04:14, 2020-01-01T11:04:23, 2020-01-01T11:09:18, 2020-01-01T11:09:28, 2020-01-01T11:15:05, 2020-01-01T11:15:50, 2020-01-01T11:23:08, 2020-01-01T11:23:58, 2020-01-01T11:30:35, 2020-01-01T11:30:40, 2020-01-01T11:36:19, 2020-01-01T11:36:29, 2020-01-01T11:41:01, 2020-01-01T11:41:52, 2020-01-01T11:46:36, 2020-01-01T11:46:46, 2020-01-01T11:51:05, 2020-01-01T11:51:50, 2020-01-01T11:56:03, 2020-01-01T11:56:54, 2020-01-01T12:01:08, 2020-01-01T12:01:58, 2020-01-01T12:06:02, 2020-01-01T12:06:51, 2020-01-01T12:11:38, 2020-01-01T12:11:48, 2020-01-01T12:17:06, 2020-01-01T12:17:56, 2020-01-01T12:22:37, 2020-01-01T12:22:47, 2020-01-01T12:29:00, 2020-01-01T12:29:55, 2020-01-01T12:33:13, 2020-01-01T12:33:14, 2020-01-01T12:33:23, 2020-01-01T12:33:24, 2020-01-01T12:34:02, 2020-01-01T12:34:51, 2020-01-01T12:38:31, 2020-01-01T12:38:42, 2020-01-01T12:45:09, 2020-01-01T12:45:59, 2020-01-01T12:49:38, 2020-01-01T12:49:48, 2020-01-01T12:50:00, 2020-01-01T12:50:19, 2020-01-01T12:50:29, 2020-01-01T12:50:55, 2020-01-01T12:52:08, 2020-01-01T12:52:39, 2020-01-01T12:52:49, 2020-01-01T12:52:58, 2020-01-01T12:55:30, 2020-01-01T12:55:45, 2020-01-01T13:00:31, 2020-01-01T13:00:42, 2020-01-01T13:05:17, 2020-01-01T13:05:27, 2020-01-01T13:09:30, 2020-01-01T13:09:33, 2020-01-01T13:09:44, 2020-01-01T13:09:45, 2020-01-01T13:11:39, 2020-01-01T13:11:49, 2020-01-01T13:16:05, 2020-01-01T13:16:50, 2020-01-01T13:22:00, 2020-01-01T13:22:55, 2020-01-01T14:16:30, 2020-01-01T14:16:45, 2020-01-01T14:23:15, 2020-01-01T14:23:20, 2020-01-01T14:41:02, 2020-01-01T14:41:51, 2020-01-01T14:48:05, 2020-01-01T14:48:50, 2020-01-01T14:59:32, 2020-01-01T14:59:41, 2020-01-01T15:15:03, 2020-01-01T15:15:54, 2020-01-01T15:20:37, 2020-01-01T15:20:47, 2020-01-01T15:23:11, 2020-01-01T15:23:22, 2020-01-01T15:48:30, 2020-01-01T15:48:45, 2020-01-01T15:53:06, 2020-01-01T15:53:56, 2020-01-01T16:03:35, 2020-01-01T16:03:40, 2020-01-01T16:30:06, 2020-01-01T16:30:56, 2020-01-01T16:36:01, 2020-01-01T16:36:52, 2020-01-01T16:49:10, 2020-01-01T16:49:25, 2020-01-01T16:53:31, 2020-01-01T16:53:42, 2020-01-01T17:03:35, 2020-01-01T17:03:40, 2020-01-01T17:11:32, 2020-01-01T17:11:41, 2020-01-01T17:16:36, 2020-01-01T17:16:46, 2020-01-01T17:21:08, 2020-01-01T17:21:58, 2020-01-01T17:31:04, 2020-01-01T17:31:53, 2020-01-01T17:36:11, 2020-01-01T17:36:22, 2020-01-01T17:41:39, 2020-01-01T17:41:49, 2020-01-01T17:46:15, 2020-01-01T17:46:20, 2020-01-01T17:51:39, 2020-01-01T17:51:49, 2020-01-01T17:57:02, 2020-01-01T17:57:37, 2020-01-01T17:57:47, 2020-01-01T17:57:51, 2020-01-01T17:58:01, 2020-01-01T17:58:52, 2020-01-01T18:23:04, 2020-01-01T18:23:53, 2020-01-01T18:34:00, 2020-01-01T18:34:55, 2020-01-01T19:07:30, 2020-01-01T19:07:45, 2020-01-01T19:38:38, 2020-01-01T19:38:48, 2020-01-01T20:09:08, 2020-01-01T20:09:58, 2020-01-01T20:14:05, 2020-01-01T20:14:50, 2020-01-01T20:25:39, 2020-01-01T20:25:49, 2020-01-01T20:35:07, 2020-01-01T20:35:57, 2020-01-01T20:37:17, 2020-01-01T20:37:27, 2020-01-01T20:52:35, 2020-01-01T20:52:40, 2020-01-01T21:20:37, 2020-01-01T21:20:47, 2020-01-01T21:42:07, 2020-01-01T21:42:57, 2020-01-01T22:23:32, 2020-01-01T22:23:41, 2020-01-01T22:28:14, 2020-01-01T22:28:23, 2020-01-01T22:33:17, 2020-01-01T22:33:27, 2020-01-01T22:43:34, 2020-01-01T22:43:43, 2020-01-01T23:03:07, 2020-01-01T23:03:57, 2020-01-01T23:18:39, 2020-01-01T23:18:49, 2020-01-01T23:28:09, 2020-01-01T23:28:59, 2020-01-01T23:34:02, 2020-01-01T23:34:51, 2020-01-01T23:56:06, 2020-01-01T23:56:56" }, "geometry": { "type": "LineString", "coordinates": [ [ -99.04415, 19.63757 ], [ -99.044137, 19.637585 ], [ -99.04415, 19.63757 ], [ -99.044137, 19.637585 ], [ -99.04415, 19.63757 ], [ -99.044137, 19.637585 ], [ -99.044137, 19.637585 ], [ -99.04415, 19.63757 ], [ -99.044137, 19.637585 ], [ -99.04415, 19.63757 ], [ -99.044137, 19.637585 ], [ -99.04415, 19.63757 ], [ -99.044201, 19.637581 ], [ -99.04421, 19.63757 ], [ -99.044137, 19.637585 ], [ -99.04415, 19.63757 ], [ -99.04415, 19.63757 ], [ -99.044137, 19.637585 ], [ -99.04415, 19.63757 ], [ -99.044137, 19.637585 ], [ -99.044137, 19.637585 ], [ -99.04415, 19.63757 ], [ -99.044276, 19.637582 ], [ -99.04429, 19.63757 ], [ -99.044179, 19.63756 ], [ -99.044188, 19.637554 ], [ -99.04415, 19.63757 ], [ -99.044137, 19.637585 ], [ -99.044137, 19.637585 ], [ -99.04415, 19.63757 ], [ -99.044137, 19.637585 ], [ -99.04415, 19.63757 ], [ -99.044137, 19.637585 ], [ -99.04415, 19.63757 ], [ -99.044137, 19.637585 ], [ -99.04415, 19.63757 ], [ -99.04415, 19.63757 ], [ -99.044137, 19.637585 ], [ -99.044137, 19.637585 ], [ -99.04415, 19.63757 ], [ -99.04415, 19.63757 ], [ -99.044137, 19.637585 ], [ -99.044137, 19.637585 ], [ -99.04415, 19.63757 ], [ -99.04415, 19.63757 ], [ -99.044137, 19.637585 ], [ -99.04415, 19.63757 ], [ -99.044137, 19.637585 ], [ -99.04415, 19.63757 ], [ -99.044137, 19.637585 ], [ -99.044137, 19.637585 ], [ -99.04419, 19.63757 ], [ -99.044173, 19.637581 ], [ -99.04415, 19.63757 ], [ -99.044137, 19.637585 ], [ -99.04415, 19.63757 ], [ -99.044137, 19.637585 ], [ -99.04415, 19.63757 ], [ -99.04415, 19.63757 ], [ -99.044137, 19.637585 ], [ -99.044137, 19.637585 ], [ -99.044137, 19.637585 ], [ -99.04415, 19.63757 ], [ -99.04415, 19.63757 ], [ -99.044137, 19.637585 ], [ -99.04415, 19.63757 ], [ -99.044137, 19.637585 ], [ -99.044137, 19.637585 ], [ -99.04415, 19.63757 ], [ -99.04415, 19.63757 ], [ -99.044137, 19.637585 ], [ -99.044137, 19.637585 ], [ -99.04415, 19.63757 ], [ -99.044137, 19.637585 ], [ -99.04415, 19.63757 ], [ -99.044137, 19.637585 ], [ -99.04415, 19.63757 ], [ -99.04415, 19.63757 ], [ -99.044137, 19.637585 ], [ -99.04415, 19.63757 ], [ -99.044137, 19.637585 ], [ -99.04415, 19.63757 ], [ -99.044137, 19.637585 ], [ -99.04415, 19.63757 ], [ -99.044137, 19.637585 ], [ -99.04415, 19.63757 ], [ -99.044137, 19.637585 ], [ -99.04415, 19.63757 ], [ -99.044137, 19.637585 ], [ -99.04415, 19.63757 ], [ -99.044137, 19.637585 ], [ -99.04415, 19.63757 ], [ -99.044137, 19.637585 ], [ -99.04415, 19.63757 ], [ -99.04415, 19.63757 ], [ -99.044137, 19.637585 ], [ -99.04415, 19.63757 ], [ -99.044137, 19.637585 ], [ -99.044137, 19.637585 ], [ -99.04415, 19.63757 ], [ -99.044137, 19.637585 ], [ -99.04415, 19.63757 ], [ -99.044137, 19.637585 ], [ -99.04415, 19.63757 ], [ -99.044171, 19.637559 ], [ -99.04415, 19.63757 ], [ -99.044137, 19.637585 ], [ -99.04419, 19.63756 ], [ -99.04415, 19.63757 ], [ -99.044137, 19.637585 ], [ -99.04415, 19.63757 ], [ -99.044137, 19.637585 ], [ -99.04415, 19.63757 ], [ -99.044137, 19.637585 ], [ -99.04415, 19.63757 ], [ -99.044137, 19.637585 ], [ -99.04415, 19.63757 ], [ -99.044137, 19.637585 ], [ -99.04415, 19.63757 ], [ -99.044137, 19.637585 ], [ -99.04415, 19.63757 ], [ -99.044137, 19.637585 ], [ -99.04415, 19.63757 ], [ -99.044137, 19.637585 ], [ -99.044137, 19.637585 ], [ -99.04415, 19.63757 ], [ -99.044137, 19.637585 ], [ -99.04415, 19.63757 ], [ -99.04415, 19.63757 ], [ -99.044137, 19.637585 ], [ -99.04415, 19.63757 ], [ -99.044137, 19.637585 ], [ -99.04415, 19.63757 ], [ -99.044137, 19.637585 ], [ -99.044137, 19.637585 ], [ -99.04415, 19.63757 ], [ -99.04415, 19.63757 ], [ -99.044137, 19.637585 ], [ -99.044137, 19.637585 ], [ -99.04415, 19.63757 ], [ -99.044137, 19.637585 ], [ -99.04415, 19.63757 ], [ -99.04415, 19.63757 ], [ -99.044137, 19.637585 ], [ -99.044137, 19.637585 ], [ -99.04415, 19.63757 ], [ -99.04415, 19.63757 ], [ -99.044137, 19.637585 ], [ -99.04415, 19.63757 ], [ -99.044137, 19.637585 ], [ -99.04419, 19.63755 ], [ -99.04415, 19.63757 ], [ -99.044137, 19.637585 ], [ -99.044176, 19.637567 ], [ -99.044219, 19.637598 ], [ -99.04423, 19.63758 ], [ -99.044137, 19.637585 ], [ -99.04415, 19.63757 ], [ -99.04415, 19.63757 ], [ -99.044137, 19.637585 ], [ -99.04418, 19.63755 ], [ -99.044182, 19.637561 ], [ -99.044137, 19.637585 ], [ -99.044207, 19.637604 ], [ -99.04421, 19.63759 ], [ -99.04415, 19.63757 ], [ -99.04419, 19.63756 ], [ -99.04422, 19.63759 ], [ -99.044222, 19.637604 ], [ -99.044172, 19.637551 ], [ -99.04415, 19.63757 ], [ -99.044137, 19.637585 ], [ -99.044137, 19.637585 ], [ -99.04415, 19.63757 ], [ -99.04415, 19.63757 ], [ -99.044137, 19.637585 ], [ -99.044192, 19.637574 ], [ -99.044195, 19.637557 ], [ -99.0442, 19.63756 ], [ -99.0442, 19.63758 ], [ -99.044137, 19.637585 ], [ -99.04415, 19.63757 ], [ -99.04415, 19.63757 ], [ -99.044137, 19.637585 ], [ -99.04415, 19.63757 ], [ -99.044137, 19.637585 ], [ -99.14108, 19.46737 ], [ -99.141084, 19.467371 ], [ -99.145213, 19.466323 ], [ -99.14523, 19.46631 ], [ -99.14531, 19.46628 ], [ -99.145308, 19.466271 ], [ -99.14523, 19.4662 ], [ -99.145215, 19.466208 ], [ -99.14526, 19.46611 ], [ -99.145266, 19.466126 ], [ -99.145213, 19.466046 ], [ -99.14523, 19.46603 ], [ -99.14526, 19.46608 ], [ -99.145263, 19.466074 ], [ -99.14528, 19.46606 ], [ -99.145282, 19.466081 ], [ -99.14526, 19.46605 ], [ -99.145267, 19.466054 ], [ -99.145254, 19.46619 ], [ -99.14527, 19.46619 ], [ -99.14525, 19.4662 ], [ -99.145234, 19.466202 ], [ -99.14527, 19.46625 ], [ -99.145259, 19.466251 ], [ -99.145257, 19.466201 ], [ -99.14527, 19.4662 ], [ -99.145443, 19.466233 ], [ -99.14544, 19.46623 ], [ -99.145226, 19.466175 ], [ -99.14522, 19.46618 ], [ -99.14525, 19.46614 ], [ -99.145234, 19.466168 ], [ -99.14524, 19.46611 ], [ -99.145246, 19.466128 ], [ -99.145231, 19.466126 ], [ -99.14525, 19.46611 ], [ -99.14523, 19.46611 ], [ -99.14524, 19.466124 ], [ -99.14521, 19.46611 ], [ -99.145204, 19.466127 ], [ -99.14525, 19.46611 ], [ -99.145232, 19.466127 ], [ -99.14548, 19.46604 ], [ -99.145489, 19.466065 ], [ -99.14549, 19.46603 ], [ -99.145476, 19.466046 ], [ -99.14536, 19.46614 ], [ -99.145369, 19.466168 ], [ -99.145578, 19.46604 ], [ -99.14548, 19.46603 ], [ -99.145483, 19.466043 ], [ -99.14559, 19.46603 ], [ -99.14542, 19.466108 ], [ -99.14541, 19.4661 ], [ -99.14548, 19.46604 ], [ -99.145487, 19.46606 ], [ -99.145421, 19.466052 ], [ -99.14542, 19.46605 ], [ -99.145262, 19.466227 ], [ -99.14526, 19.46621 ], [ -99.14513, 19.46622 ], [ -99.145118, 19.466212 ], [ -99.145341, 19.466114 ], [ -99.14534, 19.46612 ], [ -99.1454, 19.46611 ], [ -99.145392, 19.466121 ], [ -99.14538, 19.46612 ], [ -99.145385, 19.466112 ], [ -99.145311, 19.466182 ], [ -99.14533, 19.46617 ], [ -99.14501, 19.46632 ], [ -99.145001, 19.466345 ], [ -99.14525, 19.46618 ], [ -99.145239, 19.466178 ], [ -99.14475, 19.46726 ], [ -99.14476, 19.467288 ], [ -99.14475, 19.46801 ], [ -99.14476, 19.468023 ], [ -99.14507, 19.46623 ], [ -99.145057, 19.466234 ], [ -99.145396, 19.466125 ], [ -99.1454, 19.46611 ], [ -99.1454, 19.46611 ], [ -99.145392, 19.466121 ], [ -99.145397, 19.46612 ], [ -99.1454, 19.46611 ], [ -99.145389, 19.466149 ], [ -99.14538, 19.46613 ], [ -99.1454, 19.46611 ], [ -99.145392, 19.466121 ], [ -99.145033, 19.466287 ], [ -99.14505, 19.46627 ], [ -99.14526, 19.466128 ], [ -99.14525, 19.46611 ], [ -99.14534, 19.46612 ], [ -99.145341, 19.466114 ] ] } },
{ "type": "Feature", "properties": { "device_id": "13d4f7dd775b9782e9206e7a3ae4df27b43af2a336c0528c09de3b245287932f", "timestamps": "2020-01-01T23:12:21, 2020-01-01T23:30:01, 2020-01-01T23:30:50, 2020-01-01T23:31:43, 2020-01-01T23:31:54, 2020-01-01T23:32:15, 2020-01-01T23:33:16, 2020-01-01T23:33:28, 2020-01-01T23:33:49, 2020-01-01T23:34:02, 2020-01-01T23:34:16, 2020-01-01T23:35:28, 2020-01-01T23:35:55, 2020-01-01T23:36:17, 2020-01-01T23:37:09, 2020-01-01T23:37:35" }, "geometry": { "type": "LineString", "coordinates": [ [ -99.14349, 19.46545 ], [ -99.143698, 19.465347 ], [ -99.143698, 19.465347 ], [ -99.143698, 19.465347 ], [ -99.143698, 19.465347 ], [ -99.143698, 19.465347 ], [ -99.143698, 19.465347 ], [ -99.143698, 19.465347 ], [ -99.143698, 19.465347 ], [ -99.143698, 19.465347 ], [ -99.143698, 19.465347 ], [ -99.143698, 19.465347 ], [ -99.143698, 19.465347 ], [ -99.143698, 19.465347 ], [ -99.143698, 19.465348 ], [ -99.143698, 19.465348 ] ] } },
{ "type": "Feature", "properties": { "device_id": "a2557e897e0389d61110b018f819964043f5f08961236a31f7f1dc5c712d567a", "timestamps": "2020-01-01T21:31:33, 2020-01-01T21:33:17, 2020-01-01T21:33:30, 2020-01-01T21:33:41, 2020-01-01T21:35:21, 2020-01-01T21:37:39, 2020-01-01T21:40:35, 2020-01-01T21:40:59, 2020-01-01T21:41:19, 2020-01-01T21:41:35, 2020-01-01T21:42:53, 2020-01-01T21:43:05, 2020-01-01T21:44:23, 2020-01-01T21:44:44, 2020-01-01T21:45:06, 2020-01-01T21:45:12, 2020-01-01T21:45:27, 2020-01-01T21:45:57, 2020-01-01T21:48:15, 2020-01-01T21:48:42, 2020-01-01T21:49:55, 2020-01-01T21:50:12, 2020-01-01T21:50:26, 2020-01-01T21:50:52, 2020-01-01T21:51:23, 2020-01-01T21:52:08, 2020-01-01T21:52:25, 2020-01-01T21:52:40, 2020-01-01T21:52:47, 2020-01-01T21:54:08, 2020-01-01T21:54:19, 2020-01-01T21:54:52, 2020-01-01T21:55:12, 2020-01-01T21:56:53, 2020-01-01T21:57:15, 2020-01-01T21:57:33, 2020-01-01T21:57:51, 2020-01-01T21:58:57, 2020-01-01T21:59:29, 2020-01-01T21:59:47, 2020-01-01T22:00:21, 2020-01-01T22:01:07, 2020-01-01T22:01:22, 2020-01-01T22:02:18, 2020-01-01T22:02:26, 2020-01-01T22:04:04, 2020-01-01T22:07:00, 2020-01-01T22:07:21, 2020-01-01T22:07:41, 2020-01-01T22:14:56, 2020-01-01T22:17:38, 2020-01-01T22:17:58, 2020-01-01T22:18:21, 2020-01-01T22:18:48, 2020-01-01T22:20:14, 2020-01-01T22:21:35, 2020-01-01T22:21:57, 2020-01-01T22:22:15, 2020-01-01T22:22:25, 2020-01-01T22:22:33, 2020-01-01T22:22:48, 2020-01-01T22:23:04, 2020-01-01T22:23:31, 2020-01-01T22:23:47, 2020-01-01T22:24:07, 2020-01-01T22:24:31, 2020-01-01T22:24:58, 2020-01-01T22:25:10, 2020-01-01T22:25:47, 2020-01-01T22:26:16, 2020-01-01T22:26:39, 2020-01-01T22:27:12, 2020-01-01T22:27:43, 2020-01-01T22:27:54, 2020-01-01T22:28:01, 2020-01-01T22:28:31, 2020-01-01T22:29:17, 2020-01-01T22:29:42, 2020-01-01T22:29:48, 2020-01-01T22:30:10, 2020-01-01T22:30:17, 2020-01-01T22:30:29, 2020-01-01T22:30:42, 2020-01-01T22:31:30, 2020-01-01T22:31:43, 2020-01-01T22:31:48, 2020-01-01T22:33:33, 2020-01-01T22:34:02, 2020-01-01T22:34:21, 2020-01-01T22:34:44, 2020-01-01T22:35:29, 2020-01-01T22:35:35, 2020-01-01T22:35:54, 2020-01-01T22:36:17, 2020-01-01T22:37:03, 2020-01-01T22:37:29, 2020-01-01T22:37:49, 2020-01-01T22:38:26, 2020-01-01T22:38:40, 2020-01-01T22:39:16, 2020-01-01T22:39:33, 2020-01-01T22:39:38, 2020-01-01T22:39:47, 2020-01-01T22:39:58, 2020-01-01T22:40:16, 2020-01-01T22:40:22, 2020-01-01T22:40:45, 2020-01-01T22:41:05, 2020-01-01T22:41:14, 2020-01-01T22:41:45, 2020-01-01T22:41:52, 2020-01-01T22:42:09, 2020-01-01T22:42:35, 2020-01-01T22:42:53, 2020-01-01T22:43:52, 2020-01-01T22:44:15, 2020-01-01T22:44:28, 2020-01-01T22:44:56, 2020-01-01T22:46:36, 2020-01-01T22:46:53, 2020-01-01T22:46:59, 2020-01-01T22:47:23, 2020-01-01T22:47:42, 2020-01-01T22:48:49, 2020-01-01T22:49:14, 2020-01-01T22:49:23, 2020-01-01T22:49:43, 2020-01-01T22:49:57, 2020-01-01T22:50:05, 2020-01-01T22:50:51, 2020-01-01T22:51:21, 2020-01-01T22:54:05, 2020-01-01T22:54:25, 2020-01-01T22:54:42, 2020-01-01T22:54:56, 2020-01-01T22:55:02, 2020-01-01T22:55:21, 2020-01-01T22:55:27, 2020-01-01T22:55:33, 2020-01-01T22:55:58, 2020-01-01T22:56:06, 2020-01-01T22:56:29, 2020-01-01T22:56:43, 2020-01-01T22:57:12, 2020-01-01T22:57:40, 2020-01-01T22:57:57, 2020-01-01T22:58:14, 2020-01-01T22:58:37, 2020-01-01T22:58:51, 2020-01-01T22:59:11, 2020-01-01T22:59:23, 2020-01-01T22:59:49, 2020-01-01T23:00:29, 2020-01-01T23:00:43, 2020-01-01T23:01:41, 2020-01-01T23:01:58, 2020-01-01T23:02:17, 2020-01-01T23:02:56, 2020-01-01T23:03:21, 2020-01-01T23:04:53, 2020-01-01T23:06:47, 2020-01-01T23:09:35, 2020-01-01T23:12:28, 2020-01-01T23:13:15, 2020-01-01T23:25:44, 2020-01-01T23:26:02, 2020-01-01T23:26:12, 2020-01-01T23:29:14, 2020-01-01T23:29:35, 2020-01-01T23:30:07, 2020-01-01T23:31:03, 2020-01-01T23:32:21, 2020-01-01T23:33:48, 2020-01-01T23:36:15, 2020-01-01T23:36:35, 2020-01-01T23:37:31, 2020-01-01T23:38:33, 2020-01-01T23:39:21, 2020-01-01T23:40:38, 2020-01-01T23:40:58, 2020-01-01T23:41:19, 2020-01-01T23:41:39, 2020-01-01T23:41:49, 2020-01-01T23:42:07, 2020-01-01T23:42:15, 2020-01-01T23:42:25, 2020-01-01T23:42:59, 2020-01-01T23:43:06, 2020-01-01T23:43:35, 2020-01-01T23:44:03, 2020-01-01T23:44:25, 2020-01-01T23:44:45, 2020-01-01T23:45:34, 2020-01-01T23:47:03, 2020-01-01T23:49:53, 2020-01-01T23:50:48, 2020-01-01T23:55:23, 2020-01-01T23:58:16, 2020-01-01T23:58:35" }, "geometry": { "type": "LineString", "coordinates": [ [ -99.084332, 19.433598 ], [ -99.084332, 19.433598 ], [ -99.084332, 19.433598 ], [ -99.084332, 19.433598 ], [ -99.084332, 19.433598 ], [ -99.085829, 19.434263 ], [ -99.085816, 19.434239 ], [ -99.08581, 19.434243 ], [ -99.085811, 19.434243 ], [ -99.08581, 19.434243 ], [ -99.085927, 19.434377 ], [ -99.085967, 19.434371 ], [ -99.085857, 19.434148 ], [ -99.085695, 19.434036 ], [ -99.085735, 19.434 ], [ -99.085855, 19.434249 ], [ -99.085855, 19.434249 ], [ -99.085776, 19.43402 ], [ -99.08562, 19.434302 ], [ -99.084947, 19.434336 ], [ -99.083385, 19.436042 ], [ -99.083385, 19.436042 ], [ -99.085427, 19.435202 ], [ -99.088812, 19.43279 ], [ -99.090123, 19.43154 ], [ -99.093016, 19.425474 ], [ -99.093015, 19.425474 ], [ -99.093018, 19.425391 ], [ -99.091229, 19.425911 ], [ -99.087097, 19.432549 ], [ -99.08666, 19.436046 ], [ -99.085075, 19.44103 ], [ -99.086192, 19.44415 ], [ -99.098164, 19.450678 ], [ -99.100461, 19.450115 ], [ -99.101047, 19.450328 ], [ -99.102677, 19.450473 ], [ -99.104779, 19.451471 ], [ -99.106738, 19.452004 ], [ -99.106738, 19.452004 ], [ -99.109796, 19.453423 ], [ -99.114887, 19.456567 ], [ -99.1098, 19.45342 ], [ -99.124659, 19.460716 ], [ -99.128093, 19.462112 ], [ -99.143724, 19.465492 ], [ -99.145474, 19.458746 ], [ -99.144545, 19.458713 ], [ -99.143608, 19.458693 ], [ -99.140999, 19.457876 ], [ -99.141064, 19.457886 ], [ -99.140996, 19.457855 ], [ -99.141024, 19.457862 ], [ -99.140992, 19.457837 ], [ -99.141009, 19.457852 ], [ -99.141035, 19.45787 ], [ -99.141005, 19.457845 ], [ -99.140996, 19.457858 ], [ -99.140996, 19.457858 ], [ -99.140995, 19.457857 ], [ -99.140975, 19.457862 ], [ -99.140979, 19.457863 ], [ -99.140981, 19.457849 ], [ -99.140984, 19.457865 ], [ -99.140982, 19.457833 ], [ -99.141003, 19.457879 ], [ -99.141038, 19.457865 ], [ -99.141038, 19.457865 ], [ -99.141012, 19.457863 ], [ -99.140973, 19.457849 ], [ -99.14097, 19.457853 ], [ -99.14097, 19.457859 ], [ -99.140988, 19.457833 ], [ -99.140972, 19.457858 ], [ -99.140972, 19.457858 ], [ -99.140977, 19.457846 ], [ -99.140981, 19.457869 ], [ -99.141046, 19.457878 ], [ -99.141047, 19.457879 ], [ -99.140972, 19.457855 ], [ -99.141024, 19.457877 ], [ -99.140964, 19.457849 ], [ -99.140964, 19.457849 ], [ -99.140964, 19.457849 ], [ -99.14097, 19.45784 ], [ -99.140976, 19.457837 ], [ -99.141074, 19.457876 ], [ -99.141058, 19.457888 ], [ -99.141032, 19.457935 ], [ -99.140982, 19.457866 ], [ -99.14125, 19.457963 ], [ -99.141251, 19.457964 ], [ -99.140981, 19.457834 ], [ -99.140981, 19.457834 ], [ -99.140995, 19.457875 ], [ -99.140989, 19.457851 ], [ -99.140993, 19.457868 ], [ -99.140984, 19.457837 ], [ -99.140983, 19.457846 ], [ -99.140999, 19.457838 ], [ -99.141126, 19.457926 ], [ -99.140975, 19.457837 ], [ -99.140975, 19.457837 ], [ -99.141152, 19.457958 ], [ -99.141149, 19.457956 ], [ -99.140987, 19.457887 ], [ -99.140988, 19.457872 ], [ -99.140979, 19.457843 ], [ -99.140999, 19.457869 ], [ -99.140977, 19.457834 ], [ -99.140982, 19.457854 ], [ -99.140982, 19.457854 ], [ -99.141178, 19.457943 ], [ -99.141177, 19.457942 ], [ -99.140978, 19.457853 ], [ -99.141049, 19.457906 ], [ -99.141049, 19.457905 ], [ -99.141032, 19.457904 ], [ -99.140984, 19.457854 ], [ -99.140984, 19.457854 ], [ -99.14098, 19.457839 ], [ -99.140966, 19.45786 ], [ -99.144737, 19.45591 ], [ -99.141027, 19.457883 ], [ -99.140971, 19.457838 ], [ -99.141028, 19.457857 ], [ -99.140974, 19.457863 ], [ -99.140973, 19.457862 ], [ -99.140999, 19.457877 ], [ -99.141012, 19.45786 ], [ -99.141012, 19.45786 ], [ -99.140998, 19.45785 ], [ -99.140977, 19.457846 ], [ -99.141026, 19.457916 ], [ -99.141026, 19.457916 ], [ -99.140986, 19.457832 ], [ -99.140987, 19.457832 ], [ -99.141095, 19.457934 ], [ -99.141033, 19.457869 ], [ -99.140972, 19.457843 ], [ -99.140971, 19.457842 ], [ -99.140975, 19.457839 ], [ -99.141002, 19.457854 ], [ -99.141001, 19.457843 ], [ -99.140997, 19.457854 ], [ -99.144737, 19.45591 ], [ -99.140995, 19.457837 ], [ -99.141032, 19.457881 ], [ -99.141031, 19.457881 ], [ -99.141032, 19.457881 ], [ -99.141021, 19.457864 ], [ -99.141006, 19.457867 ], [ -99.141, 19.457874 ], [ -99.140969, 19.457851 ], [ -99.140969, 19.457852 ], [ -99.140997, 19.457855 ], [ -99.140959, 19.457827 ], [ -99.141013, 19.457854 ], [ -99.141025, 19.457863 ], [ -99.141025, 19.457863 ], [ -99.141101, 19.457908 ], [ -99.141101, 19.457908 ], [ -99.141092, 19.457904 ], [ -99.141032, 19.457884 ], [ -99.141133, 19.457927 ], [ -99.141008, 19.457857 ], [ -99.141044, 19.457858 ], [ -99.141071, 19.457888 ], [ -99.141037, 19.457878 ], [ -99.141037, 19.457878 ], [ -99.141037, 19.457878 ], [ -99.141037, 19.457878 ], [ -99.141037, 19.457878 ], [ -99.141028, 19.457871 ], [ -99.141315, 19.458058 ], [ -99.14116, 19.457955 ], [ -99.141163, 19.457957 ], [ -99.141274, 19.458032 ], [ -99.141219, 19.457982 ], [ -99.141113, 19.457919 ], [ -99.1411, 19.457922 ], [ -99.141231, 19.458009 ], [ -99.141231, 19.458009 ], [ -99.141251, 19.458016 ], [ -99.141251, 19.458016 ], [ -99.141036, 19.457878 ], [ -99.141108, 19.457911 ], [ -99.141108, 19.457911 ], [ -99.14107, 19.45788 ], [ -99.14104, 19.457875 ], [ -99.141064, 19.457878 ], [ -99.141064, 19.457878 ], [ -99.141064, 19.457878 ], [ -99.141064, 19.457878 ], [ -99.141064, 19.457878 ], [ -99.14109, 19.45787 ], [ -99.140996, 19.457837 ], [ -99.140988, 19.457868 ], [ -99.14104, 19.457881 ] ] } },
{ "type": "Feature", "properties": { "device_id": "ec7e413ba8704095d8a59ef0f1581344a984c385ee108ce7bed6fa36702898fb", "timestamps": "2020-01-01T06:01:31, 2020-01-01T06:06:34, 2020-01-01T06:18:49, 2020-01-01T06:20:49, 2020-01-01T06:39:20, 2020-01-01T07:12:18, 2020-01-01T07:50:11, 2020-01-01T07:57:58, 2020-01-01T08:09:10, 2020-01-01T08:26:46, 2020-01-01T08:26:47, 2020-01-01T08:39:41, 2020-01-01T08:54:17, 2020-01-01T09:10:11, 2020-01-01T09:24:21, 2020-01-01T09:35:31, 2020-01-01T09:44:24, 2020-01-01T10:41:57, 2020-01-01T11:05:54, 2020-01-01T11:10:15, 2020-01-01T11:20:49, 2020-01-01T11:30:12, 2020-01-01T11:45:07, 2020-01-01T12:01:54, 2020-01-01T12:16:53, 2020-01-01T12:31:50, 2020-01-01T12:45:55, 2020-01-01T12:51:24, 2020-01-01T12:57:12, 2020-01-01T13:03:17, 2020-01-01T13:07:39, 2020-01-01T13:09:01, 2020-01-01T13:11:04, 2020-01-01T13:50:17, 2020-01-01T14:05:02, 2020-01-01T14:07:56, 2020-01-01T14:18:26, 2020-01-01T14:20:35, 2020-01-01T14:30:31, 2020-01-01T14:30:35, 2020-01-01T14:36:22, 2020-01-01T14:46:58, 2020-01-01T14:52:43, 2020-01-01T14:59:04, 2020-01-01T14:59:25, 2020-01-01T15:15:39, 2020-01-01T15:28:38, 2020-01-01T15:44:41, 2020-01-01T15:49:35, 2020-01-01T15:54:49, 2020-01-01T15:59:33, 2020-01-01T16:07:44, 2020-01-01T16:11:30, 2020-01-01T16:24:25, 2020-01-01T16:39:24, 2020-01-01T16:54:22, 2020-01-01T17:09:24, 2020-01-01T17:19:23, 2020-01-01T17:25:13, 2020-01-01T17:38:11, 2020-01-01T17:51:21, 2020-01-01T18:05:00, 2020-01-01T18:16:56, 2020-01-01T18:23:10, 2020-01-01T18:36:37, 2020-01-01T18:59:34, 2020-01-01T19:08:32, 2020-01-01T19:12:08, 2020-01-01T19:14:12, 2020-01-01T19:25:32, 2020-01-01T19:27:33, 2020-01-01T19:34:56, 2020-01-01T19:37:42, 2020-01-01T19:40:43, 2020-01-01T19:49:18, 2020-01-01T20:00:29, 2020-01-01T20:05:53, 2020-01-01T20:13:17, 2020-01-01T20:20:35, 2020-01-01T20:33:11, 2020-01-01T20:42:58, 2020-01-01T20:46:46, 2020-01-01T20:50:05, 2020-01-01T21:02:03, 2020-01-01T21:15:25, 2020-01-01T21:15:32, 2020-01-01T21:28:45, 2020-01-01T21:29:22, 2020-01-01T21:41:15, 2020-01-01T21:44:58, 2020-01-01T21:54:57, 2020-01-01T22:06:05, 2020-01-01T22:12:12, 2020-01-01T22:15:46, 2020-01-01T22:20:17, 2020-01-01T22:32:06, 2020-01-01T22:50:58, 2020-01-01T23:03:28, 2020-01-01T23:06:41, 2020-01-01T23:17:28, 2020-01-01T23:30:52, 2020-01-01T23:43:06, 2020-01-01T23:46:14, 2020-01-01T23:46:18, 2020-01-01T23:46:44, 2020-01-01T23:51:10, 2020-01-01T23:51:14, 2020-01-01T23:51:25, 2020-01-01T23:56:11, 2020-01-01T23:56:13, 2020-01-01T23:56:24" }, "geometry": { "type": "LineString", "coordinates": [ [ -99.043935, 19.455724 ], [ -99.043935, 19.455724 ], [ -99.043935, 19.455724 ], [ -99.043935, 19.455724 ], [ -99.043935, 19.455724 ], [ -99.043935, 19.455724 ], [ -99.043935, 19.455724 ], [ -99.043962, 19.455703 ], [ -99.043962, 19.455703 ], [ -99.043962, 19.455703 ], [ -99.043962, 19.455703 ], [ -99.043962, 19.455703 ], [ -99.043949, 19.45572 ], [ -99.043949, 19.45572 ], [ -99.043949, 19.45572 ], [ -99.043949, 19.45572 ], [ -99.043949, 19.45572 ], [ -99.043948, 19.45571 ], [ -99.043963, 19.455701 ], [ -99.043963, 19.455701 ], [ -99.043963, 19.455701 ], [ -99.043963, 19.455701 ], [ -99.043963, 19.455701 ], [ -99.043916, 19.455691 ], [ -99.043916, 19.455691 ], [ -99.043916, 19.455691 ], [ -99.043916, 19.455691 ], [ -99.059354, 19.463396 ], [ -99.101057, 19.450025 ], [ -99.145786, 19.467233 ], [ -99.145325, 19.466068 ], [ -99.14519, 19.466252 ], [ -99.145435, 19.466136 ], [ -99.145136, 19.466256 ], [ -99.145111, 19.46625 ], [ -99.14526, 19.466251 ], [ -99.14526, 19.466251 ], [ -99.145116, 19.466267 ], [ -99.145116, 19.466267 ], [ -99.145116, 19.466267 ], [ -99.14513, 19.466268 ], [ -99.145136, 19.46625 ], [ -99.145136, 19.46625 ], [ -99.145104, 19.466215 ], [ -99.145188, 19.466244 ], [ -99.145131, 19.466255 ], [ -99.145134, 19.466254 ], [ -99.145137, 19.466253 ], [ -99.145137, 19.466253 ], [ -99.145137, 19.466253 ], [ -99.145114, 19.46625 ], [ -99.145165, 19.466253 ], [ -99.145161, 19.466253 ], [ -99.145142, 19.466263 ], [ -99.145203, 19.466259 ], [ -99.145133, 19.466268 ], [ -99.145167, 19.466251 ], [ -99.145207, 19.46627 ], [ -99.145207, 19.46627 ], [ -99.145227, 19.466322 ], [ -99.145128, 19.466266 ], [ -99.145134, 19.466254 ], [ -99.145134, 19.466254 ], [ -99.14515, 19.466263 ], [ -99.14526, 19.466251 ], [ -99.145193, 19.466197 ], [ -99.14526, 19.466251 ], [ -99.145428, 19.465921 ], [ -99.145451, 19.466148 ], [ -99.14526, 19.466251 ], [ -99.145386, 19.466014 ], [ -99.145647, 19.466068 ], [ -99.14564, 19.46604 ], [ -99.145197, 19.465978 ], [ -99.145181, 19.466003 ], [ -99.145197, 19.465995 ], [ -99.145221, 19.465976 ], [ -99.145229, 19.465982 ], [ -99.145223, 19.465973 ], [ -99.145224, 19.465973 ], [ -99.145392, 19.466018 ], [ -99.145141, 19.466269 ], [ -99.145144, 19.466231 ], [ -99.145104, 19.466259 ], [ -99.145141, 19.466265 ], [ -99.14498, 19.466092 ], [ -99.145029, 19.466144 ], [ -99.145125, 19.466267 ], [ -99.145829, 19.467366 ], [ -99.144881, 19.46432 ], [ -99.088989, 19.441249 ], [ -99.056631, 19.462285 ], [ -99.044029, 19.455624 ], [ -99.043946, 19.455708 ], [ -99.043969, 19.45571 ], [ -99.043945, 19.455709 ], [ -99.043945, 19.45571 ], [ -99.043945, 19.45571 ], [ -99.043945, 19.45571 ], [ -99.043945, 19.455709 ], [ -99.043946, 19.455707 ], [ -99.043948, 19.455721 ], [ -99.043947, 19.455721 ], [ -99.043931, 19.455721 ], [ -99.043949, 19.455722 ], [ -99.043947, 19.455721 ], [ -99.04395, 19.455722 ], [ -99.04394, 19.45571 ], [ -99.04395, 19.455722 ], [ -99.04394, 19.45571 ], [ -99.043947, 19.455721 ] ] } },
{ "type": "Feature", "properties": { "device_id": "3a6089b44195ad5f1c8066e8fe19af9fa47ea553363bad8eab4afc9fbeae22b1", "timestamps": "2020-01-01T06:05:19, 2020-01-01T06:16:24, 2020-01-01T06:26:26, 2020-01-01T06:36:10, 2020-01-01T06:54:14, 2020-01-01T07:02:29, 2020-01-01T07:16:24, 2020-01-01T07:26:29, 2020-01-01T07:36:10, 2020-01-01T07:46:47, 2020-01-01T08:06:12, 2020-01-01T08:06:20, 2020-01-01T08:20:50, 2020-01-01T13:32:01, 2020-01-01T13:32:02, 2020-01-01T13:32:04, 2020-01-01T13:32:06, 2020-01-01T13:32:07, 2020-01-01T13:32:36, 2020-01-01T13:33:13, 2020-01-01T13:42:06, 2020-01-01T13:48:00, 2020-01-01T13:49:23, 2020-01-01T13:49:43, 2020-01-01T13:57:27, 2020-01-01T13:57:47, 2020-01-01T14:07:34, 2020-01-01T14:17:52, 2020-01-01T14:27:20, 2020-01-01T14:37:52, 2020-01-01T14:47:52, 2020-01-01T14:57:22, 2020-01-01T15:17:54, 2020-01-01T15:32:54, 2020-01-01T15:41:30, 2020-01-01T15:51:18, 2020-01-01T16:01:48, 2020-01-01T16:11:16, 2020-01-01T16:17:00, 2020-01-01T16:17:01, 2020-01-01T16:17:34, 2020-01-01T16:22:38, 2020-01-01T16:24:08, 2020-01-01T16:25:34, 2020-01-01T16:26:42, 2020-01-01T16:28:37, 2020-01-01T16:28:51, 2020-01-01T16:29:44, 2020-01-01T16:30:29, 2020-01-01T16:31:53, 2020-01-01T16:33:15, 2020-01-01T16:34:02, 2020-01-01T16:34:56, 2020-01-01T16:35:47, 2020-01-01T16:36:11, 2020-01-01T16:37:58, 2020-01-01T16:38:35, 2020-01-01T16:39:10, 2020-01-01T16:40:22, 2020-01-01T16:41:31, 2020-01-01T16:42:18, 2020-01-01T16:43:09, 2020-01-01T16:44:33, 2020-01-01T16:45:45, 2020-01-01T16:46:20, 2020-01-01T16:47:52, 2020-01-01T16:48:41, 2020-01-01T16:49:28, 2020-01-01T16:50:54, 2020-01-01T16:51:32, 2020-01-01T16:53:02, 2020-01-01T16:53:50, 2020-01-01T16:55:11, 2020-01-01T20:22:00, 2020-01-01T20:23:35, 2020-01-01T20:24:16, 2020-01-01T20:28:30, 2020-01-01T20:28:55, 2020-01-01T20:29:42, 2020-01-01T20:30:40, 2020-01-01T20:31:15, 2020-01-01T20:32:02, 2020-01-01T20:33:00, 2020-01-01T20:33:08, 2020-01-01T20:33:47, 2020-01-01T20:35:32, 2020-01-01T20:36:17, 2020-01-01T20:37:08, 2020-01-01T20:37:24, 2020-01-01T20:38:33, 2020-01-01T20:39:42, 2020-01-01T20:40:20, 2020-01-01T20:41:36, 2020-01-01T20:41:55, 2020-01-01T20:42:42, 2020-01-01T20:43:27, 2020-01-01T20:44:38, 2020-01-01T20:44:54, 2020-01-01T20:45:43, 2020-01-01T20:46:29, 2020-01-01T20:47:04, 2020-01-01T20:47:50, 2020-01-01T20:48:35, 2020-01-01T20:49:10, 2020-01-01T20:50:06, 2020-01-01T20:50:25, 2020-01-01T20:51:31, 2020-01-01T20:52:17, 2020-01-01T20:53:27, 2020-01-01T20:54:37, 2020-01-01T20:54:51, 2020-01-01T20:55:44, 2020-01-01T20:56:29, 2020-01-01T20:57:05, 2020-01-01T20:57:53, 2020-01-01T20:58:46, 2020-01-01T20:59:11, 2020-01-01T21:00:01, 2020-01-01T21:00:57, 2020-01-01T21:01:48, 2020-01-01T21:03:30, 2020-01-01T21:07:32, 2020-01-01T21:12:32, 2020-01-01T21:17:31, 2020-01-01T21:22:32, 2020-01-01T21:25:11, 2020-01-01T21:33:21, 2020-01-01T21:44:14, 2020-01-01T21:54:15, 2020-01-01T22:11:51, 2020-01-01T22:26:57, 2020-01-01T22:32:08, 2020-01-01T22:32:09, 2020-01-01T22:42:32, 2020-01-01T22:48:18, 2020-01-01T23:02:41, 2020-01-01T23:15:55, 2020-01-01T23:32:32, 2020-01-01T23:49:39" }, "geometry": { "type": "LineString", "coordinates": [ [ -99.082718, 19.470837 ], [ -99.082754, 19.470833 ], [ -99.082798, 19.470722 ], [ -99.082748, 19.470772 ], [ -99.082818, 19.471137 ], [ -99.084799, 19.474332 ], [ -99.083243, 19.474002 ], [ -99.083334, 19.474044 ], [ -99.083196, 19.473997 ], [ -99.083258, 19.473993 ], [ -99.083156, 19.474067 ], [ -99.083157, 19.474067 ], [ -99.083201, 19.474024 ], [ -99.083196, 19.473999 ], [ -99.083196, 19.473999 ], [ -99.083367, 19.473901 ], [ -99.083119, 19.474072 ], [ -99.083119, 19.474072 ], [ -99.083196, 19.473999 ], [ -99.083118, 19.474072 ], [ -99.08325, 19.473958 ], [ -99.083259, 19.47395 ], [ -99.08329, 19.473948 ], [ -99.08329, 19.473948 ], [ -99.083295, 19.47393 ], [ -99.083295, 19.47393 ], [ -99.083297, 19.473959 ], [ -99.083268, 19.47399 ], [ -99.083101, 19.474143 ], [ -99.083293, 19.473982 ], [ -99.083139, 19.474141 ], [ -99.083326, 19.473916 ], [ -99.083288, 19.473955 ], [ -99.083436, 19.47408 ], [ -99.083, 19.474034 ], [ -99.083253, 19.474038 ], [ -99.083345, 19.473999 ], [ -99.083257, 19.474039 ], [ -99.088354, 19.474952 ], [ -99.088099, 19.475013 ], [ -99.088054, 19.475024 ], [ -99.095521, 19.467593 ], [ -99.099798, 19.455846 ], [ -99.102215, 19.450367 ], [ -99.109754, 19.453113 ], [ -99.130046, 19.462998 ], [ -99.122951, 19.460121 ], [ -99.137286, 19.465273 ], [ -99.14427, 19.465163 ], [ -99.152111, 19.463102 ], [ -99.165016, 19.446929 ], [ -99.172268, 19.432642 ], [ -99.167996, 19.439386 ], [ -99.176526, 19.425637 ], [ -99.178464, 19.418013 ], [ -99.182145, 19.411931 ], [ -99.185388, 19.412438 ], [ -99.187387, 19.413202 ], [ -99.192534, 19.411615 ], [ -99.207883, 19.402896 ], [ -99.215153, 19.398626 ], [ -99.230951, 19.39505 ], [ -99.238261, 19.393363 ], [ -99.241419, 19.388102 ], [ -99.246517, 19.383702 ], [ -99.254148, 19.37863 ], [ -99.266999, 19.36742 ], [ -99.271629, 19.360652 ], [ -99.279262, 19.354304 ], [ -99.291681, 19.343931 ], [ -99.313109, 19.334102 ], [ -99.309019, 19.334971 ], [ -99.317572, 19.325993 ], [ -99.352429, 19.296512 ], [ -99.346311, 19.304413 ], [ -99.339338, 19.313199 ], [ -99.314399, 19.332462 ], [ -99.314521, 19.332334 ], [ -99.314344, 19.332585 ], [ -99.312834, 19.334349 ], [ -99.302691, 19.334741 ], [ -99.286363, 19.347144 ], [ -99.277942, 19.355788 ], [ -99.277353, 19.356454 ], [ -99.279512, 19.352594 ], [ -99.264275, 19.372282 ], [ -99.25526, 19.377962 ], [ -99.241605, 19.387651 ], [ -99.246202, 19.383799 ], [ -99.238503, 19.392984 ], [ -99.232593, 19.394881 ], [ -99.225609, 19.395716 ], [ -99.213454, 19.399224 ], [ -99.21926, 19.397136 ], [ -99.208103, 19.402566 ], [ -99.202974, 19.405719 ], [ -99.200961, 19.406886 ], [ -99.200953, 19.40688 ], [ -99.200961, 19.406886 ], [ -99.200874, 19.406834 ], [ -99.200917, 19.406883 ], [ -99.200874, 19.406834 ], [ -99.200695, 19.407063 ], [ -99.196575, 19.409323 ], [ -99.185542, 19.415046 ], [ -99.190593, 19.412062 ], [ -99.18428, 19.415537 ], [ -99.178861, 19.416839 ], [ -99.175286, 19.420868 ], [ -99.175739, 19.426279 ], [ -99.175121, 19.4227 ], [ -99.172243, 19.432249 ], [ -99.168501, 19.438075 ], [ -99.163989, 19.450703 ], [ -99.16529, 19.444437 ], [ -99.163564, 19.455521 ], [ -99.162869, 19.455611 ], [ -99.160057, 19.45523 ], [ -99.162796, 19.455605 ], [ -99.152919, 19.454206 ], [ -99.144807, 19.455988 ], [ -99.136947, 19.462157 ], [ -99.108352, 19.453186 ], [ -99.099372, 19.474757 ], [ -99.088839, 19.475268 ], [ -99.08335, 19.474083 ], [ -99.083165, 19.474266 ], [ -99.083172, 19.474002 ], [ -99.083227, 19.473994 ], [ -99.083254, 19.473977 ], [ -99.083252, 19.473998 ], [ -99.083266, 19.474 ], [ -99.083266, 19.474 ], [ -99.083224, 19.474007 ], [ -99.083206, 19.473994 ], [ -99.083195, 19.473983 ], [ -99.083192, 19.473982 ], [ -99.083192, 19.473961 ], [ -99.083198, 19.473979 ] ] } },
{ "type": "Feature", "properties": { "device_id": "467ce7dfa3d4515ecd9ec7fc6c48c67521e24ce8891e01477ad4a354c4066ce0", "timestamps": "2020-01-01T12:12:20, 2020-01-01T12:27:29, 2020-01-01T12:33:17, 2020-01-01T12:40:45, 2020-01-01T12:41:12, 2020-01-01T12:41:59, 2020-01-01T13:15:10, 2020-01-01T13:40:46, 2020-01-01T13:41:23, 2020-01-01T13:43:52, 2020-01-01T13:49:39, 2020-01-01T13:50:07, 2020-01-01T13:50:55, 2020-01-01T13:52:23, 2020-01-01T13:52:36, 2020-01-01T13:52:56, 2020-01-01T13:53:19, 2020-01-01T13:53:58, 2020-01-01T13:54:27, 2020-01-01T13:55:11, 2020-01-01T13:55:18, 2020-01-01T13:55:39, 2020-01-01T13:56:07, 2020-01-01T13:56:26, 2020-01-01T16:29:09, 2020-01-01T16:29:18, 2020-01-01T16:29:35, 2020-01-01T16:36:24, 2020-01-01T16:36:30, 2020-01-01T16:38:14, 2020-01-01T16:38:21, 2020-01-01T16:38:49, 2020-01-01T16:39:32, 2020-01-01T16:39:56, 2020-01-01T16:40:20, 2020-01-01T16:40:58, 2020-01-01T16:41:05, 2020-01-01T16:41:36, 2020-01-01T16:42:52, 2020-01-01T16:43:45, 2020-01-01T16:44:15, 2020-01-01T16:44:20, 2020-01-01T16:44:30, 2020-01-01T16:44:47, 2020-01-01T16:45:46, 2020-01-01T16:46:06, 2020-01-01T16:53:26, 2020-01-01T16:53:41, 2020-01-01T16:56:26, 2020-01-01T16:56:31, 2020-01-01T16:56:38, 2020-01-01T16:57:06, 2020-01-01T16:57:11, 2020-01-01T16:59:30, 2020-01-01T16:59:36, 2020-01-01T17:14:34, 2020-01-01T17:15:17, 2020-01-01T17:21:16, 2020-01-01T17:21:28, 2020-01-01T17:21:33, 2020-01-01T17:21:41, 2020-01-01T17:21:46, 2020-01-01T17:22:08, 2020-01-01T17:22:14, 2020-01-01T17:22:33, 2020-01-01T17:22:57, 2020-01-01T17:23:02, 2020-01-01T17:23:35, 2020-01-01T17:23:55, 2020-01-01T17:24:24, 2020-01-01T17:24:30, 2020-01-01T17:24:59, 2020-01-01T17:25:18, 2020-01-01T17:25:37, 2020-01-01T17:25:56, 2020-01-01T17:27:06, 2020-01-01T17:27:11, 2020-01-01T17:28:22, 2020-01-01T17:28:50, 2020-01-01T17:29:07, 2020-01-01T17:29:24, 2020-01-01T17:29:38, 2020-01-01T17:29:44, 2020-01-01T17:30:13, 2020-01-01T17:30:34, 2020-01-01T17:30:56, 2020-01-01T17:31:00, 2020-01-01T17:35:53, 2020-01-01T17:35:58, 2020-01-01T17:36:08, 2020-01-01T17:36:13, 2020-01-01T17:36:35, 2020-01-01T17:37:14, 2020-01-01T17:37:21, 2020-01-01T17:37:34, 2020-01-01T17:37:39, 2020-01-01T17:38:38, 2020-01-01T17:39:01, 2020-01-01T17:39:07, 2020-01-01T17:39:20, 2020-01-01T17:39:43, 2020-01-01T17:41:48, 2020-01-01T17:41:53, 2020-01-01T17:42:44, 2020-01-01T17:43:07, 2020-01-01T17:43:30, 2020-01-01T17:52:45, 2020-01-01T17:52:58, 2020-01-01T17:53:03, 2020-01-01T18:25:45, 2020-01-01T18:26:03, 2020-01-01T18:26:10, 2020-01-01T18:26:18, 2020-01-01T18:26:22, 2020-01-01T18:26:50, 2020-01-01T18:27:05, 2020-01-01T18:27:32, 2020-01-01T18:27:37, 2020-01-01T18:28:01, 2020-01-01T18:49:23, 2020-01-01T20:32:40, 2020-01-01T20:32:46, 2020-01-01T20:33:17, 2020-01-01T20:33:24, 2020-01-01T20:33:42, 2020-01-01T20:41:28, 2020-01-01T20:41:36, 2020-01-01T20:41:42, 2020-01-01T20:42:05, 2020-01-01T20:42:31, 2020-01-01T20:42:53, 2020-01-01T20:42:58, 2020-01-01T20:43:50, 2020-01-01T20:44:14, 2020-01-01T20:44:20, 2020-01-01T21:03:38, 2020-01-01T21:04:50, 2020-01-01T21:13:44, 2020-01-01T21:14:05, 2020-01-01T21:14:15, 2020-01-01T21:15:15, 2020-01-01T21:15:32, 2020-01-01T21:16:21, 2020-01-01T21:19:52, 2020-01-01T21:20:59, 2020-01-01T21:21:46, 2020-01-01T21:23:13, 2020-01-01T21:32:08, 2020-01-01T21:32:22, 2020-01-01T21:32:41, 2020-01-01T21:32:46, 2020-01-01T21:33:09, 2020-01-01T21:33:30, 2020-01-01T21:33:42, 2020-01-01T21:35:03, 2020-01-01T21:35:09, 2020-01-01T21:35:23, 2020-01-01T21:57:29" }, "geometry": { "type": "LineString", "coordinates": [ [ -99.163749, 19.51896 ], [ -99.143928, 19.464938 ], [ -99.146371, 19.466767 ], [ -99.146369, 19.466757 ], [ -99.146369, 19.466775 ], [ -99.146379, 19.466813 ], [ -99.144626, 19.467507 ], [ -99.144642, 19.46712 ], [ -99.144483, 19.467289 ], [ -99.144058, 19.468048 ], [ -99.144482, 19.467288 ], [ -99.144059, 19.468049 ], [ -99.144482, 19.467288 ], [ -99.144796, 19.467589 ], [ -99.144796, 19.46759 ], [ -99.144788, 19.467637 ], [ -99.144787, 19.467636 ], [ -99.145052, 19.4678 ], [ -99.145052, 19.4678 ], [ -99.144642, 19.467121 ], [ -99.144642, 19.467121 ], [ -99.144642, 19.46712 ], [ -99.144579, 19.467065 ], [ -99.144554, 19.467175 ], [ -99.144405, 19.468031 ], [ -99.144405, 19.468031 ], [ -99.144405, 19.468031 ], [ -99.144649, 19.46712 ], [ -99.144059, 19.468049 ], [ -99.144059, 19.468039 ], [ -99.145177, 19.46796 ], [ -99.144059, 19.468049 ], [ -99.144059, 19.468049 ], [ -99.145163, 19.467799 ], [ -99.144059, 19.468049 ], [ -99.144059, 19.468039 ], [ -99.144059, 19.468049 ], [ -99.144059, 19.468049 ], [ -99.144059, 19.468049 ], [ -99.144791, 19.467377 ], [ -99.144059, 19.468039 ], [ -99.144807, 19.467453 ], [ -99.144059, 19.468049 ], [ -99.144807, 19.467453 ], [ -99.14395, 19.46803 ], [ -99.14395, 19.46803 ], [ -99.1448, 19.46759 ], [ -99.144796, 19.46759 ], [ -99.14435, 19.46782 ], [ -99.144351, 19.467472 ], [ -99.144345, 19.46782 ], [ -99.14435, 19.46782 ], [ -99.144351, 19.467472 ], [ -99.14436, 19.467469 ], [ -99.144351, 19.467472 ], [ -99.144746, 19.467923 ], [ -99.144548, 19.467565 ], [ -99.144549, 19.467559 ], [ -99.144548, 19.467565 ], [ -99.144353, 19.467787 ], [ -99.144549, 19.467559 ], [ -99.144353, 19.467787 ], [ -99.144529, 19.467594 ], [ -99.144529, 19.467594 ], [ -99.144489, 19.467353 ], [ -99.14453, 19.46759 ], [ -99.144514, 19.467214 ], [ -99.144483, 19.467289 ], [ -99.144483, 19.467289 ], [ -99.14449, 19.467279 ], [ -99.144483, 19.467289 ], [ -99.144417, 19.467592 ], [ -99.144417, 19.467592 ], [ -99.144407, 19.467643 ], [ -99.144407, 19.467643 ], [ -99.144407, 19.467643 ], [ -99.144394, 19.467405 ], [ -99.144394, 19.467405 ], [ -99.144689, 19.467269 ], [ -99.144649, 19.467359 ], [ -99.144428, 19.4674 ], [ -99.144649, 19.467359 ], [ -99.144428, 19.4674 ], [ -99.144635, 19.467656 ], [ -99.144635, 19.467656 ], [ -99.144469, 19.46734 ], [ -99.144635, 19.467656 ], [ -99.144499, 19.46796 ], [ -99.144614, 19.467637 ], [ -99.144499, 19.46796 ], [ -99.144614, 19.467637 ], [ -99.144495, 19.467964 ], [ -99.144543, 19.467461 ], [ -99.144608, 19.467482 ], [ -99.14461, 19.467479 ], [ -99.144543, 19.467461 ], [ -99.144624, 19.467097 ], [ -99.14453, 19.467179 ], [ -99.144624, 19.467097 ], [ -99.144638, 19.467313 ], [ -99.144638, 19.467313 ], [ -99.144639, 19.46731 ], [ -99.144383, 19.467422 ], [ -99.144535, 19.467569 ], [ -99.144365, 19.467678 ], [ -99.144365, 19.467678 ], [ -99.144796, 19.46759 ], [ -99.1448, 19.46759 ], [ -99.144796, 19.46759 ], [ -99.145089, 19.46782 ], [ -99.1447, 19.46754 ], [ -99.144697, 19.467542 ], [ -99.144697, 19.467542 ], [ -99.14477, 19.467535 ], [ -99.145172, 19.467824 ], [ -99.145172, 19.467824 ], [ -99.145117, 19.467826 ], [ -99.145172, 19.467824 ], [ -99.144866, 19.467497 ], [ -99.14449, 19.467279 ], [ -99.145543, 19.466449 ], [ -99.145543, 19.466449 ], [ -99.145515, 19.466418 ], [ -99.145515, 19.466418 ], [ -99.145489, 19.466434 ], [ -99.14515, 19.466582 ], [ -99.145159, 19.466591 ], [ -99.145159, 19.466591 ], [ -99.145184, 19.466579 ], [ -99.145274, 19.466524 ], [ -99.145159, 19.466591 ], [ -99.145159, 19.466591 ], [ -99.144483, 19.467289 ], [ -99.144483, 19.467289 ], [ -99.144483, 19.467289 ], [ -99.144611, 19.469538 ], [ -99.148477, 19.480542 ], [ -99.162783, 19.517835 ], [ -99.162827, 19.5181 ], [ -99.162827, 19.5181 ], [ -99.162827, 19.5181 ], [ -99.165826, 19.523059 ], [ -99.166512, 19.523635 ], [ -99.166512, 19.523635 ], [ -99.182713, 19.543725 ], [ -99.182713, 19.543725 ], [ -99.193566, 19.558757 ], [ -99.164009, 19.621734 ], [ -99.164009, 19.621734 ], [ -99.164009, 19.621734 ], [ -99.164009, 19.621734 ], [ -99.164009, 19.621734 ], [ -99.165654, 19.621197 ], [ -99.165654, 19.621197 ], [ -99.165821, 19.621151 ], [ -99.165821, 19.621151 ], [ -99.165821, 19.621151 ], [ -99.12089, 19.662269 ] ] } },
{ "type": "Feature", "properties": { "device_id": "bdd61246c8be0b2b5cbf02edadf4bd02000a34a81fe21d7b351210544e4303bb", "timestamps": "2020-01-01T21:14:13, 2020-01-01T21:14:41, 2020-01-01T21:33:36, 2020-01-01T21:33:47, 2020-01-01T22:53:46, 2020-01-01T22:53:54, 2020-01-01T22:54:05, 2020-01-01T22:54:07, 2020-01-01T22:54:47" }, "geometry": { "type": "LineString", "coordinates": [ [ -99.14348, 19.45521 ], [ -99.14348, 19.45521 ], [ -99.144404, 19.466926 ], [ -99.14441, 19.46691 ], [ -99.1434, 19.45521 ], [ -99.1434, 19.45521 ], [ -99.143411, 19.455213 ], [ -99.143411, 19.455213 ], [ -99.14342, 19.45521 ] ] } },
{ "type": "Feature", "properties": { "device_id": "3dbf29c668deceb74654730f4b0c4956bca1881845e74e12d782eb02e97b041c", "timestamps": "2020-01-01T12:44:16, 2020-01-01T12:44:26, 2020-01-01T13:57:13, 2020-01-01T13:57:24, 2020-01-01T23:21:31, 2020-01-01T23:21:42, 2020-01-01T23:22:11, 2020-01-01T23:22:22, 2020-01-01T23:30:18, 2020-01-01T23:30:19, 2020-01-01T23:30:28, 2020-01-01T23:30:29, 2020-01-01T23:40:08, 2020-01-01T23:40:58, 2020-01-01T23:46:04, 2020-01-01T23:46:30, 2020-01-01T23:46:45, 2020-01-01T23:46:53, 2020-01-01T23:58:31, 2020-01-01T23:58:42" }, "geometry": { "type": "LineString", "coordinates": [ [ -99.144135, 19.465321 ], [ -99.14415, 19.4653 ], [ -99.144285, 19.465397 ], [ -99.14428, 19.46539 ], [ -99.14418, 19.46538 ], [ -99.14417, 19.46539 ], [ -99.14428, 19.46539 ], [ -99.144285, 19.465397 ], [ -99.144199, 19.465348 ], [ -99.144295, 19.46539 ], [ -99.1442, 19.46533 ], [ -99.1443, 19.46539 ], [ -99.14415, 19.46538 ], [ -99.144138, 19.465375 ], [ -99.144285, 19.465397 ], [ -99.144189, 19.465327 ], [ -99.14418, 19.4653 ], [ -99.14428, 19.46539 ], [ -99.14418, 19.46533 ], [ -99.144183, 19.465341 ] ] } },
{ "type": "Feature", "properties": { "device_id": "e49ae32b196b43b3bb2488358a42f2e253d6dd4d0657a69f382ac57aeeb34501", "timestamps": "2020-01-01T20:02:10, 2020-01-01T20:02:25" }, "geometry": { "type": "LineString", "coordinates": [ [ -99.145719, 19.46631 ], [ -99.145723, 19.466325 ] ] } },
{ "type": "Feature", "properties": { "device_id": "77fbd019e289718ecff1344c0069a70471c93726c0f5e47b61c46efe2aff41aa", "timestamps": "2020-01-01T20:19:03, 2020-01-01T20:19:54" }, "geometry": { "type": "LineString", "coordinates": [ [ -99.144999, 19.465789 ], [ -99.144998, 19.465794 ] ] } },
{ "type": "Feature", "properties": { "device_id": "c5843ae8dcd7e37427df6d6c2b92151c425eb4ec0567579b45634647252458c9", "timestamps": "2020-01-01T06:32:14, 2020-01-01T06:32:23, 2020-01-01T08:52:10, 2020-01-01T08:52:25, 2020-01-01T08:54:39, 2020-01-01T08:54:49, 2020-01-01T09:04:04, 2020-01-01T09:04:53, 2020-01-01T09:11:06, 2020-01-01T09:11:56, 2020-01-01T14:19:19, 2020-01-01T14:19:29, 2020-01-01T16:54:02, 2020-01-01T16:54:51, 2020-01-01T20:26:04, 2020-01-01T20:26:30, 2020-01-01T20:26:45, 2020-01-01T20:26:53" }, "geometry": { "type": "LineString", "coordinates": [ [ -99.08331, 19.41454 ], [ -99.083307, 19.414566 ], [ -99.08608, 19.40938 ], [ -99.086083, 19.409399 ], [ -99.08609, 19.40938 ], [ -99.086073, 19.409393 ], [ -99.08613, 19.40938 ], [ -99.086118, 19.409395 ], [ -99.08621, 19.40941 ], [ -99.086209, 19.409428 ], [ -99.14506, 19.46646 ], [ -99.14505, 19.466454 ], [ -99.14465, 19.46712 ], [ -99.144631, 19.467112 ], [ -99.145212, 19.466635 ], [ -99.14523, 19.46664 ], [ -99.145212, 19.466635 ], [ -99.14523, 19.46664 ] ] } },
{ "type": "Feature", "properties": { "device_id": "275dff8cef817f44ac4ccdfd603aafba0295c09e8627c1b7fa43a1dfbeb2619d", "timestamps": "2020-01-01T06:08:02, 2020-01-01T06:29:44, 2020-01-01T06:49:30, 2020-01-01T06:59:10, 2020-01-01T07:00:45, 2020-01-01T07:02:24, 2020-01-01T07:06:41, 2020-01-01T07:07:28, 2020-01-01T07:08:38, 2020-01-01T07:08:54, 2020-01-01T07:09:44, 2020-01-01T07:10:19, 2020-01-01T07:11:19, 2020-01-01T07:11:45, 2020-01-01T07:11:53, 2020-01-01T07:12:26, 2020-01-01T07:13:52, 2020-01-01T07:14:10, 2020-01-01T07:14:13, 2020-01-01T07:15:17, 2020-01-01T07:36:28, 2020-01-01T08:54:08, 2020-01-01T09:14:22, 2020-01-01T09:54:28, 2020-01-01T10:52:10, 2020-01-01T12:15:21, 2020-01-01T12:32:35, 2020-01-01T12:32:42, 2020-01-01T12:32:45, 2020-01-01T12:34:06, 2020-01-01T12:34:22, 2020-01-01T12:35:32, 2020-01-01T12:37:06, 2020-01-01T12:37:22, 2020-01-01T12:38:26, 2020-01-01T12:39:26, 2020-01-01T12:39:51, 2020-01-01T12:40:09, 2020-01-01T12:40:37, 2020-01-01T12:40:51, 2020-01-01T12:41:30, 2020-01-01T12:46:36, 2020-01-01T12:49:08, 2020-01-01T12:56:17, 2020-01-01T13:16:28, 2020-01-01T13:56:20, 2020-01-01T14:16:01, 2020-01-01T14:36:36, 2020-01-01T14:56:18, 2020-01-01T15:16:43, 2020-01-01T15:45:13, 2020-01-01T16:25:05, 2020-01-01T16:45:05, 2020-01-01T17:47:31, 2020-01-01T18:26:24, 2020-01-01T18:45:33, 2020-01-01T19:23:06, 2020-01-01T19:24:59, 2020-01-01T19:42:31, 2020-01-01T20:03:50, 2020-01-01T20:03:53, 2020-01-01T20:21:08, 2020-01-01T20:21:09, 2020-01-01T20:22:55, 2020-01-01T20:41:07, 2020-01-01T21:36:00, 2020-01-01T21:36:16, 2020-01-01T21:36:20, 2020-01-01T21:36:22, 2020-01-01T21:36:36, 2020-01-01T21:46:34, 2020-01-01T21:46:36, 2020-01-01T21:46:37, 2020-01-01T21:46:38, 2020-01-01T21:47:43, 2020-01-01T21:48:03, 2020-01-01T21:48:29, 2020-01-01T21:49:35, 2020-01-01T21:50:10, 2020-01-01T21:51:18, 2020-01-01T21:51:19, 2020-01-01T21:51:25, 2020-01-01T21:52:23, 2020-01-01T21:54:02, 2020-01-01T21:54:05, 2020-01-01T21:54:31, 2020-01-01T22:07:01, 2020-01-01T22:07:02, 2020-01-01T22:27:27, 2020-01-01T22:45:32, 2020-01-01T22:45:50, 2020-01-01T22:45:53, 2020-01-01T22:46:16, 2020-01-01T22:47:06, 2020-01-01T22:47:21, 2020-01-01T22:48:32, 2020-01-01T22:49:16, 2020-01-01T22:50:06, 2020-01-01T22:50:21, 2020-01-01T22:51:32, 2020-01-01T22:52:16, 2020-01-01T22:53:06, 2020-01-01T22:53:22, 2020-01-01T22:54:32, 2020-01-01T22:55:16, 2020-01-01T22:56:22, 2020-01-01T22:57:32, 2020-01-01T22:59:07, 2020-01-01T22:59:47" }, "geometry": { "type": "LineString", "coordinates": [ [ -99.05487, 19.412462 ], [ -99.054967, 19.412428 ], [ -99.054836, 19.412462 ], [ -99.057803, 19.412887 ], [ -99.063296, 19.413759 ], [ -99.07228, 19.414503 ], [ -99.095633, 19.428538 ], [ -99.105172, 19.433315 ], [ -99.109839, 19.437544 ], [ -99.108003, 19.434577 ], [ -99.112113, 19.437677 ], [ -99.113928, 19.43923 ], [ -99.114847, 19.441354 ], [ -99.115021, 19.44156 ], [ -99.113331, 19.440604 ], [ -99.114804, 19.442751 ], [ -99.116433, 19.44423 ], [ -99.116712, 19.444343 ], [ -99.116712, 19.444348 ], [ -99.117026, 19.44413 ], [ -99.116944, 19.444155 ], [ -99.116824, 19.444339 ], [ -99.116852, 19.444268 ], [ -99.11696, 19.444159 ], [ -99.116981, 19.444139 ], [ -99.116965, 19.444199 ], [ -99.122337, 19.451431 ], [ -99.121187, 19.45099 ], [ -99.121534, 19.451201 ], [ -99.131578, 19.453191 ], [ -99.126903, 19.452456 ], [ -99.137174, 19.454643 ], [ -99.138681, 19.465322 ], [ -99.137655, 19.460708 ], [ -99.141161, 19.465418 ], [ -99.148656, 19.463529 ], [ -99.146469, 19.46414 ], [ -99.146389, 19.463816 ], [ -99.147946, 19.463342 ], [ -99.152984, 19.463039 ], [ -99.144579, 19.46363 ], [ -99.144588, 19.463261 ], [ -99.144677, 19.46339 ], [ -99.145174, 19.465196 ], [ -99.145922, 19.467152 ], [ -99.146049, 19.467197 ], [ -99.146013, 19.467171 ], [ -99.146049, 19.467199 ], [ -99.145922, 19.467152 ], [ -99.145734, 19.466665 ], [ -99.144314, 19.464036 ], [ -99.14603, 19.467201 ], [ -99.144328, 19.464047 ], [ -99.144287, 19.463952 ], [ -99.146032, 19.467205 ], [ -99.14522, 19.465195 ], [ -99.144226, 19.464122 ], [ -99.145867, 19.467056 ], [ -99.145372, 19.46509 ], [ -99.145696, 19.464506 ], [ -99.145697, 19.464501 ], [ -99.145944, 19.465517 ], [ -99.145757, 19.465389 ], [ -99.145639, 19.465261 ], [ -99.146049, 19.467199 ], [ -99.144861, 19.464711 ], [ -99.144788, 19.464697 ], [ -99.144926, 19.464647 ], [ -99.144311, 19.464033 ], [ -99.144861, 19.464711 ], [ -99.125531, 19.460779 ], [ -99.125149, 19.460635 ], [ -99.124977, 19.460575 ], [ -99.124818, 19.460517 ], [ -99.117856, 19.458222 ], [ -99.109848, 19.45231 ], [ -99.112129, 19.453805 ], [ -99.110264, 19.450495 ], [ -99.111276, 19.447288 ], [ -99.113749, 19.442601 ], [ -99.114125, 19.442713 ], [ -99.113266, 19.44233 ], [ -99.116076, 19.444162 ], [ -99.116742, 19.444435 ], [ -99.116742, 19.444438 ], [ -99.116722, 19.444403 ], [ -99.116985, 19.444355 ], [ -99.116984, 19.444357 ], [ -99.117134, 19.443739 ], [ -99.114324, 19.437936 ], [ -99.114749, 19.437936 ], [ -99.114785, 19.437931 ], [ -99.108674, 19.436523 ], [ -99.100079, 19.430646 ], [ -99.105169, 19.433184 ], [ -99.099094, 19.430142 ], [ -99.09302, 19.427146 ], [ -99.080864, 19.419571 ], [ -99.086637, 19.423389 ], [ -99.078331, 19.417366 ], [ -99.073177, 19.414298 ], [ -99.064658, 19.413635 ], [ -99.066736, 19.413489 ], [ -99.063237, 19.413525 ], [ -99.05668, 19.413141 ], [ -99.05437, 19.414717 ], [ -99.054601, 19.412685 ], [ -99.054751, 19.412286 ], [ -99.054823, 19.412205 ] ] } },
{ "type": "Feature", "properties": { "device_id": "a9e7e13ed458b2a26cb91fd391f7ed3e896be8e654b937deddc97107a8ec4bcd", "timestamps": "2020-01-01T14:17:01, 2020-01-01T14:17:35, 2020-01-01T14:48:52, 2020-01-01T15:18:54, 2020-01-01T15:48:23, 2020-01-01T15:48:24, 2020-01-01T16:18:17, 2020-01-01T18:05:41, 2020-01-01T20:16:01, 2020-01-01T21:16:35, 2020-01-01T21:47:14, 2020-01-01T22:12:24, 2020-01-01T22:18:27, 2020-01-01T22:48:15, 2020-01-01T23:36:01, 2020-01-01T23:40:08, 2020-01-01T23:43:55, 2020-01-01T23:48:28, 2020-01-01T23:54:04" }, "geometry": { "type": "LineString", "coordinates": [ [ -99.000363, 19.605573 ], [ -99.000351, 19.605584 ], [ -99.000295, 19.605563 ], [ -99.000277, 19.605403 ], [ -99.02859, 19.625333 ], [ -99.02859, 19.625333 ], [ -99.028619, 19.625335 ], [ -99.028603, 19.625336 ], [ -99.144549, 19.465605 ], [ -99.144038, 19.465408 ], [ -99.143899, 19.465274 ], [ -99.143958, 19.465208 ], [ -99.14398, 19.465239 ], [ -99.143918, 19.465274 ], [ -99.143884, 19.465265 ], [ -99.14396, 19.465273 ], [ -99.143966, 19.465291 ], [ -99.14394, 19.46527 ], [ -99.143966, 19.465224 ] ] } },
{ "type": "Feature", "properties": { "device_id": "10117421307402cb3865feb2023d76ad17f03b666130585cf07a2fdf38549208", "timestamps": "2020-01-01T06:54:35, 2020-01-01T06:55:45, 2020-01-01T07:00:25, 2020-01-01T07:00:28, 2020-01-01T07:01:05, 2020-01-01T07:01:54, 2020-01-01T07:03:15, 2020-01-01T07:04:02, 2020-01-01T07:04:56, 2020-01-01T07:05:47, 2020-01-01T07:06:11, 2020-01-01T07:07:03, 2020-01-01T07:07:58, 2020-01-01T07:08:35, 2020-01-01T07:09:10, 2020-01-01T07:10:06, 2020-01-01T07:10:25, 2020-01-01T07:11:31, 2020-01-01T07:12:17, 2020-01-01T07:13:08, 2020-01-01T07:13:24, 2020-01-01T07:14:34, 2020-01-01T07:15:19, 2020-01-01T07:16:23, 2020-01-01T07:17:30, 2020-01-01T07:17:55, 2020-01-01T07:18:42, 2020-01-01T07:19:26, 2020-01-01T07:20:38, 2020-01-01T07:20:51, 2020-01-01T07:21:44, 2020-01-01T07:22:28, 2020-01-01T07:23:39, 2020-01-01T07:23:54, 2020-01-01T07:24:40, 2020-01-01T07:25:15, 2020-01-01T07:26:01, 2020-01-01T07:26:56, 2020-01-01T07:27:47, 2020-01-01T07:28:11, 2020-01-01T07:29:04, 2020-01-01T07:29:57, 2020-01-01T07:30:49, 2020-01-01T07:31:14, 2020-01-01T07:32:03, 2020-01-01T07:32:58, 2020-01-01T07:33:49, 2020-01-01T07:34:10, 2020-01-01T07:35:06, 2020-01-01T07:35:25, 2020-01-01T07:36:31, 2020-01-01T07:37:17, 2020-01-01T07:38:07, 2020-01-01T07:38:21, 2020-01-01T07:39:34, 2020-01-01T07:40:42, 2020-01-01T07:41:09, 2020-01-01T07:41:23, 2020-01-01T07:42:30, 2020-01-01T07:43:45, 2020-01-01T07:44:20, 2020-01-01T07:45:38, 2020-01-01T07:45:52, 2020-01-01T07:46:41, 2020-01-01T07:47:28, 2020-01-01T07:48:39, 2020-01-01T07:48:53, 2020-01-01T07:49:40, 2020-01-01T07:50:15, 2020-01-01T07:51:02, 2020-01-01T07:51:50, 2020-01-01T07:52:46, 2020-01-01T07:53:04, 2020-01-01T07:53:06, 2020-01-01T07:53:08, 2020-01-01T07:53:16, 2020-01-01T07:53:18, 2020-01-01T07:53:30, 2020-01-01T07:53:32, 2020-01-01T07:53:33, 2020-01-01T07:53:38, 2020-01-01T07:53:42, 2020-01-01T07:53:44, 2020-01-01T07:53:46, 2020-01-01T07:53:48, 2020-01-01T07:54:04, 2020-01-01T07:54:06, 2020-01-01T07:54:08, 2020-01-01T07:54:11, 2020-01-01T07:54:17, 2020-01-01T07:54:20, 2020-01-01T07:54:24, 2020-01-01T07:54:25, 2020-01-01T07:54:27, 2020-01-01T07:54:29, 2020-01-01T07:54:33, 2020-01-01T07:54:36, 2020-01-01T07:54:39, 2020-01-01T07:54:44, 2020-01-01T07:54:45, 2020-01-01T07:54:48, 2020-01-01T07:54:52, 2020-01-01T07:54:53, 2020-01-01T07:54:57, 2020-01-01T07:55:11, 2020-01-01T07:55:15, 2020-01-01T07:55:21, 2020-01-01T07:55:23, 2020-01-01T07:55:27, 2020-01-01T07:55:52, 2020-01-01T07:55:54, 2020-01-01T07:55:56, 2020-01-01T07:55:59, 2020-01-01T07:56:22, 2020-01-01T07:57:31, 2020-01-01T07:58:17, 2020-01-01T07:59:24, 2020-01-01T08:00:29, 2020-01-01T08:02:01, 2020-01-01T08:02:03, 2020-01-01T08:02:07, 2020-01-01T08:02:09, 2020-01-01T08:02:31, 2020-01-01T08:02:33, 2020-01-01T08:02:37, 2020-01-01T08:02:39, 2020-01-01T08:02:41, 2020-01-01T08:02:47, 2020-01-01T08:02:49, 2020-01-01T08:03:00, 2020-01-01T08:03:04, 2020-01-01T08:03:07, 2020-01-01T08:03:12, 2020-01-01T08:03:14, 2020-01-01T08:03:18, 2020-01-01T08:03:22, 2020-01-01T08:03:24, 2020-01-01T08:03:26, 2020-01-01T08:03:29, 2020-01-01T08:03:33, 2020-01-01T08:03:37, 2020-01-01T08:03:48, 2020-01-01T08:03:49, 2020-01-01T08:03:53, 2020-01-01T08:04:10, 2020-01-01T08:04:11, 2020-01-01T08:04:15, 2020-01-01T08:04:17, 2020-01-01T08:04:19, 2020-01-01T08:04:20, 2020-01-01T08:04:24, 2020-01-01T08:04:25, 2020-01-01T08:04:27, 2020-01-01T08:04:42, 2020-01-01T08:04:43, 2020-01-01T08:04:47, 2020-01-01T08:04:49, 2020-01-01T08:04:54, 2020-01-01T08:04:55, 2020-01-01T08:04:58, 2020-01-01T08:06:08, 2020-01-01T08:06:11, 2020-01-01T08:07:02, 2020-01-01T08:07:03, 2020-01-01T08:07:07, 2020-01-01T08:07:12, 2020-01-01T08:07:14, 2020-01-01T08:07:15, 2020-01-01T08:07:16, 2020-01-01T08:07:18, 2020-01-01T08:07:22, 2020-01-01T08:07:23, 2020-01-01T08:07:26, 2020-01-01T08:07:28, 2020-01-01T08:07:32, 2020-01-01T08:07:34, 2020-01-01T08:07:36, 2020-01-01T08:07:39, 2020-01-01T08:07:44, 2020-01-01T08:07:45, 2020-01-01T08:07:48, 2020-01-01T08:07:54, 2020-01-01T08:07:55, 2020-01-01T08:07:56, 2020-01-01T08:07:59, 2020-01-01T08:08:03, 2020-01-01T08:08:05, 2020-01-01T08:08:11, 2020-01-01T08:08:13, 2020-01-01T08:08:17, 2020-01-01T08:08:19, 2020-01-01T08:08:21, 2020-01-01T08:08:23, 2020-01-01T08:08:26, 2020-01-01T08:08:29, 2020-01-01T08:08:33, 2020-01-01T08:08:37, 2020-01-01T08:08:42, 2020-01-01T08:08:44, 2020-01-01T08:08:46, 2020-01-01T08:08:49, 2020-01-01T08:08:53, 2020-01-01T08:08:55, 2020-01-01T08:08:57, 2020-01-01T08:08:59, 2020-01-01T08:09:10, 2020-01-01T08:12:42, 2020-01-01T08:15:49, 2020-01-01T08:18:35, 2020-01-01T08:21:06, 2020-01-01T08:24:07, 2020-01-01T08:28:50, 2020-01-01T08:31:57, 2020-01-01T08:34:25, 2020-01-01T08:40:25, 2020-01-01T08:43:28, 2020-01-01T08:44:01, 2020-01-01T08:44:03, 2020-01-01T08:44:05, 2020-01-01T08:44:07, 2020-01-01T08:44:12, 2020-01-01T08:44:14, 2020-01-01T08:44:17, 2020-01-01T08:44:20, 2020-01-01T08:44:21, 2020-01-01T08:44:28, 2020-01-01T08:44:31, 2020-01-01T08:44:35, 2020-01-01T08:44:38, 2020-01-01T08:44:44, 2020-01-01T08:44:45, 2020-01-01T08:44:47, 2020-01-01T08:45:25, 2020-01-01T08:45:54, 2020-01-01T08:45:55, 2020-01-01T08:45:58, 2020-01-01T08:46:29, 2020-01-01T08:49:18, 2020-01-01T08:52:45, 2020-01-01T08:55:42, 2020-01-01T08:58:44, 2020-01-01T09:01:40, 2020-01-01T09:04:40, 2020-01-01T09:07:04, 2020-01-01T09:10:04, 2020-01-01T09:13:00, 2020-01-01T09:13:08, 2020-01-01T09:14:00, 2020-01-01T09:14:01, 2020-01-01T09:14:03, 2020-01-01T09:14:05, 2020-01-01T09:14:12, 2020-01-01T09:14:14, 2020-01-01T09:14:16, 2020-01-01T09:14:18, 2020-01-01T09:14:20, 2020-01-01T09:14:22, 2020-01-01T09:14:24, 2020-01-01T09:14:28, 2020-01-01T09:14:30, 2020-01-01T09:14:32, 2020-01-01T09:14:34, 2020-01-01T09:14:37, 2020-01-01T09:14:42, 2020-01-01T09:14:44, 2020-01-01T09:14:46, 2020-01-01T09:14:48, 2020-01-01T09:14:54, 2020-01-01T09:14:55, 2020-01-01T09:14:56, 2020-01-01T09:14:58, 2020-01-01T09:16:08, 2020-01-01T09:20:55, 2020-01-01T09:23:54, 2020-01-01T09:26:21, 2020-01-01T09:29:26, 2020-01-01T09:31:00, 2020-01-01T09:31:01, 2020-01-01T09:31:07, 2020-01-01T09:31:09, 2020-01-01T09:31:19, 2020-01-01T09:31:32, 2020-01-01T09:31:33, 2020-01-01T09:31:39, 2020-01-01T09:31:43, 2020-01-01T09:31:45, 2020-01-01T09:31:49, 2020-01-01T09:32:12, 2020-01-01T09:32:14, 2020-01-01T09:32:16, 2020-01-01T09:32:20, 2020-01-01T09:32:21, 2020-01-01T09:32:25, 2020-01-01T09:32:29, 2020-01-01T09:32:42, 2020-01-01T09:32:57, 2020-01-01T09:35:26, 2020-01-01T09:38:10, 2020-01-01T09:41:17, 2020-01-01T09:44:46, 2020-01-01T09:47:33, 2020-01-01T09:49:00, 2020-01-01T09:49:02, 2020-01-01T09:49:04, 2020-01-01T09:49:08, 2020-01-01T09:49:31, 2020-01-01T09:49:33, 2020-01-01T09:49:35, 2020-01-01T09:49:36, 2020-01-01T09:49:39, 2020-01-01T09:49:48, 2020-01-01T09:50:12, 2020-01-01T09:50:13, 2020-01-01T09:50:16, 2020-01-01T09:50:19, 2020-01-01T09:50:21, 2020-01-01T09:50:25, 2020-01-01T09:50:27, 2020-01-01T09:50:29, 2020-01-01T09:50:42, 2020-01-01T09:50:43, 2020-01-01T09:50:47, 2020-01-01T09:50:53, 2020-01-01T09:50:55, 2020-01-01T09:50:57, 2020-01-01T09:53:02, 2020-01-01T09:56:04, 2020-01-01T09:58:01, 2020-01-01T09:58:03, 2020-01-01T09:58:07, 2020-01-01T09:58:09, 2020-01-01T09:58:11, 2020-01-01T09:58:13, 2020-01-01T09:58:15, 2020-01-01T09:58:19, 2020-01-01T09:58:23, 2020-01-01T09:58:27, 2020-01-01T09:58:30, 2020-01-01T09:58:31, 2020-01-01T09:58:35, 2020-01-01T09:58:37, 2020-01-01T09:58:39, 2020-01-01T09:58:40, 2020-01-01T09:58:42, 2020-01-01T09:58:44, 2020-01-01T09:58:48, 2020-01-01T09:59:01, 2020-01-01T09:59:22, 2020-01-01T09:59:50, 2020-01-01T09:59:51, 2020-01-01T09:59:58, 2020-01-01T10:02:03, 2020-01-01T10:05:07, 2020-01-01T10:07:01, 2020-01-01T10:07:02, 2020-01-01T10:07:03, 2020-01-01T10:07:07, 2020-01-01T10:08:02, 2020-01-01T10:08:03, 2020-01-01T10:08:07, 2020-01-01T10:08:09, 2020-01-01T10:08:13, 2020-01-01T10:08:16, 2020-01-01T10:08:18, 2020-01-01T10:08:20, 2020-01-01T10:08:21, 2020-01-01T10:08:25, 2020-01-01T10:08:27, 2020-01-01T10:08:29, 2020-01-01T10:08:32, 2020-01-01T10:08:33, 2020-01-01T10:08:36, 2020-01-01T10:08:38, 2020-01-01T10:08:42, 2020-01-01T10:08:43, 2020-01-01T10:08:47, 2020-01-01T10:08:49, 2020-01-01T10:08:51, 2020-01-01T10:08:55, 2020-01-01T10:08:58, 2020-01-01T10:09:15, 2020-01-01T10:09:52, 2020-01-01T10:09:54, 2020-01-01T10:09:56, 2020-01-01T10:09:59, 2020-01-01T10:10:04, 2020-01-01T10:10:06, 2020-01-01T10:10:08, 2020-01-01T10:10:11, 2020-01-01T10:10:13, 2020-01-01T10:10:15, 2020-01-01T10:10:17, 2020-01-01T10:10:32, 2020-01-01T10:10:34, 2020-01-01T10:10:36, 2020-01-01T10:10:38, 2020-01-01T10:10:40, 2020-01-01T10:10:44, 2020-01-01T10:10:45, 2020-01-01T10:10:48, 2020-01-01T10:11:09, 2020-01-01T10:11:22, 2020-01-01T10:11:23, 2020-01-01T10:11:26, 2020-01-01T10:11:28, 2020-01-01T10:11:50, 2020-01-01T10:11:51, 2020-01-01T10:11:55, 2020-01-01T10:11:58, 2020-01-01T10:15:52, 2020-01-01T10:18:50, 2020-01-01T10:21:14, 2020-01-01T10:23:01, 2020-01-01T10:23:04, 2020-01-01T10:23:06, 2020-01-01T10:23:08, 2020-01-01T10:24:02, 2020-01-01T10:24:04, 2020-01-01T10:24:05, 2020-01-01T10:24:06, 2020-01-01T10:24:08, 2020-01-01T10:24:10, 2020-01-01T10:24:11, 2020-01-01T10:24:18, 2020-01-01T10:24:22, 2020-01-01T10:24:23, 2020-01-01T10:24:27, 2020-01-01T10:24:29, 2020-01-01T10:24:32, 2020-01-01T10:24:34, 2020-01-01T10:24:36, 2020-01-01T10:24:38, 2020-01-01T10:24:42, 2020-01-01T10:24:43, 2020-01-01T10:24:46, 2020-01-01T10:24:48, 2020-01-01T10:24:52, 2020-01-01T10:24:53, 2020-01-01T10:24:56, 2020-01-01T10:24:59, 2020-01-01T10:25:11, 2020-01-01T10:25:13, 2020-01-01T10:25:15, 2020-01-01T10:25:17, 2020-01-01T10:25:20, 2020-01-01T10:25:21, 2020-01-01T10:25:25, 2020-01-01T10:25:28, 2020-01-01T10:25:34, 2020-01-01T10:25:35, 2020-01-01T10:25:39, 2020-01-01T10:25:44, 2020-01-01T10:25:45, 2020-01-01T10:25:47, 2020-01-01T10:25:52, 2020-01-01T10:25:53, 2020-01-01T10:25:57, 2020-01-01T10:27:17, 2020-01-01T10:30:17, 2020-01-01T10:31:02, 2020-01-01T10:31:03, 2020-01-01T10:31:06, 2020-01-01T10:31:08, 2020-01-01T10:32:11, 2020-01-01T10:32:13, 2020-01-01T10:32:17, 2020-01-01T10:32:19, 2020-01-01T10:32:24, 2020-01-01T10:32:25, 2020-01-01T10:32:26, 2020-01-01T10:32:29, 2020-01-01T10:32:33, 2020-01-01T10:32:35, 2020-01-01T10:32:39, 2020-01-01T10:32:41, 2020-01-01T10:32:47, 2020-01-01T10:32:54, 2020-01-01T10:32:55, 2020-01-01T10:32:58, 2020-01-01T10:33:43, 2020-01-01T10:35:00, 2020-01-01T10:35:04, 2020-01-01T10:35:05, 2020-01-01T10:35:08, 2020-01-01T10:35:31, 2020-01-01T10:35:32, 2020-01-01T10:35:33, 2020-01-01T10:35:37, 2020-01-01T10:36:02, 2020-01-01T10:36:03, 2020-01-01T10:36:06, 2020-01-01T10:36:09, 2020-01-01T10:36:13, 2020-01-01T10:36:17, 2020-01-01T10:36:19, 2020-01-01T10:36:23, 2020-01-01T10:36:27, 2020-01-01T10:36:29, 2020-01-01T10:36:34, 2020-01-01T10:36:36, 2020-01-01T10:36:39, 2020-01-01T10:36:43, 2020-01-01T10:36:46, 2020-01-01T10:36:49, 2020-01-01T10:36:54, 2020-01-01T10:36:55, 2020-01-01T10:36:57, 2020-01-01T10:36:59, 2020-01-01T10:37:01, 2020-01-01T10:37:05, 2020-01-01T10:37:07, 2020-01-01T10:37:11, 2020-01-01T10:37:17, 2020-01-01T10:37:19, 2020-01-01T10:37:23, 2020-01-01T10:37:27, 2020-01-01T10:37:29, 2020-01-01T10:37:31, 2020-01-01T10:37:35, 2020-01-01T10:37:37, 2020-01-01T10:37:42, 2020-01-01T10:37:43, 2020-01-01T10:37:47, 2020-01-01T10:37:53, 2020-01-01T10:37:56, 2020-01-01T10:37:59, 2020-01-01T10:38:07, 2020-01-01T10:38:54, 2020-01-01T10:38:55, 2020-01-01T10:58:54, 2020-01-01T11:17:53, 2020-01-01T11:25:04, 2020-01-01T18:03:00, 2020-01-01T18:04:05, 2020-01-01T18:16:25, 2020-01-01T18:26:23, 2020-01-01T18:39:24, 2020-01-01T18:51:55, 2020-01-01T19:07:53, 2020-01-01T19:17:21, 2020-01-01T19:27:30, 2020-01-01T19:46:24, 2020-01-01T19:50:27, 2020-01-01T20:00:04, 2020-01-01T20:11:57, 2020-01-01T21:19:03, 2020-01-01T21:30:12, 2020-01-01T21:30:15, 2020-01-01T21:31:59, 2020-01-01T21:32:42, 2020-01-01T21:33:27, 2020-01-01T21:34:38, 2020-01-01T21:34:51, 2020-01-01T21:35:36, 2020-01-01T21:37:30, 2020-01-01T21:37:45, 2020-01-01T21:42:05, 2020-01-01T21:42:19, 2020-01-01T21:42:25, 2020-01-01T21:42:59, 2020-01-01T21:43:02, 2020-01-01T21:43:03, 2020-01-01T21:43:07, 2020-01-01T21:43:12, 2020-01-01T21:43:13, 2020-01-01T21:43:17, 2020-01-01T21:43:19, 2020-01-01T21:43:21, 2020-01-01T21:43:23, 2020-01-01T21:43:27, 2020-01-01T21:43:29, 2020-01-01T21:43:30, 2020-01-01T21:43:34, 2020-01-01T21:43:35, 2020-01-01T21:43:38, 2020-01-01T21:43:39, 2020-01-01T21:43:40, 2020-01-01T21:43:41, 2020-01-01T21:43:48, 2020-01-01T21:43:59, 2020-01-01T21:44:02, 2020-01-01T21:44:03, 2020-01-01T21:44:07, 2020-01-01T21:44:09, 2020-01-01T21:44:11, 2020-01-01T21:44:13, 2020-01-01T21:44:15, 2020-01-01T21:44:17, 2020-01-01T21:44:19, 2020-01-01T21:44:20, 2020-01-01T21:44:21, 2020-01-01T21:44:27, 2020-01-01T21:44:32, 2020-01-01T21:44:33, 2020-01-01T21:44:37, 2020-01-01T21:44:39, 2020-01-01T21:44:40, 2020-01-01T21:44:41, 2020-01-01T21:44:47, 2020-01-01T21:44:49, 2020-01-01T21:44:50, 2020-01-01T21:44:54, 2020-01-01T21:44:55, 2020-01-01T21:44:57, 2020-01-01T21:44:59, 2020-01-01T21:45:00, 2020-01-01T21:45:01, 2020-01-01T21:45:05, 2020-01-01T21:45:08, 2020-01-01T21:45:10, 2020-01-01T21:45:15, 2020-01-01T21:45:19, 2020-01-01T21:45:21, 2020-01-01T21:45:23, 2020-01-01T21:45:24, 2020-01-01T21:45:26, 2020-01-01T21:45:31, 2020-01-01T21:45:33, 2020-01-01T21:45:34, 2020-01-01T21:45:35, 2020-01-01T21:45:36, 2020-01-01T21:45:38, 2020-01-01T21:45:43, 2020-01-01T21:45:46, 2020-01-01T21:45:48, 2020-01-01T21:45:49, 2020-01-01T21:45:52, 2020-01-01T21:45:59, 2020-01-01T21:46:00, 2020-01-01T21:46:02, 2020-01-01T21:46:05, 2020-01-01T21:46:08, 2020-01-01T21:46:12, 2020-01-01T21:46:16, 2020-01-01T21:46:17, 2020-01-01T21:46:20, 2020-01-01T21:46:22, 2020-01-01T21:46:24, 2020-01-01T21:46:27, 2020-01-01T21:46:28, 2020-01-01T21:46:32, 2020-01-01T21:46:33, 2020-01-01T21:46:35, 2020-01-01T21:46:37, 2020-01-01T21:46:38, 2020-01-01T21:46:39, 2020-01-01T21:46:40, 2020-01-01T21:46:42, 2020-01-01T21:46:44, 2020-01-01T21:46:45, 2020-01-01T21:46:46, 2020-01-01T21:46:53, 2020-01-01T21:46:56, 2020-01-01T21:47:04, 2020-01-01T21:47:05, 2020-01-01T21:47:06, 2020-01-01T21:47:08, 2020-01-01T21:47:10, 2020-01-01T21:47:16, 2020-01-01T21:47:19, 2020-01-01T21:47:20, 2020-01-01T21:47:24, 2020-01-01T21:47:25, 2020-01-01T21:47:28, 2020-01-01T21:47:29, 2020-01-01T21:47:30, 2020-01-01T21:47:34, 2020-01-01T21:47:35, 2020-01-01T21:47:38, 2020-01-01T21:47:40, 2020-01-01T21:47:42, 2020-01-01T21:47:44, 2020-01-01T21:47:48, 2020-01-01T21:47:51, 2020-01-01T21:47:55, 2020-01-01T21:47:56, 2020-01-01T21:47:57, 2020-01-01T21:47:59, 2020-01-01T21:48:21, 2020-01-01T21:48:25, 2020-01-01T21:48:55, 2020-01-01T21:48:59, 2020-01-01T21:52:32, 2020-01-01T21:53:02, 2020-01-01T21:54:31, 2020-01-01T21:55:18, 2020-01-01T21:56:08, 2020-01-01T21:56:24, 2020-01-01T21:57:33, 2020-01-01T21:58:19, 2020-01-01T21:59:09, 2020-01-01T21:59:23, 2020-01-01T22:00:30, 2020-01-01T22:01:45, 2020-01-01T22:02:26, 2020-01-01T22:03:36, 2020-01-01T22:03:52, 2020-01-01T22:04:42, 2020-01-01T22:05:26, 2020-01-01T22:06:37, 2020-01-01T22:06:51, 2020-01-01T22:07:44, 2020-01-01T22:08:28, 2020-01-01T22:27:05, 2020-01-01T22:41:16, 2020-01-01T22:41:19, 2020-01-01T22:53:45, 2020-01-01T23:39:24, 2020-01-01T23:47:53, 2020-01-01T23:56:35" }, "geometry": { "type": "LineString", "coordinates": [ [ -99.125577, 19.443284 ], [ -99.125623, 19.443256 ], [ -99.123748, 19.443505 ], [ -99.123447, 19.443203 ], [ -99.121249, 19.446478 ], [ -99.121174, 19.442477 ], [ -99.124383, 19.451475 ], [ -99.128253, 19.452698 ], [ -99.1245, 19.451709 ], [ -99.130124, 19.452958 ], [ -99.134574, 19.453865 ], [ -99.144784, 19.456194 ], [ -99.140267, 19.455223 ], [ -99.148403, 19.45699 ], [ -99.148425, 19.456987 ], [ -99.151917, 19.453833 ], [ -99.148781, 19.457063 ], [ -99.154172, 19.452064 ], [ -99.155916, 19.451524 ], [ -99.155876, 19.45158 ], [ -99.155874, 19.451555 ], [ -99.155893, 19.4516 ], [ -99.155876, 19.4516 ], [ -99.155907, 19.451555 ], [ -99.158076, 19.448836 ], [ -99.15616, 19.450079 ], [ -99.161094, 19.449357 ], [ -99.162595, 19.447546 ], [ -99.163963, 19.444817 ], [ -99.163405, 19.444655 ], [ -99.165029, 19.443546 ], [ -99.167267, 19.441222 ], [ -99.174785, 19.439531 ], [ -99.169956, 19.436559 ], [ -99.175941, 19.44056 ], [ -99.177301, 19.442284 ], [ -99.183481, 19.44559 ], [ -99.180436, 19.445193 ], [ -99.184919, 19.446447 ], [ -99.184941, 19.446443 ], [ -99.184776, 19.447582 ], [ -99.18494, 19.446445 ], [ -99.186787, 19.447918 ], [ -99.188495, 19.448204 ], [ -99.190092, 19.448143 ], [ -99.190064, 19.448161 ], [ -99.190093, 19.44814 ], [ -99.190092, 19.44812 ], [ -99.190079, 19.448119 ], [ -99.19009, 19.44812 ], [ -99.190079, 19.448117 ], [ -99.190079, 19.448117 ], [ -99.191252, 19.446559 ], [ -99.190226, 19.447527 ], [ -99.191791, 19.445008 ], [ -99.191503, 19.446719 ], [ -99.189227, 19.450532 ], [ -99.190828, 19.450096 ], [ -99.18929, 19.450564 ], [ -99.190471, 19.451045 ], [ -99.190178, 19.452544 ], [ -99.187056, 19.454121 ], [ -99.188563, 19.453811 ], [ -99.189778, 19.460017 ], [ -99.189645, 19.466684 ], [ -99.184046, 19.469223 ], [ -99.187887, 19.469545 ], [ -99.179278, 19.470409 ], [ -99.176545, 19.468606 ], [ -99.169976, 19.470209 ], [ -99.174831, 19.468699 ], [ -99.165862, 19.471493 ], [ -99.15662, 19.473491 ], [ -99.156199, 19.473437 ], [ -99.15594, 19.473424 ], [ -99.159992, 19.473358 ], [ -99.159789, 19.473415 ], [ -99.157707, 19.473554 ], [ -99.158223, 19.473596 ], [ -99.157819, 19.473583 ], [ -99.157309, 19.473545 ], [ -99.159436, 19.473521 ], [ -99.159222, 19.473584 ], [ -99.15887, 19.473608 ], [ -99.158605, 19.473609 ], [ -99.149039, 19.473194 ], [ -99.148705, 19.473177 ], [ -99.148466, 19.473184 ], [ -99.152855, 19.473136 ], [ -99.152207, 19.473121 ], [ -99.153783, 19.473201 ], [ -99.154012, 19.473224 ], [ -99.154425, 19.473232 ], [ -99.153525, 19.473176 ], [ -99.15325, 19.473187 ], [ -99.15008, 19.473087 ], [ -99.149812, 19.473121 ], [ -99.149459, 19.473165 ], [ -99.151397, 19.473086 ], [ -99.151774, 19.473105 ], [ -99.150823, 19.473022 ], [ -99.155582, 19.473355 ], [ -99.155188, 19.473328 ], [ -99.154792, 19.473288 ], [ -99.146299, 19.472975 ], [ -99.14643, 19.473015 ], [ -99.146836, 19.473085 ], [ -99.146684, 19.473064 ], [ -99.146525, 19.47303 ], [ -99.148074, 19.473168 ], [ -99.147847, 19.473131 ], [ -99.147456, 19.473125 ], [ -99.147143, 19.473079 ], [ -99.144277, 19.468535 ], [ -99.144055, 19.464921 ], [ -99.145372, 19.464586 ], [ -99.145615, 19.464544 ], [ -99.145612, 19.464512 ], [ -99.153945, 19.461491 ], [ -99.153953, 19.461352 ], [ -99.153978, 19.461168 ], [ -99.154004, 19.461041 ], [ -99.15385, 19.461933 ], [ -99.153877, 19.461814 ], [ -99.153903, 19.461732 ], [ -99.153923, 19.461655 ], [ -99.153729, 19.462772 ], [ -99.153803, 19.462322 ], [ -99.153821, 19.462153 ], [ -99.154861, 19.456594 ], [ -99.154797, 19.456823 ], [ -99.154897, 19.456382 ], [ -99.154338, 19.459288 ], [ -99.154399, 19.459088 ], [ -99.154493, 19.458577 ], [ -99.154034, 19.460572 ], [ -99.154188, 19.460016 ], [ -99.154249, 19.459758 ], [ -99.154301, 19.459487 ], [ -99.154732, 19.457164 ], [ -99.154781, 19.457025 ], [ -99.15455, 19.458142 ], [ -99.154596, 19.45793 ], [ -99.15403, 19.460718 ], [ -99.155218, 19.454731 ], [ -99.155225, 19.454807 ], [ -99.155196, 19.454879 ], [ -99.15525, 19.454682 ], [ -99.155253, 19.45456 ], [ -99.155148, 19.455061 ], [ -99.155121, 19.455149 ], [ -99.155072, 19.455277 ], [ -99.15516, 19.454989 ], [ -99.155264, 19.454494 ], [ -99.15524, 19.454399 ], [ -99.155212, 19.454361 ], [ -99.155212, 19.454362 ], [ -99.154997, 19.455765 ], [ -99.154954, 19.455977 ], [ -99.155053, 19.455425 ], [ -99.155636, 19.45224 ], [ -99.155454, 19.453291 ], [ -99.156344, 19.448475 ], [ -99.156373, 19.448271 ], [ -99.156404, 19.448015 ], [ -99.155965, 19.450607 ], [ -99.155981, 19.450523 ], [ -99.155934, 19.450656 ], [ -99.155999, 19.450335 ], [ -99.156019, 19.450197 ], [ -99.155817, 19.451305 ], [ -99.155868, 19.451067 ], [ -99.155877, 19.450915 ], [ -99.155909, 19.450795 ], [ -99.156223, 19.449153 ], [ -99.156234, 19.449002 ], [ -99.156295, 19.448781 ], [ -99.156323, 19.448618 ], [ -99.1561, 19.449801 ], [ -99.156061, 19.450047 ], [ -99.156184, 19.449404 ], [ -99.155725, 19.451915 ], [ -99.155681, 19.452138 ], [ -99.155732, 19.451698 ], [ -99.155792, 19.45146 ], [ -99.157529, 19.445014 ], [ -99.157178, 19.444952 ], [ -99.156693, 19.446702 ], [ -99.15672, 19.446565 ], [ -99.156772, 19.446315 ], [ -99.156824, 19.446176 ], [ -99.156624, 19.447041 ], [ -99.156619, 19.446983 ], [ -99.156646, 19.446944 ], [ -99.156667, 19.446854 ], [ -99.156979, 19.445046 ], [ -99.157036, 19.44497 ], [ -99.156832, 19.446041 ], [ -99.156858, 19.445853 ], [ -99.156875, 19.445619 ], [ -99.156942, 19.445376 ], [ -99.156526, 19.447462 ], [ -99.156461, 19.447781 ], [ -99.156553, 19.447268 ], [ -99.156574, 19.447165 ], [ -99.158658, 19.444661 ], [ -99.161313, 19.435706 ], [ -99.162819, 19.437437 ], [ -99.159517, 19.431748 ], [ -99.160071, 19.424499 ], [ -99.165617, 19.422895 ], [ -99.150199, 19.425685 ], [ -99.145836, 19.42908 ], [ -99.145078, 19.433005 ], [ -99.140988, 19.434202 ], [ -99.138749, 19.430723 ], [ -99.141913, 19.426861 ], [ -99.142118, 19.426869 ], [ -99.141761, 19.426841 ], [ -99.142419, 19.426883 ], [ -99.139393, 19.426691 ], [ -99.139404, 19.426574 ], [ -99.139584, 19.426537 ], [ -99.139292, 19.427175 ], [ -99.139237, 19.427446 ], [ -99.139368, 19.426944 ], [ -99.141125, 19.42666 ], [ -99.140874, 19.426668 ], [ -99.141622, 19.426754 ], [ -99.140142, 19.426609 ], [ -99.139838, 19.426587 ], [ -99.140537, 19.426619 ], [ -99.143798, 19.426935 ], [ -99.143027, 19.426874 ], [ -99.142711, 19.426885 ], [ -99.143569, 19.426924 ], [ -99.150898, 19.427377 ], [ -99.156405, 19.425881 ], [ -99.165666, 19.423577 ], [ -99.170239, 19.422058 ], [ -99.182065, 19.412896 ], [ -99.185119, 19.39748 ], [ -99.184637, 19.391135 ], [ -99.184459, 19.384419 ], [ -99.183255, 19.384856 ], [ -99.185427, 19.388298 ], [ -99.185423, 19.388292 ], [ -99.185452, 19.388307 ], [ -99.185411, 19.388299 ], [ -99.18543, 19.388303 ], [ -99.185424, 19.388295 ], [ -99.185424, 19.388295 ], [ -99.185424, 19.388295 ], [ -99.185424, 19.388293 ], [ -99.185424, 19.388294 ], [ -99.185424, 19.388295 ], [ -99.185424, 19.388294 ], [ -99.185424, 19.388294 ], [ -99.185424, 19.388295 ], [ -99.185424, 19.388297 ], [ -99.185424, 19.388296 ], [ -99.185424, 19.388296 ], [ -99.185424, 19.388297 ], [ -99.185424, 19.388293 ], [ -99.185424, 19.388293 ], [ -99.185424, 19.388296 ], [ -99.185424, 19.388296 ], [ -99.185423, 19.388292 ], [ -99.185423, 19.388291 ], [ -99.185423, 19.388294 ], [ -99.185423, 19.388294 ], [ -99.183384, 19.38463 ], [ -99.18532, 19.378307 ], [ -99.184716, 19.378338 ], [ -99.184506, 19.381656 ], [ -99.175347, 19.39811 ], [ -99.148193, 19.403959 ], [ -99.148732, 19.403952 ], [ -99.14784, 19.403954 ], [ -99.147482, 19.403962 ], [ -99.153138, 19.403991 ], [ -99.150796, 19.403989 ], [ -99.150249, 19.403959 ], [ -99.149306, 19.403955 ], [ -99.152033, 19.403976 ], [ -99.152784, 19.403993 ], [ -99.151154, 19.403974 ], [ -99.143424, 19.403789 ], [ -99.143032, 19.403766 ], [ -99.142472, 19.403717 ], [ -99.144477, 19.403831 ], [ -99.145036, 19.40387 ], [ -99.145419, 19.403858 ], [ -99.143789, 19.40382 ], [ -99.141552, 19.403674 ], [ -99.145972, 19.403895 ], [ -99.112509, 19.406041 ], [ -99.094736, 19.422601 ], [ -99.083267, 19.435765 ], [ -99.096746, 19.419297 ], [ -99.111378, 19.41973 ], [ -99.120941, 19.422317 ], [ -99.120555, 19.422287 ], [ -99.120734, 19.422304 ], [ -99.121259, 19.422355 ], [ -99.120135, 19.422202 ], [ -99.120177, 19.422221 ], [ -99.120118, 19.422202 ], [ -99.120252, 19.422216 ], [ -99.120427, 19.422264 ], [ -99.120117, 19.422201 ], [ -99.12398, 19.422689 ], [ -99.124369, 19.422729 ], [ -99.124627, 19.422737 ], [ -99.124978, 19.422775 ], [ -99.122877, 19.422534 ], [ -99.122632, 19.422529 ], [ -99.123508, 19.422613 ], [ -99.123737, 19.422664 ], [ -99.125214, 19.42281 ], [ -99.125565, 19.422841 ], [ -99.125823, 19.422837 ], [ -99.121971, 19.422462 ], [ -99.121501, 19.422391 ], [ -99.122323, 19.42248 ], [ -99.130315, 19.412366 ], [ -99.133458, 19.411174 ], [ -99.134074, 19.420042 ], [ -99.134122, 19.419876 ], [ -99.134163, 19.419659 ], [ -99.134183, 19.419527 ], [ -99.133962, 19.419915 ], [ -99.133945, 19.420117 ], [ -99.133955, 19.419715 ], [ -99.133871, 19.420491 ], [ -99.134063, 19.418934 ], [ -99.134008, 19.419383 ], [ -99.134092, 19.420326 ], [ -99.13411, 19.420426 ], [ -99.134117, 19.42047 ], [ -99.134083, 19.420249 ], [ -99.134053, 19.420193 ], [ -99.134073, 19.420622 ], [ -99.133934, 19.420582 ], [ -99.134026, 19.420621 ], [ -99.134143, 19.420565 ], [ -99.134887, 19.414893 ], [ -99.134308, 19.418384 ], [ -99.134222, 19.419037 ], [ -99.134193, 19.419299 ], [ -99.134264, 19.418716 ], [ -99.148358, 19.40409 ], [ -99.179049, 19.397388 ], [ -99.183577, 19.391157 ], [ -99.183433, 19.391156 ], [ -99.183745, 19.391151 ], [ -99.183891, 19.391153 ], [ -99.185944, 19.389808 ], [ -99.185985, 19.389559 ], [ -99.185977, 19.389338 ], [ -99.185991, 19.38922 ], [ -99.185537, 19.391135 ], [ -99.185673, 19.391134 ], [ -99.185783, 19.391112 ], [ -99.18486, 19.391137 ], [ -99.184702, 19.391132 ], [ -99.184598, 19.391139 ], [ -99.184978, 19.391137 ], [ -99.185114, 19.391138 ], [ -99.185877, 19.390399 ], [ -99.185879, 19.390295 ], [ -99.185879, 19.390175 ], [ -99.185922, 19.390008 ], [ -99.18584, 19.390991 ], [ -99.185862, 19.390794 ], [ -99.185859, 19.390591 ], [ -99.185887, 19.390473 ], [ -99.184059, 19.391157 ], [ -99.183986, 19.391154 ], [ -99.184527, 19.391181 ], [ -99.185079, 19.38918 ], [ -99.186025, 19.38916 ], [ -99.185965, 19.389093 ], [ -99.185779, 19.389051 ], [ -99.185554, 19.389008 ], [ -99.1846, 19.393448 ], [ -99.184597, 19.393529 ], [ -99.184577, 19.393558 ], [ -99.184691, 19.392347 ], [ -99.184673, 19.392395 ], [ -99.184702, 19.392256 ], [ -99.184673, 19.39247 ], [ -99.184622, 19.39297 ], [ -99.184621, 19.393091 ], [ -99.184622, 19.393207 ], [ -99.184605, 19.393273 ], [ -99.184641, 19.392781 ], [ -99.184648, 19.392696 ], [ -99.184668, 19.392575 ], [ -99.184629, 19.392864 ], [ -99.183313, 19.3946 ], [ -99.18456, 19.393681 ], [ -99.184556, 19.393759 ], [ -99.184567, 19.393839 ], [ -99.184539, 19.393947 ], [ -99.184585, 19.393632 ], [ -99.184589, 19.393644 ], [ -99.184588, 19.393621 ], [ -99.184557, 19.393632 ], [ -99.182704, 19.391174 ], [ -99.184834, 19.391147 ], [ -99.181584, 19.394964 ], [ -99.178074, 19.405581 ], [ -99.178058, 19.405662 ], [ -99.178086, 19.405825 ], [ -99.178117, 19.405939 ], [ -99.179042, 19.407785 ], [ -99.179031, 19.407776 ], [ -99.179015, 19.407784 ], [ -99.17909, 19.407856 ], [ -99.179135, 19.40796 ], [ -99.179016, 19.407755 ], [ -99.178978, 19.407707 ], [ -99.179049, 19.407793 ], [ -99.178668, 19.407009 ], [ -99.17878, 19.407264 ], [ -99.178871, 19.407489 ], [ -99.178932, 19.407609 ], [ -99.179017, 19.407785 ], [ -99.179017, 19.407783 ], [ -99.179015, 19.407784 ], [ -99.179015, 19.407784 ], [ -99.179036, 19.407778 ], [ -99.179046, 19.407789 ], [ -99.179018, 19.407786 ], [ -99.179016, 19.407784 ], [ -99.178247, 19.406182 ], [ -99.178358, 19.406416 ], [ -99.178469, 19.406576 ], [ -99.178575, 19.406834 ], [ -99.179764, 19.409381 ], [ -99.17973, 19.409512 ], [ -99.179753, 19.409231 ], [ -99.179577, 19.40974 ], [ -99.179684, 19.409022 ], [ -99.179534, 19.408817 ], [ -99.179463, 19.408702 ], [ -99.179734, 19.409152 ], [ -99.178857, 19.410929 ], [ -99.17906, 19.410621 ], [ -99.178614, 19.411386 ], [ -99.17937, 19.410033 ], [ -99.179472, 19.409895 ], [ -99.179221, 19.410336 ], [ -99.179202, 19.408115 ], [ -99.179253, 19.408321 ], [ -99.179334, 19.4085 ], [ -99.176319, 19.415486 ], [ -99.176443, 19.419343 ], [ -99.176557, 19.419014 ], [ -99.176633, 19.418909 ], [ -99.176692, 19.418835 ], [ -99.176754, 19.418807 ], [ -99.17737, 19.419606 ], [ -99.177327, 19.419736 ], [ -99.177236, 19.419981 ], [ -99.177237, 19.420119 ], [ -99.177458, 19.419076 ], [ -99.177365, 19.419013 ], [ -99.177508, 19.419182 ], [ -99.17746, 19.41938 ], [ -99.177688, 19.421449 ], [ -99.177634, 19.420982 ], [ -99.177699, 19.422164 ], [ -99.177316, 19.420364 ], [ -99.177535, 19.420703 ], [ -99.177041, 19.418905 ], [ -99.176869, 19.418816 ], [ -99.177287, 19.419027 ], [ -99.174572, 19.428165 ], [ -99.164336, 19.449205 ], [ -99.164425, 19.44892 ], [ -99.164533, 19.448466 ], [ -99.164233, 19.449637 ], [ -99.164844, 19.447211 ], [ -99.164922, 19.446893 ], [ -99.164796, 19.447374 ], [ -99.164637, 19.447997 ], [ -99.163456, 19.45573 ], [ -99.163178, 19.455744 ], [ -99.162983, 19.455701 ], [ -99.162616, 19.455667 ], [ -99.164017, 19.452661 ], [ -99.163963, 19.453033 ], [ -99.163926, 19.453284 ], [ -99.164158, 19.451796 ], [ -99.164111, 19.452102 ], [ -99.164095, 19.452291 ], [ -99.163688, 19.454991 ], [ -99.163618, 19.455339 ], [ -99.163585, 19.45565 ], [ -99.163839, 19.453866 ], [ -99.163803, 19.454103 ], [ -99.16374, 19.454476 ], [ -99.16416, 19.450395 ], [ -99.164174, 19.449939 ], [ -99.164183, 19.450935 ], [ -99.164185, 19.451205 ], [ -99.157719, 19.454841 ], [ -99.157869, 19.454866 ], [ -99.157435, 19.454794 ], [ -99.160409, 19.455324 ], [ -99.159906, 19.455269 ], [ -99.159694, 19.45521 ], [ -99.161123, 19.455407 ], [ -99.160857, 19.455388 ], [ -99.160693, 19.455368 ], [ -99.158486, 19.454952 ], [ -99.158679, 19.455024 ], [ -99.158084, 19.45489 ], [ -99.159489, 19.45519 ], [ -99.159173, 19.455118 ], [ -99.158904, 19.455072 ], [ -99.162062, 19.455552 ], [ -99.161832, 19.455513 ], [ -99.161558, 19.455482 ], [ -99.162616, 19.455667 ], [ -99.157113, 19.454744 ], [ -99.157271, 19.454753 ], [ -99.155503, 19.451624 ], [ -99.155529, 19.451628 ], [ -99.155527, 19.451626 ], [ -99.155524, 19.451615 ], [ -99.15549, 19.45161 ], [ -99.155477, 19.45161 ], [ -99.155477, 19.45161 ], [ -99.155527, 19.451629 ], [ -99.155509, 19.451647 ], [ -99.155479, 19.451623 ], [ -99.155525, 19.451646 ], [ -99.155521, 19.451635 ], [ -99.155697, 19.452087 ], [ -99.155495, 19.451628 ], [ -99.155528, 19.451623 ], [ -99.155529, 19.451629 ], [ -99.125623, 19.44324 ], [ -99.124171, 19.443643 ], [ -99.12415, 19.443683 ], [ -99.123005, 19.4428 ], [ -99.118668, 19.438267 ], [ -99.118665, 19.438268 ], [ -99.110731, 19.437479 ], [ -99.114635, 19.437873 ], [ -99.110781, 19.437468 ], [ -99.110381, 19.436072 ], [ -99.110445, 19.436087 ], [ -99.110293, 19.43572 ], [ -99.110392, 19.435859 ], [ -99.110392, 19.43588 ], [ -99.110392, 19.43588 ], [ -99.110298, 19.435719 ], [ -99.1103, 19.435719 ], [ -99.110301, 19.435715 ], [ -99.110396, 19.435861 ], [ -99.110377, 19.435816 ], [ -99.110355, 19.435824 ], [ -99.110369, 19.435804 ], [ -99.110395, 19.435884 ], [ -99.110394, 19.435859 ], [ -99.110392, 19.435853 ], [ -99.110395, 19.435853 ], [ -99.110321, 19.435778 ], [ -99.110324, 19.435778 ], [ -99.110315, 19.435776 ], [ -99.110302, 19.435734 ], [ -99.110301, 19.435744 ], [ -99.110333, 19.435792 ], [ -99.110362, 19.435799 ], [ -99.110348, 19.435776 ], [ -99.110398, 19.435887 ], [ -99.110303, 19.435681 ], [ -99.110301, 19.435658 ], [ -99.110301, 19.435656 ], [ -99.110302, 19.435656 ], [ -99.110299, 19.435712 ], [ -99.110299, 19.435712 ], [ -99.110299, 19.435712 ], [ -99.110299, 19.435711 ], [ -99.110299, 19.435711 ], [ -99.110299, 19.435714 ], [ -99.110298, 19.435715 ], [ -99.110299, 19.435712 ], [ -99.110321, 19.435678 ], [ -99.110306, 19.435687 ], [ -99.110302, 19.43568 ], [ -99.110302, 19.435681 ], [ -99.110309, 19.43574 ], [ -99.110298, 19.435711 ], [ -99.110322, 19.435724 ], [ -99.110322, 19.435695 ], [ -99.110302, 19.435714 ], [ -99.110302, 19.435715 ], [ -99.110302, 19.435713 ], [ -99.110301, 19.435714 ], [ -99.1103, 19.435715 ], [ -99.110299, 19.435655 ], [ -99.1103, 19.435652 ], [ -99.110299, 19.435658 ], [ -99.110299, 19.435654 ], [ -99.11032, 19.435722 ], [ -99.110309, 19.435721 ], [ -99.110321, 19.435722 ], [ -99.110295, 19.435689 ], [ -99.110299, 19.435684 ], [ -99.110299, 19.435686 ], [ -99.1103, 19.435659 ], [ -99.110298, 19.435654 ], [ -99.110325, 19.43572 ], [ -99.110299, 19.43565 ], [ -99.110326, 19.435724 ], [ -99.110277, 19.435704 ], [ -99.110277, 19.435702 ], [ -99.110324, 19.435721 ], [ -99.110324, 19.43572 ], [ -99.110324, 19.435721 ], [ -99.110326, 19.435721 ], [ -99.110301, 19.435657 ], [ -99.1103, 19.435682 ], [ -99.110299, 19.435655 ], [ -99.110299, 19.435655 ], [ -99.110299, 19.435657 ], [ -99.110299, 19.435656 ], [ -99.110299, 19.435654 ], [ -99.110294, 19.435686 ], [ -99.110277, 19.435675 ], [ -99.110299, 19.435653 ], [ -99.110299, 19.435653 ], [ -99.110299, 19.435653 ], [ -99.110299, 19.435653 ], [ -99.110299, 19.435654 ], [ -99.110285, 19.435695 ], [ -99.110288, 19.435695 ], [ -99.110284, 19.435695 ], [ -99.110303, 19.435652 ], [ -99.1103, 19.435655 ], [ -99.110299, 19.435657 ], [ -99.110281, 19.435693 ], [ -99.110286, 19.435691 ], [ -99.110281, 19.435693 ], [ -99.110276, 19.435674 ], [ -99.110282, 19.435695 ], [ -99.110299, 19.435653 ], [ -99.110299, 19.435653 ], [ -99.110299, 19.43566 ], [ -99.110299, 19.43566 ], [ -99.110299, 19.43566 ], [ -99.110299, 19.43566 ], [ -99.110299, 19.435659 ], [ -99.110299, 19.435657 ], [ -99.110298, 19.435658 ], [ -99.110298, 19.435658 ], [ -99.110298, 19.435658 ], [ -99.110299, 19.435658 ], [ -99.110298, 19.435659 ], [ -99.110298, 19.435659 ], [ -99.1103, 19.435657 ], [ -99.1103, 19.435658 ], [ -99.110298, 19.435681 ], [ -99.110299, 19.435659 ], [ -99.110295, 19.435683 ], [ -99.110298, 19.435658 ], [ -99.110298, 19.435659 ], [ -99.110288, 19.435709 ], [ -99.110299, 19.435656 ], [ -99.110299, 19.435656 ], [ -99.110299, 19.435656 ], [ -99.110299, 19.435656 ], [ -99.110299, 19.435656 ], [ -99.110299, 19.435682 ], [ -99.110299, 19.43568 ], [ -99.110299, 19.43566 ], [ -99.110299, 19.43566 ], [ -99.110612, 19.437201 ], [ -99.110245, 19.439425 ], [ -99.112347, 19.440414 ], [ -99.113358, 19.440524 ], [ -99.117648, 19.441023 ], [ -99.115679, 19.440799 ], [ -99.117656, 19.440972 ], [ -99.119214, 19.441117 ], [ -99.11837, 19.442139 ], [ -99.119394, 19.442258 ], [ -99.118474, 19.441939 ], [ -99.118335, 19.442139 ], [ -99.118474, 19.442751 ], [ -99.122025, 19.443493 ], [ -99.120216, 19.443384 ], [ -99.123071, 19.442782 ], [ -99.124936, 19.441769 ], [ -99.125764, 19.443037 ], [ -99.12568, 19.442911 ], [ -99.1257, 19.443214 ], [ -99.125698, 19.443267 ], [ -99.125571, 19.44329 ], [ -99.126228, 19.44432 ], [ -99.126225, 19.444323 ], [ -99.126292, 19.444361 ], [ -99.126369, 19.444349 ], [ -99.12622, 19.444344 ], [ -99.126276, 19.444348 ] ] } },
{ "type": "Feature", "properties": { "device_id": "877748fe4250ca63a55e5d09666b766393f75231c2c15ac40988ec85fdd75b73", "timestamps": "2020-01-01T06:07:33, 2020-01-01T06:12:38, 2020-01-01T06:26:06, 2020-01-01T06:37:22, 2020-01-01T06:46:09, 2020-01-01T06:56:33, 2020-01-01T07:07:22, 2020-01-01T07:18:51, 2020-01-01T07:28:10, 2020-01-01T07:42:16, 2020-01-01T07:42:27, 2020-01-01T07:54:56, 2020-01-01T08:04:32, 2020-01-01T08:14:01, 2020-01-01T08:24:36, 2020-01-01T08:35:08, 2020-01-01T08:46:32, 2020-01-01T08:57:32, 2020-01-01T09:07:35, 2020-01-01T09:17:31, 2020-01-01T09:27:49, 2020-01-01T09:37:33, 2020-01-01T09:48:32, 2020-01-01T09:58:02, 2020-01-01T10:09:50, 2020-01-01T10:18:03, 2020-01-01T10:28:02, 2020-01-01T10:38:31, 2020-01-01T10:48:08, 2020-01-01T11:00:51, 2020-01-01T11:10:32, 2020-01-01T11:20:07, 2020-01-01T11:30:39, 2020-01-01T11:40:08, 2020-01-01T11:50:06, 2020-01-01T12:01:20, 2020-01-01T12:10:00, 2020-01-01T12:20:52, 2020-01-01T12:30:00, 2020-01-01T12:41:40, 2020-01-01T12:41:55, 2020-01-01T12:42:12, 2020-01-01T12:43:01, 2020-01-01T12:43:57, 2020-01-01T12:44:48, 2020-01-01T12:45:14, 2020-01-01T12:46:03, 2020-01-01T12:46:59, 2020-01-01T12:47:49, 2020-01-01T12:48:10, 2020-01-01T12:49:08, 2020-01-01T12:49:22, 2020-01-01T12:50:38, 2020-01-01T12:51:19, 2020-01-01T12:52:08, 2020-01-01T12:52:24, 2020-01-01T12:53:33, 2020-01-01T12:54:45, 2020-01-01T12:55:26, 2020-01-01T12:56:38, 2020-01-01T12:57:43, 2020-01-01T12:58:15, 2020-01-01T12:59:02, 2020-01-01T12:59:56, 2020-01-01T13:00:47, 2020-01-01T13:01:11, 2020-01-01T13:02:04, 2020-01-01T13:02:58, 2020-01-01T13:03:48, 2020-01-01T13:04:14, 2020-01-01T13:05:00, 2020-01-01T13:05:59, 2020-01-01T13:06:35, 2020-01-01T13:07:10, 2020-01-01T13:08:06, 2020-01-01T13:08:22, 2020-01-01T13:09:31, 2020-01-01T13:10:18, 2020-01-01T13:11:08, 2020-01-01T13:12:33, 2020-01-01T13:13:45, 2020-01-01T13:14:20, 2020-01-01T13:15:37, 2020-01-01T13:15:52, 2020-01-01T13:16:41, 2020-01-01T13:17:27, 2020-01-01T13:18:38, 2020-01-01T13:18:50, 2020-01-01T13:19:43, 2020-01-01T13:20:15, 2020-01-01T13:21:01, 2020-01-01T13:21:56, 2020-01-01T13:22:47, 2020-01-01T13:23:11, 2020-01-01T13:24:04, 2020-01-01T13:24:58, 2020-01-01T13:25:48, 2020-01-01T13:26:13, 2020-01-01T13:27:03, 2020-01-01T13:27:59, 2020-01-01T13:28:49, 2020-01-01T13:29:10, 2020-01-01T13:30:06, 2020-01-01T13:30:22, 2020-01-01T13:31:32, 2020-01-01T13:32:16, 2020-01-01T13:50:00, 2020-01-01T13:50:06, 2020-01-01T14:06:48, 2020-01-01T14:22:32, 2020-01-01T14:35:11, 2020-01-01T14:54:27, 2020-01-01T15:09:45, 2020-01-01T15:28:47, 2020-01-01T15:47:35, 2020-01-01T16:06:04, 2020-01-01T16:25:17, 2020-01-01T16:39:07, 2020-01-01T16:50:11, 2020-01-01T17:00:57, 2020-01-01T17:19:31, 2020-01-01T17:29:23, 2020-01-01T17:38:00, 2020-01-01T17:48:25, 2020-01-01T17:58:40, 2020-01-01T18:07:48, 2020-01-01T18:08:10, 2020-01-01T18:09:25, 2020-01-01T18:10:35, 2020-01-01T18:11:16, 2020-01-01T18:12:08, 2020-01-01T18:12:24, 2020-01-01T18:14:19, 2020-01-01T18:15:09, 2020-01-01T18:15:24, 2020-01-01T18:16:36, 2020-01-01T18:18:27, 2020-01-01T18:19:51, 2020-01-01T18:21:29, 2020-01-01T18:22:05, 2020-01-01T18:23:46, 2020-01-01T18:24:12, 2020-01-01T18:25:57, 2020-01-01T18:26:47, 2020-01-01T18:27:14, 2020-01-01T18:28:04, 2020-01-01T18:28:58, 2020-01-01T18:30:10, 2020-01-01T18:31:25, 2020-01-01T18:32:32, 2020-01-01T18:33:17, 2020-01-01T18:34:07, 2020-01-01T18:35:31, 2020-01-01T18:36:18, 2020-01-01T18:37:08, 2020-01-01T18:38:33, 2020-01-01T18:40:20, 2020-01-01T18:41:36, 2020-01-01T18:42:41, 2020-01-01T18:43:27, 2020-01-01T18:44:37, 2020-01-01T18:44:51, 2020-01-01T18:45:41, 2020-01-01T18:46:28, 2020-01-01T18:47:39, 2020-01-01T18:47:54, 2020-01-01T18:50:02, 2020-01-01T18:50:50, 2020-01-01T18:51:00, 2020-01-01T18:52:02, 2020-01-01T18:52:08, 2020-01-01T18:52:25, 2020-01-01T18:52:29, 2020-01-01T18:52:34, 2020-01-01T18:52:49, 2020-01-01T18:52:50, 2020-01-01T18:53:24, 2020-01-01T18:53:55, 2020-01-01T18:53:56, 2020-01-01T18:54:07, 2020-01-01T18:54:57, 2020-01-01T18:55:48, 2020-01-01T18:56:13, 2020-01-01T18:57:03, 2020-01-01T18:57:59, 2020-01-01T18:59:16, 2020-01-01T19:00:07, 2020-01-01T19:00:22, 2020-01-01T19:01:34, 2020-01-01T19:02:19, 2020-01-01T19:13:17, 2020-01-01T19:27:12, 2020-01-01T19:37:49, 2020-01-01T19:48:32, 2020-01-01T19:58:31, 2020-01-01T19:58:36, 2020-01-01T20:08:39, 2020-01-01T20:23:04, 2020-01-01T20:33:49, 2020-01-01T20:43:30, 2020-01-01T20:58:35, 2020-01-01T21:08:38, 2020-01-01T21:23:04, 2020-01-01T21:35:51, 2020-01-01T21:51:07, 2020-01-01T22:02:52, 2020-01-01T22:12:54, 2020-01-01T22:29:33, 2020-01-01T22:39:10, 2020-01-01T22:52:49, 2020-01-01T22:59:12, 2020-01-01T23:00:05, 2020-01-01T23:00:50, 2020-01-01T23:01:46, 2020-01-01T23:02:11, 2020-01-01T23:03:04, 2020-01-01T23:03:57, 2020-01-01T23:04:48, 2020-01-01T23:05:13, 2020-01-01T23:06:00, 2020-01-01T23:06:59, 2020-01-01T23:07:35, 2020-01-01T23:08:10, 2020-01-01T23:09:08, 2020-01-01T23:10:34, 2020-01-01T23:11:19, 2020-01-01T23:12:20, 2020-01-01T23:13:30, 2020-01-01T23:13:55, 2020-01-01T23:14:45, 2020-01-01T23:15:20, 2020-01-01T23:16:36, 2020-01-01T23:16:52, 2020-01-01T23:17:41, 2020-01-01T23:18:27, 2020-01-01T23:32:21, 2020-01-01T23:52:55" }, "geometry": { "type": "LineString", "coordinates": [ [ -99.303659, 19.61222 ], [ -99.304759, 19.610292 ], [ -99.305025, 19.610165 ], [ -99.304912, 19.610136 ], [ -99.304932, 19.610161 ], [ -99.304982, 19.61017 ], [ -99.304916, 19.610165 ], [ -99.304923, 19.610155 ], [ -99.304945, 19.610133 ], [ -99.304928, 19.610165 ], [ -99.304812, 19.61025 ], [ -99.304867, 19.610247 ], [ -99.304929, 19.610162 ], [ -99.305042, 19.610036 ], [ -99.304931, 19.610164 ], [ -99.304916, 19.610135 ], [ -99.304916, 19.610132 ], [ -99.304916, 19.610135 ], [ -99.304916, 19.610135 ], [ -99.304918, 19.610131 ], [ -99.304941, 19.610134 ], [ -99.30492, 19.610134 ], [ -99.304918, 19.610131 ], [ -99.304922, 19.610153 ], [ -99.304918, 19.610132 ], [ -99.304951, 19.610092 ], [ -99.304915, 19.610132 ], [ -99.304916, 19.610132 ], [ -99.304943, 19.610136 ], [ -99.304942, 19.610136 ], [ -99.304941, 19.610134 ], [ -99.304928, 19.610165 ], [ -99.30491, 19.610162 ], [ -99.304919, 19.610137 ], [ -99.304919, 19.610135 ], [ -99.304892, 19.610167 ], [ -99.304812, 19.610201 ], [ -99.304917, 19.610135 ], [ -99.304891, 19.610147 ], [ -99.304985, 19.610908 ], [ -99.305547, 19.610357 ], [ -99.303658, 19.612077 ], [ -99.299513, 19.611516 ], [ -99.30211, 19.611827 ], [ -99.297502, 19.610368 ], [ -99.292338, 19.60656 ], [ -99.28477, 19.598432 ], [ -99.288704, 19.601034 ], [ -99.280031, 19.593185 ], [ -99.274507, 19.586071 ], [ -99.260648, 19.579017 ], [ -99.267208, 19.582754 ], [ -99.256369, 19.572872 ], [ -99.255989, 19.572279 ], [ -99.252273, 19.563879 ], [ -99.253194, 19.568636 ], [ -99.249218, 19.562179 ], [ -99.249198, 19.558677 ], [ -99.24538, 19.557038 ], [ -99.236254, 19.545756 ], [ -99.23024, 19.540304 ], [ -99.22192, 19.539326 ], [ -99.207806, 19.537973 ], [ -99.214842, 19.539225 ], [ -99.207787, 19.537981 ], [ -99.205248, 19.536716 ], [ -99.202722, 19.536071 ], [ -99.20434, 19.536491 ], [ -99.196867, 19.536007 ], [ -99.192458, 19.53518 ], [ -99.189619, 19.535001 ], [ -99.189684, 19.534971 ], [ -99.184107, 19.533937 ], [ -99.177789, 19.529936 ], [ -99.168814, 19.523201 ], [ -99.16963, 19.523924 ], [ -99.163039, 19.517954 ], [ -99.161379, 19.513746 ], [ -99.153904, 19.494376 ], [ -99.1519, 19.48907 ], [ -99.151896, 19.489082 ], [ -99.149198, 19.481877 ], [ -99.143906, 19.467576 ], [ -99.146319, 19.474158 ], [ -99.143591, 19.466535 ], [ -99.143591, 19.466535 ], [ -99.14529, 19.464604 ], [ -99.143556, 19.466547 ], [ -99.145863, 19.466099 ], [ -99.145858, 19.466251 ], [ -99.145759, 19.466252 ], [ -99.14582, 19.466253 ], [ -99.145759, 19.466252 ], [ -99.145759, 19.466252 ], [ -99.145759, 19.466252 ], [ -99.145759, 19.466252 ], [ -99.145759, 19.466252 ], [ -99.145759, 19.466252 ], [ -99.145794, 19.466249 ], [ -99.145775, 19.466251 ], [ -99.145783, 19.466237 ], [ -99.145783, 19.466254 ], [ -99.145789, 19.466266 ], [ -99.14578, 19.466256 ], [ -99.145771, 19.466267 ], [ -99.145791, 19.466254 ], [ -99.14587, 19.466254 ], [ -99.14587, 19.466254 ], [ -99.145821, 19.466281 ], [ -99.145818, 19.466255 ], [ -99.145842, 19.46629 ], [ -99.145824, 19.466252 ], [ -99.146041, 19.466572 ], [ -99.145904, 19.466404 ], [ -99.145742, 19.466218 ], [ -99.145812, 19.466282 ], [ -99.145817, 19.466255 ], [ -99.145843, 19.466301 ], [ -99.145843, 19.466345 ], [ -99.145847, 19.466288 ], [ -99.145843, 19.466326 ], [ -99.145815, 19.466284 ], [ -99.145821, 19.46629 ], [ -99.145843, 19.466342 ], [ -99.145842, 19.466344 ], [ -99.14461, 19.467272 ], [ -99.14392, 19.467233 ], [ -99.144619, 19.470244 ], [ -99.147566, 19.477988 ], [ -99.148798, 19.481242 ], [ -99.1512, 19.487726 ], [ -99.150186, 19.484912 ], [ -99.153317, 19.493382 ], [ -99.156635, 19.502366 ], [ -99.156023, 19.500621 ], [ -99.157544, 19.504498 ], [ -99.161572, 19.514734 ], [ -99.162348, 19.516695 ], [ -99.167219, 19.524858 ], [ -99.173881, 19.531546 ], [ -99.179722, 19.532742 ], [ -99.1818, 19.539599 ], [ -99.182606, 19.54359 ], [ -99.18604, 19.558851 ], [ -99.196441, 19.560387 ], [ -99.208092, 19.573909 ], [ -99.206162, 19.566309 ], [ -99.204378, 19.585467 ], [ -99.201765, 19.592399 ], [ -99.20024, 19.598281 ], [ -99.205078, 19.6044 ], [ -99.224939, 19.612417 ], [ -99.236183, 19.61009 ], [ -99.247878, 19.5989 ], [ -99.268755, 19.581391 ], [ -99.269493, 19.578586 ], [ -99.272415, 19.58425 ], [ -99.277844, 19.591748 ], [ -99.282271, 19.595297 ], [ -99.28453, 19.599899 ], [ -99.291638, 19.605246 ], [ -99.28885, 19.601223 ], [ -99.296189, 19.609077 ], [ -99.298141, 19.610717 ], [ -99.302755, 19.612221 ], [ -99.299856, 19.611908 ], [ -99.304883, 19.610196 ], [ -99.304907, 19.610189 ], [ -99.304819, 19.610243 ], [ -99.304787, 19.610239 ], [ -99.304794, 19.610263 ], [ -99.304804, 19.610258 ], [ -99.304809, 19.610254 ], [ -99.304781, 19.610235 ], [ -99.304773, 19.610247 ], [ -99.304819, 19.610243 ], [ -99.304828, 19.61024 ], [ -99.304805, 19.610281 ], [ -99.304775, 19.61026 ], [ -99.304812, 19.610162 ], [ -99.304872, 19.610241 ], [ -99.304781, 19.610161 ], [ -99.304795, 19.610204 ], [ -99.304775, 19.610242 ], [ -99.304796, 19.610206 ], [ -99.304791, 19.610214 ], [ -99.30488, 19.610113 ], [ -99.304845, 19.610165 ], [ -99.304883, 19.610101 ], [ -99.30496, 19.610133 ], [ -99.305046, 19.610167 ], [ -99.304912, 19.610136 ], [ -99.304928, 19.610166 ], [ -99.304925, 19.610164 ], [ -99.304948, 19.610162 ], [ -99.30508, 19.610018 ], [ -99.30508, 19.610018 ], [ -99.30494, 19.610132 ], [ -99.304928, 19.610164 ], [ -99.304943, 19.610137 ], [ -99.304943, 19.610135 ], [ -99.304959, 19.610154 ], [ -99.304917, 19.610137 ], [ -99.304911, 19.610164 ], [ -99.304911, 19.610164 ], [ -99.305033, 19.610138 ], [ -99.30493, 19.610133 ], [ -99.304934, 19.610161 ], [ -99.304948, 19.610164 ], [ -99.304834, 19.610204 ], [ -99.30236, 19.611977 ], [ -99.298664, 19.610944 ], [ -99.300042, 19.612073 ], [ -99.296775, 19.609697 ], [ -99.296087, 19.609131 ], [ -99.295205, 19.611942 ], [ -99.2961, 19.610765 ], [ -99.294612, 19.612917 ], [ -99.292476, 19.614057 ], [ -99.28826, 19.616325 ], [ -99.290415, 19.615165 ], [ -99.286393, 19.61731 ], [ -99.285899, 19.615596 ], [ -99.286067, 19.623185 ], [ -99.290007, 19.625932 ], [ -99.292844, 19.63011 ], [ -99.293322, 19.630044 ], [ -99.29255, 19.628917 ], [ -99.293348, 19.629996 ], [ -99.291751, 19.627973 ], [ -99.291549, 19.62699 ], [ -99.291055, 19.62697 ], [ -99.291079, 19.626904 ], [ -99.291102, 19.626919 ], [ -99.291232, 19.626764 ], [ -99.291143, 19.62592 ], [ -99.291338, 19.62691 ] ] } },
{ "type": "Feature", "properties": { "device_id": "a50518ca624e1800e0d13dd3fad03b1566b94153d86e97cb3acfe8bab29e99ce", "timestamps": "2020-01-01T06:31:56, 2020-01-01T06:46:29, 2020-01-01T06:47:23, 2020-01-01T06:48:04, 2020-01-01T06:48:16, 2020-01-01T07:05:10, 2020-01-01T07:05:25, 2020-01-01T07:06:14, 2020-01-01T07:06:23, 2020-01-01T07:07:50, 2020-01-01T07:10:10, 2020-01-01T07:10:25, 2020-01-01T07:11:01, 2020-01-01T07:12:41, 2020-01-01T07:13:13, 2020-01-01T07:13:24, 2020-01-01T07:13:46, 2020-01-01T07:14:40, 2020-01-01T07:15:27, 2020-01-01T07:19:09, 2020-01-01T07:19:59, 2020-01-01T07:20:09, 2020-01-01T07:20:59, 2020-01-01T07:21:02, 2020-01-01T07:21:51, 2020-01-01T07:22:10, 2020-01-01T07:22:25, 2020-01-01T07:23:13, 2020-01-01T07:23:24, 2020-01-01T07:24:03, 2020-01-01T07:24:52, 2020-01-01T07:25:30, 2020-01-01T07:27:01, 2020-01-01T07:28:13, 2020-01-01T07:28:24, 2020-01-01T07:31:02, 2020-01-01T07:31:51, 2020-01-01T07:32:15, 2020-01-01T07:32:20, 2020-01-01T07:43:01, 2020-01-01T07:43:52, 2020-01-01T07:44:16, 2020-01-01T07:44:26, 2020-01-01T07:45:05, 2020-01-01T07:46:26, 2020-01-01T07:47:21, 2020-01-01T07:47:37, 2020-01-01T07:48:27, 2020-01-01T07:49:07, 2020-01-01T07:50:06, 2020-01-01T07:50:56, 2020-01-01T07:51:32, 2020-01-01T07:51:41, 2020-01-01T07:52:02, 2020-01-01T07:53:12, 2020-01-01T07:53:21, 2020-01-01T07:54:30, 2020-01-01T07:54:45, 2020-01-01T07:57:12, 2020-01-01T07:57:21, 2020-01-01T07:58:09, 2020-01-01T07:58:59, 2020-01-01T07:59:29, 2020-01-01T08:00:42, 2020-01-01T08:13:27, 2020-01-01T08:13:35, 2020-01-01T08:16:20, 2020-01-01T08:20:50, 2020-01-01T08:33:01, 2020-01-01T08:37:13, 2020-01-01T08:40:58, 2020-01-01T08:44:40, 2020-01-01T08:45:14, 2020-01-01T08:45:33, 2020-01-01T08:45:51, 2020-01-01T08:46:46, 2020-01-01T08:47:04, 2020-01-01T08:47:22, 2020-01-01T08:48:34, 2020-01-01T08:49:47, 2020-01-01T08:50:05, 2020-01-01T08:50:42, 2020-01-01T08:50:59, 2020-01-01T08:51:17, 2020-01-01T08:51:36, 2020-01-01T08:52:30, 2020-01-01T08:53:06, 2020-01-01T08:54:01, 2020-01-01T08:54:19, 2020-01-01T08:54:34, 2020-01-01T08:55:30, 2020-01-01T08:55:48, 2020-01-01T08:56:09, 2020-01-01T08:56:26, 2020-01-01T08:56:43, 2020-01-01T09:02:58, 2020-01-01T09:03:16, 2020-01-01T09:05:34, 2020-01-01T09:05:43, 2020-01-01T09:07:17, 2020-01-01T09:07:27, 2020-01-01T09:08:18, 2020-01-01T09:08:48, 2020-01-01T09:09:05, 2020-01-01T09:09:28, 2020-01-01T09:10:00, 2020-01-01T09:10:35, 2020-01-01T09:10:54, 2020-01-01T09:11:15, 2020-01-01T09:11:20, 2020-01-01T09:12:23, 2020-01-01T09:13:18, 2020-01-01T09:13:28, 2020-01-01T09:14:47, 2020-01-01T09:15:38, 2020-01-01T09:15:48, 2020-01-01T09:16:45, 2020-01-01T09:17:59, 2020-01-01T09:18:02, 2020-01-01T09:18:23, 2020-01-01T09:20:51, 2020-01-01T09:21:24, 2020-01-01T09:23:47, 2020-01-01T09:24:08, 2020-01-01T09:24:58, 2020-01-01T09:25:10, 2020-01-01T09:25:25, 2020-01-01T09:26:06, 2020-01-01T09:26:56, 2020-01-01T09:27:07, 2020-01-01T09:28:13, 2020-01-01T09:28:24, 2020-01-01T09:30:16, 2020-01-01T09:30:26, 2020-01-01T09:31:13, 2020-01-01T09:31:24, 2020-01-01T09:32:03, 2020-01-01T09:32:54, 2020-01-01T09:33:04, 2020-01-01T09:33:53, 2020-01-01T09:34:47, 2020-01-01T09:35:33, 2020-01-01T09:35:44, 2020-01-01T09:36:02, 2020-01-01T09:36:51, 2020-01-01T09:37:00, 2020-01-01T09:37:39, 2020-01-01T09:38:10, 2020-01-01T09:38:25, 2020-01-01T09:39:14, 2020-01-01T09:39:23, 2020-01-01T09:40:58, 2020-01-01T09:42:08, 2020-01-01T09:42:58, 2020-01-01T09:43:17, 2020-01-01T09:44:04, 2020-01-01T09:44:50, 2020-01-01T09:46:00, 2020-01-01T09:46:46, 2020-01-01T09:47:04, 2020-01-01T09:47:40, 2020-01-01T09:48:05, 2020-01-01T09:49:01, 2020-01-01T09:51:08, 2020-01-01T09:52:17, 2020-01-01T09:52:27, 2020-01-01T09:53:51, 2020-01-01T09:54:26, 2020-01-01T09:55:14, 2020-01-01T09:56:48, 2020-01-01T09:57:17, 2020-01-01T09:57:27, 2020-01-01T09:58:11, 2020-01-01T09:59:04, 2020-01-01T10:00:02, 2020-01-01T10:00:44, 2020-01-01T10:01:21, 2020-01-01T10:01:39, 2020-01-01T10:02:21, 2020-01-01T10:02:52, 2020-01-01T10:03:09, 2020-01-01T10:08:32, 2020-01-01T10:09:09, 2020-01-01T10:09:45, 2020-01-01T10:10:03, 2020-01-01T10:10:40, 2020-01-01T10:10:57, 2020-01-01T10:12:11, 2020-01-01T10:15:11, 2020-01-01T10:15:47, 2020-01-01T10:16:05, 2020-01-01T10:16:43, 2020-01-01T10:17:00, 2020-01-01T10:17:19, 2020-01-01T10:17:36, 2020-01-01T10:17:55, 2020-01-01T10:18:12, 2020-01-01T10:18:49, 2020-01-01T10:19:25, 2020-01-01T10:19:43, 2020-01-01T10:20:01, 2020-01-01T10:21:22, 2020-01-01T10:22:33, 2020-01-01T10:24:09, 2020-01-01T10:25:06, 2020-01-01T10:25:24, 2020-01-01T10:25:42, 2020-01-01T10:26:38, 2020-01-01T10:27:30, 2020-01-01T10:28:07, 2020-01-01T10:28:25, 2020-01-01T10:28:43, 2020-01-01T10:29:28, 2020-01-01T10:31:04, 2020-01-01T10:33:12, 2020-01-01T10:34:21, 2020-01-01T10:35:32, 2020-01-01T10:37:57, 2020-01-01T10:38:15, 2020-01-01T10:38:34, 2020-01-01T10:39:27, 2020-01-01T10:39:45, 2020-01-01T10:40:22, 2020-01-01T10:40:59, 2020-01-01T10:41:52, 2020-01-01T10:46:26, 2020-01-01T10:47:31, 2020-01-01T10:51:04, 2020-01-01T10:51:31, 2020-01-01T10:51:48, 2020-01-01T10:52:07, 2020-01-01T10:53:19, 2020-01-01T10:53:37, 2020-01-01T10:54:32, 2020-01-01T10:54:50, 2020-01-01T10:59:18, 2020-01-01T11:00:37, 2020-01-01T11:02:06, 2020-01-01T11:03:42, 2020-01-01T11:04:21, 2020-01-01T11:04:39, 2020-01-01T11:05:32, 2020-01-01T11:05:50, 2020-01-01T11:06:01, 2020-01-01T11:06:45, 2020-01-01T11:07:19, 2020-01-01T11:07:29, 2020-01-01T11:08:39, 2020-01-01T11:08:49, 2020-01-01T11:09:38, 2020-01-01T11:09:48, 2020-01-01T11:10:08, 2020-01-01T11:10:58, 2020-01-01T11:11:07, 2020-01-01T11:11:57, 2020-01-01T11:12:14, 2020-01-01T11:12:23, 2020-01-01T11:13:16, 2020-01-01T11:13:26, 2020-01-01T11:15:46, 2020-01-01T11:16:16, 2020-01-01T11:16:26, 2020-01-01T11:17:52, 2020-01-01T11:19:32, 2020-01-01T11:19:41, 2020-01-01T11:20:19, 2020-01-01T11:20:29, 2020-01-01T11:21:55, 2020-01-01T11:23:40, 2020-01-01T11:24:08, 2020-01-01T11:24:58, 2020-01-01T11:25:35, 2020-01-01T11:25:40, 2020-01-01T11:26:41, 2020-01-01T11:27:39, 2020-01-01T11:27:49, 2020-01-01T11:29:03, 2020-01-01T11:30:09, 2020-01-01T11:31:09, 2020-01-01T11:31:38, 2020-01-01T11:31:55, 2020-01-01T11:32:06, 2020-01-01T11:32:56, 2020-01-01T11:33:05, 2020-01-01T11:34:24, 2020-01-01T11:35:06, 2020-01-01T11:35:56, 2020-01-01T11:36:35, 2020-01-01T11:36:40, 2020-01-01T11:37:15, 2020-01-01T11:37:20, 2020-01-01T11:40:09, 2020-01-01T11:40:59, 2020-01-01T11:41:38, 2020-01-01T11:41:48, 2020-01-01T11:42:18, 2020-01-01T11:42:28, 2020-01-01T11:43:13, 2020-01-01T11:45:19, 2020-01-01T11:45:29, 2020-01-01T11:46:02, 2020-01-01T11:46:51, 2020-01-01T11:47:28, 2020-01-01T11:49:00, 2020-01-01T11:49:55, 2020-01-01T11:50:15, 2020-01-01T11:50:20, 2020-01-01T11:51:17, 2020-01-01T11:51:27, 2020-01-01T11:52:15, 2020-01-01T11:52:20, 2020-01-01T11:53:28, 2020-01-01T11:54:19, 2020-01-01T11:54:29, 2020-01-01T11:55:12, 2020-01-01T11:55:21, 2020-01-01T11:57:26, 2020-01-01T11:58:42, 2020-01-01T11:59:14, 2020-01-01T11:59:23, 2020-01-01T12:01:25, 2020-01-01T12:02:03, 2020-01-01T12:02:34, 2020-01-01T12:02:53, 2020-01-01T12:03:20, 2020-01-01T12:04:01, 2020-01-01T12:04:41, 2020-01-01T12:05:07, 2020-01-01T12:08:21, 2020-01-01T12:09:34, 2020-01-01T12:09:51, 2020-01-01T12:10:26, 2020-01-01T12:12:16, 2020-01-01T12:13:35, 2020-01-01T12:16:31, 2020-01-01T12:17:28, 2020-01-01T12:18:12, 2020-01-01T12:19:30, 2020-01-01T12:21:18, 2020-01-01T12:21:58, 2020-01-01T12:23:27, 2020-01-01T12:24:37, 2020-01-01T12:26:06, 2020-01-01T12:27:53, 2020-01-01T12:28:32, 2020-01-01T12:28:49, 2020-01-01T12:29:08, 2020-01-01T12:29:44, 2020-01-01T12:31:15, 2020-01-01T12:31:32, 2020-01-01T12:33:04, 2020-01-01T12:34:35, 2020-01-01T12:34:52, 2020-01-01T12:35:09, 2020-01-01T12:35:29, 2020-01-01T12:35:47, 2020-01-01T12:37:57, 2020-01-01T12:40:49, 2020-01-01T12:41:07, 2020-01-01T12:41:25, 2020-01-01T12:41:43, 2020-01-01T12:42:01, 2020-01-01T12:42:37, 2020-01-01T12:43:49, 2020-01-01T12:44:08, 2020-01-01T12:44:46, 2020-01-01T12:45:36, 2020-01-01T12:45:54, 2020-01-01T12:46:13, 2020-01-01T12:46:21, 2020-01-01T13:10:01, 2020-01-01T13:10:52, 2020-01-01T13:12:36, 2020-01-01T13:12:46, 2020-01-01T13:13:23, 2020-01-01T13:15:16, 2020-01-01T13:16:26, 2020-01-01T13:17:26, 2020-01-01T13:18:17, 2020-01-01T13:18:27, 2020-01-01T13:19:48, 2020-01-01T13:20:06, 2020-01-01T13:21:07, 2020-01-01T13:21:51, 2020-01-01T13:22:04, 2020-01-01T13:23:04, 2020-01-01T13:24:12, 2020-01-01T13:24:21, 2020-01-01T13:27:07, 2020-01-01T13:28:21, 2020-01-01T13:28:48, 2020-01-01T13:29:15, 2020-01-01T13:29:27, 2020-01-01T13:31:10, 2020-01-01T13:32:54, 2020-01-01T13:33:33, 2020-01-01T13:34:20, 2020-01-01T13:44:19, 2020-01-01T13:44:29, 2020-01-01T13:45:06, 2020-01-01T13:46:01, 2020-01-01T13:47:15, 2020-01-01T13:47:20, 2020-01-01T13:48:03, 2020-01-01T13:48:54, 2020-01-01T13:49:06, 2020-01-01T13:50:25, 2020-01-01T13:51:01, 2020-01-01T13:58:02, 2020-01-01T13:58:51, 2020-01-01T13:59:01, 2020-01-01T14:00:03, 2020-01-01T14:00:46, 2020-01-01T14:00:53, 2020-01-01T14:01:18, 2020-01-01T14:01:28, 2020-01-01T14:02:44, 2020-01-01T14:05:16, 2020-01-01T14:05:31, 2020-01-01T14:05:44, 2020-01-01T14:06:09, 2020-01-01T14:06:53, 2020-01-01T14:07:02, 2020-01-01T14:07:20, 2020-01-01T14:07:56, 2020-01-01T14:12:19, 2020-01-01T14:13:31, 2020-01-01T14:44:24, 2020-01-01T14:49:59, 2020-01-01T15:55:25, 2020-01-01T15:56:08, 2020-01-01T17:05:38, 2020-01-01T17:05:43, 2020-01-01T17:06:51, 2020-01-01T17:06:52, 2020-01-01T17:07:16, 2020-01-01T17:07:37, 2020-01-01T17:10:18, 2020-01-01T17:41:32, 2020-01-01T17:41:58, 2020-01-01T17:42:02, 2020-01-01T17:45:11, 2020-01-01T17:45:41, 2020-01-01T18:04:24, 2020-01-01T18:06:10, 2020-01-01T18:09:10, 2020-01-01T18:09:36, 2020-01-01T18:18:34, 2020-01-01T18:19:14, 2020-01-01T18:19:23, 2020-01-01T18:21:37, 2020-01-01T18:28:37, 2020-01-01T18:28:57, 2020-01-01T18:29:14, 2020-01-01T18:39:03, 2020-01-01T18:39:33, 2020-01-01T18:39:38, 2020-01-01T18:39:59, 2020-01-01T18:40:01, 2020-01-01T18:40:45, 2020-01-01T18:40:50, 2020-01-01T18:41:02, 2020-01-01T18:41:26, 2020-01-01T18:42:11, 2020-01-01T18:42:19, 2020-01-01T18:54:39, 2020-01-01T18:56:14, 2020-01-01T18:56:58, 2020-01-01T18:57:29, 2020-01-01T18:57:33, 2020-01-01T18:59:07, 2020-01-01T18:59:26, 2020-01-01T18:59:54, 2020-01-01T19:00:14, 2020-01-01T19:03:38, 2020-01-01T19:03:43, 2020-01-01T19:03:53, 2020-01-01T19:04:27, 2020-01-01T19:07:35, 2020-01-01T19:09:23, 2020-01-01T20:18:12, 2020-01-01T20:27:03, 2020-01-01T20:27:43, 2020-01-01T22:17:05, 2020-01-01T22:17:30, 2020-01-01T22:18:01, 2020-01-01T22:18:25, 2020-01-01T22:18:47, 2020-01-01T22:19:36, 2020-01-01T22:20:12, 2020-01-01T22:20:29, 2020-01-01T22:21:24, 2020-01-01T22:22:58, 2020-01-01T22:23:18, 2020-01-01T22:23:59, 2020-01-01T22:26:32, 2020-01-01T22:27:09, 2020-01-01T22:27:37, 2020-01-01T22:27:44, 2020-01-01T22:27:53, 2020-01-01T22:28:05, 2020-01-01T22:28:28, 2020-01-01T23:02:27, 2020-01-01T23:31:13, 2020-01-01T23:31:46, 2020-01-01T23:31:59, 2020-01-01T23:32:18, 2020-01-01T23:32:49, 2020-01-01T23:33:01, 2020-01-01T23:33:23, 2020-01-01T23:33:41, 2020-01-01T23:33:58, 2020-01-01T23:34:26, 2020-01-01T23:34:49, 2020-01-01T23:35:06, 2020-01-01T23:36:16, 2020-01-01T23:36:51, 2020-01-01T23:37:09, 2020-01-01T23:37:26, 2020-01-01T23:38:03, 2020-01-01T23:38:58, 2020-01-01T23:40:28, 2020-01-01T23:40:46, 2020-01-01T23:41:48, 2020-01-01T23:42:05, 2020-01-01T23:42:37, 2020-01-01T23:43:00, 2020-01-01T23:47:19, 2020-01-01T23:47:30, 2020-01-01T23:48:13, 2020-01-01T23:48:32, 2020-01-01T23:49:36, 2020-01-01T23:49:55, 2020-01-01T23:50:15, 2020-01-01T23:51:07, 2020-01-01T23:51:34, 2020-01-01T23:54:13, 2020-01-01T23:55:03, 2020-01-01T23:55:08, 2020-01-01T23:55:24, 2020-01-01T23:56:12, 2020-01-01T23:58:30, 2020-01-01T23:58:47, 2020-01-01T23:59:32" }, "geometry": { "type": "LineString", "coordinates": [ [ -99.1823, 19.389714 ], [ -99.162817, 19.44036 ], [ -99.162805, 19.440365 ], [ -99.162805, 19.440351 ], [ -99.162805, 19.440351 ], [ -99.21262, 19.39827 ], [ -99.212621, 19.398286 ], [ -99.21262, 19.39827 ], [ -99.212621, 19.398286 ], [ -99.212621, 19.398286 ], [ -99.21262, 19.39827 ], [ -99.212621, 19.398286 ], [ -99.21262, 19.39827 ], [ -99.212621, 19.398286 ], [ -99.21262, 19.39827 ], [ -99.212621, 19.398286 ], [ -99.162793, 19.440357 ], [ -99.212621, 19.398286 ], [ -99.212621, 19.398286 ], [ -99.21262, 19.39827 ], [ -99.212621, 19.398286 ], [ -99.21262, 19.39827 ], [ -99.212621, 19.398286 ], [ -99.21262, 19.39827 ], [ -99.212621, 19.398286 ], [ -99.21262, 19.39827 ], [ -99.212621, 19.398286 ], [ -99.21262, 19.39827 ], [ -99.212621, 19.398286 ], [ -99.21262, 19.39827 ], [ -99.162813, 19.440373 ], [ -99.212621, 19.398286 ], [ -99.21262, 19.39827 ], [ -99.21262, 19.39827 ], [ -99.212621, 19.398286 ], [ -99.21262, 19.39827 ], [ -99.212621, 19.398286 ], [ -99.21262, 19.39827 ], [ -99.212621, 19.398286 ], [ -99.21262, 19.39827 ], [ -99.212621, 19.398286 ], [ -99.212621, 19.398286 ], [ -99.21262, 19.39827 ], [ -99.162813, 19.440371 ], [ -99.212621, 19.398286 ], [ -99.212621, 19.398286 ], [ -99.162798, 19.440371 ], [ -99.212621, 19.398286 ], [ -99.21262, 19.39827 ], [ -99.21262, 19.39827 ], [ -99.212621, 19.398286 ], [ -99.212621, 19.398286 ], [ -99.21262, 19.39827 ], [ -99.21262, 19.39827 ], [ -99.212621, 19.398286 ], [ -99.21262, 19.39827 ], [ -99.21262, 19.39827 ], [ -99.212621, 19.398286 ], [ -99.212621, 19.398286 ], [ -99.21262, 19.39827 ], [ -99.21262, 19.39827 ], [ -99.212621, 19.398286 ], [ -99.21262, 19.39827 ], [ -99.212621, 19.398286 ], [ -99.162817, 19.440357 ], [ -99.162825, 19.440362 ], [ -99.162826, 19.44037 ], [ -99.162814, 19.440371 ], [ -99.162826, 19.440361 ], [ -99.162826, 19.440361 ], [ -99.162814, 19.44037 ], [ -99.162815, 19.44037 ], [ -99.162815, 19.44037 ], [ -99.162826, 19.440361 ], [ -99.162826, 19.440361 ], [ -99.162814, 19.44037 ], [ -99.162815, 19.44037 ], [ -99.162826, 19.440361 ], [ -99.162826, 19.440362 ], [ -99.162814, 19.44037 ], [ -99.162826, 19.440361 ], [ -99.162826, 19.440361 ], [ -99.162826, 19.440361 ], [ -99.162826, 19.440361 ], [ -99.162826, 19.440361 ], [ -99.162827, 19.44036 ], [ -99.162827, 19.44036 ], [ -99.162827, 19.44036 ], [ -99.162827, 19.44036 ], [ -99.162826, 19.44036 ], [ -99.162827, 19.44036 ], [ -99.162827, 19.44036 ], [ -99.162827, 19.44036 ], [ -99.162827, 19.440361 ], [ -99.162827, 19.440361 ], [ -99.162814, 19.440369 ], [ -99.162826, 19.44036 ], [ -99.21262, 19.39827 ], [ -99.212621, 19.398286 ], [ -99.212621, 19.398286 ], [ -99.21262, 19.39827 ], [ -99.21262, 19.39827 ], [ -99.162815, 19.440369 ], [ -99.162815, 19.440369 ], [ -99.212621, 19.398286 ], [ -99.21262, 19.39827 ], [ -99.162826, 19.440359 ], [ -99.162826, 19.44036 ], [ -99.212621, 19.398286 ], [ -99.21262, 19.39827 ], [ -99.162815, 19.440372 ], [ -99.21262, 19.39827 ], [ -99.212621, 19.398286 ], [ -99.21262, 19.39827 ], [ -99.212621, 19.398286 ], [ -99.21262, 19.39827 ], [ -99.21262, 19.39827 ], [ -99.212621, 19.398286 ], [ -99.21262, 19.39827 ], [ -99.162814, 19.440371 ], [ -99.212621, 19.398286 ], [ -99.162815, 19.440372 ], [ -99.212621, 19.398286 ], [ -99.21262, 19.39827 ], [ -99.212621, 19.398286 ], [ -99.212621, 19.398286 ], [ -99.21262, 19.39827 ], [ -99.21262, 19.39827 ], [ -99.212621, 19.398286 ], [ -99.21262, 19.39827 ], [ -99.212621, 19.398286 ], [ -99.21262, 19.39827 ], [ -99.212621, 19.398286 ], [ -99.21262, 19.39827 ], [ -99.21262, 19.39827 ], [ -99.212621, 19.398286 ], [ -99.21262, 19.39827 ], [ -99.212621, 19.398286 ], [ -99.21262, 19.39827 ], [ -99.212621, 19.398286 ], [ -99.21262, 19.39827 ], [ -99.21262, 19.39827 ], [ -99.212621, 19.398286 ], [ -99.21262, 19.39827 ], [ -99.212621, 19.398286 ], [ -99.21262, 19.39827 ], [ -99.162826, 19.440363 ], [ -99.21262, 19.39827 ], [ -99.212621, 19.398286 ], [ -99.212621, 19.398286 ], [ -99.21262, 19.39827 ], [ -99.212621, 19.398286 ], [ -99.21262, 19.39827 ], [ -99.212621, 19.398286 ], [ -99.21262, 19.39827 ], [ -99.162827, 19.440363 ], [ -99.212621, 19.398286 ], [ -99.21262, 19.39827 ], [ -99.162826, 19.440363 ], [ -99.21262, 19.39827 ], [ -99.162827, 19.440363 ], [ -99.21262, 19.39827 ], [ -99.21262, 19.39827 ], [ -99.21262, 19.39827 ], [ -99.21262, 19.39827 ], [ -99.212621, 19.398286 ], [ -99.212621, 19.398286 ], [ -99.212621, 19.398286 ], [ -99.21262, 19.39827 ], [ -99.162827, 19.440362 ], [ -99.21262, 19.39827 ], [ -99.212621, 19.398286 ], [ -99.162827, 19.440362 ], [ -99.21262, 19.39827 ], [ -99.21262, 19.39827 ], [ -99.162827, 19.440362 ], [ -99.212621, 19.398286 ], [ -99.162818, 19.440356 ], [ -99.212621, 19.398286 ], [ -99.162827, 19.440361 ], [ -99.162827, 19.440361 ], [ -99.162827, 19.440361 ], [ -99.162827, 19.440361 ], [ -99.162826, 19.440361 ], [ -99.162827, 19.440362 ], [ -99.162827, 19.440361 ], [ -99.162826, 19.440362 ], [ -99.162827, 19.440362 ], [ -99.162827, 19.440363 ], [ -99.162827, 19.440372 ], [ -99.162827, 19.440372 ], [ -99.162827, 19.440363 ], [ -99.162828, 19.440373 ], [ -99.162828, 19.440373 ], [ -99.162827, 19.440364 ], [ -99.162827, 19.440363 ], [ -99.162827, 19.440363 ], [ -99.162827, 19.440363 ], [ -99.162827, 19.440364 ], [ -99.162827, 19.440364 ], [ -99.162827, 19.440364 ], [ -99.162827, 19.440363 ], [ -99.162815, 19.440372 ], [ -99.162814, 19.440371 ], [ -99.162814, 19.440371 ], [ -99.162814, 19.440371 ], [ -99.162814, 19.440371 ], [ -99.162826, 19.440362 ], [ -99.162814, 19.440371 ], [ -99.162827, 19.440363 ], [ -99.162826, 19.440362 ], [ -99.162827, 19.440363 ], [ -99.162814, 19.440371 ], [ -99.162815, 19.440372 ], [ -99.162829, 19.440361 ], [ -99.162828, 19.440361 ], [ -99.162828, 19.44036 ], [ -99.162828, 19.44036 ], [ -99.162829, 19.440361 ], [ -99.162829, 19.440361 ], [ -99.162829, 19.440361 ], [ -99.162829, 19.440361 ], [ -99.162828, 19.44036 ], [ -99.162829, 19.440361 ], [ -99.162828, 19.44036 ], [ -99.162827, 19.440362 ], [ -99.162827, 19.440362 ], [ -99.162827, 19.440362 ], [ -99.162826, 19.440361 ], [ -99.162826, 19.440361 ], [ -99.162827, 19.440362 ], [ -99.162816, 19.44037 ], [ -99.162827, 19.440362 ], [ -99.162815, 19.44037 ], [ -99.162816, 19.440371 ], [ -99.162816, 19.440371 ], [ -99.162826, 19.440361 ], [ -99.162815, 19.44037 ], [ -99.162839, 19.44037 ], [ -99.162839, 19.44037 ], [ -99.162839, 19.44037 ], [ -99.16284, 19.44037 ], [ -99.162839, 19.44037 ], [ -99.21262, 19.39827 ], [ -99.16284, 19.44037 ], [ -99.21262, 19.39827 ], [ -99.212621, 19.398286 ], [ -99.21262, 19.39827 ], [ -99.212621, 19.398286 ], [ -99.21262, 19.39827 ], [ -99.212621, 19.398286 ], [ -99.21262, 19.39827 ], [ -99.212621, 19.398286 ], [ -99.21262, 19.39827 ], [ -99.212621, 19.398286 ], [ -99.21262, 19.39827 ], [ -99.212621, 19.398286 ], [ -99.212621, 19.398286 ], [ -99.21262, 19.39827 ], [ -99.212621, 19.398286 ], [ -99.21262, 19.39827 ], [ -99.212621, 19.398286 ], [ -99.212621, 19.398286 ], [ -99.21262, 19.39827 ], [ -99.212621, 19.398286 ], [ -99.21262, 19.39827 ], [ -99.212621, 19.398286 ], [ -99.212621, 19.398286 ], [ -99.21262, 19.39827 ], [ -99.21262, 19.39827 ], [ -99.212621, 19.398286 ], [ -99.212621, 19.398286 ], [ -99.21262, 19.39827 ], [ -99.212621, 19.398286 ], [ -99.21262, 19.39827 ], [ -99.212621, 19.398286 ], [ -99.21262, 19.39827 ], [ -99.21262, 19.39827 ], [ -99.21262, 19.39827 ], [ -99.162828, 19.440362 ], [ -99.162829, 19.440362 ], [ -99.21262, 19.39827 ], [ -99.212621, 19.398286 ], [ -99.21262, 19.39827 ], [ -99.212621, 19.398286 ], [ -99.21262, 19.39827 ], [ -99.212621, 19.398286 ], [ -99.212621, 19.398286 ], [ -99.21262, 19.39827 ], [ -99.21262, 19.39827 ], [ -99.212621, 19.398286 ], [ -99.21262, 19.39827 ], [ -99.212621, 19.398286 ], [ -99.212621, 19.398286 ], [ -99.21262, 19.39827 ], [ -99.212621, 19.398286 ], [ -99.21262, 19.39827 ], [ -99.21262, 19.39827 ], [ -99.21262, 19.39827 ], [ -99.212621, 19.398286 ], [ -99.21262, 19.39827 ], [ -99.212621, 19.398286 ], [ -99.212621, 19.398286 ], [ -99.21262, 19.39827 ], [ -99.212621, 19.398286 ], [ -99.21262, 19.39827 ], [ -99.212621, 19.398286 ], [ -99.212621, 19.398286 ], [ -99.21262, 19.39827 ], [ -99.212621, 19.398286 ], [ -99.21262, 19.39827 ], [ -99.212621, 19.398286 ], [ -99.21262, 19.39827 ], [ -99.212621, 19.398286 ], [ -99.212621, 19.398286 ], [ -99.21262, 19.39827 ], [ -99.212621, 19.398286 ], [ -99.212621, 19.398286 ], [ -99.212621, 19.398286 ], [ -99.21262, 19.39827 ], [ -99.21262, 19.39827 ], [ -99.21262, 19.39827 ], [ -99.162815, 19.440371 ], [ -99.162815, 19.440372 ], [ -99.212621, 19.398286 ], [ -99.21262, 19.39827 ], [ -99.162826, 19.44036 ], [ -99.21262, 19.39827 ], [ -99.162827, 19.44036 ], [ -99.162826, 19.440359 ], [ -99.162827, 19.44036 ], [ -99.162827, 19.44036 ], [ -99.162826, 19.44036 ], [ -99.162819, 19.440356 ], [ -99.162826, 19.440362 ], [ -99.162827, 19.440362 ], [ -99.162826, 19.440362 ], [ -99.162826, 19.440362 ], [ -99.162827, 19.440363 ], [ -99.162827, 19.440362 ], [ -99.162827, 19.440362 ], [ -99.162827, 19.440362 ], [ -99.162826, 19.440361 ], [ -99.162826, 19.440361 ], [ -99.162826, 19.440362 ], [ -99.162826, 19.440361 ], [ -99.162826, 19.440361 ], [ -99.162827, 19.440362 ], [ -99.162827, 19.440362 ], [ -99.162827, 19.440362 ], [ -99.162827, 19.440362 ], [ -99.162827, 19.440362 ], [ -99.162826, 19.440361 ], [ -99.162827, 19.440363 ], [ -99.162827, 19.440362 ], [ -99.162827, 19.440362 ], [ -99.162827, 19.440362 ], [ -99.162827, 19.440362 ], [ -99.162827, 19.440362 ], [ -99.162827, 19.440363 ], [ -99.162827, 19.440362 ], [ -99.162827, 19.440362 ], [ -99.162827, 19.440362 ], [ -99.162827, 19.440362 ], [ -99.162827, 19.440362 ], [ -99.162814, 19.44037 ], [ -99.162817, 19.440359 ], [ -99.162817, 19.44036 ], [ -99.162815, 19.440369 ], [ -99.162812, 19.440368 ], [ -99.21262, 19.39827 ], [ -99.212621, 19.398286 ], [ -99.21262, 19.39827 ], [ -99.212621, 19.398286 ], [ -99.21262, 19.39827 ], [ -99.212621, 19.398286 ], [ -99.21262, 19.39827 ], [ -99.212621, 19.398286 ], [ -99.212621, 19.398286 ], [ -99.21262, 19.39827 ], [ -99.21262, 19.39827 ], [ -99.21262, 19.39827 ], [ -99.21262, 19.39827 ], [ -99.162816, 19.440359 ], [ -99.21262, 19.39827 ], [ -99.21262, 19.39827 ], [ -99.212621, 19.398286 ], [ -99.21262, 19.39827 ], [ -99.21262, 19.39827 ], [ -99.162826, 19.440364 ], [ -99.21262, 19.39827 ], [ -99.162817, 19.44036 ], [ -99.212621, 19.398286 ], [ -99.212621, 19.398286 ], [ -99.212621, 19.398286 ], [ -99.162798, 19.440375 ], [ -99.21262, 19.39827 ], [ -99.21262, 19.39827 ], [ -99.212621, 19.398286 ], [ -99.21262, 19.39827 ], [ -99.21262, 19.39827 ], [ -99.21262, 19.39827 ], [ -99.212621, 19.398286 ], [ -99.21262, 19.39827 ], [ -99.212621, 19.398286 ], [ -99.21262, 19.39827 ], [ -99.21262, 19.39827 ], [ -99.21262, 19.39827 ], [ -99.21262, 19.39827 ], [ -99.212621, 19.398286 ], [ -99.21262, 19.39827 ], [ -99.21262, 19.39827 ], [ -99.162816, 19.440357 ], [ -99.162816, 19.440357 ], [ -99.21262, 19.39827 ], [ -99.212621, 19.398286 ], [ -99.162457, 19.44011 ], [ -99.162461, 19.438871 ], [ -99.162775, 19.437711 ], [ -99.163589, 19.437715 ], [ -99.165754, 19.438151 ], [ -99.16751, 19.439772 ], [ -99.167095, 19.440742 ], [ -99.166136, 19.443349 ], [ -99.165136, 19.445442 ], [ -99.146199, 19.464426 ], [ -99.144831, 19.464235 ], [ -99.143704, 19.465592 ], [ -99.143682, 19.465615 ], [ -99.143805, 19.465365 ], [ -99.143877, 19.465364 ], [ -99.144365, 19.465359 ], [ -99.143928, 19.465285 ], [ -99.143816, 19.465436 ], [ -99.143816, 19.465436 ], [ -99.143816, 19.465436 ], [ -99.143783, 19.465492 ], [ -99.144509, 19.465244 ], [ -99.143789, 19.465426 ], [ -99.14379, 19.465427 ], [ -99.143765, 19.465431 ], [ -99.143021, 19.464418 ], [ -99.143029, 19.46441 ], [ -99.143733, 19.465526 ], [ -99.143826, 19.465411 ], [ -99.143807, 19.465458 ], [ -99.143807, 19.465458 ], [ -99.143787, 19.465455 ], [ -99.143787, 19.465455 ], [ -99.143799, 19.465441 ], [ -99.1438, 19.465441 ], [ -99.143782, 19.465466 ], [ -99.143765, 19.46549 ], [ -99.143771, 19.465456 ], [ -99.143758, 19.465504 ], [ -99.143758, 19.465504 ], [ -99.143834, 19.465392 ], [ -99.143758, 19.465504 ], [ -99.143758, 19.465504 ], [ -99.143783, 19.465415 ], [ -99.14374, 19.46546 ], [ -99.143783, 19.465415 ], [ -99.143786, 19.465463 ], [ -99.143741, 19.46546 ], [ -99.143748, 19.465467 ], [ -99.143852, 19.465309 ], [ -99.143809, 19.465412 ], [ -99.143766, 19.465461 ], [ -99.143766, 19.465462 ], [ -99.143768, 19.465449 ], [ -99.143797, 19.465463 ], [ -99.143786, 19.465413 ], [ -99.143776, 19.465433 ], [ -99.143776, 19.465435 ], [ -99.14377, 19.465427 ], [ -99.143783, 19.465404 ], [ -99.14377, 19.465427 ], [ -99.14377, 19.465427 ], [ -99.143711, 19.465553 ], [ -99.143928, 19.465285 ], [ -99.144553, 19.465189 ], [ -99.144341, 19.465366 ], [ -99.144345, 19.465368 ], [ -99.184884, 19.400284 ], [ -99.184884, 19.400284 ], [ -99.184898, 19.400134 ], [ -99.185328, 19.395197 ], [ -99.185677, 19.392289 ], [ -99.18611, 19.390877 ], [ -99.186066, 19.389155 ], [ -99.186502, 19.386211 ], [ -99.187335, 19.379156 ], [ -99.187176, 19.380277 ], [ -99.187691, 19.372608 ], [ -99.186098, 19.370874 ], [ -99.186308, 19.367882 ], [ -99.18632, 19.367886 ], [ -99.186291, 19.367919 ], [ -99.18629, 19.367918 ], [ -99.18629, 19.367918 ], [ -99.18629, 19.367918 ], [ -99.186326, 19.367886 ], [ -99.186346, 19.367888 ], [ -99.183906, 19.383229 ], [ -99.183928, 19.383164 ], [ -99.183883, 19.383115 ], [ -99.182586, 19.387056 ], [ -99.182404, 19.387677 ], [ -99.182403, 19.387676 ], [ -99.182403, 19.387676 ], [ -99.181869, 19.393166 ], [ -99.181526, 19.394765 ], [ -99.181247, 19.395186 ], [ -99.180823, 19.397208 ], [ -99.180823, 19.397208 ], [ -99.179107, 19.402479 ], [ -99.178961, 19.40769 ], [ -99.180617, 19.410194 ], [ -99.180857, 19.41063 ], [ -99.180857, 19.41063 ], [ -99.178329, 19.425115 ], [ -99.168727, 19.43709 ], [ -99.167634, 19.439348 ], [ -99.165399, 19.440556 ], [ -99.165399, 19.440555 ], [ -99.162547, 19.440009 ], [ -99.162547, 19.440009 ], [ -99.162816, 19.440359 ], [ -99.162816, 19.440359 ], [ -99.162817, 19.440359 ], [ -99.162817, 19.440359 ], [ -99.162817, 19.440359 ], [ -99.162805, 19.440352 ], [ -99.162805, 19.440352 ], [ -99.162805, 19.440351 ], [ -99.162805, 19.440352 ], [ -99.162816, 19.440361 ], [ -99.162816, 19.440361 ], [ -99.162814, 19.440372 ], [ -99.162814, 19.440372 ], [ -99.162813, 19.440373 ], [ -99.162793, 19.440357 ], [ -99.162816, 19.440359 ], [ -99.162813, 19.440369 ] ] } },
{ "type": "Feature", "properties": { "device_id": "9b7acc1b37ce586df570956d3ba6d2f48d612500b8e297442af3ebbcfa562fe8", "timestamps": "2020-01-01T19:47:43, 2020-01-01T19:48:12, 2020-01-01T19:48:16, 2020-01-01T19:48:21, 2020-01-01T19:49:22, 2020-01-01T19:49:49, 2020-01-01T19:50:19, 2020-01-01T19:50:29, 2020-01-01T19:50:40, 2020-01-01T19:51:32, 2020-01-01T19:51:35, 2020-01-01T19:52:13, 2020-01-01T19:52:40, 2020-01-01T19:53:32, 2020-01-01T19:53:57, 2020-01-01T19:53:59, 2020-01-01T19:54:06, 2020-01-01T19:54:56, 2020-01-01T19:54:58, 2020-01-01T20:03:34, 2020-01-01T20:03:43, 2020-01-01T20:06:02, 2020-01-01T20:06:51, 2020-01-01T20:07:58, 2020-01-01T20:07:59, 2020-01-01T20:08:07, 2020-01-01T20:08:08, 2020-01-01T20:09:08, 2020-01-01T20:09:15, 2020-01-01T20:09:19, 2020-01-01T20:09:20, 2020-01-01T20:09:23, 2020-01-01T20:10:06, 2020-01-01T20:10:09, 2020-01-01T20:10:56, 2020-01-01T20:10:57, 2020-01-01T20:11:32, 2020-01-01T20:12:14, 2020-01-01T20:12:23, 2020-01-01T20:12:25, 2020-01-01T20:12:27, 2020-01-01T20:12:58, 2020-01-01T20:18:05, 2020-01-01T20:18:50, 2020-01-01T20:19:09, 2020-01-01T20:19:59, 2020-01-01T20:20:07, 2020-01-01T20:20:57, 2020-01-01T20:21:14, 2020-01-01T20:21:24, 2020-01-01T20:21:34, 2020-01-01T20:22:52, 2020-01-01T20:22:54, 2020-01-01T20:23:14, 2020-01-01T20:23:23, 2020-01-01T20:23:38, 2020-01-01T20:23:48, 2020-01-01T20:24:12, 2020-01-01T20:24:48, 2020-01-01T20:25:15, 2020-01-01T20:25:36, 2020-01-01T20:25:55, 2020-01-01T20:27:07, 2020-01-01T20:28:05, 2020-01-01T20:28:26, 2020-01-01T20:28:29, 2020-01-01T20:35:12, 2020-01-01T20:35:21, 2020-01-01T20:35:22, 2020-01-01T20:37:35, 2020-01-01T20:37:38, 2020-01-01T20:37:48, 2020-01-01T20:39:10, 2020-01-01T20:39:12, 2020-01-01T20:39:25, 2020-01-01T20:39:52, 2020-01-01T20:40:01, 2020-01-01T20:40:12, 2020-01-01T20:40:52, 2020-01-01T20:41:00, 2020-01-01T20:41:27, 2020-01-01T20:41:28, 2020-01-01T20:41:55, 2020-01-01T20:43:33, 2020-01-01T20:43:44, 2020-01-01T20:50:00, 2020-01-01T20:50:07, 2020-01-01T20:50:55, 2020-01-01T20:51:14, 2020-01-01T20:51:50, 2020-01-01T20:52:00, 2020-01-01T20:52:29, 2020-01-01T20:52:35, 2020-01-01T20:52:40, 2020-01-01T20:53:35, 2020-01-01T20:53:41, 2020-01-01T20:54:02, 2020-01-01T20:54:48, 2020-01-01T20:54:51, 2020-01-01T20:54:52, 2020-01-01T20:54:56, 2020-01-01T21:07:08, 2020-01-01T21:07:25, 2020-01-01T21:07:58, 2020-01-01T21:40:19, 2020-01-01T21:40:29, 2020-01-01T21:55:08, 2020-01-01T21:55:58, 2020-01-01T22:06:31, 2020-01-01T22:06:41, 2020-01-01T22:06:42, 2020-01-01T22:23:05, 2020-01-01T22:23:39, 2020-01-01T22:23:49, 2020-01-01T22:24:14, 2020-01-01T22:24:20, 2020-01-01T22:24:23, 2020-01-01T22:24:44, 2020-01-01T22:25:42, 2020-01-01T22:25:45, 2020-01-01T22:26:09, 2020-01-01T22:26:59, 2020-01-01T22:27:31, 2020-01-01T22:27:42, 2020-01-01T22:33:31, 2020-01-01T22:33:32, 2020-01-01T22:33:41, 2020-01-01T22:34:02, 2020-01-01T22:34:05, 2020-01-01T22:35:20, 2020-01-01T22:35:23, 2020-01-01T22:36:21, 2020-01-01T22:36:22, 2020-01-01T22:36:26, 2020-01-01T22:37:41, 2020-01-01T22:37:44, 2020-01-01T22:37:48, 2020-01-01T22:38:00, 2020-01-01T22:38:52, 2020-01-01T22:38:55, 2020-01-01T22:39:26, 2020-01-01T22:39:27, 2020-01-01T22:39:37, 2020-01-01T22:39:47, 2020-01-01T22:40:01, 2020-01-01T22:40:44, 2020-01-01T22:40:51, 2020-01-01T22:40:52, 2020-01-01T22:41:01, 2020-01-01T22:41:52, 2020-01-01T22:41:55, 2020-01-01T22:42:05, 2020-01-01T22:42:11, 2020-01-01T22:42:53, 2020-01-01T22:42:54, 2020-01-01T22:43:10, 2020-01-01T22:43:25, 2020-01-01T22:43:58, 2020-01-01T22:49:05, 2020-01-01T22:49:50, 2020-01-01T22:49:53, 2020-01-01T23:02:39, 2020-01-01T23:02:49, 2020-01-01T23:12:17, 2020-01-01T23:12:27, 2020-01-01T23:12:28, 2020-01-01T23:14:11, 2020-01-01T23:14:19, 2020-01-01T23:14:29, 2020-01-01T23:15:05, 2020-01-01T23:15:50, 2020-01-01T23:15:57, 2020-01-01T23:15:58, 2020-01-01T23:16:03, 2020-01-01T23:16:29, 2020-01-01T23:16:59, 2020-01-01T23:17:15, 2020-01-01T23:17:20, 2020-01-01T23:17:30, 2020-01-01T23:23:08, 2020-01-01T23:23:58, 2020-01-01T23:24:01, 2020-01-01T23:24:36, 2020-01-01T23:24:56, 2020-01-01T23:25:51, 2020-01-01T23:25:54, 2020-01-01T23:26:38, 2020-01-01T23:26:39, 2020-01-01T23:27:16, 2020-01-01T23:27:25, 2020-01-01T23:27:31, 2020-01-01T23:28:11, 2020-01-01T23:28:12, 2020-01-01T23:29:11, 2020-01-01T23:29:22, 2020-01-01T23:29:59" }, "geometry": { "type": "LineString", "coordinates": [ [ -98.708451, 19.823868 ], [ -98.708451, 19.823868 ], [ -98.708451, 19.823868 ], [ -98.70847, 19.82385 ], [ -98.74704, 19.76535 ], [ -98.747045, 19.765364 ], [ -98.74704, 19.76535 ], [ -98.747045, 19.765364 ], [ -98.747045, 19.765364 ], [ -98.747045, 19.765364 ], [ -98.747045, 19.765364 ], [ -98.747045, 19.765364 ], [ -98.747045, 19.765364 ], [ -98.747045, 19.765364 ], [ -98.747045, 19.765364 ], [ -98.747045, 19.765364 ], [ -98.74704, 19.76535 ], [ -98.747045, 19.765364 ], [ -98.747045, 19.765364 ], [ -98.897399, 19.641214 ], [ -98.8974, 19.64122 ], [ -98.972507, 19.621486 ], [ -98.97251, 19.62147 ], [ -98.972507, 19.621486 ], [ -98.972507, 19.621486 ], [ -98.972507, 19.621486 ], [ -98.972507, 19.621486 ], [ -98.972507, 19.621486 ], [ -98.97251, 19.62147 ], [ -98.972507, 19.621486 ], [ -98.972507, 19.621486 ], [ -98.972507, 19.621486 ], [ -98.97251, 19.62147 ], [ -98.972507, 19.621486 ], [ -98.972507, 19.621486 ], [ -98.972507, 19.621486 ], [ -98.972507, 19.621486 ], [ -98.97251, 19.62147 ], [ -98.972507, 19.621486 ], [ -98.972507, 19.621486 ], [ -98.972507, 19.621486 ], [ -98.972507, 19.621486 ], [ -99.03229, 19.60922 ], [ -99.03228, 19.60922 ], [ -99.03228, 19.60922 ], [ -99.03229, 19.60922 ], [ -99.03229, 19.60922 ], [ -99.03228, 19.60922 ], [ -99.03228, 19.60922 ], [ -99.03228, 19.60922 ], [ -99.03228, 19.60922 ], [ -99.03228, 19.60922 ], [ -99.03228, 19.60922 ], [ -99.03229, 19.60922 ], [ -99.03228, 19.60922 ], [ -99.055262, 19.561218 ], [ -99.05526, 19.56122 ], [ -99.055262, 19.561218 ], [ -99.055262, 19.561218 ], [ -99.055262, 19.561218 ], [ -99.055262, 19.561218 ], [ -99.055262, 19.561218 ], [ -99.055262, 19.561218 ], [ -99.10739, 19.508163 ], [ -99.055262, 19.561218 ], [ -99.055262, 19.561218 ], [ -99.14179, 19.46682 ], [ -99.141775, 19.466815 ], [ -99.141775, 19.466815 ], [ -99.143872, 19.465276 ], [ -99.14389, 19.46528 ], [ -99.143872, 19.465276 ], [ -99.16119, 19.46047 ], [ -99.161178, 19.46049 ], [ -99.161178, 19.46049 ], [ -99.161178, 19.46049 ], [ -99.16119, 19.46047 ], [ -99.161178, 19.46049 ], [ -99.161178, 19.46049 ], [ -99.16119, 19.46047 ], [ -99.161178, 19.46049 ], [ -99.161178, 19.46049 ], [ -99.161178, 19.46049 ], [ -99.180997, 19.413833 ], [ -99.180996, 19.413844 ], [ -99.186529, 19.400288 ], [ -99.186529, 19.400288 ], [ -99.18652, 19.40027 ], [ -99.186529, 19.400288 ], [ -99.186529, 19.400288 ], [ -99.18652, 19.40027 ], [ -99.192002, 19.381814 ], [ -99.19201, 19.38182 ], [ -99.192002, 19.381814 ], [ -99.192002, 19.381814 ], [ -99.192002, 19.381814 ], [ -99.19201, 19.38182 ], [ -99.192002, 19.381814 ], [ -99.192002, 19.381814 ], [ -99.192002, 19.381814 ], [ -99.192002, 19.381814 ], [ -99.2217, 19.32167 ], [ -99.221697, 19.321686 ], [ -99.221697, 19.321686 ], [ -99.2217, 19.32167 ], [ -99.221697, 19.321686 ], [ -99.221683, 19.321745 ], [ -99.22168, 19.32173 ], [ -99.1746, 19.30191 ], [ -99.174597, 19.301927 ], [ -99.174597, 19.301927 ], [ -99.14317, 19.307568 ], [ -99.14317, 19.307568 ], [ -99.14318, 19.30755 ], [ -99.14318, 19.30755 ], [ -99.14317, 19.307568 ], [ -99.14317, 19.307568 ], [ -99.14317, 19.307568 ], [ -99.140823, 19.332913 ], [ -99.140823, 19.332913 ], [ -99.143636, 19.360532 ], [ -99.14365, 19.36054 ], [ -99.143636, 19.360532 ], [ -99.14365, 19.36054 ], [ -99.134385, 19.420278 ], [ -99.134385, 19.420278 ], [ -99.13438, 19.42028 ], [ -99.134385, 19.420278 ], [ -99.134385, 19.420278 ], [ -99.134385, 19.420278 ], [ -99.134385, 19.420278 ], [ -99.134385, 19.420278 ], [ -99.134385, 19.420278 ], [ -99.134385, 19.420278 ], [ -99.134385, 19.420278 ], [ -99.134385, 19.420278 ], [ -99.134385, 19.420278 ], [ -99.13438, 19.42028 ], [ -99.134385, 19.420278 ], [ -99.134385, 19.420278 ], [ -99.140839, 19.433933 ], [ -99.140839, 19.433933 ], [ -99.14085, 19.43394 ], [ -99.140839, 19.433933 ], [ -99.14085, 19.43394 ], [ -99.140839, 19.433933 ], [ -99.140839, 19.433933 ], [ -99.140839, 19.433933 ], [ -99.14085, 19.43394 ], [ -99.140839, 19.433933 ], [ -99.140839, 19.433933 ], [ -99.138863, 19.447827 ], [ -99.138863, 19.447827 ], [ -99.138863, 19.447827 ], [ -99.138863, 19.447827 ], [ -99.13886, 19.44781 ], [ -99.138863, 19.447827 ], [ -99.138863, 19.447827 ], [ -99.13844, 19.46811 ], [ -99.138448, 19.468128 ], [ -99.138448, 19.468128 ], [ -99.031684, 19.616569 ], [ -99.03168, 19.61655 ], [ -98.99336, 19.67254 ], [ -98.993362, 19.672531 ], [ -98.993362, 19.672531 ], [ -98.993362, 19.672531 ], [ -98.99336, 19.67254 ], [ -98.993362, 19.672531 ], [ -98.985998, 19.679736 ], [ -98.985997, 19.679745 ], [ -98.985998, 19.679736 ], [ -98.985998, 19.679736 ], [ -98.985998, 19.679736 ], [ -98.985998, 19.679736 ], [ -98.985998, 19.679736 ], [ -98.985998, 19.679736 ], [ -98.985997, 19.679745 ], [ -98.985998, 19.679736 ], [ -98.945798, 19.773911 ], [ -98.9458, 19.77392 ], [ -98.945798, 19.773911 ], [ -98.945798, 19.773911 ], [ -98.945798, 19.773911 ], [ -98.945798, 19.773911 ], [ -98.945798, 19.773911 ], [ -98.945798, 19.773911 ], [ -98.945798, 19.773911 ], [ -98.945798, 19.773911 ], [ -98.945798, 19.773911 ], [ -98.945798, 19.773911 ], [ -98.945798, 19.773911 ], [ -98.945798, 19.773911 ], [ -98.9458, 19.77392 ], [ -98.945798, 19.773911 ], [ -98.945798, 19.773911 ] ] } },
{ "type": "Feature", "properties": { "device_id": "2c9a28384b2187be3c8098c2fd2d49ae0d68397622383f281c9a798fcac74248", "timestamps": "2020-01-01T06:11:06, 2020-01-01T06:32:19, 2020-01-01T06:53:21, 2020-01-01T06:53:22, 2020-01-01T07:13:32, 2020-01-01T07:33:34, 2020-01-01T07:54:58, 2020-01-01T08:15:15, 2020-01-01T09:14:20, 2020-01-01T09:34:26, 2020-01-01T09:55:20, 2020-01-01T10:36:05, 2020-01-01T10:57:42, 2020-01-01T11:37:47, 2020-01-01T11:57:42, 2020-01-01T12:17:38, 2020-01-01T13:15:59, 2020-01-01T14:31:25, 2020-01-01T14:51:18, 2020-01-01T15:30:32, 2020-01-01T15:49:06, 2020-01-01T16:10:01, 2020-01-01T16:31:33, 2020-01-01T16:51:52, 2020-01-01T16:51:56, 2020-01-01T17:53:38, 2020-01-01T19:10:14, 2020-01-01T19:31:33, 2020-01-01T19:52:28, 2020-01-01T20:13:22, 2020-01-01T20:33:54, 2020-01-01T20:53:54, 2020-01-01T21:32:15, 2020-01-01T21:53:51, 2020-01-01T22:13:56, 2020-01-01T22:32:42, 2020-01-01T22:52:43, 2020-01-01T23:00:10, 2020-01-01T23:00:13, 2020-01-01T23:00:16, 2020-01-01T23:00:45, 2020-01-01T23:00:47, 2020-01-01T23:01:19, 2020-01-01T23:02:09, 2020-01-01T23:02:23, 2020-01-01T23:03:30, 2020-01-01T23:04:19, 2020-01-01T23:07:23, 2020-01-01T23:08:04, 2020-01-01T23:09:48, 2020-01-01T23:10:14, 2020-01-01T23:11:03, 2020-01-01T23:11:58, 2020-01-01T23:12:49, 2020-01-01T23:13:13, 2020-01-01T23:14:26, 2020-01-01T23:15:51, 2020-01-01T23:16:43, 2020-01-01T23:18:05, 2020-01-01T23:18:50, 2020-01-01T23:19:40, 2020-01-01T23:20:15, 2020-01-01T23:22:12, 2020-01-01T23:22:16, 2020-01-01T23:28:57, 2020-01-01T23:47:15" }, "geometry": { "type": "LineString", "coordinates": [ [ -99.094626, 19.451508 ], [ -99.094677, 19.451474 ], [ -99.09469, 19.451212 ], [ -99.094678, 19.45121 ], [ -99.094847, 19.45147 ], [ -99.094505, 19.451573 ], [ -99.095029, 19.451414 ], [ -99.094703, 19.451395 ], [ -99.094612, 19.451415 ], [ -99.094708, 19.451468 ], [ -99.094694, 19.451472 ], [ -99.09472, 19.451346 ], [ -99.094551, 19.451359 ], [ -99.094707, 19.451483 ], [ -99.094832, 19.451407 ], [ -99.094232, 19.45153 ], [ -99.094512, 19.451443 ], [ -99.094527, 19.451462 ], [ -99.094771, 19.451414 ], [ -99.094793, 19.451308 ], [ -99.094533, 19.451412 ], [ -99.09467, 19.451472 ], [ -99.094789, 19.451487 ], [ -99.094726, 19.451442 ], [ -99.094905, 19.451339 ], [ -99.094899, 19.451362 ], [ -99.094633, 19.451529 ], [ -99.095146, 19.451357 ], [ -99.095078, 19.451183 ], [ -99.094419, 19.452048 ], [ -99.095591, 19.450817 ], [ -99.095372, 19.45115 ], [ -99.095171, 19.451129 ], [ -99.095251, 19.45108 ], [ -99.094425, 19.452053 ], [ -99.095144, 19.451465 ], [ -99.094425, 19.452053 ], [ -99.096901, 19.446182 ], [ -99.096734, 19.446198 ], [ -99.096927, 19.446104 ], [ -99.096949, 19.446027 ], [ -99.096944, 19.446041 ], [ -99.097203, 19.446077 ], [ -99.107929, 19.448301 ], [ -99.102915, 19.447212 ], [ -99.110403, 19.448862 ], [ -99.109241, 19.451155 ], [ -99.108744, 19.452375 ], [ -99.116146, 19.457423 ], [ -99.122845, 19.460034 ], [ -99.128455, 19.462107 ], [ -99.140998, 19.465359 ], [ -99.133773, 19.465107 ], [ -99.143749, 19.466466 ], [ -99.143493, 19.467098 ], [ -99.143573, 19.467522 ], [ -99.145518, 19.472616 ], [ -99.145479, 19.473167 ], [ -99.148589, 19.476012 ], [ -99.148656, 19.473531 ], [ -99.150335, 19.477224 ], [ -99.15284, 19.478011 ], [ -99.153206, 19.478661 ], [ -99.153187, 19.478634 ], [ -99.15374, 19.479073 ], [ -99.153706, 19.478955 ] ] } },
{ "type": "Feature", "properties": { "device_id": "6a057456c25d4f5fbc89a7c90a806619c6c5ff7a22ee8aa942631d7658215382", "timestamps": "2020-01-01T06:01:36, 2020-01-01T06:01:46, 2020-01-01T06:02:37, 2020-01-01T06:02:47, 2020-01-01T06:03:10, 2020-01-01T06:03:25, 2020-01-01T06:03:58, 2020-01-01T06:05:06, 2020-01-01T06:12:51, 2020-01-01T06:18:58, 2020-01-01T06:26:23, 2020-01-01T06:31:36, 2020-01-01T06:36:37, 2020-01-01T06:41:37, 2020-01-01T06:43:16, 2020-01-01T06:43:26, 2020-01-01T06:45:19, 2020-01-01T06:47:01, 2020-01-01T06:54:55, 2020-01-01T07:18:33, 2020-01-01T07:18:59, 2020-01-01T07:25:13, 2020-01-01T07:31:09, 2020-01-01T07:35:25, 2020-01-01T07:48:06, 2020-01-01T08:00:01, 2020-01-01T08:06:01, 2020-01-01T08:12:01, 2020-01-01T08:17:49, 2020-01-01T08:19:04, 2020-01-01T08:19:53, 2020-01-01T08:22:31, 2020-01-01T08:22:32, 2020-01-01T08:22:41, 2020-01-01T08:23:51, 2020-01-01T08:24:31, 2020-01-01T08:24:44, 2020-01-01T08:25:12, 2020-01-01T08:25:45, 2020-01-01T08:26:15, 2020-01-01T08:26:29, 2020-01-01T08:27:18, 2020-01-01T08:27:50, 2020-01-01T08:27:51, 2020-01-01T08:27:52, 2020-01-01T08:28:08, 2020-01-01T08:28:58, 2020-01-01T08:28:59, 2020-01-01T08:30:30, 2020-01-01T08:37:52, 2020-01-01T08:45:34, 2020-01-01T08:50:33, 2020-01-01T08:55:30, 2020-01-01T09:01:36, 2020-01-01T09:07:38, 2020-01-01T09:13:05, 2020-01-01T09:19:01, 2020-01-01T09:25:03, 2020-01-01T09:31:06, 2020-01-01T09:37:07, 2020-01-01T09:41:38, 2020-01-01T09:41:48, 2020-01-01T10:39:31, 2020-01-01T10:39:41, 2020-01-01T10:39:42, 2020-01-01T10:44:33, 2020-01-01T10:44:44, 2020-01-01T12:42:01, 2020-01-01T12:42:52, 2020-01-01T12:42:53, 2020-01-01T12:48:24, 2020-01-01T12:52:01, 2020-01-01T12:52:52, 2020-01-01T14:36:09, 2020-01-01T14:36:23, 2020-01-01T14:36:52, 2020-01-01T14:36:55, 2020-01-01T14:36:59, 2020-01-01T14:37:30, 2020-01-01T14:37:33, 2020-01-01T14:37:44, 2020-01-01T14:42:31, 2020-01-01T14:47:04, 2020-01-01T14:50:33, 2020-01-01T14:50:41, 2020-01-01T14:50:44, 2020-01-01T14:51:04, 2020-01-01T14:51:15, 2020-01-01T14:51:29, 2020-01-01T14:52:31, 2020-01-01T14:52:42, 2020-01-01T14:52:54, 2020-01-01T14:54:11, 2020-01-01T14:54:22, 2020-01-01T14:54:59, 2020-01-01T15:00:19, 2020-01-01T15:06:42, 2020-01-01T15:09:26, 2020-01-01T15:09:27, 2020-01-01T15:09:38, 2020-01-01T15:09:48, 2020-01-01T15:10:16, 2020-01-01T15:10:19, 2020-01-01T15:10:28, 2020-01-01T15:10:29, 2020-01-01T15:11:00, 2020-01-01T15:11:13, 2020-01-01T15:11:31, 2020-01-01T15:12:55, 2020-01-01T15:13:35, 2020-01-01T15:14:06, 2020-01-01T15:14:11, 2020-01-01T15:14:26, 2020-01-01T15:14:50, 2020-01-01T15:14:56, 2020-01-01T15:24:08, 2020-01-01T15:25:00, 2020-01-01T15:25:55, 2020-01-01T15:31:58, 2020-01-01T15:37:29, 2020-01-01T15:43:42, 2020-01-01T15:49:37, 2020-01-01T15:53:18, 2020-01-01T15:53:28, 2020-01-01T15:56:56, 2020-01-01T15:59:17, 2020-01-01T15:59:18, 2020-01-01T15:59:27, 2020-01-01T16:01:43, 2020-01-01T16:03:36, 2020-01-01T16:03:39, 2020-01-01T16:03:46, 2020-01-01T16:04:44, 2020-01-01T16:04:56, 2020-01-01T16:05:50, 2020-01-01T16:05:53, 2020-01-01T16:05:57, 2020-01-01T16:06:30, 2020-01-01T16:06:36, 2020-01-01T16:07:05, 2020-01-01T16:07:48, 2020-01-01T16:08:16, 2020-01-01T16:08:25, 2020-01-01T16:09:13, 2020-01-01T16:09:21, 2020-01-01T16:09:24, 2020-01-01T16:10:16, 2020-01-01T16:10:26, 2020-01-01T16:11:28, 2020-01-01T16:11:29, 2020-01-01T16:11:33, 2020-01-01T16:12:21, 2020-01-01T16:12:39, 2020-01-01T16:13:05, 2020-01-01T16:13:20, 2020-01-01T16:13:23, 2020-01-01T16:15:18, 2020-01-01T16:15:28, 2020-01-01T16:15:44, 2020-01-01T16:16:52, 2020-01-01T16:17:14, 2020-01-01T16:17:50, 2020-01-01T16:17:53, 2020-01-01T16:18:13, 2020-01-01T16:19:00, 2020-01-01T16:19:47, 2020-01-01T16:20:01, 2020-01-01T16:20:17, 2020-01-01T16:20:32, 2020-01-01T16:20:52, 2020-01-01T16:21:40, 2020-01-01T16:21:43, 2020-01-01T16:22:34, 2020-01-01T16:22:40, 2020-01-01T16:22:51, 2020-01-01T16:22:54, 2020-01-01T16:23:11, 2020-01-01T16:23:14, 2020-01-01T16:23:23, 2020-01-01T16:24:51, 2020-01-01T16:25:31, 2020-01-01T16:25:46, 2020-01-01T16:25:52, 2020-01-01T16:26:57, 2020-01-01T16:26:58, 2020-01-01T16:27:58, 2020-01-01T16:30:04, 2020-01-01T16:30:53, 2020-01-01T16:31:21, 2020-01-01T16:32:16, 2020-01-01T16:32:26, 2020-01-01T16:32:27, 2020-01-01T16:32:34, 2020-01-01T16:33:29, 2020-01-01T16:34:05, 2020-01-01T16:34:32, 2020-01-01T16:34:35, 2020-01-01T16:35:57, 2020-01-01T16:35:58, 2020-01-01T16:36:02, 2020-01-01T16:36:51, 2020-01-01T16:38:22, 2020-01-01T16:40:12, 2020-01-01T16:40:15, 2020-01-01T16:40:21, 2020-01-01T16:40:36, 2020-01-01T16:41:42, 2020-01-01T16:41:45, 2020-01-01T16:42:22, 2020-01-01T16:42:25, 2020-01-01T16:42:37, 2020-01-01T16:43:20, 2020-01-01T16:44:06, 2020-01-01T16:44:32, 2020-01-01T16:44:41, 2020-01-01T16:44:44, 2020-01-01T16:44:56, 2020-01-01T16:45:23, 2020-01-01T16:46:15, 2020-01-01T16:46:17, 2020-01-01T16:47:18, 2020-01-01T16:47:22, 2020-01-01T16:47:37, 2020-01-01T16:47:47, 2020-01-01T16:50:15, 2020-01-01T16:51:13, 2020-01-01T16:51:16, 2020-01-01T16:51:23, 2020-01-01T16:51:24, 2020-01-01T16:52:14, 2020-01-01T16:52:20, 2020-01-01T16:52:23, 2020-01-01T16:53:18, 2020-01-01T16:53:27, 2020-01-01T16:53:28, 2020-01-01T16:53:33, 2020-01-01T16:53:40, 2020-01-01T16:54:22, 2020-01-01T16:54:51, 2020-01-01T16:55:08, 2020-01-01T16:55:47, 2020-01-01T16:55:50, 2020-01-01T16:55:56, 2020-01-01T16:56:42, 2020-01-01T16:56:51, 2020-01-01T16:56:54, 2020-01-01T16:57:15, 2020-01-01T16:57:29, 2020-01-01T16:57:32, 2020-01-01T16:58:46, 2020-01-01T16:58:47, 2020-01-01T16:59:02, 2020-01-01T16:59:05, 2020-01-01T16:59:51, 2020-01-01T17:00:35, 2020-01-01T17:00:40, 2020-01-01T17:00:51, 2020-01-01T17:01:24, 2020-01-01T17:01:46, 2020-01-01T17:01:57, 2020-01-01T17:01:58, 2020-01-01T17:02:16, 2020-01-01T17:02:17, 2020-01-01T17:02:43, 2020-01-01T17:02:45, 2020-01-01T17:03:09, 2020-01-01T17:03:35, 2020-01-01T17:03:39, 2020-01-01T17:03:49, 2020-01-01T17:04:57, 2020-01-01T17:04:58, 2020-01-01T17:05:29, 2020-01-01T17:05:42, 2020-01-01T17:06:19, 2020-01-01T17:06:59, 2020-01-01T17:07:20, 2020-01-01T17:07:23, 2020-01-01T17:07:24, 2020-01-01T17:08:05, 2020-01-01T17:08:18, 2020-01-01T17:08:19, 2020-01-01T17:09:00, 2020-01-01T17:09:02, 2020-01-01T17:09:25, 2020-01-01T17:09:29, 2020-01-01T17:09:55, 2020-01-01T17:10:11, 2020-01-01T17:10:22, 2020-01-01T17:10:23, 2020-01-01T17:10:25, 2020-01-01T17:11:11, 2020-01-01T17:11:22, 2020-01-01T17:11:23, 2020-01-01T17:11:24, 2020-01-01T17:11:37, 2020-01-01T17:11:46, 2020-01-01T17:12:40, 2020-01-01T17:12:43, 2020-01-01T17:13:30, 2020-01-01T17:13:41, 2020-01-01T17:14:22, 2020-01-01T17:14:25, 2020-01-01T17:14:35, 2020-01-01T17:14:37, 2020-01-01T17:15:03, 2020-01-01T17:15:53, 2020-01-01T17:15:54, 2020-01-01T17:16:20, 2020-01-01T17:16:21, 2020-01-01T17:16:24, 2020-01-01T17:17:23, 2020-01-01T17:17:24, 2020-01-01T17:17:46, 2020-01-01T17:18:00, 2020-01-01T17:18:52, 2020-01-01T17:18:55, 2020-01-01T17:19:38, 2020-01-01T17:21:09, 2020-01-01T17:21:27, 2020-01-01T17:21:59, 2020-01-01T17:22:18, 2020-01-01T17:22:41, 2020-01-01T17:22:52, 2020-01-01T17:22:55, 2020-01-01T17:23:18, 2020-01-01T17:23:28, 2020-01-01T17:23:36, 2020-01-01T17:24:31, 2020-01-01T17:24:42, 2020-01-01T17:24:56, 2020-01-01T17:24:57, 2020-01-01T17:25:48, 2020-01-01T17:25:50, 2020-01-01T17:25:53, 2020-01-01T17:26:35, 2020-01-01T17:26:40, 2020-01-01T17:26:43, 2020-01-01T17:27:16, 2020-01-01T17:27:17, 2020-01-01T17:27:27, 2020-01-01T17:27:36, 2020-01-01T17:27:45, 2020-01-01T17:28:10, 2020-01-01T17:28:16, 2020-01-01T17:29:17, 2020-01-01T17:29:27, 2020-01-01T17:29:28, 2020-01-01T17:30:01, 2020-01-01T17:30:02, 2020-01-01T17:30:13, 2020-01-01T17:30:22, 2020-01-01T17:30:51, 2020-01-01T17:30:52, 2020-01-01T17:31:05, 2020-01-01T17:31:38, 2020-01-01T17:31:48, 2020-01-01T17:31:53, 2020-01-01T17:32:50, 2020-01-01T17:32:56, 2020-01-01T17:33:19, 2020-01-01T17:33:45, 2020-01-01T17:34:34, 2020-01-01T17:34:43, 2020-01-01T17:35:23, 2020-01-01T17:35:24, 2020-01-01T17:36:52, 2020-01-01T17:36:55, 2020-01-01T17:37:39, 2020-01-01T17:37:44, 2020-01-01T17:38:54, 2020-01-01T17:38:59, 2020-01-01T17:39:03, 2020-01-01T17:39:51, 2020-01-01T17:39:54, 2020-01-01T17:40:26, 2020-01-01T17:40:48, 2020-01-01T17:41:57, 2020-01-01T17:42:52, 2020-01-01T17:42:54, 2020-01-01T17:42:55, 2020-01-01T17:43:08, 2020-01-01T17:43:09, 2020-01-01T17:43:21, 2020-01-01T17:43:59, 2020-01-01T17:44:25, 2020-01-01T17:44:27, 2020-01-01T17:44:56, 2020-01-01T17:45:50, 2020-01-01T17:45:56, 2020-01-01T17:46:28, 2020-01-01T17:46:40, 2020-01-01T17:46:52, 2020-01-01T17:47:06, 2020-01-01T17:47:25, 2020-01-01T17:47:56, 2020-01-01T17:47:59, 2020-01-01T17:50:15, 2020-01-01T17:52:06, 2020-01-01T17:52:32, 2020-01-01T17:52:35, 2020-01-01T17:52:41, 2020-01-01T17:53:50, 2020-01-01T17:53:53, 2020-01-01T17:53:58, 2020-01-01T17:54:36, 2020-01-01T17:54:43, 2020-01-01T17:54:44, 2020-01-01T17:54:48, 2020-01-01T17:55:10, 2020-01-01T17:55:23, 2020-01-01T17:55:25, 2020-01-01T17:55:59, 2020-01-01T18:02:06, 2020-01-01T18:02:39, 2020-01-01T18:02:43, 2020-01-01T18:02:56, 2020-01-01T18:03:01, 2020-01-01T18:04:06, 2020-01-01T18:04:36, 2020-01-01T18:04:37, 2020-01-01T18:04:46, 2020-01-01T18:04:56, 2020-01-01T18:06:19, 2020-01-01T18:06:25, 2020-01-01T18:06:29, 2020-01-01T18:11:06, 2020-01-01T18:11:33, 2020-01-01T18:11:44, 2020-01-01T18:14:01, 2020-01-01T18:15:50, 2020-01-01T18:15:53, 2020-01-01T18:19:09, 2020-01-01T18:19:59, 2020-01-01T18:20:11, 2020-01-01T18:20:22, 2020-01-01T18:21:25, 2020-01-01T18:26:10, 2020-01-01T18:26:13, 2020-01-01T18:26:24, 2020-01-01T18:27:12, 2020-01-01T18:33:40, 2020-01-01T18:43:11, 2020-01-01T18:49:55, 2020-01-01T18:50:38, 2020-01-01T18:50:48, 2020-01-01T18:51:37, 2020-01-01T18:51:50, 2020-01-01T18:55:13, 2020-01-01T18:55:50, 2020-01-01T18:55:54, 2020-01-01T18:58:13, 2020-01-01T18:58:30, 2020-01-01T18:59:00, 2020-01-01T18:59:55, 2020-01-01T19:00:18, 2020-01-01T19:00:19, 2020-01-01T19:00:28, 2020-01-01T19:00:56, 2020-01-01T19:03:10, 2020-01-01T19:03:23, 2020-01-01T19:03:45, 2020-01-01T19:04:04, 2020-01-01T19:04:53, 2020-01-01T19:06:35, 2020-01-01T19:12:31, 2020-01-01T19:12:42, 2020-01-01T19:12:44, 2020-01-01T19:13:14, 2020-01-01T19:13:22, 2020-01-01T19:13:23, 2020-01-01T19:23:14, 2020-01-01T19:28:34, 2020-01-01T19:31:11, 2020-01-01T19:31:22, 2020-01-01T19:31:26, 2020-01-01T19:34:08, 2020-01-01T19:40:13, 2020-01-01T19:40:33, 2020-01-01T19:40:44, 2020-01-01T19:44:42, 2020-01-01T19:49:31, 2020-01-01T19:55:22, 2020-01-01T19:55:35, 2020-01-01T19:55:40, 2020-01-01T19:58:08, 2020-01-01T19:58:41, 2020-01-01T19:59:37, 2020-01-01T19:59:47, 2020-01-01T20:00:09, 2020-01-01T20:00:10, 2020-01-01T20:00:25, 2020-01-01T20:02:25, 2020-01-01T20:02:56, 2020-01-01T20:08:37, 2020-01-01T20:09:08, 2020-01-01T20:09:58, 2020-01-01T20:10:13, 2020-01-01T20:16:16, 2020-01-01T20:22:32, 2020-01-01T20:24:05, 2020-01-01T20:24:50, 2020-01-01T20:37:07, 2020-01-01T20:37:18, 2020-01-01T20:37:28, 2020-01-01T20:37:41, 2020-01-01T20:38:32, 2020-01-01T20:38:41, 2020-01-01T20:38:46, 2020-01-01T20:43:07, 2020-01-01T20:49:08, 2020-01-01T20:53:36, 2020-01-01T20:53:46, 2020-01-01T20:56:22, 2020-01-01T21:02:21, 2020-01-01T21:08:24, 2020-01-01T21:08:36, 2020-01-01T21:08:46, 2020-01-01T21:14:23, 2020-01-01T21:16:31, 2020-01-01T21:16:42, 2020-01-01T21:17:37, 2020-01-01T21:17:47, 2020-01-01T21:17:48, 2020-01-01T21:20:54, 2020-01-01T21:26:37, 2020-01-01T21:33:51, 2020-01-01T21:39:26, 2020-01-01T21:45:19, 2020-01-01T21:51:42, 2020-01-01T21:57:44, 2020-01-01T22:00:40, 2020-01-01T22:02:34, 2020-01-01T22:03:03, 2020-01-01T22:03:05, 2020-01-01T22:03:35, 2020-01-01T22:03:54, 2020-01-01T22:05:12, 2020-01-01T22:08:11, 2020-01-01T22:08:22, 2020-01-01T22:08:23, 2020-01-01T22:08:26, 2020-01-01T22:10:03, 2020-01-01T22:10:06, 2020-01-01T22:10:56, 2020-01-01T22:13:42, 2020-01-01T22:13:59, 2020-01-01T22:14:46, 2020-01-01T22:14:52, 2020-01-01T22:14:55, 2020-01-01T22:16:57, 2020-01-01T22:16:59, 2020-01-01T22:18:20, 2020-01-01T22:18:31, 2020-01-01T22:18:42, 2020-01-01T22:20:33, 2020-01-01T22:23:17, 2020-01-01T22:23:27, 2020-01-01T22:24:07, 2020-01-01T22:25:57, 2020-01-01T22:26:36, 2020-01-01T22:29:13, 2020-01-01T22:29:16, 2020-01-01T22:29:26, 2020-01-01T22:32:00, 2020-01-01T22:39:29, 2020-01-01T22:44:17, 2020-01-01T22:44:27, 2020-01-01T22:45:49, 2020-01-01T22:46:06, 2020-01-01T22:47:03, 2020-01-01T22:47:54, 2020-01-01T22:47:55, 2020-01-01T22:51:31, 2020-01-01T22:52:10, 2020-01-01T22:52:25, 2020-01-01T22:53:51, 2020-01-01T22:58:38, 2020-01-01T23:10:33, 2020-01-01T23:16:07, 2020-01-01T23:22:29, 2020-01-01T23:23:11, 2020-01-01T23:23:22, 2020-01-01T23:23:51, 2020-01-01T23:23:54, 2020-01-01T23:24:09, 2020-01-01T23:24:59, 2020-01-01T23:25:18, 2020-01-01T23:25:19, 2020-01-01T23:25:28, 2020-01-01T23:26:30, 2020-01-01T23:26:34, 2020-01-01T23:26:37, 2020-01-01T23:26:43, 2020-01-01T23:27:04, 2020-01-01T23:27:53, 2020-01-01T23:27:54, 2020-01-01T23:28:29, 2020-01-01T23:28:57, 2020-01-01T23:28:59, 2020-01-01T23:29:17, 2020-01-01T23:29:27, 2020-01-01T23:29:28, 2020-01-01T23:29:42, 2020-01-01T23:29:48, 2020-01-01T23:30:13, 2020-01-01T23:30:14, 2020-01-01T23:30:23, 2020-01-01T23:30:47, 2020-01-01T23:38:02, 2020-01-01T23:38:34, 2020-01-01T23:40:13, 2020-01-01T23:40:24, 2020-01-01T23:41:35, 2020-01-01T23:41:39, 2020-01-01T23:41:49, 2020-01-01T23:41:51, 2020-01-01T23:43:15, 2020-01-01T23:43:20, 2020-01-01T23:43:26, 2020-01-01T23:44:37, 2020-01-01T23:44:47, 2020-01-01T23:45:27, 2020-01-01T23:45:34, 2020-01-01T23:45:43, 2020-01-01T23:48:31, 2020-01-01T23:48:42, 2020-01-01T23:48:45, 2020-01-01T23:49:10, 2020-01-01T23:49:25, 2020-01-01T23:49:41, 2020-01-01T23:50:34, 2020-01-01T23:50:43, 2020-01-01T23:51:32, 2020-01-01T23:56:19, 2020-01-01T23:56:29" }, "geometry": { "type": "LineString", "coordinates": [ [ -99.192524, 19.630194 ], [ -99.19252, 19.63019 ], [ -99.20234, 19.64385 ], [ -99.202348, 19.643869 ], [ -99.20234, 19.64385 ], [ -99.202348, 19.643869 ], [ -99.202348, 19.643869 ], [ -99.211766, 19.644717 ], [ -99.211758, 19.644625 ], [ -99.211743, 19.644601 ], [ -99.211712, 19.644595 ], [ -99.211741, 19.644597 ], [ -99.211743, 19.644593 ], [ -99.211743, 19.644601 ], [ -99.211766, 19.644717 ], [ -99.21176, 19.64472 ], [ -99.211739, 19.644577 ], [ -99.211745, 19.644559 ], [ -99.211693, 19.64458 ], [ -99.21162, 19.644753 ], [ -99.21141, 19.683626 ], [ -99.211763, 19.644603 ], [ -99.211741, 19.644603 ], [ -99.211732, 19.644598 ], [ -99.211673, 19.644674 ], [ -99.211742, 19.644599 ], [ -99.211715, 19.644604 ], [ -99.211818, 19.644645 ], [ -99.211742, 19.644604 ], [ -99.21174, 19.6446 ], [ -99.211742, 19.644604 ], [ -99.211743, 19.644601 ], [ -99.211743, 19.644601 ], [ -99.21174, 19.6446 ], [ -99.211743, 19.644601 ], [ -99.208732, 19.649741 ], [ -99.211743, 19.644601 ], [ -99.211743, 19.644601 ], [ -99.211743, 19.644601 ], [ -99.211743, 19.644601 ], [ -99.211743, 19.644601 ], [ -99.211743, 19.644601 ], [ -99.211743, 19.644601 ], [ -99.211743, 19.644601 ], [ -99.211743, 19.644601 ], [ -99.21174, 19.6446 ], [ -99.211743, 19.644601 ], [ -99.211743, 19.644601 ], [ -99.194794, 19.668063 ], [ -99.184888, 19.672276 ], [ -99.184954, 19.672507 ], [ -99.184953, 19.672505 ], [ -99.184954, 19.672504 ], [ -99.184954, 19.672507 ], [ -99.184967, 19.67251 ], [ -99.184951, 19.672522 ], [ -99.184952, 19.672505 ], [ -99.184952, 19.672505 ], [ -99.184968, 19.672521 ], [ -99.184951, 19.672471 ], [ -99.18496, 19.67251 ], [ -99.184963, 19.672524 ], [ -99.18496, 19.67251 ], [ -99.184993, 19.672499 ], [ -99.184963, 19.672524 ], [ -99.18496, 19.67251 ], [ -99.184963, 19.672524 ], [ -99.18496, 19.67251 ], [ -99.184963, 19.672524 ], [ -99.184953, 19.672522 ], [ -99.184955, 19.672499 ], [ -99.18496, 19.67251 ], [ -99.184963, 19.672524 ], [ -99.18496, 19.67251 ], [ -99.184958, 19.672503 ], [ -99.184963, 19.672524 ], [ -99.184963, 19.672524 ], [ -99.184963, 19.672524 ], [ -99.184963, 19.672524 ], [ -99.18496, 19.67251 ], [ -99.184963, 19.672524 ], [ -99.184993, 19.672499 ], [ -99.184952, 19.672511 ], [ -99.184963, 19.672524 ], [ -99.184963, 19.672524 ], [ -99.18496, 19.67251 ], [ -99.184963, 19.672524 ], [ -99.184963, 19.672524 ], [ -99.184963, 19.672524 ], [ -99.18496, 19.67251 ], [ -99.184963, 19.672524 ], [ -99.184963, 19.672524 ], [ -99.19146, 19.66856 ], [ -99.191462, 19.668556 ], [ -99.191462, 19.668556 ], [ -99.191691, 19.668013 ], [ -99.199415, 19.66857 ], [ -99.191462, 19.668556 ], [ -99.191462, 19.668556 ], [ -99.191462, 19.668556 ], [ -99.19146, 19.66856 ], [ -99.191462, 19.668556 ], [ -99.19146, 19.66856 ], [ -99.191462, 19.668556 ], [ -99.191462, 19.668556 ], [ -99.191462, 19.668556 ], [ -99.191462, 19.668556 ], [ -99.191462, 19.668556 ], [ -99.191462, 19.668556 ], [ -99.191462, 19.668556 ], [ -99.19146, 19.66856 ], [ -99.191462, 19.668556 ], [ -99.191462, 19.668556 ], [ -99.191462, 19.668556 ], [ -99.191462, 19.668556 ], [ -99.203485, 19.559861 ], [ -99.20348, 19.55985 ], [ -99.203485, 19.559861 ], [ -99.203704, 19.559852 ], [ -99.203608, 19.559771 ], [ -99.203614, 19.55977 ], [ -99.203655, 19.559868 ], [ -99.20348, 19.55985 ], [ -99.203485, 19.559861 ], [ -99.202512, 19.562334 ], [ -99.202512, 19.562334 ], [ -99.202512, 19.562334 ], [ -99.20253, 19.56234 ], [ -99.180759, 19.534545 ], [ -99.171469, 19.52546 ], [ -99.171469, 19.52546 ], [ -99.17146, 19.52546 ], [ -99.171469, 19.52546 ], [ -99.171469, 19.52546 ], [ -99.171469, 19.52546 ], [ -99.171469, 19.52546 ], [ -99.171469, 19.52546 ], [ -99.171469, 19.52546 ], [ -99.171469, 19.52546 ], [ -99.17146, 19.52546 ], [ -99.159972, 19.510164 ], [ -99.159972, 19.510164 ], [ -99.15999, 19.51015 ], [ -99.15999, 19.51015 ], [ -99.159972, 19.510164 ], [ -99.159972, 19.510164 ], [ -99.159972, 19.510164 ], [ -99.15999, 19.51015 ], [ -99.159972, 19.510164 ], [ -99.159972, 19.510164 ], [ -99.15999, 19.51015 ], [ -99.151383, 19.488079 ], [ -99.151383, 19.488079 ], [ -99.151383, 19.488079 ], [ -99.151383, 19.488079 ], [ -99.151383, 19.488079 ], [ -99.151383, 19.488079 ], [ -99.15138, 19.48808 ], [ -99.151383, 19.488079 ], [ -99.14389, 19.465304 ], [ -99.14389, 19.465304 ], [ -99.14389, 19.465304 ], [ -99.14389, 19.465304 ], [ -99.14389, 19.465304 ], [ -99.123025, 19.459859 ], [ -99.14389, 19.465304 ], [ -99.12302, 19.45986 ], [ -99.123025, 19.459859 ], [ -99.123025, 19.459859 ], [ -99.123025, 19.459859 ], [ -99.123025, 19.459859 ], [ -99.123025, 19.459859 ], [ -99.123025, 19.459859 ], [ -99.123025, 19.459859 ], [ -99.123025, 19.459859 ], [ -99.123025, 19.459859 ], [ -99.123025, 19.459859 ], [ -99.123025, 19.459859 ], [ -99.12302, 19.45986 ], [ -99.089767, 19.448244 ], [ -99.089767, 19.448244 ], [ -99.089767, 19.448244 ], [ -99.089767, 19.448244 ], [ -99.089767, 19.448244 ], [ -99.089767, 19.448244 ], [ -99.089767, 19.448244 ], [ -99.09603, 19.4205 ], [ -99.096019, 19.420505 ], [ -99.09603, 19.4205 ], [ -99.08723, 19.41425 ], [ -99.087212, 19.414265 ], [ -99.087212, 19.414265 ], [ -99.087212, 19.414265 ], [ -99.087212, 19.414265 ], [ -99.087212, 19.414265 ], [ -99.087212, 19.414265 ], [ -99.087212, 19.414265 ], [ -99.087212, 19.414265 ], [ -99.087212, 19.414265 ], [ -99.08723, 19.41425 ], [ -99.087212, 19.414265 ], [ -99.0449, 19.38993 ], [ -99.02691, 19.379721 ], [ -99.02691, 19.379721 ], [ -99.02693, 19.37971 ], [ -99.02691, 19.379721 ], [ -99.02691, 19.379721 ], [ -99.02691, 19.379721 ], [ -99.02691, 19.379721 ], [ -99.02691, 19.379721 ], [ -99.02691, 19.379721 ], [ -99.02691, 19.379721 ], [ -99.02693, 19.37971 ], [ -98.99998, 19.35841 ], [ -98.999981, 19.358423 ], [ -98.999981, 19.358423 ], [ -99.02691, 19.379721 ], [ -98.999981, 19.358423 ], [ -98.999981, 19.358423 ], [ -98.999981, 19.358423 ], [ -98.999981, 19.358423 ], [ -98.999981, 19.358423 ], [ -98.99998, 19.35841 ], [ -98.999981, 19.358423 ], [ -99.019664, 19.349648 ], [ -99.01746, 19.35007 ], [ -99.017466, 19.350081 ], [ -99.017466, 19.350081 ], [ -99.017466, 19.350081 ], [ -99.01746, 19.35007 ], [ -99.017466, 19.350081 ], [ -99.017466, 19.350081 ], [ -99.01961, 19.34987 ], [ -99.019604, 19.349887 ], [ -99.019604, 19.349887 ], [ -99.019604, 19.349887 ], [ -99.019604, 19.349887 ], [ -99.019604, 19.349887 ], [ -99.019604, 19.349887 ], [ -99.019604, 19.349887 ], [ -99.019604, 19.349887 ], [ -99.019604, 19.349887 ], [ -99.019604, 19.349887 ], [ -99.019638, 19.349855 ], [ -99.019604, 19.349887 ], [ -99.019604, 19.349887 ], [ -99.019604, 19.349887 ], [ -99.019604, 19.349887 ], [ -99.019604, 19.349887 ], [ -99.019604, 19.349887 ], [ -99.019604, 19.349887 ], [ -99.019604, 19.349887 ], [ -99.019604, 19.349887 ], [ -99.01961, 19.34987 ], [ -99.019604, 19.349887 ], [ -99.01961, 19.34987 ], [ -99.019604, 19.349887 ], [ -99.019604, 19.349887 ], [ -99.019604, 19.349887 ], [ -99.019604, 19.349887 ], [ -99.019604, 19.349887 ], [ -99.019604, 19.349887 ], [ -99.019604, 19.349887 ], [ -99.019604, 19.349887 ], [ -99.019604, 19.349887 ], [ -99.01961, 19.34987 ], [ -99.007913, 19.355591 ], [ -99.00793, 19.35559 ], [ -99.007913, 19.355591 ], [ -99.007913, 19.355591 ], [ -99.007913, 19.355591 ], [ -99.007913, 19.355591 ], [ -99.007913, 19.355591 ], [ -99.007913, 19.355591 ], [ -99.007913, 19.355591 ], [ -99.007913, 19.355591 ], [ -99.007913, 19.355591 ], [ -99.00793, 19.35559 ], [ -99.00796, 19.367481 ], [ -99.00796, 19.367481 ], [ -99.00796, 19.367481 ], [ -99.00796, 19.36747 ], [ -99.00796, 19.367481 ], [ -99.00796, 19.367481 ], [ -99.00796, 19.367481 ], [ -99.00796, 19.367481 ], [ -99.00796, 19.36747 ], [ -99.00796, 19.367481 ], [ -99.00796, 19.367481 ], [ -99.00796, 19.367481 ], [ -99.00796, 19.367481 ], [ -99.00796, 19.36747 ], [ -99.00796, 19.367481 ], [ -99.00796, 19.367481 ], [ -99.044543, 19.390599 ], [ -99.04454, 19.39059 ], [ -99.044543, 19.390599 ], [ -99.044543, 19.390599 ], [ -99.063952, 19.401905 ], [ -99.044543, 19.390599 ], [ -99.044543, 19.390599 ], [ -99.044543, 19.390599 ], [ -99.044543, 19.390599 ], [ -99.044543, 19.390599 ], [ -99.04454, 19.39059 ], [ -99.044543, 19.390599 ], [ -99.044543, 19.390599 ], [ -99.07962, 19.41047 ], [ -99.079622, 19.410484 ], [ -99.079622, 19.410484 ], [ -99.079622, 19.410484 ], [ -99.079622, 19.410484 ], [ -99.079622, 19.410484 ], [ -99.07962, 19.41047 ], [ -99.079622, 19.410484 ], [ -99.079622, 19.410484 ], [ -99.09536, 19.419027 ], [ -99.09536, 19.41901 ], [ -99.09536, 19.419027 ], [ -99.09536, 19.419027 ], [ -99.09536, 19.419027 ], [ -99.09536, 19.419027 ], [ -99.09536, 19.419027 ], [ -99.09536, 19.419027 ], [ -99.09536, 19.41901 ], [ -99.09536, 19.419027 ], [ -99.09536, 19.419027 ], [ -99.0877, 19.44666 ], [ -99.087697, 19.446651 ], [ -99.087697, 19.446651 ], [ -99.087697, 19.446651 ], [ -99.087697, 19.446651 ], [ -99.087697, 19.446651 ], [ -99.087697, 19.446651 ], [ -99.087697, 19.446651 ], [ -99.087697, 19.446651 ], [ -99.087697, 19.446651 ], [ -99.087697, 19.446651 ], [ -99.087697, 19.446651 ], [ -99.0877, 19.44666 ], [ -99.125114, 19.461093 ], [ -99.12513, 19.46109 ], [ -99.125114, 19.461093 ], [ -99.125114, 19.461093 ], [ -99.12513, 19.46109 ], [ -99.125114, 19.461093 ], [ -99.125114, 19.461093 ], [ -99.125114, 19.461093 ], [ -99.12513, 19.46109 ], [ -99.125114, 19.461093 ], [ -99.125114, 19.461093 ], [ -99.125114, 19.461093 ], [ -99.125114, 19.461093 ], [ -99.12513, 19.46109 ], [ -99.144363, 19.489624 ], [ -99.14436, 19.48961 ], [ -99.125114, 19.461093 ], [ -99.144363, 19.489624 ], [ -99.144363, 19.489624 ], [ -99.144363, 19.489624 ], [ -99.144363, 19.489624 ], [ -99.144363, 19.489624 ], [ -99.144363, 19.489624 ], [ -99.144363, 19.489624 ], [ -99.14436, 19.48961 ], [ -99.155956, 19.517566 ], [ -99.155956, 19.517566 ], [ -99.156912, 19.519908 ], [ -99.155956, 19.517566 ], [ -99.155956, 19.517566 ], [ -99.155956, 19.517566 ], [ -99.15597, 19.51755 ], [ -99.155956, 19.517566 ], [ -99.155956, 19.517566 ], [ -99.171188, 19.530886 ], [ -99.171188, 19.530886 ], [ -99.171188, 19.530886 ], [ -99.171188, 19.530886 ], [ -99.171188, 19.530886 ], [ -99.171188, 19.530886 ], [ -99.171188, 19.530886 ], [ -99.17118, 19.53087 ], [ -99.171188, 19.530886 ], [ -99.171188, 19.530886 ], [ -99.18567, 19.55812 ], [ -99.185654, 19.558111 ], [ -99.185654, 19.558111 ], [ -99.185654, 19.558111 ], [ -99.185654, 19.558111 ], [ -99.185654, 19.558111 ], [ -99.185654, 19.558111 ], [ -99.185654, 19.558111 ], [ -99.185654, 19.558111 ], [ -99.185654, 19.558111 ], [ -99.18567, 19.55812 ], [ -99.185654, 19.558111 ], [ -99.188438, 19.601255 ], [ -99.191558, 19.627849 ], [ -99.191558, 19.627849 ], [ -99.191558, 19.627849 ], [ -99.19157, 19.62783 ], [ -99.191558, 19.627849 ], [ -99.191558, 19.627849 ], [ -99.191558, 19.627849 ], [ -99.191558, 19.627849 ], [ -99.191558, 19.627849 ], [ -99.191558, 19.627849 ], [ -99.191558, 19.627849 ], [ -99.19157, 19.62783 ], [ -99.191558, 19.627849 ], [ -99.191558, 19.627849 ], [ -99.191558, 19.627849 ], [ -99.21123, 19.6843 ], [ -99.21121, 19.684309 ], [ -99.21146, 19.683615 ], [ -99.21121, 19.684309 ], [ -99.21121, 19.684309 ], [ -99.21123, 19.6843 ], [ -99.211421, 19.683602 ], [ -99.211421, 19.683602 ], [ -99.21142, 19.6836 ], [ -99.21121, 19.684309 ], [ -99.21142, 19.6836 ], [ -99.211421, 19.683602 ], [ -99.211421, 19.683602 ], [ -99.211421, 19.683602 ], [ -99.211421, 19.683602 ], [ -99.21142, 19.6836 ], [ -99.211403, 19.683575 ], [ -99.211421, 19.683602 ], [ -99.211421, 19.683602 ], [ -99.211421, 19.683602 ], [ -99.21142, 19.6836 ], [ -99.21142, 19.6836 ], [ -99.211421, 19.683602 ], [ -99.211371, 19.683586 ], [ -99.211421, 19.683602 ], [ -99.211421, 19.683602 ], [ -99.21142, 19.6836 ], [ -99.211409, 19.683592 ], [ -99.21141, 19.683592 ], [ -99.21141, 19.683591 ], [ -99.211411, 19.683597 ], [ -99.21142, 19.6836 ], [ -99.211421, 19.683602 ], [ -99.211421, 19.683602 ], [ -99.211421, 19.683602 ], [ -99.211421, 19.683602 ], [ -99.211408, 19.683585 ], [ -99.211421, 19.683602 ], [ -99.211421, 19.683602 ], [ -99.211421, 19.683602 ], [ -99.21142, 19.6836 ], [ -99.211421, 19.683602 ], [ -99.21142, 19.6836 ], [ -99.211397, 19.68359 ], [ -99.211421, 19.683602 ], [ -99.211421, 19.683602 ], [ -99.211421, 19.683602 ], [ -99.211421, 19.683602 ], [ -99.211421, 19.683602 ], [ -99.21142, 19.6836 ], [ -99.211421, 19.683602 ], [ -99.211343, 19.683478 ], [ -99.21142, 19.6836 ], [ -99.211421, 19.683602 ], [ -99.211421, 19.683602 ], [ -99.211421, 19.683602 ], [ -99.211421, 19.683602 ], [ -99.21142, 19.6836 ], [ -99.211376, 19.68361 ], [ -99.211403, 19.683575 ], [ -99.21142, 19.6836 ], [ -99.211421, 19.683602 ], [ -99.211421, 19.683602 ], [ -99.211421, 19.683591 ], [ -99.211421, 19.683602 ], [ -99.21142, 19.6836 ], [ -99.211421, 19.683602 ], [ -99.211377, 19.683592 ], [ -99.21139, 19.683599 ], [ -99.211378, 19.683594 ], [ -99.21142, 19.6836 ], [ -99.211421, 19.683602 ], [ -99.211421, 19.683602 ], [ -99.211421, 19.683602 ], [ -99.21142, 19.6836 ], [ -99.211421, 19.683602 ], [ -99.21138, 19.683593 ], [ -99.211421, 19.683602 ], [ -99.21142, 19.6836 ], [ -99.211421, 19.683602 ], [ -99.211421, 19.683602 ], [ -99.211421, 19.683602 ], [ -99.21142, 19.6836 ], [ -99.211421, 19.683602 ], [ -99.211379, 19.683594 ], [ -99.211378, 19.683595 ], [ -99.211476, 19.683668 ], [ -99.211421, 19.683602 ], [ -99.21142, 19.6836 ], [ -99.21138, 19.683592 ], [ -99.211421, 19.683602 ], [ -99.21142, 19.6836 ], [ -99.211421, 19.683602 ], [ -99.21142, 19.6836 ], [ -99.211421, 19.683602 ], [ -99.211421, 19.683602 ], [ -99.211377, 19.683595 ], [ -99.211377, 19.683594 ], [ -99.21142, 19.6836 ], [ -99.211421, 19.683602 ], [ -99.211378, 19.683596 ], [ -99.211391, 19.683598 ], [ -99.211377, 19.683595 ], [ -99.21142, 19.6836 ], [ -99.211421, 19.683602 ], [ -99.21138, 19.683594 ], [ -99.21142, 19.6836 ], [ -99.211421, 19.683602 ], [ -99.21142, 19.6836 ], [ -99.211421, 19.683602 ], [ -99.211421, 19.683602 ], [ -99.211399, 19.683576 ], [ -99.211377, 19.683592 ], [ -99.211379, 19.683593 ], [ -99.211276, 19.683569 ], [ -99.2114, 19.683579 ], [ -99.211402, 19.68358 ], [ -99.211393, 19.683599 ], [ -99.211421, 19.683578 ], [ -99.21138, 19.683591 ], [ -99.211421, 19.683602 ], [ -99.211421, 19.683602 ], [ -99.211421, 19.683602 ], [ -99.21142, 19.6836 ], [ -99.211421, 19.683602 ], [ -99.211421, 19.683602 ], [ -99.21142, 19.6836 ], [ -99.211377, 19.683594 ], [ -99.211421, 19.683602 ], [ -99.211421, 19.683602 ], [ -99.211421, 19.683602 ], [ -99.21142, 19.6836 ], [ -99.211421, 19.683602 ], [ -99.211421, 19.683602 ], [ -99.211421, 19.683606 ], [ -99.211421, 19.683602 ], [ -99.211421, 19.683602 ], [ -99.211421, 19.683602 ], [ -99.211421, 19.683602 ], [ -99.211421, 19.683602 ], [ -99.211421, 19.683602 ], [ -99.21142, 19.6836 ], [ -99.211409, 19.683598 ], [ -99.21142, 19.6836 ], [ -99.211421, 19.683602 ], [ -99.211421, 19.683602 ], [ -99.211421, 19.683602 ], [ -99.21138, 19.683582 ], [ -99.211421, 19.683602 ], [ -99.211421, 19.683602 ], [ -99.21142, 19.6836 ], [ -99.211421, 19.6836 ], [ -99.211423, 19.683609 ], [ -99.211421, 19.683602 ], [ -99.21142, 19.6836 ], [ -99.21141, 19.6836 ], [ -99.211421, 19.683602 ], [ -99.21142, 19.6836 ], [ -99.211421, 19.683602 ], [ -99.211421, 19.683602 ], [ -99.211421, 19.683621 ], [ -99.211421, 19.683602 ], [ -99.21142, 19.6836 ], [ -99.211421, 19.683602 ], [ -99.21142, 19.6836 ], [ -99.183472, 19.637786 ], [ -99.140441, 19.640564 ], [ -99.131421, 19.629652 ], [ -99.13142, 19.62966 ], [ -99.131421, 19.629652 ], [ -99.131421, 19.629652 ], [ -99.131421, 19.629652 ], [ -99.122547, 19.631499 ], [ -99.12254, 19.63149 ], [ -99.122547, 19.631499 ], [ -99.122547, 19.631499 ], [ -99.12254, 19.63149 ], [ -99.109367, 19.636156 ], [ -99.109367, 19.636156 ], [ -99.109367, 19.636156 ], [ -99.10936, 19.63616 ], [ -99.10936, 19.63616 ], [ -99.109367, 19.636156 ], [ -99.109367, 19.636156 ], [ -99.102275, 19.635124 ], [ -99.09303, 19.63236 ], [ -99.102275, 19.635124 ], [ -99.09303, 19.63236 ], [ -99.093013, 19.63235 ], [ -99.093013, 19.63235 ], [ -99.08471, 19.6291 ], [ -99.084706, 19.629101 ], [ -99.084706, 19.629101 ], [ -99.084706, 19.629101 ], [ -99.08471, 19.6291 ], [ -99.077146, 19.624738 ], [ -99.041097, 19.615836 ], [ -99.041092, 19.615894 ], [ -99.040617, 19.616509 ], [ -99.04063, 19.6165 ], [ -99.04129, 19.617907 ], [ -99.04129, 19.6179 ], [ -99.04129, 19.617907 ], [ -99.04129, 19.617907 ], [ -99.037712, 19.621009 ], [ -99.037723, 19.621008 ], [ -99.037723, 19.621008 ], [ -99.035497, 19.624005 ], [ -99.035496, 19.624006 ], [ -99.033719, 19.626355 ], [ -99.03373, 19.62636 ], [ -99.033719, 19.626355 ], [ -99.02799, 19.63287 ], [ -99.027974, 19.632883 ], [ -99.027974, 19.632883 ], [ -99.02523, 19.63247 ], [ -99.025218, 19.63248 ], [ -99.020306, 19.631653 ], [ -99.02115, 19.62906 ], [ -99.021136, 19.629057 ], [ -99.021136, 19.629057 ], [ -99.021136, 19.629057 ], [ -99.02115, 19.62906 ] ] } },
{ "type": "Feature", "properties": { "device_id": "8dcded3642b54593cb2676eef29aceca5d7e70111931e220481926cab0c4a067", "timestamps": "2020-01-01T09:38:12, 2020-01-01T11:14:52, 2020-01-01T11:15:23, 2020-01-01T11:15:48, 2020-01-01T11:16:07, 2020-01-01T11:16:16, 2020-01-01T11:16:29, 2020-01-01T11:17:24, 2020-01-01T11:17:25, 2020-01-01T11:17:43, 2020-01-01T11:17:53, 2020-01-01T11:18:13, 2020-01-01T11:18:23, 2020-01-01T11:18:48, 2020-01-01T11:21:02, 2020-01-01T11:21:26, 2020-01-01T11:21:33, 2020-01-01T11:21:44, 2020-01-01T11:30:13, 2020-01-01T11:30:43, 2020-01-01T11:31:41, 2020-01-01T11:32:00, 2020-01-01T11:32:34, 2020-01-01T11:32:57, 2020-01-01T11:33:24, 2020-01-01T11:36:26, 2020-01-01T11:36:57, 2020-01-01T11:47:45, 2020-01-01T11:48:12, 2020-01-01T11:54:23, 2020-01-01T12:21:15, 2020-01-01T12:21:43, 2020-01-01T12:26:35, 2020-01-01T12:48:55, 2020-01-01T12:49:41, 2020-01-01T12:50:10, 2020-01-01T12:50:37, 2020-01-01T12:50:47, 2020-01-01T12:51:06, 2020-01-01T12:51:22, 2020-01-01T12:51:58, 2020-01-01T12:52:44, 2020-01-01T12:54:23, 2020-01-01T12:54:41, 2020-01-01T12:55:02, 2020-01-01T12:55:22, 2020-01-01T12:55:30, 2020-01-01T12:55:53, 2020-01-01T12:56:13, 2020-01-01T12:56:51, 2020-01-01T12:57:06, 2020-01-01T12:57:28, 2020-01-01T12:57:44, 2020-01-01T12:58:53, 2020-01-01T13:02:13, 2020-01-01T13:02:30, 2020-01-01T13:03:07, 2020-01-01T13:03:42, 2020-01-01T13:04:23, 2020-01-01T13:05:48, 2020-01-01T13:06:11, 2020-01-01T13:34:51, 2020-01-01T13:35:01, 2020-01-01T13:47:03, 2020-01-01T14:38:57, 2020-01-01T14:39:59, 2020-01-01T14:40:00, 2020-01-01T14:40:33, 2020-01-01T14:41:06, 2020-01-01T14:41:29, 2020-01-01T14:42:15, 2020-01-01T14:53:08, 2020-01-01T14:53:39, 2020-01-01T14:57:18, 2020-01-01T14:57:53, 2020-01-01T14:58:39, 2020-01-01T15:45:06, 2020-01-01T17:49:23, 2020-01-01T18:10:00, 2020-01-01T18:10:01, 2020-01-01T18:10:13, 2020-01-01T18:10:31, 2020-01-01T18:11:08, 2020-01-01T18:13:48, 2020-01-01T18:14:19, 2020-01-01T18:40:34, 2020-01-01T18:40:39, 2020-01-01T19:11:51, 2020-01-01T22:14:26, 2020-01-01T22:20:52, 2020-01-01T23:21:40, 2020-01-01T23:22:30, 2020-01-01T23:22:48, 2020-01-01T23:23:08, 2020-01-01T23:24:02, 2020-01-01T23:26:58, 2020-01-01T23:27:13, 2020-01-01T23:27:27, 2020-01-01T23:27:34, 2020-01-01T23:27:51, 2020-01-01T23:28:34, 2020-01-01T23:38:39, 2020-01-01T23:42:56, 2020-01-01T23:43:26, 2020-01-01T23:46:55, 2020-01-01T23:47:17, 2020-01-01T23:47:26, 2020-01-01T23:47:50, 2020-01-01T23:48:09, 2020-01-01T23:48:27, 2020-01-01T23:48:33, 2020-01-01T23:56:48, 2020-01-01T23:56:54, 2020-01-01T23:57:12, 2020-01-01T23:57:20, 2020-01-01T23:58:16, 2020-01-01T23:58:49, 2020-01-01T23:59:08, 2020-01-01T23:59:52" }, "geometry": { "type": "LineString", "coordinates": [ [ -98.827405, 19.276618 ], [ -98.827385, 19.276624 ], [ -98.827385, 19.276624 ], [ -98.827389, 19.27662 ], [ -98.827385, 19.276624 ], [ -98.827389, 19.27662 ], [ -98.827385, 19.276624 ], [ -98.827389, 19.27662 ], [ -98.827385, 19.276624 ], [ -98.827385, 19.276624 ], [ -98.827385, 19.276624 ], [ -98.827385, 19.276624 ], [ -98.827389, 19.27662 ], [ -98.827385, 19.276624 ], [ -98.827385, 19.276624 ], [ -98.827385, 19.276624 ], [ -98.827385, 19.276624 ], [ -98.827385, 19.276624 ], [ -98.827385, 19.276624 ], [ -98.827385, 19.276624 ], [ -98.827385, 19.276624 ], [ -98.827385, 19.276624 ], [ -98.827385, 19.276624 ], [ -98.827385, 19.276624 ], [ -98.827385, 19.276624 ], [ -98.827385, 19.276624 ], [ -98.827385, 19.276624 ], [ -98.827385, 19.276624 ], [ -98.827385, 19.276624 ], [ -98.82739, 19.27662 ], [ -98.8653, 19.292369 ], [ -98.865291, 19.292374 ], [ -98.865291, 19.292374 ], [ -98.979018, 19.343391 ], [ -99.08804, 19.415251 ], [ -99.08804, 19.415251 ], [ -99.08804, 19.415251 ], [ -99.08804, 19.415251 ], [ -99.08804, 19.415251 ], [ -99.08804, 19.415251 ], [ -99.08804, 19.415251 ], [ -99.091584, 19.429211 ], [ -99.091584, 19.429211 ], [ -99.091584, 19.429211 ], [ -99.091584, 19.429211 ], [ -99.091584, 19.429211 ], [ -99.091584, 19.429211 ], [ -99.091584, 19.429211 ], [ -99.091584, 19.429211 ], [ -99.095037, 19.451916 ], [ -99.095037, 19.451916 ], [ -99.095037, 19.451916 ], [ -99.095037, 19.451916 ], [ -99.095037, 19.451916 ], [ -99.128033, 19.46204 ], [ -99.128033, 19.46204 ], [ -99.128033, 19.46204 ], [ -99.128033, 19.46204 ], [ -99.128033, 19.46204 ], [ -99.147775, 19.465159 ], [ -99.147775, 19.465159 ], [ -99.144311, 19.465479 ], [ -99.144311, 19.465479 ], [ -99.144305, 19.465464 ], [ -99.144337, 19.465449 ], [ -99.144337, 19.465449 ], [ -99.144337, 19.465449 ], [ -99.144337, 19.465449 ], [ -99.144337, 19.465449 ], [ -99.144337, 19.465449 ], [ -99.144337, 19.465449 ], [ -99.144216, 19.465374 ], [ -99.144216, 19.465374 ], [ -99.144216, 19.465374 ], [ -99.144052, 19.46545 ], [ -99.144052, 19.46545 ], [ -99.143847, 19.465234 ], [ -99.14408, 19.46538 ], [ -99.14412, 19.465409 ], [ -99.14412, 19.4654 ], [ -99.144121, 19.465391 ], [ -99.14413, 19.465389 ], [ -99.144121, 19.465391 ], [ -99.14413, 19.465389 ], [ -99.14413, 19.465389 ], [ -99.14424, 19.46519 ], [ -99.144321, 19.465334 ], [ -99.14416, 19.46516 ], [ -98.827396, 19.276606 ], [ -98.827396, 19.276606 ], [ -98.827391, 19.27661 ], [ -98.827391, 19.27661 ], [ -98.82739, 19.27661 ], [ -98.827391, 19.27661 ], [ -98.827391, 19.27661 ], [ -98.82739, 19.27661 ], [ -98.8274, 19.27661 ], [ -98.827391, 19.27661 ], [ -98.827391, 19.27661 ], [ -98.82739, 19.27661 ], [ -98.827391, 19.27661 ], [ -98.827391, 19.27661 ], [ -98.82739, 19.27661 ], [ -98.827391, 19.27661 ], [ -98.827391, 19.27661 ], [ -98.827391, 19.27661 ], [ -98.82739, 19.27661 ], [ -98.827391, 19.27661 ], [ -98.82739, 19.27661 ], [ -98.82739, 19.27661 ], [ -98.827391, 19.27661 ], [ -98.827391, 19.27661 ], [ -98.82739, 19.27661 ], [ -98.82739, 19.27661 ], [ -98.82739, 19.27661 ], [ -98.827391, 19.27661 ], [ -98.827391, 19.27661 ], [ -98.82739, 19.27661 ], [ -98.827391, 19.27661 ] ] } },
{ "type": "Feature", "properties": { "device_id": "c9746bdb9fcb6e5346f7543ce81c0ab4cfad97cbcf408fd3910ffa8a18ac05fc", "timestamps": "2020-01-01T17:40:04, 2020-01-01T17:40:53, 2020-01-01T17:45:18, 2020-01-01T17:45:28, 2020-01-01T17:45:31, 2020-01-01T17:45:42, 2020-01-01T17:50:38, 2020-01-01T17:50:48, 2020-01-01T17:56:04, 2020-01-01T17:56:06, 2020-01-01T17:56:53, 2020-01-01T17:56:56, 2020-01-01T18:01:38, 2020-01-01T18:01:48, 2020-01-01T18:08:38, 2020-01-01T18:08:48, 2020-01-01T18:13:31, 2020-01-01T18:13:42, 2020-01-01T19:24:15, 2020-01-01T19:24:20, 2020-01-01T19:29:18, 2020-01-01T19:29:28, 2020-01-01T19:32:03, 2020-01-01T19:32:54, 2020-01-01T20:01:32, 2020-01-01T20:01:41, 2020-01-01T20:06:05, 2020-01-01T20:06:50, 2020-01-01T20:11:19, 2020-01-01T20:11:29, 2020-01-01T20:20:32, 2020-01-01T20:20:41, 2020-01-01T20:25:36, 2020-01-01T20:25:46, 2020-01-01T20:31:39, 2020-01-01T20:31:49, 2020-01-01T20:35:05, 2020-01-01T20:35:50, 2020-01-01T20:38:15, 2020-01-01T20:38:20, 2020-01-01T20:59:33, 2020-01-01T20:59:44, 2020-01-01T21:38:33, 2020-01-01T21:38:44, 2020-01-01T21:43:33, 2020-01-01T21:43:44, 2020-01-01T21:47:39, 2020-01-01T21:47:49, 2020-01-01T21:57:37, 2020-01-01T21:57:47, 2020-01-01T22:07:05, 2020-01-01T22:07:50, 2020-01-01T22:31:12, 2020-01-01T22:31:21, 2020-01-01T23:04:33, 2020-01-01T23:04:44, 2020-01-01T23:19:38, 2020-01-01T23:19:48" }, "geometry": { "type": "LineString", "coordinates": [ [ -98.87922, 19.41903 ], [ -98.879227, 19.419034 ], [ -98.87897, 19.4188 ], [ -98.878957, 19.4188 ], [ -98.879227, 19.419034 ], [ -98.87922, 19.41903 ], [ -98.879227, 19.419034 ], [ -98.87922, 19.41903 ], [ -98.879227, 19.419034 ], [ -98.87898, 19.41883 ], [ -98.87922, 19.41903 ], [ -98.878982, 19.418848 ], [ -98.87922, 19.41903 ], [ -98.879227, 19.419034 ], [ -98.879227, 19.419034 ], [ -98.87922, 19.41903 ], [ -98.87922, 19.41903 ], [ -98.879227, 19.419034 ], [ -99.094249, 19.423126 ], [ -99.09424, 19.42311 ], [ -99.08529, 19.44216 ], [ -99.085276, 19.442156 ], [ -99.09316, 19.45204 ], [ -99.093168, 19.452037 ], [ -99.145218, 19.465895 ], [ -99.14523, 19.46589 ], [ -99.145218, 19.465895 ], [ -99.14523, 19.46589 ], [ -99.14523, 19.46589 ], [ -99.145218, 19.465895 ], [ -99.14544, 19.46593 ], [ -99.145447, 19.46594 ], [ -99.1455, 19.466012 ], [ -99.1455, 19.46602 ], [ -99.14549, 19.46603 ], [ -99.145475, 19.466043 ], [ -99.14553, 19.46597 ], [ -99.145515, 19.465971 ], [ -99.14544, 19.46592 ], [ -99.145447, 19.465914 ], [ -99.14545, 19.46593 ], [ -99.145435, 19.465949 ], [ -99.14523, 19.46589 ], [ -99.145218, 19.465895 ], [ -99.14523, 19.46589 ], [ -99.145218, 19.465895 ], [ -99.14534, 19.46612 ], [ -99.145341, 19.466114 ], [ -99.145216, 19.466366 ], [ -99.14523, 19.46634 ], [ -99.14509, 19.46613 ], [ -99.145075, 19.466148 ], [ -99.14509, 19.46617 ], [ -99.145076, 19.466189 ], [ -99.1451, 19.46618 ], [ -99.145098, 19.466175 ], [ -99.14533, 19.46592 ], [ -99.145311, 19.465916 ] ] } },
{ "type": "Feature", "properties": { "device_id": "45a71a479876df8378881bc8eab62afba23c531c694c9d4b4b24f48cf05270c5", "timestamps": "2020-01-01T06:05:30, 2020-01-01T06:18:23, 2020-01-01T06:28:33, 2020-01-01T06:41:11, 2020-01-01T06:57:50, 2020-01-01T07:06:05, 2020-01-01T07:17:17, 2020-01-01T07:31:53, 2020-01-01T07:46:50, 2020-01-01T07:56:25, 2020-01-01T08:06:54, 2020-01-01T08:20:43, 2020-01-01T08:31:36, 2020-01-01T08:43:53, 2020-01-01T08:53:01, 2020-01-01T09:06:57, 2020-01-01T09:16:21, 2020-01-01T09:31:53, 2020-01-01T09:43:53, 2020-01-01T09:53:47, 2020-01-01T10:10:53, 2020-01-01T10:25:59, 2020-01-01T10:36:53, 2020-01-01T10:46:17, 2020-01-01T10:53:20, 2020-01-01T10:54:30, 2020-01-01T10:54:55, 2020-01-01T10:55:42, 2020-01-01T10:56:26, 2020-01-01T10:57:37, 2020-01-01T10:57:51, 2020-01-01T10:58:41, 2020-01-01T10:59:28, 2020-01-01T11:00:05, 2020-01-01T11:00:53, 2020-01-01T11:01:40, 2020-01-01T11:02:15, 2020-01-01T11:03:02, 2020-01-01T11:03:56, 2020-01-01T11:04:47, 2020-01-01T11:05:14, 2020-01-01T11:06:03, 2020-01-01T11:06:58, 2020-01-01T11:07:49, 2020-01-01T11:08:10, 2020-01-01T11:09:00, 2020-01-01T11:09:25, 2020-01-01T11:10:32, 2020-01-01T11:11:16, 2020-01-01T11:12:07, 2020-01-01T11:12:22, 2020-01-01T11:13:34, 2020-01-01T11:14:19, 2020-01-01T11:15:20, 2020-01-01T11:16:37, 2020-01-01T11:16:52, 2020-01-01T11:17:18, 2020-01-01T11:17:38, 2020-01-01T11:18:44, 2020-01-01T11:19:29, 2020-01-01T11:20:39, 2020-01-01T11:20:53, 2020-01-01T11:21:43, 2020-01-01T11:22:15, 2020-01-01T11:23:02, 2020-01-01T11:23:50, 2020-01-01T11:24:09, 2020-01-01T11:24:47, 2020-01-01T11:25:54, 2020-01-01T11:25:55, 2020-01-01T11:25:57, 2020-01-01T11:38:17, 2020-01-01T11:55:54, 2020-01-01T12:04:34, 2020-01-01T12:14:39, 2020-01-01T12:34:50, 2020-01-01T12:50:59, 2020-01-01T13:05:44, 2020-01-01T13:26:52, 2020-01-01T13:46:55, 2020-01-01T14:06:36, 2020-01-01T14:26:00, 2020-01-01T14:26:10, 2020-01-01T14:48:20, 2020-01-01T15:08:46, 2020-01-01T15:29:14, 2020-01-01T15:49:53, 2020-01-01T16:02:13, 2020-01-01T16:22:25, 2020-01-01T16:41:38, 2020-01-01T17:06:55, 2020-01-01T17:25:11, 2020-01-01T17:25:42, 2020-01-01T17:35:02, 2020-01-01T17:46:27, 2020-01-01T17:55:19, 2020-01-01T18:06:51, 2020-01-01T18:16:48, 2020-01-01T18:39:16, 2020-01-01T18:49:22, 2020-01-01T19:08:23, 2020-01-01T19:20:51, 2020-01-01T19:26:20, 2020-01-01T19:26:28, 2020-01-01T19:26:56, 2020-01-01T19:27:39, 2020-01-01T19:27:53, 2020-01-01T19:28:43, 2020-01-01T19:29:15, 2020-01-01T19:30:02, 2020-01-01T19:30:56, 2020-01-01T19:31:46, 2020-01-01T19:32:12, 2020-01-01T19:33:02, 2020-01-01T19:33:56, 2020-01-01T19:34:47, 2020-01-01T19:35:11, 2020-01-01T19:36:03, 2020-01-01T19:36:58, 2020-01-01T19:37:35, 2020-01-01T19:38:16, 2020-01-01T19:39:08, 2020-01-01T19:39:20, 2020-01-01T19:40:33, 2020-01-01T19:41:19, 2020-01-01T19:42:20, 2020-01-01T19:43:36, 2020-01-01T19:43:55, 2020-01-01T19:44:42, 2020-01-01T19:45:27, 2020-01-01T19:46:38, 2020-01-01T19:46:51, 2020-01-01T19:47:43, 2020-01-01T19:48:15, 2020-01-01T19:49:02, 2020-01-01T19:49:50, 2020-01-01T19:50:47, 2020-01-01T19:51:11, 2020-01-01T19:52:07, 2020-01-01T19:52:57, 2020-01-01T19:53:49, 2020-01-01T19:54:13, 2020-01-01T19:55:00, 2020-01-01T19:55:59, 2020-01-01T19:56:32, 2020-01-01T19:57:17, 2020-01-01T19:58:08, 2020-01-01T19:58:21, 2020-01-01T19:59:37, 2020-01-01T20:00:47, 2020-01-01T20:10:36, 2020-01-01T20:29:48, 2020-01-01T20:39:11, 2020-01-01T20:49:38, 2020-01-01T21:03:21, 2020-01-01T21:17:20, 2020-01-01T21:27:14, 2020-01-01T21:42:16, 2020-01-01T21:52:51, 2020-01-01T22:02:44, 2020-01-01T22:16:00, 2020-01-01T22:26:36, 2020-01-01T22:40:25, 2020-01-01T22:59:24, 2020-01-01T23:15:52, 2020-01-01T23:25:23, 2020-01-01T23:35:43, 2020-01-01T23:35:44, 2020-01-01T23:54:43" }, "geometry": { "type": "LineString", "coordinates": [ [ -99.171049, 19.464714 ], [ -99.171019, 19.464726 ], [ -99.171019, 19.464726 ], [ -99.171035, 19.464724 ], [ -99.171043, 19.464703 ], [ -99.171062, 19.464726 ], [ -99.171033, 19.464725 ], [ -99.171045, 19.464716 ], [ -99.171046, 19.464707 ], [ -99.171031, 19.464716 ], [ -99.171039, 19.464714 ], [ -99.171019, 19.464743 ], [ -99.171016, 19.464724 ], [ -99.171033, 19.464724 ], [ -99.171062, 19.464721 ], [ -99.171047, 19.46471 ], [ -99.171032, 19.464693 ], [ -99.171034, 19.46472 ], [ -99.171016, 19.464729 ], [ -99.171057, 19.46475 ], [ -99.171029, 19.464721 ], [ -99.171041, 19.464716 ], [ -99.171062, 19.464698 ], [ -99.171083, 19.46471 ], [ -99.162603, 19.472596 ], [ -99.158263, 19.476964 ], [ -99.158978, 19.473771 ], [ -99.157659, 19.479371 ], [ -99.157212, 19.481414 ], [ -99.155944, 19.486669 ], [ -99.156654, 19.483571 ], [ -99.154998, 19.490436 ], [ -99.154265, 19.493613 ], [ -99.155674, 19.499756 ], [ -99.153897, 19.494899 ], [ -99.155456, 19.503178 ], [ -99.152415, 19.504353 ], [ -99.149505, 19.505555 ], [ -99.151061, 19.50496 ], [ -99.146195, 19.506752 ], [ -99.142601, 19.508198 ], [ -99.140974, 19.512519 ], [ -99.139848, 19.50972 ], [ -99.142588, 19.514783 ], [ -99.142848, 19.518344 ], [ -99.140365, 19.524673 ], [ -99.141141, 19.521172 ], [ -99.141393, 19.527959 ], [ -99.142024, 19.530725 ], [ -99.141837, 19.536596 ], [ -99.141806, 19.533529 ], [ -99.140387, 19.538785 ], [ -99.139494, 19.541095 ], [ -99.137971, 19.543966 ], [ -99.135429, 19.548284 ], [ -99.136514, 19.546339 ], [ -99.133964, 19.550866 ], [ -99.133524, 19.551666 ], [ -99.133622, 19.55273 ], [ -99.133695, 19.552692 ], [ -99.133709, 19.552666 ], [ -99.133709, 19.552666 ], [ -99.133709, 19.552666 ], [ -99.133709, 19.552666 ], [ -99.133728, 19.552589 ], [ -99.133728, 19.552589 ], [ -99.133697, 19.552589 ], [ -99.133699, 19.552569 ], [ -99.13369, 19.55257 ], [ -99.133694, 19.55259 ], [ -99.133631, 19.552575 ], [ -99.133571, 19.552579 ], [ -99.133592, 19.552595 ], [ -99.133784, 19.55251 ], [ -99.133688, 19.552566 ], [ -99.133597, 19.55257 ], [ -99.133597, 19.55257 ], [ -99.133603, 19.552571 ], [ -99.13367, 19.552519 ], [ -99.13367, 19.552519 ], [ -99.13367, 19.552519 ], [ -99.13367, 19.552519 ], [ -99.13367, 19.552519 ], [ -99.13367, 19.552519 ], [ -99.13367, 19.552519 ], [ -99.13367, 19.552519 ], [ -99.13367, 19.552519 ], [ -99.133599, 19.552573 ], [ -99.133599, 19.552573 ], [ -99.133599, 19.552573 ], [ -99.133599, 19.552573 ], [ -99.133606, 19.552596 ], [ -99.133595, 19.552593 ], [ -99.133597, 19.552602 ], [ -99.133597, 19.552602 ], [ -99.133563, 19.552594 ], [ -99.133581, 19.5526 ], [ -99.133569, 19.552596 ], [ -99.133686, 19.55259 ], [ -99.133902, 19.552424 ], [ -99.133573, 19.552595 ], [ -99.133596, 19.552592 ], [ -99.135553, 19.551424 ], [ -99.135689, 19.55147 ], [ -99.135343, 19.55128 ], [ -99.137378, 19.547782 ], [ -99.136461, 19.550373 ], [ -99.138455, 19.544995 ], [ -99.139878, 19.541638 ], [ -99.141377, 19.537705 ], [ -99.140443, 19.54021 ], [ -99.142148, 19.535465 ], [ -99.142177, 19.533449 ], [ -99.142149, 19.529275 ], [ -99.142204, 19.531021 ], [ -99.142149, 19.529275 ], [ -99.140629, 19.526596 ], [ -99.142894, 19.518894 ], [ -99.140791, 19.521684 ], [ -99.14346, 19.515956 ], [ -99.141122, 19.512495 ], [ -99.144386, 19.507937 ], [ -99.141179, 19.509343 ], [ -99.148806, 19.506169 ], [ -99.152873, 19.504666 ], [ -99.156534, 19.502846 ], [ -99.152466, 19.490653 ], [ -99.155157, 19.497636 ], [ -99.149779, 19.483435 ], [ -99.146795, 19.475835 ], [ -99.144094, 19.468294 ], [ -99.145028, 19.47069 ], [ -99.143968, 19.468039 ], [ -99.143654, 19.46516 ], [ -99.15838, 19.46409 ], [ -99.150044, 19.463153 ], [ -99.163522, 19.457531 ], [ -99.164475, 19.449217 ], [ -99.169676, 19.436603 ], [ -99.166876, 19.441704 ], [ -99.169804, 19.436372 ], [ -99.169605, 19.4361 ], [ -99.167702, 19.439096 ], [ -99.167796, 19.439042 ], [ -99.167736, 19.439127 ], [ -99.167712, 19.439114 ], [ -99.167644, 19.439108 ], [ -99.16773, 19.439115 ], [ -99.16756, 19.438972 ], [ -99.167388, 19.439009 ], [ -99.167962, 19.439207 ], [ -99.167753, 19.439029 ], [ -99.167927, 19.439334 ], [ -99.167974, 19.439337 ], [ -99.168111, 19.439044 ], [ -99.168008, 19.439189 ], [ -99.167966, 19.439248 ], [ -99.167961, 19.439302 ], [ -99.167819, 19.439048 ], [ -99.167914, 19.438937 ], [ -99.167895, 19.439274 ], [ -99.168047, 19.439099 ], [ -99.167919, 19.439221 ], [ -99.168026, 19.439271 ], [ -99.16804, 19.439164 ], [ -99.168025, 19.439199 ], [ -99.1679, 19.439261 ], [ -99.1679, 19.439261 ], [ -99.167919, 19.43935 ] ] } },
{ "type": "Feature", "properties": { "device_id": "47c796c841e8d505efe2b974a8568e88aa400e8e21a4fe8ebea01e9ac1d99ab8", "timestamps": "2020-01-01T06:06:42, 2020-01-01T06:47:08, 2020-01-01T07:13:00, 2020-01-01T07:25:15, 2020-01-01T07:40:15, 2020-01-01T07:55:15, 2020-01-01T08:10:12, 2020-01-01T08:25:12, 2020-01-01T08:40:11, 2020-01-01T08:55:11, 2020-01-01T09:10:14, 2020-01-01T09:23:32, 2020-01-01T09:24:46, 2020-01-01T09:39:40, 2020-01-01T09:54:46, 2020-01-01T10:09:46, 2020-01-01T10:10:12, 2020-01-01T10:10:15, 2020-01-01T10:25:12, 2020-01-01T10:40:11, 2020-01-01T10:55:11, 2020-01-01T11:10:14, 2020-01-01T11:31:39, 2020-01-01T11:50:55, 2020-01-01T11:53:20, 2020-01-01T11:58:40, 2020-01-01T15:05:21, 2020-01-01T15:06:38, 2020-01-01T15:21:07, 2020-01-01T19:28:40, 2020-01-01T19:28:43, 2020-01-01T19:28:47, 2020-01-01T19:29:03, 2020-01-01T19:29:15, 2020-01-01T19:29:52, 2020-01-01T19:30:22, 2020-01-01T19:32:51, 2020-01-01T19:45:20, 2020-01-01T20:22:56, 2020-01-01T20:23:37, 2020-01-01T20:26:51, 2020-01-01T20:27:37, 2020-01-01T20:28:52" }, "geometry": { "type": "LineString", "coordinates": [ [ -98.876524, 19.329296 ], [ -98.876524, 19.329296 ], [ -98.876524, 19.329296 ], [ -98.876523, 19.329304 ], [ -98.876523, 19.329304 ], [ -98.876523, 19.329304 ], [ -98.876523, 19.329304 ], [ -98.876523, 19.329304 ], [ -98.876523, 19.329304 ], [ -98.876523, 19.329304 ], [ -98.876523, 19.329304 ], [ -98.876523, 19.329304 ], [ -98.876523, 19.329304 ], [ -98.876523, 19.329304 ], [ -98.876523, 19.329304 ], [ -98.876523, 19.329304 ], [ -98.876523, 19.329304 ], [ -98.876523, 19.329304 ], [ -98.876523, 19.329304 ], [ -98.876523, 19.329304 ], [ -98.876523, 19.329304 ], [ -98.876523, 19.329304 ], [ -98.876523, 19.329304 ], [ -98.876523, 19.329304 ], [ -98.876523, 19.329304 ], [ -98.881019, 19.315096 ], [ -99.144996, 19.465792 ], [ -99.144996, 19.465792 ], [ -99.144903, 19.465869 ], [ -99.14495, 19.466204 ], [ -99.144903, 19.465869 ], [ -99.144976, 19.465888 ], [ -99.144904, 19.465852 ], [ -99.144952, 19.46582 ], [ -99.144976, 19.465888 ], [ -99.144904, 19.465852 ], [ -99.144904, 19.465852 ], [ -99.144904, 19.465852 ], [ -99.144994, 19.466152 ], [ -99.145041, 19.46618 ], [ -99.145027, 19.466132 ], [ -99.144926, 19.466177 ], [ -99.14499, 19.466187 ] ] } },
{ "type": "Feature", "properties": { "device_id": "65a52c0c2e9c4ef20cf47f5d39509b7948ce26a0346f3031441131de99082f3b", "timestamps": "2020-01-01T06:13:24, 2020-01-01T06:42:31, 2020-01-01T07:03:34, 2020-01-01T07:03:43, 2020-01-01T07:34:50, 2020-01-01T07:44:37, 2020-01-01T07:44:47, 2020-01-01T08:03:55, 2020-01-01T08:13:07, 2020-01-01T08:13:57, 2020-01-01T08:23:58, 2020-01-01T08:33:05, 2020-01-01T08:43:55, 2020-01-01T08:47:41, 2020-01-01T08:53:57, 2020-01-01T09:02:07, 2020-01-01T09:02:57, 2020-01-01T09:14:02, 2020-01-01T09:17:57, 2020-01-01T09:24:02, 2020-01-01T09:33:02, 2020-01-01T09:47:50, 2020-01-01T09:47:52, 2020-01-01T09:54:11, 2020-01-01T10:04:57, 2020-01-01T10:14:07, 2020-01-01T10:24:57, 2020-01-01T10:34:07, 2020-01-01T10:44:57, 2020-01-01T10:54:37, 2020-01-01T11:04:57, 2020-01-01T11:24:53, 2020-01-01T11:34:07, 2020-01-01T11:44:41, 2020-01-01T11:56:34, 2020-01-01T12:04:08, 2020-01-01T12:24:13, 2020-01-01T12:34:58, 2020-01-01T12:52:19, 2020-01-01T13:14:13, 2020-01-01T13:34:58, 2020-01-01T13:46:47, 2020-01-01T14:00:44, 2020-01-01T14:03:59, 2020-01-01T14:09:39, 2020-01-01T14:11:41, 2020-01-01T14:13:36, 2020-01-01T14:17:44, 2020-01-01T14:22:54, 2020-01-01T14:27:56, 2020-01-01T14:30:50, 2020-01-01T14:40:02, 2020-01-01T14:44:42, 2020-01-01T14:53:21, 2020-01-01T15:05:05, 2020-01-01T15:10:26, 2020-01-01T15:20:47, 2020-01-01T15:37:25, 2020-01-01T15:55:57, 2020-01-01T15:57:22, 2020-01-01T16:08:39, 2020-01-01T16:22:19, 2020-01-01T16:26:38, 2020-01-01T16:32:00, 2020-01-01T16:33:58, 2020-01-01T16:36:51, 2020-01-01T16:43:42, 2020-01-01T16:45:01, 2020-01-01T16:49:59, 2020-01-01T17:01:25, 2020-01-01T17:03:31, 2020-01-01T17:08:27, 2020-01-01T17:16:21, 2020-01-01T17:26:38, 2020-01-01T17:39:13, 2020-01-01T17:52:59, 2020-01-01T17:54:59, 2020-01-01T17:57:03, 2020-01-01T18:01:58, 2020-01-01T18:02:17, 2020-01-01T18:04:00, 2020-01-01T18:04:11, 2020-01-01T18:05:53, 2020-01-01T18:08:09, 2020-01-01T18:09:29, 2020-01-01T18:13:29, 2020-01-01T18:15:39, 2020-01-01T18:16:32, 2020-01-01T18:16:41, 2020-01-01T18:18:54, 2020-01-01T18:20:08, 2020-01-01T18:21:03, 2020-01-01T18:21:15, 2020-01-01T18:23:52, 2020-01-01T18:25:03, 2020-01-01T18:26:48, 2020-01-01T18:28:31, 2020-01-01T18:40:01, 2020-01-01T18:41:22, 2020-01-01T18:53:19, 2020-01-01T18:59:42, 2020-01-01T19:06:17, 2020-01-01T19:09:34, 2020-01-01T19:24:47, 2020-01-01T19:25:35, 2020-01-01T19:25:40, 2020-01-01T19:25:52, 2020-01-01T19:30:06, 2020-01-01T19:30:15, 2020-01-01T19:30:27, 2020-01-01T19:31:15, 2020-01-01T19:31:44, 2020-01-01T19:35:54, 2020-01-01T19:37:02, 2020-01-01T19:42:16, 2020-01-01T19:42:57, 2020-01-01T19:43:13, 2020-01-01T19:43:31, 2020-01-01T19:51:08, 2020-01-01T19:52:44, 2020-01-01T19:57:58, 2020-01-01T19:58:33, 2020-01-01T19:59:43, 2020-01-01T20:00:09, 2020-01-01T20:07:29, 2020-01-01T20:08:02, 2020-01-01T20:09:16, 2020-01-01T20:11:01, 2020-01-01T20:14:25, 2020-01-01T20:15:07, 2020-01-01T20:20:21, 2020-01-01T20:21:53, 2020-01-01T20:23:39, 2020-01-01T20:28:08, 2020-01-01T20:34:20, 2020-01-01T20:40:04, 2020-01-01T20:41:43, 2020-01-01T20:47:26, 2020-01-01T20:50:26, 2020-01-01T20:52:16, 2020-01-01T20:56:53, 2020-01-01T20:58:58, 2020-01-01T20:59:04, 2020-01-01T21:03:26, 2020-01-01T21:04:21, 2020-01-01T21:05:05, 2020-01-01T21:07:18, 2020-01-01T21:10:20, 2020-01-01T21:12:01, 2020-01-01T21:12:52, 2020-01-01T21:14:57, 2020-01-01T21:23:37, 2020-01-01T21:23:47, 2020-01-01T21:25:55, 2020-01-01T21:36:38, 2020-01-01T21:48:08, 2020-01-01T21:56:20, 2020-01-01T22:01:16, 2020-01-01T22:13:46, 2020-01-01T22:16:35, 2020-01-01T22:18:25, 2020-01-01T22:21:26, 2020-01-01T22:26:16, 2020-01-01T22:36:27, 2020-01-01T22:48:11, 2020-01-01T22:48:22, 2020-01-01T22:48:37, 2020-01-01T22:48:47, 2020-01-01T23:08:08, 2020-01-01T23:08:58, 2020-01-01T23:12:37, 2020-01-01T23:13:04, 2020-01-01T23:21:12, 2020-01-01T23:21:21, 2020-01-01T23:27:15, 2020-01-01T23:30:30, 2020-01-01T23:30:45, 2020-01-01T23:33:04, 2020-01-01T23:40:13, 2020-01-01T23:57:21" }, "geometry": { "type": "LineString", "coordinates": [ [ -98.920527, 19.315831 ], [ -98.920494, 19.315841 ], [ -98.920507, 19.315833 ], [ -98.920507, 19.315845 ], [ -98.92052, 19.315831 ], [ -98.920505, 19.315847 ], [ -98.920503, 19.315835 ], [ -98.920506, 19.315839 ], [ -98.9205, 19.315844 ], [ -98.9205, 19.315833 ], [ -98.920518, 19.31583 ], [ -98.920498, 19.315841 ], [ -98.920494, 19.315832 ], [ -98.920499, 19.315845 ], [ -98.920504, 19.315838 ], [ -98.920494, 19.315841 ], [ -98.920494, 19.31583 ], [ -98.920498, 19.315831 ], [ -98.920494, 19.315846 ], [ -98.920515, 19.315835 ], [ -98.920501, 19.315842 ], [ -98.920503, 19.315842 ], [ -98.920544, 19.315862 ], [ -98.920497, 19.31583 ], [ -98.920498, 19.315841 ], [ -98.920499, 19.315832 ], [ -98.920499, 19.315844 ], [ -98.920506, 19.315839 ], [ -98.920496, 19.315841 ], [ -98.920499, 19.31583 ], [ -98.920499, 19.315841 ], [ -98.9205, 19.315833 ], [ -98.920502, 19.315832 ], [ -98.920497, 19.315833 ], [ -98.920507, 19.315846 ], [ -98.920505, 19.315835 ], [ -98.9205, 19.315832 ], [ -98.920502, 19.315843 ], [ -98.920497, 19.315841 ], [ -98.920495, 19.315833 ], [ -98.920511, 19.315842 ], [ -98.920589, 19.315837 ], [ -98.920543, 19.315836 ], [ -98.920577, 19.31583 ], [ -98.920544, 19.315833 ], [ -98.920541, 19.31585 ], [ -98.920495, 19.315847 ], [ -98.92055, 19.315815 ], [ -98.920533, 19.315844 ], [ -98.92049, 19.315844 ], [ -98.920595, 19.315963 ], [ -98.9205, 19.315842 ], [ -98.920509, 19.315834 ], [ -98.920506, 19.315849 ], [ -98.920497, 19.315843 ], [ -98.920495, 19.315835 ], [ -98.920495, 19.315843 ], [ -98.920502, 19.315841 ], [ -98.920526, 19.315848 ], [ -98.920493, 19.315844 ], [ -98.920497, 19.315832 ], [ -98.920537, 19.315817 ], [ -98.92057, 19.31582 ], [ -98.920544, 19.315858 ], [ -98.920522, 19.315839 ], [ -98.920503, 19.31585 ], [ -98.938632, 19.319115 ], [ -98.93849, 19.319237 ], [ -98.938546, 19.319307 ], [ -98.938733, 19.319175 ], [ -98.94029, 19.320165 ], [ -98.955377, 19.341494 ], [ -98.954378, 19.341589 ], [ -98.960535, 19.339175 ], [ -98.960545, 19.339186 ], [ -98.950397, 19.320174 ], [ -98.953434, 19.319535 ], [ -98.975284, 19.338208 ], [ -99.033491, 19.384058 ], [ -99.033491, 19.384058 ], [ -99.058847, 19.398852 ], [ -99.061743, 19.40027 ], [ -99.075927, 19.408651 ], [ -99.086217, 19.414874 ], [ -99.085521, 19.422749 ], [ -99.097643, 19.450531 ], [ -99.11828, 19.458716 ], [ -99.129076, 19.462581 ], [ -99.129086, 19.46257 ], [ -99.145863, 19.4666 ], [ -99.145854, 19.466588 ], [ -99.145677, 19.46656 ], [ -99.144022, 19.467474 ], [ -99.14375, 19.465427 ], [ -99.145319, 19.464595 ], [ -99.143491, 19.466856 ], [ -99.143139, 19.465278 ], [ -99.144365, 19.465492 ], [ -99.143712, 19.464383 ], [ -99.144186, 19.465318 ], [ -99.144158, 19.465271 ], [ -99.144225, 19.46534 ], [ -99.144241, 19.46529 ], [ -99.144202, 19.465253 ], [ -99.144196, 19.465296 ], [ -99.144195, 19.465296 ], [ -99.144199, 19.465292 ], [ -99.144191, 19.46526 ], [ -99.144199, 19.465328 ], [ -99.144194, 19.465303 ], [ -99.144201, 19.46533 ], [ -99.144201, 19.465312 ], [ -99.144209, 19.465312 ], [ -99.144208, 19.465325 ], [ -99.144246, 19.4654 ], [ -99.144222, 19.465322 ], [ -99.144212, 19.46536 ], [ -99.144249, 19.465403 ], [ -99.144164, 19.465285 ], [ -99.144192, 19.465298 ], [ -99.144201, 19.465303 ], [ -99.144209, 19.465312 ], [ -99.144201, 19.465295 ], [ -99.144233, 19.465356 ], [ -99.14428, 19.465373 ], [ -99.14428, 19.465373 ], [ -99.144329, 19.465042 ], [ -99.144268, 19.465377 ], [ -99.144334, 19.465001 ], [ -99.144282, 19.465306 ], [ -99.144221, 19.465306 ], [ -99.144209, 19.465324 ], [ -99.144253, 19.465354 ], [ -99.144215, 19.465339 ], [ -99.144217, 19.465285 ], [ -99.144314, 19.465337 ], [ -99.144246, 19.465367 ], [ -99.144206, 19.465282 ], [ -99.144221, 19.465347 ], [ -99.14423, 19.465358 ], [ -99.144231, 19.465333 ], [ -99.144262, 19.465406 ], [ -99.144248, 19.465291 ], [ -99.144208, 19.465341 ], [ -99.144203, 19.465279 ], [ -99.144196, 19.46529 ], [ -99.14424, 19.465302 ], [ -99.144212, 19.465318 ], [ -99.144227, 19.465306 ], [ -99.144219, 19.465306 ], [ -99.144262, 19.465373 ], [ -99.14423, 19.465337 ], [ -99.144211, 19.465354 ], [ -99.144265, 19.465396 ], [ -99.144233, 19.465388 ], [ -99.144275, 19.465327 ], [ -99.144249, 19.465314 ], [ -99.144218, 19.465353 ], [ -99.144266, 19.46542 ], [ -99.144245, 19.465222 ], [ -99.144288, 19.465202 ], [ -99.14425, 19.465401 ], [ -99.144254, 19.465356 ], [ -99.144282, 19.465308 ], [ -99.144226, 19.465334 ], [ -99.144215, 19.465344 ], [ -99.144199, 19.465354 ], [ -99.144197, 19.465363 ], [ -99.144235, 19.46526 ], [ -99.144247, 19.46525 ], [ -99.144214, 19.465245 ], [ -99.144205, 19.465344 ], [ -99.144206, 19.465315 ], [ -99.144206, 19.465326 ], [ -99.144192, 19.465308 ], [ -99.144178, 19.465264 ], [ -99.144187, 19.465254 ], [ -99.14429, 19.465244 ], [ -99.144231, 19.465289 ], [ -99.144219, 19.465412 ] ] } },
{ "type": "Feature", "properties": { "device_id": "2e8be1fc580167f5be3f45a015015846ef5b5c580d81b231d59f58a0b86f145e", "timestamps": "2020-01-01T06:00:44, 2020-01-01T06:03:01, 2020-01-01T06:05:23, 2020-01-01T06:06:39, 2020-01-01T06:13:12, 2020-01-01T06:13:21, 2020-01-01T06:13:57, 2020-01-01T06:18:17, 2020-01-01T06:23:09, 2020-01-01T06:25:11, 2020-01-01T06:33:07, 2020-01-01T06:33:57, 2020-01-01T06:34:02, 2020-01-01T06:40:56, 2020-01-01T06:42:06, 2020-01-01T06:46:56, 2020-01-01T06:50:08, 2020-01-01T06:52:59, 2020-01-01T06:57:47, 2020-01-01T06:59:46, 2020-01-01T07:02:07, 2020-01-01T07:12:31, 2020-01-01T07:22:31, 2020-01-01T07:34:04, 2020-01-01T07:44:19, 2020-01-01T07:54:02, 2020-01-01T07:54:51, 2020-01-01T07:58:03, 2020-01-01T08:04:29, 2020-01-01T08:06:32, 2020-01-01T08:14:19, 2020-01-01T08:14:29, 2020-01-01T08:24:19, 2020-01-01T08:24:29, 2020-01-01T08:34:09, 2020-01-01T08:34:59, 2020-01-01T08:44:09, 2020-01-01T08:44:59, 2020-01-01T08:54:09, 2020-01-01T08:54:59, 2020-01-01T09:01:08, 2020-01-01T09:01:33, 2020-01-01T09:01:39, 2020-01-01T09:02:52, 2020-01-01T09:04:06, 2020-01-01T09:11:02, 2020-01-01T09:11:51, 2020-01-01T09:19:10, 2020-01-01T09:19:25, 2020-01-01T09:28:00, 2020-01-01T09:28:55, 2020-01-01T09:39:00, 2020-01-01T09:39:55, 2020-01-01T09:49:11, 2020-01-01T09:49:22, 2020-01-01T09:58:00, 2020-01-01T09:58:55, 2020-01-01T10:00:30, 2020-01-01T10:06:22, 2020-01-01T10:24:39, 2020-01-01T10:24:49, 2020-01-01T10:34:32, 2020-01-01T10:34:41, 2020-01-01T10:40:31, 2020-01-01T10:45:02, 2020-01-01T10:51:48, 2020-01-01T10:55:32, 2020-01-01T10:59:36, 2020-01-01T11:02:12, 2020-01-01T11:02:21, 2020-01-01T11:13:04, 2020-01-01T11:13:53, 2020-01-01T11:23:09, 2020-01-01T11:23:59, 2020-01-01T11:27:05, 2020-01-01T11:32:52, 2020-01-01T11:32:55, 2020-01-01T11:34:54, 2020-01-01T11:37:05, 2020-01-01T11:44:28, 2020-01-01T11:47:04, 2020-01-01T11:53:32, 2020-01-01T11:57:06, 2020-01-01T12:03:18, 2020-01-01T12:07:05, 2020-01-01T12:14:01, 2020-01-01T12:14:52, 2020-01-01T12:23:13, 2020-01-01T12:23:24, 2020-01-01T12:33:17, 2020-01-01T12:33:27, 2020-01-01T12:40:54, 2020-01-01T12:45:02, 2020-01-01T12:47:52, 2020-01-01T12:47:55, 2020-01-01T12:53:11, 2020-01-01T12:53:22, 2020-01-01T13:01:30, 2020-01-01T13:01:45, 2020-01-01T13:07:19, 2020-01-01T13:14:18, 2020-01-01T13:14:28, 2020-01-01T13:24:19, 2020-01-01T13:24:29, 2020-01-01T13:34:19, 2020-01-01T13:34:29, 2020-01-01T13:44:18, 2020-01-01T13:44:28, 2020-01-01T13:54:19, 2020-01-01T13:54:29, 2020-01-01T14:02:19, 2020-01-01T14:02:29, 2020-01-01T14:02:52, 2020-01-01T14:02:55, 2020-01-01T14:14:19, 2020-01-01T14:14:29, 2020-01-01T14:24:11, 2020-01-01T14:24:22, 2020-01-01T14:29:28, 2020-01-01T14:36:02, 2020-01-01T14:36:51, 2020-01-01T14:44:16, 2020-01-01T14:44:26, 2020-01-01T14:53:26, 2020-01-01T14:55:13, 2020-01-01T14:55:24, 2020-01-01T15:00:20, 2020-01-01T15:03:04, 2020-01-01T15:11:04, 2020-01-01T15:13:56, 2020-01-01T15:19:06, 2020-01-01T15:19:56, 2020-01-01T15:24:21, 2020-01-01T15:26:36, 2020-01-01T15:29:15, 2020-01-01T15:35:13, 2020-01-01T15:35:24, 2020-01-01T15:41:12, 2020-01-01T15:43:24, 2020-01-01T15:51:32, 2020-01-01T15:59:15, 2020-01-01T15:59:20, 2020-01-01T16:05:28, 2020-01-01T16:08:05, 2020-01-01T16:11:29, 2020-01-01T16:16:32, 2020-01-01T16:16:41, 2020-01-01T16:22:03, 2020-01-01T16:24:57, 2020-01-01T16:25:12, 2020-01-01T16:29:43, 2020-01-01T16:33:27, 2020-01-01T16:35:27, 2020-01-01T16:43:28, 2020-01-01T16:53:37, 2020-01-01T17:02:16, 2020-01-01T17:10:53, 2020-01-01T17:18:23, 2020-01-01T17:26:33, 2020-01-01T17:34:28, 2020-01-01T17:36:31, 2020-01-01T17:36:42, 2020-01-01T17:43:51, 2020-01-01T17:45:02, 2020-01-01T17:47:03, 2020-01-01T17:49:24, 2020-01-01T17:55:43, 2020-01-01T17:58:20, 2020-01-01T18:05:51, 2020-01-01T18:07:51, 2020-01-01T18:13:51, 2020-01-01T18:17:15, 2020-01-01T18:25:41, 2020-01-01T18:27:41, 2020-01-01T18:28:33, 2020-01-01T18:37:01, 2020-01-01T18:46:05, 2020-01-01T18:51:15, 2020-01-01T18:53:42, 2020-01-01T18:55:54, 2020-01-01T18:57:00, 2020-01-01T19:03:25, 2020-01-01T19:06:00, 2020-01-01T19:08:39, 2020-01-01T19:14:03, 2020-01-01T19:14:54, 2020-01-01T19:21:53, 2020-01-01T19:23:05, 2020-01-01T19:27:02, 2020-01-01T19:32:13, 2020-01-01T19:42:22, 2020-01-01T19:51:16, 2020-01-01T19:59:27, 2020-01-01T20:03:31, 2020-01-01T20:05:17, 2020-01-01T20:09:56, 2020-01-01T20:14:44, 2020-01-01T20:26:08, 2020-01-01T20:35:17, 2020-01-01T20:36:15, 2020-01-01T20:36:40, 2020-01-01T20:41:37, 2020-01-01T20:44:13, 2020-01-01T20:53:19, 2020-01-01T20:53:29, 2020-01-01T20:55:30, 2020-01-01T21:04:03, 2020-01-01T21:06:03, 2020-01-01T21:11:37, 2020-01-01T21:13:47, 2020-01-01T21:17:54, 2020-01-01T21:22:02, 2020-01-01T21:24:02, 2020-01-01T21:24:51, 2020-01-01T21:32:20, 2020-01-01T21:35:28, 2020-01-01T21:41:05, 2020-01-01T21:41:50, 2020-01-01T21:47:27, 2020-01-01T21:49:51, 2020-01-01T21:52:12, 2020-01-01T21:57:10, 2020-01-01T21:57:25, 2020-01-01T22:05:16, 2020-01-01T22:07:43, 2020-01-01T22:13:05, 2020-01-01T22:19:16, 2020-01-01T22:22:01, 2020-01-01T22:30:04, 2020-01-01T22:30:53, 2020-01-01T22:36:52, 2020-01-01T22:40:08, 2020-01-01T22:42:38, 2020-01-01T22:48:01, 2020-01-01T22:48:52, 2020-01-01T22:53:40, 2020-01-01T22:56:30, 2020-01-01T22:59:23, 2020-01-01T23:04:22, 2020-01-01T23:14:38, 2020-01-01T23:24:54, 2020-01-01T23:35:10, 2020-01-01T23:47:02, 2020-01-01T23:55:26" }, "geometry": { "type": "LineString", "coordinates": [ [ -99.011742, 19.597778 ], [ -99.011733, 19.597787 ], [ -99.011733, 19.597787 ], [ -99.011725, 19.597792 ], [ -99.011759, 19.597758 ], [ -99.011769, 19.597767 ], [ -99.011777, 19.597747 ], [ -99.011751, 19.59778 ], [ -99.011773, 19.597742 ], [ -99.011782, 19.597731 ], [ -99.001674, 19.604565 ], [ -99.001685, 19.604556 ], [ -99.001685, 19.604573 ], [ -99.001672, 19.60446 ], [ -99.001683, 19.60447 ], [ -99.001672, 19.60446 ], [ -99.00167, 19.60448 ], [ -99.00168, 19.60447 ], [ -99.001655, 19.604454 ], [ -99.001664, 19.604463 ], [ -99.001664, 19.604463 ], [ -99.001687, 19.604494 ], [ -99.001731, 19.604445 ], [ -99.001644, 19.604525 ], [ -99.001611, 19.604437 ], [ -99.001667, 19.604336 ], [ -99.001658, 19.604347 ], [ -99.001667, 19.604488 ], [ -99.001658, 19.604479 ], [ -99.001661, 19.604502 ], [ -99.001645, 19.604483 ], [ -99.001636, 19.604472 ], [ -99.001719, 19.604436 ], [ -99.001729, 19.604447 ], [ -99.001726, 19.604448 ], [ -99.001717, 19.604437 ], [ -99.001729, 19.604448 ], [ -99.001718, 19.604437 ], [ -99.00173, 19.604446 ], [ -99.00172, 19.604435 ], [ -99.001705, 19.604436 ], [ -99.00178, 19.604542 ], [ -99.001705, 19.604436 ], [ -99.001705, 19.604436 ], [ -99.00171, 19.604445 ], [ -99.00171, 19.604445 ], [ -99.00172, 19.604436 ], [ -99.001658, 19.604503 ], [ -99.001667, 19.604502 ], [ -99.001769, 19.604327 ], [ -99.001758, 19.604318 ], [ -99.001717, 19.604437 ], [ -99.001728, 19.604446 ], [ -99.001717, 19.604437 ], [ -99.001728, 19.604446 ], [ -99.001718, 19.604437 ], [ -99.001729, 19.604446 ], [ -99.001717, 19.604436 ], [ -99.001728, 19.604445 ], [ -99.001775, 19.604378 ], [ -99.001786, 19.604387 ], [ -99.00171, 19.604432 ], [ -99.00171, 19.604441 ], [ -99.001709, 19.604441 ], [ -99.001718, 19.604437 ], [ -99.001727, 19.604446 ], [ -99.001652, 19.60456 ], [ -99.001663, 19.60457 ], [ -99.001663, 19.60457 ], [ -99.001652, 19.60456 ], [ -99.00168, 19.60442 ], [ -99.00167, 19.60443 ], [ -99.001638, 19.604534 ], [ -99.001649, 19.604545 ], [ -99.001612, 19.604553 ], [ -99.001623, 19.604562 ], [ -99.001623, 19.604562 ], [ -99.001623, 19.604562 ], [ -99.001619, 19.604549 ], [ -99.001629, 19.604539 ], [ -99.00163, 19.60454 ], [ -99.00162, 19.60455 ], [ -99.001653, 19.604544 ], [ -99.001662, 19.604535 ], [ -99.001673, 19.604511 ], [ -99.001673, 19.604511 ], [ -99.001684, 19.604522 ], [ -99.001601, 19.604547 ], [ -99.001601, 19.604536 ], [ -99.001633, 19.60458 ], [ -99.001642, 19.60459 ], [ -99.001661, 19.604587 ], [ -99.001651, 19.604448 ], [ -99.001662, 19.604437 ], [ -99.001662, 19.604437 ], [ -99.001651, 19.604448 ], [ -99.001662, 19.604437 ], [ -99.001655, 19.60447 ], [ -99.001666, 19.60446 ], [ -99.001615, 19.604563 ], [ -99.001657, 19.604509 ], [ -99.001666, 19.604509 ], [ -99.001652, 19.604449 ], [ -99.001661, 19.604439 ], [ -99.001611, 19.604551 ], [ -99.001622, 19.604562 ], [ -99.001609, 19.604511 ], [ -99.001609, 19.604521 ], [ -99.001702, 19.604506 ], [ -99.001703, 19.604505 ], [ -99.001706, 19.604514 ], [ -99.001707, 19.604525 ], [ -99.001707, 19.604525 ], [ -99.001707, 19.604525 ], [ -99.001585, 19.604558 ], [ -99.001574, 19.604569 ], [ -99.001713, 19.604407 ], [ -99.001724, 19.604408 ], [ -99.001664, 19.604383 ], [ -99.001548, 19.604533 ], [ -99.001539, 19.604542 ], [ -99.001709, 19.604412 ], [ -99.001709, 19.604423 ], [ -99.001725, 19.604431 ], [ -99.001716, 19.604448 ], [ -99.001727, 19.604439 ], [ -99.00173, 19.604433 ], [ -99.001733, 19.604433 ], [ -99.001733, 19.604433 ], [ -99.001704, 19.604419 ], [ -99.001705, 19.604429 ], [ -99.001704, 19.604419 ], [ -99.00166, 19.604495 ], [ -99.001764, 19.604415 ], [ -99.00176, 19.604458 ], [ -99.001704, 19.604432 ], [ -99.001703, 19.604443 ], [ -99.001743, 19.604441 ], [ -99.001744, 19.604441 ], [ -99.001732, 19.604428 ], [ -99.001674, 19.604487 ], [ -99.001685, 19.604476 ], [ -99.001681, 19.604487 ], [ -99.00167, 19.604479 ], [ -99.00168, 19.604488 ], [ -99.001681, 19.604488 ], [ -99.001671, 19.604479 ], [ -99.001657, 19.604471 ], [ -99.001668, 19.604482 ], [ -99.001683, 19.60447 ], [ -99.001728, 19.604448 ], [ -99.001703, 19.604459 ], [ -99.001703, 19.604459 ], [ -99.001689, 19.604503 ], [ -99.001671, 19.60447 ], [ -99.001709, 19.604446 ], [ -99.001683, 19.604468 ], [ -99.001715, 19.604439 ], [ -99.001717, 19.604437 ], [ -99.001717, 19.604437 ], [ -99.001717, 19.604437 ], [ -99.001728, 19.604448 ], [ -99.001725, 19.604449 ], [ -99.001714, 19.604439 ], [ -99.001714, 19.604439 ], [ -99.001729, 19.604436 ], [ -99.00172, 19.604435 ], [ -99.00172, 19.604435 ], [ -99.001682, 19.604468 ], [ -99.001682, 19.604468 ], [ -99.001722, 19.60443 ], [ -99.001713, 19.60444 ], [ -99.001699, 19.604437 ], [ -99.001699, 19.604437 ], [ -99.001726, 19.604448 ], [ -99.001717, 19.604439 ], [ -99.001695, 19.604435 ], [ -99.005297, 19.603818 ], [ -99.011022, 19.597344 ], [ -99.011804, 19.597827 ], [ -99.011748, 19.597811 ], [ -99.011707, 19.597807 ], [ -99.011706, 19.597806 ], [ -99.011774, 19.597824 ], [ -99.011731, 19.597842 ], [ -99.011741, 19.597831 ], [ -99.011772, 19.597767 ], [ -99.009969, 19.598673 ], [ -99.006455, 19.614049 ], [ -99.032562, 19.616106 ], [ -99.105778, 19.510427 ], [ -99.146095, 19.467471 ], [ -99.145584, 19.466473 ], [ -99.144901, 19.465812 ], [ -99.14518, 19.465459 ], [ -99.145153, 19.465683 ], [ -99.145164, 19.465672 ], [ -99.145164, 19.465672 ], [ -99.145168, 19.465665 ], [ -99.145065, 19.465822 ], [ -99.145058, 19.465816 ], [ -99.145133, 19.46562 ], [ -99.145125, 19.465584 ], [ -99.145117, 19.465532 ], [ -99.145128, 19.465543 ], [ -99.145128, 19.465543 ], [ -99.145164, 19.465672 ], [ -99.145164, 19.465672 ], [ -99.145139, 19.46565 ], [ -99.145149, 19.46564 ], [ -99.145153, 19.465683 ], [ -99.145161, 19.465655 ], [ -99.145161, 19.465655 ], [ -99.145151, 19.465664 ], [ -99.145164, 19.465672 ], [ -99.145153, 19.465683 ], [ -99.145153, 19.465683 ], [ -99.145164, 19.465672 ], [ -99.145153, 19.465683 ], [ -99.145164, 19.465672 ], [ -99.145153, 19.465683 ], [ -99.145153, 19.465683 ], [ -99.145164, 19.465672 ], [ -99.145164, 19.465672 ], [ -99.145138, 19.465646 ], [ -99.145164, 19.465672 ], [ -99.145153, 19.465683 ], [ -99.145164, 19.465672 ], [ -99.145153, 19.465683 ], [ -99.145164, 19.465672 ], [ -99.145154, 19.465639 ], [ -99.145164, 19.465672 ], [ -99.145153, 19.465683 ], [ -99.145164, 19.465672 ], [ -99.145153, 19.465683 ], [ -99.145153, 19.465683 ], [ -99.145164, 19.465672 ], [ -99.145153, 19.465683 ], [ -99.145165, 19.465657 ], [ -99.145158, 19.465657 ], [ -99.145164, 19.465672 ], [ -99.145164, 19.465672 ], [ -99.145164, 19.465672 ], [ -99.145164, 19.465672 ] ] } },
{ "type": "Feature", "properties": { "device_id": "330305e1739299d1162a3d4e7fe8848c6a05c19b99ada3aec15275167653d45a", "timestamps": "2020-01-01T06:04:02, 2020-01-01T06:04:14, 2020-01-01T06:04:23, 2020-01-01T06:04:51, 2020-01-01T06:05:30, 2020-01-01T06:05:33, 2020-01-01T06:05:44, 2020-01-01T06:06:05, 2020-01-01T06:06:06, 2020-01-01T06:06:50, 2020-01-01T06:06:53, 2020-01-01T06:06:56, 2020-01-01T06:10:11, 2020-01-01T06:10:12, 2020-01-01T06:10:22, 2020-01-01T06:12:52, 2020-01-01T06:12:55, 2020-01-01T06:14:50, 2020-01-01T06:19:34, 2020-01-01T06:19:40, 2020-01-01T06:19:43, 2020-01-01T06:21:39, 2020-01-01T06:21:49, 2020-01-01T06:30:18, 2020-01-01T06:30:28, 2020-01-01T06:32:00, 2020-01-01T06:32:55, 2020-01-01T06:42:14, 2020-01-01T06:42:20, 2020-01-01T06:42:23, 2020-01-01T06:47:16, 2020-01-01T06:47:17, 2020-01-01T06:48:14, 2020-01-01T06:48:23, 2020-01-01T06:54:04, 2020-01-01T06:54:26, 2020-01-01T06:54:53, 2020-01-01T07:04:12, 2020-01-01T07:04:21, 2020-01-01T07:07:18, 2020-01-01T07:07:28, 2020-01-01T07:22:14, 2020-01-01T07:22:23, 2020-01-01T07:23:12, 2020-01-01T07:23:21, 2020-01-01T08:11:17, 2020-01-01T08:11:27, 2020-01-01T08:16:16, 2020-01-01T08:16:26, 2020-01-01T08:43:06, 2020-01-01T08:43:56, 2020-01-01T09:08:01, 2020-01-01T09:08:04, 2020-01-01T09:08:53, 2020-01-01T09:09:10, 2020-01-01T09:09:25, 2020-01-01T09:16:38, 2020-01-01T09:16:48, 2020-01-01T09:21:35, 2020-01-01T09:21:40, 2020-01-01T09:21:49, 2020-01-01T09:32:39, 2020-01-01T09:32:49, 2020-01-01T09:35:15, 2020-01-01T09:35:20, 2020-01-01T09:50:10, 2020-01-01T09:50:25, 2020-01-01T09:51:13, 2020-01-01T09:51:24, 2020-01-01T10:06:16, 2020-01-01T10:06:26, 2020-01-01T10:07:10, 2020-01-01T10:07:25, 2020-01-01T11:09:18, 2020-01-01T11:09:28, 2020-01-01T11:09:37, 2020-01-01T11:09:47, 2020-01-01T11:16:18, 2020-01-01T11:16:28, 2020-01-01T11:22:14, 2020-01-01T11:22:23, 2020-01-01T11:22:47, 2020-01-01T11:30:10, 2020-01-01T11:30:17, 2020-01-01T11:30:25, 2020-01-01T11:31:02, 2020-01-01T11:31:40, 2020-01-01T11:31:44, 2020-01-01T11:37:15, 2020-01-01T11:37:20, 2020-01-01T11:54:16, 2020-01-01T11:54:26, 2020-01-01T11:56:00, 2020-01-01T11:56:55, 2020-01-01T12:11:15, 2020-01-01T12:11:20, 2020-01-01T12:12:14, 2020-01-01T12:12:23, 2020-01-01T12:25:39, 2020-01-01T12:25:49, 2020-01-01T12:30:12, 2020-01-01T12:30:21, 2020-01-01T12:32:44, 2020-01-01T12:37:35, 2020-01-01T12:38:13, 2020-01-01T12:38:24, 2020-01-01T12:49:14, 2020-01-01T12:49:23, 2020-01-01T12:51:00, 2020-01-01T12:51:55, 2020-01-01T13:08:09, 2020-01-01T13:08:10, 2020-01-01T13:08:22, 2020-01-01T13:08:25, 2020-01-01T13:08:59, 2020-01-01T13:09:34, 2020-01-01T13:09:43, 2020-01-01T13:12:13, 2020-01-01T13:12:24, 2020-01-01T13:17:18, 2020-01-01T13:17:28, 2020-01-01T13:19:11, 2020-01-01T13:19:12, 2020-01-01T13:19:22, 2020-01-01T13:28:13, 2020-01-01T13:28:23, 2020-01-01T13:28:24, 2020-01-01T13:29:13, 2020-01-01T13:29:23, 2020-01-01T13:29:24, 2020-01-01T13:30:18, 2020-01-01T13:30:28, 2020-01-01T13:45:19, 2020-01-01T13:45:29, 2020-01-01T13:46:31, 2020-01-01T13:46:42, 2020-01-01T13:59:04, 2020-01-01T13:59:53, 2020-01-01T14:00:10, 2020-01-01T14:00:13, 2020-01-01T14:00:27, 2020-01-01T14:00:30, 2020-01-01T14:00:45, 2020-01-01T14:01:09, 2020-01-01T14:01:37, 2020-01-01T14:01:38, 2020-01-01T14:02:02, 2020-01-01T14:04:25, 2020-01-01T14:05:51, 2020-01-01T14:05:52, 2020-01-01T14:08:15, 2020-01-01T14:08:20, 2020-01-01T14:12:12, 2020-01-01T14:12:21, 2020-01-01T14:12:22, 2020-01-01T14:48:02, 2020-01-01T14:48:51, 2020-01-01T14:48:52, 2020-01-01T14:49:12, 2020-01-01T14:49:21, 2020-01-01T15:05:02, 2020-01-01T15:05:51, 2020-01-01T15:47:06, 2020-01-01T15:47:56, 2020-01-01T15:47:57, 2020-01-01T16:01:05, 2020-01-01T16:01:50, 2020-01-01T16:01:56, 2020-01-01T16:02:05, 2020-01-01T16:02:50, 2020-01-01T16:02:58, 2020-01-01T16:14:16, 2020-01-01T16:14:23, 2020-01-01T16:14:26, 2020-01-01T16:16:00, 2020-01-01T16:16:55, 2020-01-01T16:34:11, 2020-01-01T16:34:14, 2020-01-01T16:34:22, 2020-01-01T16:35:14, 2020-01-01T16:35:23, 2020-01-01T16:50:13, 2020-01-01T16:50:24, 2020-01-01T16:51:13, 2020-01-01T16:59:33, 2020-01-01T16:59:44, 2020-01-01T17:09:07, 2020-01-01T17:09:57, 2020-01-01T17:13:10, 2020-01-01T17:13:13, 2020-01-01T17:13:24, 2020-01-01T17:24:32, 2020-01-01T17:24:34, 2020-01-01T17:24:41, 2020-01-01T17:25:44, 2020-01-01T17:29:35, 2020-01-01T17:29:40, 2020-01-01T17:30:33, 2020-01-01T17:30:44, 2020-01-01T17:34:41, 2020-01-01T17:35:21, 2020-01-01T17:35:54, 2020-01-01T17:35:58, 2020-01-01T17:36:25, 2020-01-01T17:36:37, 2020-01-01T17:36:59, 2020-01-01T17:37:21, 2020-01-01T17:37:23, 2020-01-01T17:38:07, 2020-01-01T17:38:57, 2020-01-01T17:38:58, 2020-01-01T17:54:02, 2020-01-01T17:54:12, 2020-01-01T17:54:51, 2020-01-01T17:54:52, 2020-01-01T17:56:00, 2020-01-01T17:56:55, 2020-01-01T18:11:08, 2020-01-01T18:11:09, 2020-01-01T18:11:15, 2020-01-01T18:11:20, 2020-01-01T18:11:23, 2020-01-01T18:11:58, 2020-01-01T18:12:01, 2020-01-01T18:12:52, 2020-01-01T18:18:20, 2020-01-01T18:18:35, 2020-01-01T18:18:40, 2020-01-01T18:21:17, 2020-01-01T18:21:27, 2020-01-01T18:26:28, 2020-01-01T18:28:15, 2020-01-01T18:28:20, 2020-01-01T18:28:26, 2020-01-01T18:36:10, 2020-01-01T18:36:25, 2020-01-01T18:38:02, 2020-01-01T18:38:51, 2020-01-01T18:53:00, 2020-01-01T18:53:55, 2020-01-01T18:54:55, 2020-01-01T18:55:05, 2020-01-01T18:55:30, 2020-01-01T18:55:58, 2020-01-01T18:56:35, 2020-01-01T18:56:40, 2020-01-01T18:56:55, 2020-01-01T18:56:59, 2020-01-01T18:57:47, 2020-01-01T18:59:35, 2020-01-01T18:59:39, 2020-01-01T18:59:40, 2020-01-01T18:59:43, 2020-01-01T19:00:09, 2020-01-01T19:00:58, 2020-01-01T19:00:59, 2020-01-01T19:02:08, 2020-01-01T19:02:09, 2020-01-01T19:03:11, 2020-01-01T19:03:14, 2020-01-01T19:03:23, 2020-01-01T19:05:05, 2020-01-01T19:05:32, 2020-01-01T19:05:33, 2020-01-01T19:05:41, 2020-01-01T19:05:42, 2020-01-01T19:06:00, 2020-01-01T19:07:53, 2020-01-01T19:08:00, 2020-01-01T19:08:07, 2020-01-01T19:08:12, 2020-01-01T19:08:57, 2020-01-01T19:11:32, 2020-01-01T19:11:41, 2020-01-01T19:15:20, 2020-01-01T19:15:24, 2020-01-01T19:16:56, 2020-01-01T19:16:58, 2020-01-01T19:18:30, 2020-01-01T19:18:45, 2020-01-01T19:21:10, 2020-01-01T19:21:16, 2020-01-01T19:21:39, 2020-01-01T19:21:40, 2020-01-01T19:21:49, 2020-01-01T19:23:56, 2020-01-01T19:23:57, 2020-01-01T19:24:21, 2020-01-01T19:24:22, 2020-01-01T19:24:23, 2020-01-01T19:25:04, 2020-01-01T19:25:53, 2020-01-01T19:31:03, 2020-01-01T19:31:54, 2020-01-01T19:35:10, 2020-01-01T19:35:25, 2020-01-01T19:47:11, 2020-01-01T19:47:22, 2020-01-01T19:49:14, 2020-01-01T19:49:23, 2020-01-01T20:04:06, 2020-01-01T20:04:11, 2020-01-01T20:04:12, 2020-01-01T20:04:22, 2020-01-01T20:04:56, 2020-01-01T20:05:06, 2020-01-01T20:05:53, 2020-01-01T20:05:59, 2020-01-01T20:06:21, 2020-01-01T20:06:23, 2020-01-01T20:06:54, 2020-01-01T20:07:11, 2020-01-01T20:07:25, 2020-01-01T20:07:53, 2020-01-01T20:08:18, 2020-01-01T20:08:19, 2020-01-01T20:08:20, 2020-01-01T20:08:23, 2020-01-01T20:08:28, 2020-01-01T20:08:29, 2020-01-01T20:09:02, 2020-01-01T20:09:51, 2020-01-01T20:09:54, 2020-01-01T20:14:35, 2020-01-01T20:14:40, 2020-01-01T20:18:46, 2020-01-01T20:18:47, 2020-01-01T20:19:34, 2020-01-01T20:19:43, 2020-01-01T20:29:09, 2020-01-01T20:29:59, 2020-01-01T20:30:11, 2020-01-01T20:30:22, 2020-01-01T20:30:55, 2020-01-01T20:31:07, 2020-01-01T20:31:08, 2020-01-01T20:35:40, 2020-01-01T20:35:51, 2020-01-01T20:35:54, 2020-01-01T20:35:56, 2020-01-01T20:36:01, 2020-01-01T20:36:41, 2020-01-01T20:37:50, 2020-01-01T20:37:53, 2020-01-01T20:38:10, 2020-01-01T20:38:25, 2020-01-01T20:38:52, 2020-01-01T20:38:55, 2020-01-01T20:41:29, 2020-01-01T20:41:32, 2020-01-01T20:41:41, 2020-01-01T20:42:12, 2020-01-01T20:43:01, 2020-01-01T20:43:18, 2020-01-01T20:44:04, 2020-01-01T20:44:31, 2020-01-01T20:45:07, 2020-01-01T20:45:57, 2020-01-01T20:49:31, 2020-01-01T20:49:42, 2020-01-01T20:49:45, 2020-01-01T20:50:13, 2020-01-01T20:50:23, 2020-01-01T20:50:24, 2020-01-01T20:51:33, 2020-01-01T20:51:36, 2020-01-01T20:52:34, 2020-01-01T20:52:40, 2020-01-01T20:52:43, 2020-01-01T21:02:16, 2020-01-01T21:02:26, 2020-01-01T21:02:50, 2020-01-01T21:12:38, 2020-01-01T21:12:39, 2020-01-01T21:12:48, 2020-01-01T21:13:02, 2020-01-01T21:13:03, 2020-01-01T21:13:05, 2020-01-01T21:13:50, 2020-01-01T21:14:15, 2020-01-01T21:14:20, 2020-01-01T21:24:01, 2020-01-01T21:24:02, 2020-01-01T21:24:51, 2020-01-01T21:25:14, 2020-01-01T21:25:23, 2020-01-01T21:26:38, 2020-01-01T21:26:48, 2020-01-01T21:27:02, 2020-01-01T21:27:57, 2020-01-01T21:27:58, 2020-01-01T21:29:35, 2020-01-01T21:29:40, 2020-01-01T21:30:02, 2020-01-01T21:30:05, 2020-01-01T21:30:50, 2020-01-01T21:31:31, 2020-01-01T21:31:42, 2020-01-01T21:32:04, 2020-01-01T21:32:53, 2020-01-01T21:33:11, 2020-01-01T21:33:22, 2020-01-01T21:33:46, 2020-01-01T21:34:13, 2020-01-01T21:34:24, 2020-01-01T21:34:34, 2020-01-01T21:34:39, 2020-01-01T21:34:43, 2020-01-01T21:34:46, 2020-01-01T21:35:04, 2020-01-01T21:35:53, 2020-01-01T21:35:58, 2020-01-01T21:36:05, 2020-01-01T21:36:09, 2020-01-01T21:36:50, 2020-01-01T21:37:00, 2020-01-01T21:37:40, 2020-01-01T21:37:43, 2020-01-01T21:38:03, 2020-01-01T21:38:38, 2020-01-01T21:38:48, 2020-01-01T21:38:54, 2020-01-01T21:40:12, 2020-01-01T21:40:21, 2020-01-01T21:41:53, 2020-01-01T21:41:54, 2020-01-01T21:42:53, 2020-01-01T21:43:01, 2020-01-01T21:43:52, 2020-01-01T21:47:01, 2020-01-01T21:47:02, 2020-01-01T21:47:52, 2020-01-01T22:08:02, 2020-01-01T22:08:51, 2020-01-01T22:09:15, 2020-01-01T22:09:20, 2020-01-01T22:15:19, 2020-01-01T22:15:29, 2020-01-01T22:19:12, 2020-01-01T22:19:21, 2020-01-01T22:19:39, 2020-01-01T22:24:16, 2020-01-01T22:24:26, 2020-01-01T22:31:10, 2020-01-01T22:31:25, 2020-01-01T22:48:30, 2020-01-01T22:48:45, 2020-01-01T22:48:50, 2020-01-01T22:48:52, 2020-01-01T22:48:53, 2020-01-01T22:49:00, 2020-01-01T22:49:55, 2020-01-01T22:50:15, 2020-01-01T22:50:20, 2020-01-01T22:50:52, 2020-01-01T22:51:32, 2020-01-01T22:51:50, 2020-01-01T22:51:56, 2020-01-01T22:52:39, 2020-01-01T22:53:01, 2020-01-01T22:53:50, 2020-01-01T22:54:48, 2020-01-01T22:54:49, 2020-01-01T22:55:10, 2020-01-01T22:55:13, 2020-01-01T22:55:39, 2020-01-01T22:56:54, 2020-01-01T22:57:11, 2020-01-01T22:57:22, 2020-01-01T23:13:13, 2020-01-01T23:13:24, 2020-01-01T23:20:31, 2020-01-01T23:20:42, 2020-01-01T23:21:11, 2020-01-01T23:21:22, 2020-01-01T23:36:14, 2020-01-01T23:36:23, 2020-01-01T23:38:16, 2020-01-01T23:38:26, 2020-01-01T23:46:35, 2020-01-01T23:46:36, 2020-01-01T23:46:40, 2020-01-01T23:46:46, 2020-01-01T23:49:12, 2020-01-01T23:49:21" }, "geometry": { "type": "LineString", "coordinates": [ [ -99.14533, 19.46619 ], [ -99.14537, 19.46635 ], [ -99.145351, 19.466362 ], [ -99.145319, 19.466196 ], [ -99.145409, 19.466278 ], [ -99.145409, 19.466278 ], [ -99.14541, 19.46628 ], [ -99.14541, 19.46628 ], [ -99.145305, 19.466156 ], [ -99.145409, 19.466278 ], [ -99.145409, 19.466278 ], [ -99.14531, 19.46616 ], [ -99.145385, 19.466321 ], [ -99.145385, 19.466321 ], [ -99.14538, 19.46631 ], [ -99.145385, 19.466321 ], [ -99.145385, 19.466321 ], [ -99.145385, 19.466321 ], [ -99.14538, 19.46631 ], [ -99.145385, 19.466321 ], [ -99.145385, 19.466321 ], [ -99.14538, 19.46631 ], [ -99.145385, 19.466321 ], [ -99.14538, 19.46631 ], [ -99.145385, 19.466321 ], [ -99.14538, 19.46631 ], [ -99.145385, 19.466321 ], [ -99.14538, 19.46631 ], [ -99.145385, 19.466321 ], [ -99.145385, 19.466321 ], [ -99.145385, 19.466321 ], [ -99.145385, 19.466321 ], [ -99.14538, 19.46631 ], [ -99.145385, 19.466321 ], [ -99.14538, 19.46631 ], [ -99.145385, 19.466321 ], [ -99.145385, 19.466321 ], [ -99.145385, 19.466321 ], [ -99.14538, 19.46631 ], [ -99.145385, 19.466321 ], [ -99.14538, 19.46631 ], [ -99.145385, 19.466321 ], [ -99.14538, 19.46631 ], [ -99.145385, 19.466321 ], [ -99.14538, 19.46631 ], [ -99.145385, 19.466321 ], [ -99.14538, 19.46631 ], [ -99.145385, 19.466321 ], [ -99.14538, 19.46631 ], [ -99.145385, 19.466321 ], [ -99.14538, 19.46631 ], [ -99.145244, 19.466171 ], [ -99.145244, 19.466171 ], [ -99.14524, 19.46618 ], [ -99.145244, 19.466171 ], [ -99.14524, 19.46618 ], [ -99.14532, 19.46616 ], [ -99.145321, 19.466159 ], [ -99.145321, 19.466159 ], [ -99.14532, 19.46616 ], [ -99.145321, 19.466159 ], [ -99.14532, 19.46616 ], [ -99.145321, 19.466159 ], [ -99.145321, 19.466159 ], [ -99.14532, 19.46616 ], [ -99.145321, 19.466159 ], [ -99.14532, 19.46616 ], [ -99.145321, 19.466159 ], [ -99.14532, 19.46616 ], [ -99.145321, 19.466159 ], [ -99.14532, 19.46616 ], [ -99.145321, 19.466159 ], [ -99.14532, 19.46616 ], [ -99.145321, 19.466159 ], [ -99.14532, 19.46616 ], [ -99.14532, 19.46636 ], [ -99.145321, 19.466353 ], [ -99.145321, 19.466353 ], [ -99.14532, 19.46636 ], [ -99.145321, 19.466353 ], [ -99.14532, 19.46636 ], [ -99.145321, 19.466353 ], [ -99.145321, 19.466353 ], [ -99.145321, 19.466353 ], [ -99.14532, 19.46636 ], [ -99.145321, 19.466353 ], [ -99.145321, 19.466353 ], [ -99.145321, 19.466353 ], [ -99.145321, 19.466353 ], [ -99.14532, 19.46636 ], [ -99.14532, 19.46636 ], [ -99.145321, 19.466353 ], [ -99.14532, 19.46636 ], [ -99.145321, 19.466353 ], [ -99.14532, 19.46636 ], [ -99.145321, 19.466353 ], [ -99.145321, 19.466353 ], [ -99.14532, 19.46636 ], [ -99.14532, 19.46636 ], [ -99.145321, 19.466353 ], [ -99.145321, 19.466353 ], [ -99.14532, 19.46636 ], [ -99.145321, 19.466353 ], [ -99.145321, 19.466353 ], [ -99.14532, 19.46636 ], [ -99.145321, 19.466353 ], [ -99.145321, 19.466353 ], [ -99.14532, 19.46636 ], [ -99.14532, 19.46636 ], [ -99.145321, 19.466353 ], [ -99.145328, 19.466351 ], [ -99.145321, 19.466353 ], [ -99.145321, 19.466353 ], [ -99.145311, 19.466364 ], [ -99.145317, 19.466362 ], [ -99.145328, 19.466351 ], [ -99.14532, 19.46636 ], [ -99.145328, 19.466351 ], [ -99.14532, 19.46636 ], [ -99.142859, 19.466404 ], [ -99.14287, 19.4664 ], [ -99.142859, 19.466404 ], [ -99.142859, 19.466404 ], [ -99.14287, 19.4664 ], [ -99.14467, 19.4685 ], [ -99.144654, 19.468501 ], [ -99.144654, 19.468501 ], [ -99.14467, 19.4685 ], [ -99.144654, 19.468501 ], [ -99.144654, 19.468501 ], [ -99.144654, 19.468501 ], [ -99.14467, 19.4685 ], [ -99.14467, 19.4685 ], [ -99.144654, 19.468501 ], [ -99.14467, 19.4685 ], [ -99.144654, 19.468501 ], [ -99.144654, 19.468501 ], [ -99.14467, 19.4685 ], [ -99.144654, 19.468501 ], [ -99.144654, 19.468501 ], [ -99.144654, 19.468501 ], [ -99.14467, 19.4685 ], [ -99.144654, 19.468501 ], [ -99.144654, 19.468501 ], [ -99.144654, 19.468501 ], [ -99.144654, 19.468501 ], [ -99.144654, 19.468501 ], [ -99.144654, 19.468501 ], [ -99.144654, 19.468501 ], [ -99.144654, 19.468501 ], [ -99.144654, 19.468501 ], [ -99.14467, 19.4685 ], [ -99.14467, 19.4685 ], [ -99.144654, 19.468501 ], [ -99.144654, 19.468501 ], [ -99.144695, 19.468204 ], [ -99.144696, 19.468205 ], [ -99.144696, 19.468205 ], [ -99.144696, 19.468205 ], [ -99.144695, 19.468204 ], [ -99.144695, 19.468204 ], [ -99.144696, 19.468205 ], [ -99.144695, 19.468204 ], [ -99.144696, 19.468205 ], [ -99.144696, 19.468205 ], [ -99.14488, 19.46853 ], [ -99.14489, 19.468541 ], [ -99.14489, 19.468541 ], [ -99.14488, 19.46853 ], [ -99.14489, 19.468541 ], [ -99.14489, 19.468541 ], [ -99.14488, 19.46853 ], [ -99.14489, 19.468541 ], [ -99.14489, 19.468541 ], [ -99.14488, 19.46853 ], [ -99.14489, 19.468541 ], [ -99.14489, 19.468541 ], [ -99.14489, 19.468541 ], [ -99.14488, 19.46853 ], [ -99.14489, 19.468541 ], [ -99.14488, 19.46853 ], [ -99.14489, 19.468541 ], [ -99.14488, 19.46853 ], [ -99.14489, 19.468541 ], [ -99.14488, 19.46853 ], [ -99.14489, 19.468541 ], [ -99.14488, 19.46853 ], [ -99.14489, 19.468541 ], [ -99.14489, 19.468541 ], [ -99.14489, 19.468541 ], [ -99.14488, 19.46853 ], [ -99.14489, 19.468541 ], [ -99.14489, 19.468541 ], [ -99.14488, 19.46853 ], [ -99.14489, 19.468541 ], [ -99.14489, 19.468541 ], [ -99.14488, 19.46853 ], [ -99.14488, 19.46853 ], [ -99.14489, 19.468541 ], [ -99.14489, 19.468541 ], [ -99.14489, 19.468541 ], [ -99.14489, 19.468541 ], [ -99.14489, 19.468541 ], [ -99.14489, 19.468541 ], [ -99.14489, 19.468541 ], [ -99.14489, 19.468541 ], [ -99.14489, 19.468541 ], [ -99.14489, 19.468541 ], [ -99.14488, 19.46853 ], [ -99.14489, 19.468541 ], [ -99.14489, 19.468541 ], [ -99.13255, 19.4954 ], [ -99.132538, 19.49541 ], [ -99.132538, 19.49541 ], [ -99.132538, 19.49541 ], [ -99.13255, 19.4954 ], [ -99.132538, 19.49541 ], [ -99.110476, 19.52977 ], [ -99.110476, 19.52977 ], [ -99.11052, 19.52968 ], [ -99.110523, 19.529673 ], [ -99.110523, 19.529673 ], [ -99.11049, 19.52975 ], [ -99.11049, 19.52975 ], [ -99.110476, 19.52977 ], [ -99.11046, 19.52976 ], [ -99.11047, 19.52976 ], [ -99.11046, 19.52976 ], [ -99.11047, 19.52976 ], [ -99.11046, 19.52976 ], [ -99.11046, 19.52976 ], [ -99.11047, 19.52976 ], [ -99.11046, 19.52976 ], [ -99.11046, 19.52976 ], [ -99.11046, 19.52976 ], [ -99.11047, 19.52976 ], [ -99.11046, 19.52976 ], [ -99.11047, 19.52976 ], [ -99.11046, 19.52976 ], [ -99.11047, 19.52976 ], [ -99.11046, 19.52976 ], [ -99.11046, 19.52976 ], [ -99.11046, 19.52976 ], [ -99.11046, 19.52976 ], [ -99.11046, 19.52976 ], [ -99.11046, 19.52976 ], [ -99.11046, 19.52976 ], [ -99.11046, 19.52976 ], [ -99.11046, 19.52976 ], [ -99.11047, 19.52976 ], [ -99.11046, 19.52976 ], [ -99.11046, 19.52976 ], [ -99.11046, 19.52976 ], [ -99.12417, 19.52677 ], [ -99.124152, 19.526783 ], [ -99.124152, 19.526783 ], [ -99.124152, 19.526783 ], [ -99.124152, 19.526783 ], [ -99.124152, 19.526783 ], [ -99.124152, 19.526783 ], [ -99.12417, 19.52677 ], [ -99.11042, 19.529197 ], [ -99.11042, 19.52919 ], [ -99.11042, 19.529197 ], [ -99.11042, 19.529197 ], [ -99.11042, 19.529197 ], [ -99.11042, 19.529197 ], [ -99.11042, 19.529197 ], [ -99.11042, 19.529197 ], [ -99.11042, 19.529197 ], [ -99.11042, 19.529197 ], [ -99.11042, 19.52919 ], [ -99.11042, 19.52919 ], [ -99.11042, 19.529197 ], [ -99.11042, 19.529197 ], [ -99.11042, 19.529197 ], [ -99.11042, 19.529197 ], [ -99.11042, 19.529197 ], [ -99.11042, 19.529197 ], [ -99.11042, 19.52919 ], [ -99.11042, 19.529197 ], [ -99.11042, 19.529197 ], [ -99.11042, 19.529197 ], [ -99.11042, 19.529197 ], [ -99.11042, 19.52919 ], [ -99.11042, 19.529197 ], [ -99.11042, 19.529197 ], [ -99.11042, 19.529197 ], [ -99.11042, 19.529197 ], [ -99.11042, 19.529197 ], [ -99.11042, 19.52919 ], [ -99.11042, 19.529197 ], [ -99.11042, 19.52919 ], [ -99.11042, 19.529197 ], [ -99.11042, 19.529197 ], [ -99.11042, 19.52919 ], [ -99.11042, 19.52919 ], [ -99.11042, 19.529197 ], [ -99.11042, 19.52919 ], [ -99.11042, 19.529197 ], [ -99.110482, 19.529763 ], [ -99.11042, 19.529197 ], [ -99.11042, 19.529197 ], [ -99.11042, 19.52919 ], [ -99.11048, 19.52975 ], [ -99.110482, 19.529763 ], [ -99.110482, 19.529763 ], [ -99.110482, 19.529763 ], [ -99.110482, 19.529763 ], [ -99.110482, 19.529763 ], [ -99.110482, 19.529763 ], [ -99.110482, 19.529763 ], [ -99.110482, 19.529763 ], [ -99.110482, 19.529763 ], [ -99.11048, 19.52975 ], [ -99.11046, 19.52976 ], [ -99.110482, 19.529763 ], [ -99.110482, 19.529763 ], [ -99.110482, 19.529763 ], [ -99.11047, 19.52976 ], [ -99.11047, 19.52976 ], [ -99.11046, 19.52976 ], [ -99.11046, 19.52976 ], [ -99.11047, 19.52976 ], [ -99.11046, 19.52976 ], [ -99.11046, 19.52976 ], [ -99.11046, 19.52976 ], [ -99.11046, 19.52976 ], [ -99.11047, 19.52976 ], [ -99.11046, 19.52976 ], [ -99.11047, 19.52976 ], [ -99.11047, 19.52976 ], [ -99.11046, 19.52976 ], [ -99.11046, 19.52976 ], [ -99.11046, 19.52976 ], [ -99.11046, 19.52976 ], [ -99.11046, 19.52976 ], [ -99.11046, 19.52976 ], [ -99.11046, 19.52976 ], [ -99.11046, 19.52976 ], [ -99.11046, 19.52976 ], [ -99.11046, 19.52976 ], [ -99.11046, 19.52976 ], [ -99.11046, 19.52976 ], [ -99.11046, 19.52976 ], [ -99.11047, 19.52976 ], [ -99.11046, 19.52976 ], [ -99.11046, 19.52976 ], [ -99.115287, 19.519275 ], [ -99.11528, 19.51928 ], [ -99.115287, 19.519275 ], [ -99.115287, 19.519275 ], [ -99.115287, 19.519275 ], [ -99.115287, 19.519275 ], [ -99.115287, 19.519275 ], [ -99.115287, 19.519275 ], [ -99.11528, 19.51928 ], [ -99.115287, 19.519275 ], [ -99.1328, 19.49448 ], [ -99.1328, 19.494472 ], [ -99.1328, 19.494472 ], [ -99.1328, 19.49448 ], [ -99.1328, 19.494472 ], [ -99.1328, 19.494472 ], [ -99.1328, 19.494472 ], [ -99.1328, 19.494472 ], [ -99.1328, 19.49448 ], [ -99.1328, 19.494472 ], [ -99.1328, 19.494472 ], [ -99.15398, 19.44456 ], [ -99.153987, 19.444552 ], [ -99.153987, 19.444552 ], [ -99.170956, 19.425429 ], [ -99.170956, 19.425429 ], [ -99.17097, 19.42541 ], [ -99.173682, 19.424657 ], [ -99.173682, 19.424657 ], [ -99.173682, 19.424657 ], [ -99.17368, 19.42466 ], [ -99.173682, 19.424657 ], [ -99.17368, 19.42466 ], [ -99.14864, 19.435334 ], [ -99.14864, 19.435334 ], [ -99.14865, 19.43534 ], [ -99.14865, 19.43534 ], [ -99.14864, 19.435334 ], [ -99.13634, 19.434103 ], [ -99.13635, 19.4341 ], [ -99.13634, 19.434103 ], [ -99.13634, 19.434103 ], [ -99.13634, 19.434103 ], [ -99.13635, 19.4341 ], [ -99.13634, 19.434103 ], [ -99.132942, 19.43201 ], [ -99.133176, 19.432991 ], [ -99.13319, 19.43299 ], [ -99.13319, 19.43299 ], [ -99.133176, 19.432991 ], [ -99.1354, 19.43532 ], [ -99.135396, 19.435312 ], [ -99.135396, 19.435312 ], [ -99.1354, 19.43532 ], [ -99.136634, 19.435516 ], [ -99.13665, 19.43552 ], [ -99.136634, 19.435516 ], [ -99.138139, 19.435764 ], [ -99.138139, 19.435764 ], [ -99.13815, 19.43575 ], [ -99.138139, 19.435764 ], [ -99.13815, 19.43575 ], [ -99.138139, 19.435764 ], [ -99.138139, 19.435764 ], [ -99.139837, 19.436093 ], [ -99.139837, 19.436093 ], [ -99.13985, 19.43609 ], [ -99.139837, 19.436093 ], [ -99.139837, 19.436093 ], [ -99.139837, 19.436093 ], [ -99.13985, 19.43609 ], [ -99.139117, 19.445842 ], [ -99.13913, 19.44583 ], [ -99.139837, 19.436093 ], [ -99.13822, 19.44985 ], [ -99.138221, 19.449866 ], [ -99.138221, 19.449866 ], [ -99.138221, 19.449866 ], [ -99.138221, 19.449866 ], [ -99.13822, 19.44985 ], [ -99.138221, 19.449866 ], [ -99.143734, 19.467222 ], [ -99.143734, 19.467222 ], [ -99.14375, 19.46721 ], [ -99.144783, 19.466662 ], [ -99.14478, 19.46665 ], [ -99.14478, 19.46665 ], [ -99.144783, 19.466662 ], [ -99.144783, 19.466662 ], [ -99.14478, 19.46665 ], [ -99.144783, 19.466662 ], [ -99.14478, 19.46665 ], [ -99.144783, 19.466662 ], [ -99.145067, 19.466438 ], [ -99.14506, 19.46644 ], [ -99.145067, 19.466438 ], [ -99.14506, 19.46644 ], [ -99.145067, 19.466438 ], [ -99.14506, 19.46644 ], [ -99.145067, 19.466438 ], [ -99.145067, 19.466438 ], [ -99.145067, 19.466438 ], [ -99.14506, 19.46644 ], [ -99.145067, 19.466438 ], [ -99.145067, 19.466438 ], [ -99.14506, 19.46644 ], [ -99.145067, 19.466438 ], [ -99.145067, 19.466438 ], [ -99.145067, 19.466438 ], [ -99.145067, 19.466438 ], [ -99.145067, 19.466438 ], [ -99.145067, 19.466438 ], [ -99.145067, 19.466438 ], [ -99.145067, 19.466438 ], [ -99.145067, 19.466438 ], [ -99.145067, 19.466438 ], [ -99.145067, 19.466438 ], [ -99.145067, 19.466438 ], [ -99.145067, 19.466438 ], [ -99.14506, 19.46644 ], [ -99.145067, 19.466438 ], [ -99.145067, 19.466438 ], [ -99.14506, 19.46644 ], [ -99.14506, 19.46644 ], [ -99.145067, 19.466438 ], [ -99.14506, 19.46644 ], [ -99.145067, 19.466438 ], [ -99.14506, 19.46644 ], [ -99.145067, 19.466438 ], [ -99.14506, 19.46644 ], [ -99.145067, 19.466438 ], [ -99.14548, 19.46603 ], [ -99.1455, 19.46601 ], [ -99.145489, 19.466043 ], [ -99.145492, 19.466026 ], [ -99.145492, 19.466026 ], [ -99.1455, 19.46601 ] ] } },
{ "type": "Feature", "properties": { "device_id": "cfd9c1617ea4267259661d581f14dd96f7b6e5cdd706175979e7db024cccbcb7", "timestamps": "2020-01-01T06:11:01, 2020-01-01T06:31:07, 2020-01-01T06:48:56, 2020-01-01T07:42:07, 2020-01-01T09:44:07, 2020-01-01T09:44:17, 2020-01-01T09:59:56, 2020-01-01T10:11:56, 2020-01-01T10:22:56, 2020-01-01T10:32:39, 2020-01-01T10:45:21, 2020-01-01T10:45:57, 2020-01-01T11:00:56, 2020-01-01T11:15:58, 2020-01-01T11:28:11, 2020-01-01T11:39:11, 2020-01-01T11:56:01, 2020-01-01T12:10:14, 2020-01-01T12:10:24, 2020-01-01T12:10:54, 2020-01-01T12:30:56, 2020-01-01T13:04:47, 2020-01-01T13:23:00, 2020-01-01T13:46:04, 2020-01-01T13:56:01, 2020-01-01T14:06:04, 2020-01-01T14:10:09, 2020-01-01T14:22:53, 2020-01-01T15:08:57, 2020-01-01T15:18:27, 2020-01-01T15:40:00, 2020-01-01T16:22:57, 2020-01-01T16:34:19, 2020-01-01T17:04:38, 2020-01-01T17:47:11, 2020-01-01T18:13:28, 2020-01-01T18:35:42, 2020-01-01T18:45:38, 2020-01-01T18:55:05, 2020-01-01T19:16:42, 2020-01-01T19:27:30, 2020-01-01T19:37:32, 2020-01-01T19:48:46, 2020-01-01T20:02:00, 2020-01-01T20:12:06, 2020-01-01T20:23:11, 2020-01-01T20:38:14, 2020-01-01T20:58:09, 2020-01-01T21:10:43, 2020-01-01T21:14:27, 2020-01-01T21:18:39, 2020-01-01T21:18:53, 2020-01-01T21:19:43, 2020-01-01T21:20:29, 2020-01-01T21:21:02, 2020-01-01T21:21:50, 2020-01-01T21:22:47, 2020-01-01T21:23:11, 2020-01-01T21:24:04, 2020-01-01T21:24:58, 2020-01-01T21:25:48, 2020-01-01T21:26:14, 2020-01-01T21:27:03, 2020-01-01T21:27:58, 2020-01-01T21:28:35, 2020-01-01T21:29:16, 2020-01-01T21:30:07, 2020-01-01T21:30:21, 2020-01-01T21:31:31, 2020-01-01T21:32:17, 2020-01-01T21:33:10, 2020-01-01T21:34:19, 2020-01-01T21:35:23, 2020-01-01T21:41:43, 2020-01-01T21:42:28, 2020-01-01T21:43:38, 2020-01-01T21:43:54, 2020-01-01T21:44:43, 2020-01-01T21:45:29, 2020-01-01T21:46:02, 2020-01-01T21:46:50, 2020-01-01T21:47:46, 2020-01-01T21:48:12, 2020-01-01T21:49:48, 2020-01-01T21:50:03, 2020-01-01T21:51:32, 2020-01-01T21:52:02, 2020-01-01T21:53:46, 2020-01-01T21:54:11, 2020-01-01T21:55:06, 2020-01-01T21:55:25, 2020-01-01T21:56:31, 2020-01-01T21:57:17, 2020-01-01T21:58:08, 2020-01-01T21:58:21, 2020-01-01T21:59:33, 2020-01-01T22:05:37, 2020-01-01T22:18:19, 2020-01-01T22:28:43, 2020-01-01T22:47:15, 2020-01-01T23:02:32, 2020-01-01T23:02:53, 2020-01-01T23:02:55, 2020-01-01T23:03:29, 2020-01-01T23:13:34, 2020-01-01T23:13:35, 2020-01-01T23:13:37, 2020-01-01T23:15:39, 2020-01-01T23:15:43, 2020-01-01T23:15:47, 2020-01-01T23:16:21, 2020-01-01T23:35:38, 2020-01-01T23:46:11, 2020-01-01T23:56:09, 2020-01-01T23:57:18, 2020-01-01T23:57:28, 2020-01-01T23:57:58" }, "geometry": { "type": "LineString", "coordinates": [ [ -99.083377, 19.483844 ], [ -99.083394, 19.483639 ], [ -99.083392, 19.483832 ], [ -99.083403, 19.483843 ], [ -99.083403, 19.483843 ], [ -99.083403, 19.483843 ], [ -99.083375, 19.483819 ], [ -99.083386, 19.483815 ], [ -99.083391, 19.483843 ], [ -99.083357, 19.48384 ], [ -99.083403, 19.483849 ], [ -99.083401, 19.483814 ], [ -99.083349, 19.483827 ], [ -99.083341, 19.483828 ], [ -99.083318, 19.483806 ], [ -99.083313, 19.483807 ], [ -99.083317, 19.483807 ], [ -99.083443, 19.48389 ], [ -99.083417, 19.483888 ], [ -99.08343, 19.483882 ], [ -99.083388, 19.483759 ], [ -99.145324, 19.466176 ], [ -99.145359, 19.465931 ], [ -99.145337, 19.465984 ], [ -99.145334, 19.465964 ], [ -99.145011, 19.466203 ], [ -99.145429, 19.465906 ], [ -99.145366, 19.466059 ], [ -99.14539, 19.46599 ], [ -99.145377, 19.466093 ], [ -99.145342, 19.465905 ], [ -99.145421, 19.465944 ], [ -99.145155, 19.466178 ], [ -99.145173, 19.46616 ], [ -99.145418, 19.466058 ], [ -99.14527, 19.465957 ], [ -99.14539, 19.466016 ], [ -99.145463, 19.466145 ], [ -99.145049, 19.466241 ], [ -99.144843, 19.465768 ], [ -99.144988, 19.466213 ], [ -99.145214, 19.466016 ], [ -99.145128, 19.466056 ], [ -99.145302, 19.466113 ], [ -99.145207, 19.466048 ], [ -99.145498, 19.466061 ], [ -99.145289, 19.466047 ], [ -99.145697, 19.466089 ], [ -99.143878, 19.467331 ], [ -99.143871, 19.467845 ], [ -99.140305, 19.467364 ], [ -99.142643, 19.465978 ], [ -99.140992, 19.467315 ], [ -99.1411, 19.467281 ], [ -99.140775, 19.467424 ], [ -99.141097, 19.467257 ], [ -99.140863, 19.467249 ], [ -99.141072, 19.467042 ], [ -99.143882, 19.468202 ], [ -99.143207, 19.467257 ], [ -99.144969, 19.471081 ], [ -99.145554, 19.472546 ], [ -99.146595, 19.475437 ], [ -99.145955, 19.473755 ], [ -99.148014, 19.479139 ], [ -99.148458, 19.480132 ], [ -99.149893, 19.484039 ], [ -99.149202, 19.482039 ], [ -99.151009, 19.487046 ], [ -99.151903, 19.489425 ], [ -99.152233, 19.490263 ], [ -99.153413, 19.493509 ], [ -99.154533, 19.496289 ], [ -99.148531, 19.494045 ], [ -99.146379, 19.49348 ], [ -99.140086, 19.49213 ], [ -99.144363, 19.493002 ], [ -99.137257, 19.491577 ], [ -99.132396, 19.490311 ], [ -99.127587, 19.488454 ], [ -99.130252, 19.489453 ], [ -99.122757, 19.486705 ], [ -99.12191, 19.486315 ], [ -99.118804, 19.48511 ], [ -99.118271, 19.483805 ], [ -99.114906, 19.48255 ], [ -99.113813, 19.483939 ], [ -99.112119, 19.483849 ], [ -99.108762, 19.483225 ], [ -99.106855, 19.482724 ], [ -99.106624, 19.48266 ], [ -99.105118, 19.481898 ], [ -99.102021, 19.480547 ], [ -99.100047, 19.479734 ], [ -99.101191, 19.480256 ], [ -99.097206, 19.478742 ], [ -99.095998, 19.479353 ], [ -99.095303, 19.47986 ], [ -99.095842, 19.479521 ], [ -99.096146, 19.4783 ], [ -99.084397, 19.476076 ], [ -99.085051, 19.474497 ], [ -99.085134, 19.47453 ], [ -99.084234, 19.476622 ], [ -99.083876, 19.482719 ], [ -99.083874, 19.482686 ], [ -99.083901, 19.482798 ], [ -99.083933, 19.483768 ], [ -99.083986, 19.483757 ], [ -99.083981, 19.483759 ], [ -99.083592, 19.48397 ], [ -99.083413, 19.483858 ], [ -99.083423, 19.483839 ], [ -99.08343, 19.483882 ], [ -99.083376, 19.483821 ], [ -99.083372, 19.483805 ], [ -99.08343, 19.483882 ] ] } },
{ "type": "Feature", "properties": { "device_id": "db5e8653a6a5f8912ee12a54edbbdd683b784b729054f00a0d33c307372c491d", "timestamps": "2020-01-01T06:13:52, 2020-01-01T06:23:55, 2020-01-01T06:25:51, 2020-01-01T06:42:53, 2020-01-01T06:53:35, 2020-01-01T06:54:53, 2020-01-01T07:06:12, 2020-01-01T07:21:48, 2020-01-01T07:24:17, 2020-01-01T07:46:13, 2020-01-01T07:59:50, 2020-01-01T08:12:50, 2020-01-01T08:43:32, 2020-01-01T09:02:09, 2020-01-01T09:18:53, 2020-01-01T09:30:11, 2020-01-01T09:34:04, 2020-01-01T09:47:50, 2020-01-01T09:59:10, 2020-01-01T10:00:54, 2020-01-01T10:05:40, 2020-01-01T10:12:28, 2020-01-01T10:27:46, 2020-01-01T10:38:58, 2020-01-01T10:47:46, 2020-01-01T11:03:20, 2020-01-01T11:08:40, 2020-01-01T11:17:23, 2020-01-01T11:30:58, 2020-01-01T11:41:06, 2020-01-01T11:48:19, 2020-01-01T12:04:06, 2020-01-01T12:17:18, 2020-01-01T12:29:46, 2020-01-01T12:41:01, 2020-01-01T12:47:22, 2020-01-01T12:58:44, 2020-01-01T13:17:23, 2020-01-01T13:18:38, 2020-01-01T13:19:32, 2020-01-01T13:33:08, 2020-01-01T13:47:45, 2020-01-01T13:47:57, 2020-01-01T13:59:25, 2020-01-01T14:15:50, 2020-01-01T14:18:53, 2020-01-01T14:27:23, 2020-01-01T14:39:46, 2020-01-01T14:48:42, 2020-01-01T14:51:48, 2020-01-01T15:03:48, 2020-01-01T15:12:48, 2020-01-01T15:13:26, 2020-01-01T15:13:48, 2020-01-01T15:13:54, 2020-01-01T15:14:44, 2020-01-01T15:17:16, 2020-01-01T15:17:29, 2020-01-01T15:17:44, 2020-01-01T15:17:55, 2020-01-01T15:18:04, 2020-01-01T15:18:25, 2020-01-01T15:18:44, 2020-01-01T15:19:05, 2020-01-01T15:19:28, 2020-01-01T15:19:45, 2020-01-01T15:20:06, 2020-01-01T15:20:27, 2020-01-01T15:20:46, 2020-01-01T15:21:07, 2020-01-01T15:21:48, 2020-01-01T15:22:09, 2020-01-01T15:22:24, 2020-01-01T15:22:29, 2020-01-01T15:22:49, 2020-01-01T15:23:31, 2020-01-01T15:23:50, 2020-01-01T15:24:12, 2020-01-01T15:24:31, 2020-01-01T15:24:51, 2020-01-01T15:25:12, 2020-01-01T15:25:32, 2020-01-01T15:26:13, 2020-01-01T15:31:29, 2020-01-01T15:31:39, 2020-01-01T15:31:59, 2020-01-01T15:32:16, 2020-01-01T15:33:14, 2020-01-01T15:37:33, 2020-01-01T15:39:23, 2020-01-01T15:41:28, 2020-01-01T15:41:48, 2020-01-01T15:42:10, 2020-01-01T15:44:51, 2020-01-01T15:45:02, 2020-01-01T16:00:55, 2020-01-01T16:12:53, 2020-01-01T16:22:09, 2020-01-01T16:34:16, 2020-01-01T16:45:37, 2020-01-01T16:46:03, 2020-01-01T16:59:11, 2020-01-01T16:59:21, 2020-01-01T16:59:28, 2020-01-01T16:59:40, 2020-01-01T17:15:49, 2020-01-01T17:22:06, 2020-01-01T17:22:10, 2020-01-01T17:22:20, 2020-01-01T17:22:41, 2020-01-01T17:22:42, 2020-01-01T17:22:50, 2020-01-01T17:23:26, 2020-01-01T17:23:40, 2020-01-01T17:37:50, 2020-01-01T17:39:02, 2020-01-01T17:39:04, 2020-01-01T17:39:34, 2020-01-01T17:39:43, 2020-01-01T17:40:11, 2020-01-01T17:40:22, 2020-01-01T17:44:27, 2020-01-01T17:52:23, 2020-01-01T17:52:25, 2020-01-01T17:53:56, 2020-01-01T18:15:50, 2020-01-01T18:17:52, 2020-01-01T18:31:42, 2020-01-01T18:31:44, 2020-01-01T18:42:52, 2020-01-01T18:42:54, 2020-01-01T18:43:11, 2020-01-01T18:43:26, 2020-01-01T18:43:36, 2020-01-01T18:44:23, 2020-01-01T18:56:23, 2020-01-01T18:56:24, 2020-01-01T18:56:41, 2020-01-01T18:56:45, 2020-01-01T18:59:11, 2020-01-01T18:59:12, 2020-01-01T19:04:24, 2020-01-01T19:04:25, 2020-01-01T19:04:27, 2020-01-01T19:11:17, 2020-01-01T19:12:27, 2020-01-01T19:12:28, 2020-01-01T19:14:22, 2020-01-01T19:14:37, 2020-01-01T19:26:32, 2020-01-01T19:26:36, 2020-01-01T19:41:30, 2020-01-01T19:44:14, 2020-01-01T19:44:23, 2020-01-01T19:56:36, 2020-01-01T19:58:40, 2020-01-01T20:11:36, 2020-01-01T20:14:16, 2020-01-01T20:14:32, 2020-01-01T20:26:37, 2020-01-01T20:27:58, 2020-01-01T20:32:18, 2020-01-01T20:39:17, 2020-01-01T20:39:38, 2020-01-01T20:54:17, 2020-01-01T20:54:38, 2020-01-01T21:04:38, 2020-01-01T21:14:18, 2020-01-01T21:30:35, 2020-01-01T21:43:31, 2020-01-01T21:45:46, 2020-01-01T21:55:39, 2020-01-01T22:00:04, 2020-01-01T22:00:37, 2020-01-01T22:08:06, 2020-01-01T22:26:07, 2020-01-01T22:31:32, 2020-01-01T22:42:33, 2020-01-01T22:42:54, 2020-01-01T22:42:57, 2020-01-01T22:43:26, 2020-01-01T22:43:28, 2020-01-01T22:58:36, 2020-01-01T23:11:56, 2020-01-01T23:14:04, 2020-01-01T23:14:05, 2020-01-01T23:14:52, 2020-01-01T23:24:18, 2020-01-01T23:24:29" }, "geometry": { "type": "LineString", "coordinates": [ [ -99.144025, 19.46539 ], [ -99.143919, 19.465449 ], [ -99.143966, 19.465389 ], [ -99.143973, 19.46539 ], [ -99.144, 19.465395 ], [ -99.143972, 19.465367 ], [ -99.144022, 19.465424 ], [ -99.144008, 19.465422 ], [ -99.144034, 19.465404 ], [ -99.143972, 19.46539 ], [ -99.143984, 19.465377 ], [ -99.143995, 19.465359 ], [ -99.143983, 19.465243 ], [ -99.143981, 19.465384 ], [ -99.144, 19.465374 ], [ -99.144069, 19.465388 ], [ -99.144013, 19.465413 ], [ -99.144001, 19.465379 ], [ -99.143955, 19.465355 ], [ -99.144023, 19.465355 ], [ -99.143995, 19.465357 ], [ -99.14393, 19.465341 ], [ -99.143962, 19.465366 ], [ -99.144017, 19.465317 ], [ -99.143996, 19.465431 ], [ -99.144, 19.465374 ], [ -99.143986, 19.465339 ], [ -99.143961, 19.465368 ], [ -99.143961, 19.465336 ], [ -99.14397, 19.465394 ], [ -99.144015, 19.465422 ], [ -99.143914, 19.465313 ], [ -99.14391, 19.465314 ], [ -99.143936, 19.465341 ], [ -99.143974, 19.465372 ], [ -99.143974, 19.465372 ], [ -99.143935, 19.465359 ], [ -99.144008, 19.465381 ], [ -99.144047, 19.465165 ], [ -99.143997, 19.465373 ], [ -99.143997, 19.465373 ], [ -99.14392, 19.465351 ], [ -99.14392, 19.465352 ], [ -99.143876, 19.465677 ], [ -99.143936, 19.465334 ], [ -99.143997, 19.465422 ], [ -99.144019, 19.465364 ], [ -99.144008, 19.465416 ], [ -99.145096, 19.467694 ], [ -99.145012, 19.467746 ], [ -99.15146, 19.469801 ], [ -99.188186, 19.475967 ], [ -99.188522, 19.476116 ], [ -99.188522, 19.476116 ], [ -99.188003, 19.476035 ], [ -99.188008, 19.476055 ], [ -99.187954, 19.476044 ], [ -99.187957, 19.476031 ], [ -99.187957, 19.476031 ], [ -99.187958, 19.476046 ], [ -99.187957, 19.476031 ], [ -99.187957, 19.476031 ], [ -99.187957, 19.476031 ], [ -99.187957, 19.476031 ], [ -99.187958, 19.476031 ], [ -99.187958, 19.476031 ], [ -99.187958, 19.476031 ], [ -99.187963, 19.476036 ], [ -99.187963, 19.476036 ], [ -99.187963, 19.476036 ], [ -99.187959, 19.476031 ], [ -99.187959, 19.476031 ], [ -99.187969, 19.476041 ], [ -99.187958, 19.476031 ], [ -99.187958, 19.476031 ], [ -99.187958, 19.476031 ], [ -99.187958, 19.476031 ], [ -99.187971, 19.476022 ], [ -99.187971, 19.476022 ], [ -99.187971, 19.476022 ], [ -99.187958, 19.476031 ], [ -99.187958, 19.476031 ], [ -99.18793, 19.476042 ], [ -99.187893, 19.476048 ], [ -99.187893, 19.476048 ], [ -99.187893, 19.476048 ], [ -99.187893, 19.476061 ], [ -99.187901, 19.476046 ], [ -99.18792, 19.476033 ], [ -99.187901, 19.476035 ], [ -99.187881, 19.476039 ], [ -99.187904, 19.476038 ], [ -99.187924, 19.476025 ], [ -99.187918, 19.476047 ], [ -99.187942, 19.476025 ], [ -99.187842, 19.476129 ], [ -99.187842, 19.476129 ], [ -99.187955, 19.47603 ], [ -99.187964, 19.47604 ], [ -99.187955, 19.476032 ], [ -99.187956, 19.476032 ], [ -99.187927, 19.476042 ], [ -99.187916, 19.476033 ], [ -99.187967, 19.476043 ], [ -99.187931, 19.476032 ], [ -99.18792, 19.476033 ], [ -99.187953, 19.476034 ], [ -99.187826, 19.476136 ], [ -99.187953, 19.476034 ], [ -99.187817, 19.476145 ], [ -99.18794, 19.476026 ], [ -99.187942, 19.476043 ], [ -99.18794, 19.476026 ], [ -99.187913, 19.476035 ], [ -99.187924, 19.476046 ], [ -99.188646, 19.476152 ], [ -99.188646, 19.476152 ], [ -99.187916, 19.476058 ], [ -99.187916, 19.476058 ], [ -99.187901, 19.476026 ], [ -99.187893, 19.476048 ], [ -99.187925, 19.476064 ], [ -99.187901, 19.476013 ], [ -99.187892, 19.476039 ], [ -99.187897, 19.476025 ], [ -99.1879, 19.476017 ], [ -99.187873, 19.476027 ], [ -99.187957, 19.476039 ], [ -99.187957, 19.476039 ], [ -99.187969, 19.476048 ], [ -99.187896, 19.476024 ], [ -99.187971, 19.476244 ], [ -99.187971, 19.476244 ], [ -99.187885, 19.476023 ], [ -99.187894, 19.476035 ], [ -99.187892, 19.476039 ], [ -99.187892, 19.476039 ], [ -99.187765, 19.476086 ], [ -99.187829, 19.476017 ], [ -99.187829, 19.476017 ], [ -99.187893, 19.476048 ], [ -99.187853, 19.476027 ], [ -99.187581, 19.476203 ], [ -99.187872, 19.476026 ], [ -99.187892, 19.476039 ], [ -99.187848, 19.47618 ], [ -99.187949, 19.476053 ], [ -99.187901, 19.476047 ], [ -99.1879, 19.476048 ], [ -99.187882, 19.476177 ], [ -99.187892, 19.476039 ], [ -99.187892, 19.476039 ], [ -99.187963, 19.476012 ], [ -99.187954, 19.476021 ], [ -99.187892, 19.476039 ], [ -99.18796, 19.475949 ], [ -99.187892, 19.476039 ], [ -99.187933, 19.476015 ], [ -99.187919, 19.476107 ], [ -99.187892, 19.476039 ], [ -99.187928, 19.476108 ], [ -99.187892, 19.476039 ], [ -99.187909, 19.476032 ], [ -99.187909, 19.476041 ], [ -99.18791, 19.476045 ], [ -99.18791, 19.476034 ], [ -99.187905, 19.476056 ], [ -99.187906, 19.476065 ], [ -99.187892, 19.476039 ], [ -99.187923, 19.476045 ], [ -99.187892, 19.476039 ], [ -99.187923, 19.476045 ], [ -99.187892, 19.476039 ], [ -99.187971, 19.476022 ], [ -99.187981, 19.476013 ], [ -99.187981, 19.476013 ], [ -99.187884, 19.47607 ], [ -99.188228, 19.476132 ], [ -99.188229, 19.476144 ], [ -99.187896, 19.476069 ], [ -99.187896, 19.476069 ], [ -99.187892, 19.476047 ], [ -99.187888, 19.476117 ], [ -99.187888, 19.476117 ], [ -99.187855, 19.476034 ], [ -99.187924, 19.476042 ], [ -99.187863, 19.476043 ], [ -99.187891, 19.476044 ], [ -99.187892, 19.476035 ] ] } },
{ "type": "Feature", "properties": { "device_id": "f594261a6c8f4eb4b72a8c8f94c12c74685e717d4b2fb1d54e321cc4c86c3173", "timestamps": "2020-01-01T09:12:06, 2020-01-01T09:29:06, 2020-01-01T09:29:14, 2020-01-01T09:30:24, 2020-01-01T09:31:47, 2020-01-01T09:35:31, 2020-01-01T09:38:21, 2020-01-01T09:38:30, 2020-01-01T09:38:39, 2020-01-01T09:38:49, 2020-01-01T09:39:05, 2020-01-01T09:39:28, 2020-01-01T09:39:52, 2020-01-01T09:41:16, 2020-01-01T09:41:49, 2020-01-01T09:42:33, 2020-01-01T09:43:12, 2020-01-01T09:43:29, 2020-01-01T09:43:54, 2020-01-01T09:45:13, 2020-01-01T09:47:24, 2020-01-01T09:47:50, 2020-01-01T09:48:53, 2020-01-01T09:49:55, 2020-01-01T09:50:41, 2020-01-01T09:53:34, 2020-01-01T09:55:37, 2020-01-01T09:58:49, 2020-01-01T10:03:28, 2020-01-01T10:03:54, 2020-01-01T10:04:40, 2020-01-01T10:04:59, 2020-01-01T10:06:17, 2020-01-01T10:09:50, 2020-01-01T12:46:36, 2020-01-01T13:15:09, 2020-01-01T13:15:31, 2020-01-01T13:15:36, 2020-01-01T13:16:15, 2020-01-01T13:16:22, 2020-01-01T13:16:31, 2020-01-01T13:16:57, 2020-01-01T13:17:05, 2020-01-01T13:17:22, 2020-01-01T13:17:42, 2020-01-01T13:17:48, 2020-01-01T13:21:00, 2020-01-01T13:22:08, 2020-01-01T13:24:10, 2020-01-01T13:24:21, 2020-01-01T13:24:27, 2020-01-01T13:24:47, 2020-01-01T13:25:21, 2020-01-01T13:26:14, 2020-01-01T13:27:06, 2020-01-01T13:27:25, 2020-01-01T13:27:38, 2020-01-01T13:27:44, 2020-01-01T13:30:14, 2020-01-01T13:41:12, 2020-01-01T13:50:53, 2020-01-01T13:51:13, 2020-01-01T13:51:21, 2020-01-01T13:56:23, 2020-01-01T13:56:31, 2020-01-01T13:56:56, 2020-01-01T13:57:43, 2020-01-01T14:02:04, 2020-01-01T14:07:32, 2020-01-01T14:22:49, 2020-01-01T18:37:04, 2020-01-01T18:37:10, 2020-01-01T18:37:45, 2020-01-01T18:38:02, 2020-01-01T18:39:02, 2020-01-01T18:39:07, 2020-01-01T19:13:01, 2020-01-01T19:13:07, 2020-01-01T19:13:29, 2020-01-01T19:13:34, 2020-01-01T19:15:55, 2020-01-01T20:43:38, 2020-01-01T20:43:50, 2020-01-01T21:17:16, 2020-01-01T21:24:34, 2020-01-01T22:03:09, 2020-01-01T22:26:45, 2020-01-01T22:26:52, 2020-01-01T22:27:09, 2020-01-01T22:27:14, 2020-01-01T22:28:00, 2020-01-01T22:28:48, 2020-01-01T22:29:28, 2020-01-01T22:29:50, 2020-01-01T22:30:22, 2020-01-01T22:32:44, 2020-01-01T22:33:18, 2020-01-01T22:33:55, 2020-01-01T22:34:13, 2020-01-01T22:34:31, 2020-01-01T22:35:08, 2020-01-01T22:35:48, 2020-01-01T22:36:04, 2020-01-01T22:36:22, 2020-01-01T22:36:40, 2020-01-01T22:36:59, 2020-01-01T22:37:55, 2020-01-01T22:38:08, 2020-01-01T22:38:14, 2020-01-01T22:41:13, 2020-01-01T22:42:55, 2020-01-01T22:45:21, 2020-01-01T22:45:41, 2020-01-01T22:46:59, 2020-01-01T22:50:32, 2020-01-01T22:50:41, 2020-01-01T22:50:48, 2020-01-01T23:05:32, 2020-01-01T23:27:02, 2020-01-01T23:27:21, 2020-01-01T23:28:29, 2020-01-01T23:28:35, 2020-01-01T23:32:26, 2020-01-01T23:35:00, 2020-01-01T23:35:19" }, "geometry": { "type": "LineString", "coordinates": [ [ -99.14231, 19.46675 ], [ -99.141553, 19.46695 ], [ -99.142165, 19.466294 ], [ -99.142165, 19.466294 ], [ -99.143974, 19.465083 ], [ -99.169551, 19.445745 ], [ -99.179649, 19.452154 ], [ -99.179649, 19.452154 ], [ -99.179528, 19.452253 ], [ -99.179528, 19.452253 ], [ -99.179492, 19.452215 ], [ -99.17952, 19.452229 ], [ -99.179524, 19.452178 ], [ -99.179467, 19.452191 ], [ -99.179494, 19.452216 ], [ -99.179496, 19.452214 ], [ -99.179471, 19.452184 ], [ -99.179497, 19.452214 ], [ -99.179471, 19.452191 ], [ -99.179497, 19.452209 ], [ -99.179509, 19.452197 ], [ -99.179497, 19.452201 ], [ -99.179507, 19.452208 ], [ -99.179498, 19.452201 ], [ -99.179504, 19.452207 ], [ -99.179495, 19.4522 ], [ -99.179495, 19.4522 ], [ -99.179504, 19.452208 ], [ -99.17948, 19.4522 ], [ -99.179502, 19.452199 ], [ -99.179515, 19.452211 ], [ -99.179494, 19.452217 ], [ -99.179463, 19.452199 ], [ -99.179463, 19.452199 ], [ -99.179498, 19.452215 ], [ -99.179489, 19.452211 ], [ -99.179477, 19.452209 ], [ -99.179477, 19.452209 ], [ -99.179484, 19.452189 ], [ -99.179484, 19.452189 ], [ -99.179484, 19.452189 ], [ -99.179497, 19.4522 ], [ -99.179497, 19.4522 ], [ -99.179483, 19.45219 ], [ -99.179483, 19.45219 ], [ -99.179483, 19.45219 ], [ -99.179483, 19.45219 ], [ -99.179483, 19.45219 ], [ -99.179531, 19.452254 ], [ -99.179531, 19.452254 ], [ -99.179532, 19.452241 ], [ -99.179493, 19.452212 ], [ -99.179494, 19.452215 ], [ -99.179496, 19.45221 ], [ -99.179527, 19.452235 ], [ -99.179527, 19.452226 ], [ -99.179527, 19.452227 ], [ -99.179527, 19.452227 ], [ -99.179527, 19.452227 ], [ -99.179494, 19.452209 ], [ -99.179528, 19.452321 ], [ -99.179528, 19.452321 ], [ -99.179528, 19.452321 ], [ -99.180571, 19.456125 ], [ -99.180571, 19.456125 ], [ -99.180508, 19.456251 ], [ -99.177823, 19.460412 ], [ -99.167925, 19.470973 ], [ -99.149176, 19.473357 ], [ -99.143673, 19.465593 ], [ -99.143681, 19.465416 ], [ -99.143688, 19.465571 ], [ -99.14369, 19.4654 ], [ -99.143777, 19.465449 ], [ -99.1437, 19.46549 ], [ -99.143698, 19.465504 ], [ -99.1437, 19.46557 ], [ -99.143687, 19.465558 ], [ -99.143691, 19.465585 ], [ -99.143749, 19.465332 ], [ -99.14373, 19.46536 ], [ -99.143702, 19.465599 ], [ -99.143602, 19.465709 ], [ -99.145551, 19.464462 ], [ -99.164837, 19.450079 ], [ -99.179421, 19.452246 ], [ -99.17953, 19.452308 ], [ -99.17953, 19.452308 ], [ -99.179517, 19.452297 ], [ -99.179517, 19.452297 ], [ -99.179517, 19.452324 ], [ -99.179525, 19.452268 ], [ -99.179525, 19.452268 ], [ -99.179551, 19.452297 ], [ -99.17951, 19.452248 ], [ -99.179539, 19.452251 ], [ -99.179539, 19.45227 ], [ -99.179499, 19.452319 ], [ -99.179509, 19.452284 ], [ -99.179541, 19.45227 ], [ -99.17951, 19.452281 ], [ -99.17953, 19.452279 ], [ -99.179534, 19.452269 ], [ -99.179507, 19.45228 ], [ -99.179536, 19.452262 ], [ -99.179538, 19.452263 ], [ -99.179527, 19.452248 ], [ -99.179517, 19.45227 ], [ -99.179517, 19.45227 ], [ -99.179499, 19.45219 ], [ -99.179482, 19.452197 ], [ -99.179493, 19.45221 ], [ -99.179482, 19.452212 ], [ -99.179487, 19.452213 ], [ -99.179496, 19.452217 ], [ -99.179496, 19.452217 ], [ -99.179496, 19.452217 ], [ -99.179499, 19.452212 ], [ -99.179499, 19.452212 ], [ -99.17949, 19.452213 ], [ -99.1795, 19.45221 ], [ -99.1795, 19.452215 ], [ -99.1795, 19.452216 ], [ -99.179495, 19.452211 ], [ -99.179499, 19.452215 ] ] } },
{ "type": "Feature", "properties": { "device_id": "108d56841bb85591af6346369e16d3ed935b541d1a3697ac3d4139ed07f278a4", "timestamps": "2020-01-01T06:04:34, 2020-01-01T06:14:29, 2020-01-01T06:34:36, 2020-01-01T06:45:23, 2020-01-01T06:55:30, 2020-01-01T07:05:12, 2020-01-01T07:37:59, 2020-01-01T08:54:05, 2020-01-01T09:05:30, 2020-01-01T10:14:08, 2020-01-01T10:34:14, 2020-01-01T10:44:04, 2020-01-01T11:06:24, 2020-01-01T11:16:48, 2020-01-01T11:16:49, 2020-01-01T11:26:04, 2020-01-01T11:37:23, 2020-01-01T11:47:49, 2020-01-01T11:57:42, 2020-01-01T12:19:35, 2020-01-01T12:30:35, 2020-01-01T12:30:49, 2020-01-01T12:40:16, 2020-01-01T13:55:51, 2020-01-01T14:15:35, 2020-01-01T14:26:21, 2020-01-01T14:35:08, 2020-01-01T14:46:06, 2020-01-01T14:57:27, 2020-01-01T15:08:15, 2020-01-01T15:18:40, 2020-01-01T15:29:20, 2020-01-01T15:39:41, 2020-01-01T15:49:33, 2020-01-01T16:00:14, 2020-01-01T16:11:53, 2020-01-01T16:32:34, 2020-01-01T16:42:04, 2020-01-01T16:52:30, 2020-01-01T17:14:04, 2020-01-01T17:24:17, 2020-01-01T17:24:19, 2020-01-01T17:44:14, 2020-01-01T17:55:57, 2020-01-01T18:05:26, 2020-01-01T18:16:01, 2020-01-01T18:16:51, 2020-01-01T18:27:45, 2020-01-01T18:44:53, 2020-01-01T18:44:54, 2020-01-01T18:57:17, 2020-01-01T18:57:18, 2020-01-01T19:00:42, 2020-01-01T19:01:27, 2020-01-01T19:02:38, 2020-01-01T19:02:52, 2020-01-01T19:03:44, 2020-01-01T19:04:28, 2020-01-01T19:05:39, 2020-01-01T19:05:53, 2020-01-01T19:06:40, 2020-01-01T19:07:15, 2020-01-01T19:08:01, 2020-01-01T19:08:56, 2020-01-01T19:09:49, 2020-01-01T19:10:14, 2020-01-01T19:11:03, 2020-01-01T19:11:59, 2020-01-01T19:12:35, 2020-01-01T19:13:10, 2020-01-01T19:14:06, 2020-01-01T19:14:22, 2020-01-01T19:15:32, 2020-01-01T19:16:16, 2020-01-01T19:17:06, 2020-01-01T19:17:22, 2020-01-01T19:18:32, 2020-01-01T19:19:16, 2020-01-01T19:20:08, 2020-01-01T19:21:34, 2020-01-01T19:22:18, 2020-01-01T19:23:23, 2020-01-01T19:24:30, 2020-01-01T19:24:55, 2020-01-01T19:25:42, 2020-01-01T19:26:26, 2020-01-01T19:27:37, 2020-01-01T19:27:51, 2020-01-01T19:28:41, 2020-01-01T19:29:28, 2020-01-01T19:30:39, 2020-01-01T19:30:54, 2020-01-01T19:31:40, 2020-01-01T19:32:12, 2020-01-01T20:55:55, 2020-01-01T21:17:51, 2020-01-01T22:34:56, 2020-01-01T23:14:39" }, "geometry": { "type": "LineString", "coordinates": [ [ -99.172929, 19.529802 ], [ -99.172929, 19.529802 ], [ -99.172756, 19.529818 ], [ -99.172863, 19.529765 ], [ -99.172863, 19.529765 ], [ -99.172761, 19.529769 ], [ -99.172754, 19.529847 ], [ -99.172584, 19.530014 ], [ -99.172584, 19.530014 ], [ -99.172568, 19.52949 ], [ -99.172868, 19.529855 ], [ -99.172874, 19.52984 ], [ -99.172129, 19.530884 ], [ -99.172129, 19.530884 ], [ -99.172129, 19.530884 ], [ -99.172686, 19.530163 ], [ -99.172686, 19.530163 ], [ -99.172512, 19.530026 ], [ -99.172512, 19.530026 ], [ -99.172685, 19.529875 ], [ -99.172643, 19.530087 ], [ -99.17261, 19.530064 ], [ -99.172643, 19.530087 ], [ -99.172024, 19.529577 ], [ -99.172168, 19.529965 ], [ -99.172757, 19.529894 ], [ -99.172757, 19.529894 ], [ -99.17263, 19.530026 ], [ -99.172604, 19.529579 ], [ -99.172876, 19.529956 ], [ -99.172657, 19.529963 ], [ -99.172828, 19.529642 ], [ -99.172944, 19.529842 ], [ -99.173015, 19.529904 ], [ -99.173015, 19.529904 ], [ -99.173124, 19.529834 ], [ -99.17299, 19.529703 ], [ -99.17299, 19.529703 ], [ -99.172979, 19.529815 ], [ -99.173172, 19.529746 ], [ -99.173172, 19.529746 ], [ -99.173172, 19.529746 ], [ -99.16333, 19.536232 ], [ -99.173013, 19.529767 ], [ -99.173013, 19.529767 ], [ -99.172792, 19.529807 ], [ -99.172792, 19.529807 ], [ -99.17301, 19.529852 ], [ -99.172889, 19.529702 ], [ -99.172889, 19.529702 ], [ -99.168951, 19.52701 ], [ -99.168965, 19.527007 ], [ -99.163516, 19.51883 ], [ -99.162058, 19.515351 ], [ -99.159196, 19.50806 ], [ -99.160019, 19.510217 ], [ -99.157924, 19.504799 ], [ -99.15538, 19.498211 ], [ -99.154005, 19.494609 ], [ -99.154547, 19.495947 ], [ -99.151218, 19.486977 ], [ -99.148488, 19.479711 ], [ -99.146715, 19.474463 ], [ -99.14662, 19.474498 ], [ -99.146762, 19.474378 ], [ -99.146727, 19.474377 ], [ -99.144074, 19.468199 ], [ -99.144493, 19.469426 ], [ -99.143939, 19.467672 ], [ -99.14396, 19.465018 ], [ -99.159682, 19.463784 ], [ -99.151775, 19.463049 ], [ -99.16352, 19.45747 ], [ -99.164332, 19.449918 ], [ -99.170157, 19.435584 ], [ -99.166517, 19.442519 ], [ -99.172844, 19.433469 ], [ -99.17855, 19.435562 ], [ -99.192089, 19.442406 ], [ -99.199912, 19.444686 ], [ -99.206723, 19.448427 ], [ -99.212014, 19.4488 ], [ -99.217815, 19.444448 ], [ -99.215744, 19.446725 ], [ -99.222585, 19.442483 ], [ -99.224788, 19.440771 ], [ -99.222466, 19.442166 ], [ -99.223489, 19.441515 ], [ -99.220183, 19.443912 ], [ -99.218789, 19.443919 ], [ -99.218592, 19.444598 ], [ -99.21861, 19.443959 ], [ -99.219867, 19.448469 ], [ -99.219921, 19.452639 ], [ -99.21882, 19.454686 ], [ -99.219115, 19.454325 ], [ -99.207743, 19.538838 ], [ -99.204246, 19.536704 ] ] } },
{ "type": "Feature", "properties": { "device_id": "35c5d7bc1e2496352b7765012af50488ebbf0e9b1c26eeb516ec7f41109f12c4", "timestamps": "2020-01-01T06:02:01, 2020-01-01T06:02:52, 2020-01-01T06:06:18, 2020-01-01T06:06:28, 2020-01-01T06:13:19, 2020-01-01T06:13:29, 2020-01-01T06:18:34, 2020-01-01T06:18:43, 2020-01-01T06:23:11, 2020-01-01T06:23:22, 2020-01-01T06:40:03, 2020-01-01T06:40:54, 2020-01-01T06:43:34, 2020-01-01T06:43:43, 2020-01-01T06:51:15, 2020-01-01T06:51:20, 2020-01-01T08:06:30, 2020-01-01T08:06:41, 2020-01-01T08:10:08, 2020-01-01T08:10:58, 2020-01-01T08:12:06, 2020-01-01T08:12:56, 2020-01-01T08:22:02, 2020-01-01T08:22:51, 2020-01-01T08:23:35, 2020-01-01T08:23:40, 2020-01-01T08:39:16, 2020-01-01T08:39:26, 2020-01-01T08:40:05, 2020-01-01T08:40:50, 2020-01-01T08:45:05, 2020-01-01T08:45:50, 2020-01-01T08:47:17, 2020-01-01T08:47:27, 2020-01-01T08:52:12, 2020-01-01T08:52:21, 2020-01-01T08:54:33, 2020-01-01T08:54:44, 2020-01-01T08:55:07, 2020-01-01T08:55:57, 2020-01-01T09:01:31, 2020-01-01T09:01:42, 2020-01-01T09:06:39, 2020-01-01T09:06:49, 2020-01-01T09:10:02, 2020-01-01T09:10:51, 2020-01-01T09:11:38, 2020-01-01T09:11:48, 2020-01-01T09:21:36, 2020-01-01T09:21:46, 2020-01-01T09:23:35, 2020-01-01T09:23:40, 2020-01-01T09:27:36, 2020-01-01T09:27:46, 2020-01-01T09:28:32, 2020-01-01T09:28:41, 2020-01-01T09:33:16, 2020-01-01T09:33:26, 2020-01-01T09:34:30, 2020-01-01T09:34:45, 2020-01-01T09:39:39, 2020-01-01T09:39:49, 2020-01-01T09:40:13, 2020-01-01T09:40:24, 2020-01-01T09:43:01, 2020-01-01T09:43:52, 2020-01-01T09:46:34, 2020-01-01T09:46:43, 2020-01-01T09:51:14, 2020-01-01T09:51:23, 2020-01-01T09:51:38, 2020-01-01T09:51:48, 2020-01-01T09:59:19, 2020-01-01T09:59:29, 2020-01-01T10:06:07, 2020-01-01T10:06:29, 2020-01-01T10:06:57, 2020-01-01T10:12:00, 2020-01-01T10:12:37, 2020-01-01T10:12:47, 2020-01-01T10:18:34, 2020-01-01T10:18:43, 2020-01-01T10:24:00, 2020-01-01T10:24:55, 2020-01-01T10:31:33, 2020-01-01T10:31:44, 2020-01-01T10:37:18, 2020-01-01T10:37:28, 2020-01-01T10:39:19, 2020-01-01T10:39:29, 2020-01-01T10:43:01, 2020-01-01T10:43:39, 2020-01-01T10:43:49, 2020-01-01T10:48:39, 2020-01-01T10:48:49, 2020-01-01T11:00:13, 2020-01-01T11:00:24, 2020-01-01T11:07:11, 2020-01-01T11:07:22, 2020-01-01T11:19:05, 2020-01-01T11:19:31, 2020-01-01T11:19:42, 2020-01-01T11:25:12, 2020-01-01T11:25:21, 2020-01-01T11:30:14, 2020-01-01T11:30:23, 2020-01-01T11:45:19, 2020-01-01T11:45:29, 2020-01-01T11:53:00, 2020-01-01T11:53:55, 2020-01-01T11:55:07, 2020-01-01T11:55:57, 2020-01-01T11:58:12, 2020-01-01T11:58:21, 2020-01-01T12:11:33, 2020-01-01T12:11:44, 2020-01-01T12:41:34, 2020-01-01T12:41:43, 2020-01-01T12:47:12, 2020-01-01T12:47:21, 2020-01-01T13:01:06, 2020-01-01T13:01:56, 2020-01-01T13:08:31, 2020-01-01T13:08:42, 2020-01-01T13:15:34, 2020-01-01T13:21:19, 2020-01-01T13:21:29, 2020-01-01T13:30:18, 2020-01-01T13:30:28, 2020-01-01T13:36:08, 2020-01-01T13:36:58, 2020-01-01T13:38:14, 2020-01-01T13:38:23, 2020-01-01T13:42:08, 2020-01-01T13:42:58, 2020-01-01T13:48:05, 2020-01-01T13:48:50, 2020-01-01T13:55:32, 2020-01-01T13:55:41, 2020-01-01T14:01:19, 2020-01-01T14:01:29, 2020-01-01T14:07:36, 2020-01-01T14:07:46, 2020-01-01T14:34:37, 2020-01-01T14:34:47, 2020-01-01T14:38:34, 2020-01-01T14:44:09, 2020-01-01T14:44:59, 2020-01-01T14:56:34, 2020-01-01T14:56:43, 2020-01-01T15:01:38, 2020-01-01T15:01:48, 2020-01-01T15:07:13, 2020-01-01T15:07:24, 2020-01-01T15:13:34, 2020-01-01T15:13:43, 2020-01-01T15:14:31, 2020-01-01T15:14:42, 2020-01-01T15:20:18, 2020-01-01T15:20:28, 2020-01-01T15:26:33, 2020-01-01T15:26:44, 2020-01-01T15:32:30, 2020-01-01T15:32:45, 2020-01-01T15:38:03, 2020-01-01T15:38:54, 2020-01-01T15:47:15, 2020-01-01T15:47:20, 2020-01-01T15:48:19, 2020-01-01T15:48:29, 2020-01-01T15:54:31, 2020-01-01T15:54:42, 2020-01-01T16:00:09, 2020-01-01T16:00:59, 2020-01-01T16:06:10, 2020-01-01T16:06:25, 2020-01-01T16:12:15, 2020-01-01T16:12:20, 2020-01-01T16:18:04, 2020-01-01T16:18:53, 2020-01-01T16:24:14, 2020-01-01T16:24:23, 2020-01-01T16:28:07, 2020-01-01T16:28:57, 2020-01-01T16:31:12, 2020-01-01T16:31:21, 2020-01-01T16:35:04, 2020-01-01T16:35:53, 2020-01-01T16:36:16, 2020-01-01T16:36:26, 2020-01-01T16:41:16, 2020-01-01T16:41:26, 2020-01-01T16:42:00, 2020-01-01T16:42:55, 2020-01-01T16:46:34, 2020-01-01T16:46:43, 2020-01-01T16:50:19, 2020-01-01T16:50:29, 2020-01-01T16:51:37, 2020-01-01T16:51:47, 2020-01-01T16:56:05, 2020-01-01T16:56:50, 2020-01-01T16:58:14, 2020-01-01T16:58:23, 2020-01-01T17:07:34, 2020-01-01T17:07:43, 2020-01-01T17:14:06, 2020-01-01T17:14:56, 2020-01-01T17:18:32, 2020-01-01T17:18:41, 2020-01-01T17:23:09, 2020-01-01T17:23:59, 2020-01-01T17:28:36, 2020-01-01T17:28:46, 2020-01-01T17:34:00, 2020-01-01T17:34:55, 2020-01-01T17:44:08, 2020-01-01T17:44:58, 2020-01-01T17:50:09, 2020-01-01T17:50:59, 2020-01-01T17:55:11, 2020-01-01T17:55:22, 2020-01-01T18:00:00, 2020-01-01T18:00:13, 2020-01-01T18:00:15, 2020-01-01T18:00:20, 2020-01-01T18:00:24, 2020-01-01T18:00:32, 2020-01-01T18:00:34, 2020-01-01T18:00:41, 2020-01-01T18:00:43, 2020-01-01T18:00:55, 2020-01-01T18:03:37, 2020-01-01T18:03:47, 2020-01-01T18:09:39, 2020-01-01T18:09:49, 2020-01-01T18:16:09, 2020-01-01T18:16:59, 2020-01-01T18:25:13, 2020-01-01T18:25:24, 2020-01-01T18:30:12, 2020-01-01T18:30:21, 2020-01-01T18:33:08, 2020-01-01T18:33:11, 2020-01-01T18:33:14, 2020-01-01T18:33:19, 2020-01-01T18:33:22, 2020-01-01T18:33:23, 2020-01-01T18:33:29, 2020-01-01T18:33:58, 2020-01-01T18:41:04, 2020-01-01T18:41:53, 2020-01-01T18:46:00, 2020-01-01T18:46:55, 2020-01-01T18:52:35, 2020-01-01T18:52:40, 2020-01-01T19:00:37, 2020-01-01T19:00:47, 2020-01-01T19:05:00, 2020-01-01T19:05:11, 2020-01-01T19:05:22, 2020-01-01T19:05:55, 2020-01-01T19:12:06, 2020-01-01T19:12:56, 2020-01-01T19:16:06, 2020-01-01T19:16:56, 2020-01-01T19:23:32, 2020-01-01T19:23:41, 2020-01-01T19:25:02, 2020-01-01T19:25:51, 2020-01-01T19:36:09, 2020-01-01T19:36:18, 2020-01-01T19:36:28, 2020-01-01T19:36:35, 2020-01-01T19:36:39, 2020-01-01T19:36:40, 2020-01-01T19:36:49, 2020-01-01T19:36:59, 2020-01-01T19:38:02, 2020-01-01T19:38:51, 2020-01-01T19:47:04, 2020-01-01T19:47:53, 2020-01-01T19:52:12, 2020-01-01T19:52:21, 2020-01-01T19:58:09, 2020-01-01T19:58:59, 2020-01-01T20:14:30, 2020-01-01T20:14:45, 2020-01-01T20:19:32, 2020-01-01T20:19:41, 2020-01-01T20:26:32, 2020-01-01T20:26:41, 2020-01-01T20:31:04, 2020-01-01T20:31:53, 2020-01-01T20:34:36, 2020-01-01T20:34:46, 2020-01-01T20:43:33, 2020-01-01T20:43:44, 2020-01-01T20:44:04, 2020-01-01T20:44:53, 2020-01-01T20:48:14, 2020-01-01T20:48:23, 2020-01-01T20:50:17, 2020-01-01T20:50:27, 2020-01-01T20:53:07, 2020-01-01T20:53:57, 2020-01-01T20:55:10, 2020-01-01T20:55:25, 2020-01-01T21:01:35, 2020-01-01T21:01:40, 2020-01-01T21:10:00, 2020-01-01T21:10:55, 2020-01-01T21:13:00, 2020-01-01T21:13:55, 2020-01-01T21:39:02, 2020-01-01T21:39:51, 2020-01-01T21:43:06, 2020-01-01T21:43:56, 2020-01-01T21:47:16, 2020-01-01T21:47:26, 2020-01-01T21:53:06, 2020-01-01T21:53:08, 2020-01-01T21:53:38, 2020-01-01T21:53:48, 2020-01-01T21:53:56, 2020-01-01T21:53:58, 2020-01-01T21:57:10, 2020-01-01T21:57:25, 2020-01-01T22:03:17, 2020-01-01T22:03:27, 2020-01-01T22:19:10, 2020-01-01T22:19:25, 2020-01-01T22:25:32, 2020-01-01T22:25:41, 2020-01-01T22:32:18, 2020-01-01T22:32:28, 2020-01-01T22:41:38, 2020-01-01T22:41:48, 2020-01-01T22:47:30, 2020-01-01T22:47:45, 2020-01-01T22:53:32, 2020-01-01T22:53:41, 2020-01-01T22:56:17, 2020-01-01T22:56:27, 2020-01-01T22:59:02, 2020-01-01T22:59:51, 2020-01-01T23:05:08, 2020-01-01T23:05:58, 2020-01-01T23:37:30, 2020-01-01T23:37:45, 2020-01-01T23:43:17, 2020-01-01T23:43:27, 2020-01-01T23:48:11, 2020-01-01T23:48:22" }, "geometry": { "type": "LineString", "coordinates": [ [ -99.145399, 19.46593 ], [ -99.1454, 19.465942 ], [ -99.14555, 19.466004 ], [ -99.14556, 19.466 ], [ -99.14512, 19.46562 ], [ -99.145124, 19.465612 ], [ -99.145612, 19.465827 ], [ -99.145629, 19.46581 ], [ -99.145493, 19.466038 ], [ -99.145499, 19.46604 ], [ -99.145896, 19.466523 ], [ -99.145899, 19.46651 ], [ -99.14584, 19.46632 ], [ -99.145845, 19.466317 ], [ -99.14584, 19.4664 ], [ -99.145842, 19.466404 ], [ -99.03667, 19.51124 ], [ -99.042933, 19.506773 ], [ -99.03668, 19.51126 ], [ -99.036684, 19.511257 ], [ -99.04295, 19.506779 ], [ -99.042933, 19.506773 ], [ -99.036699, 19.511279 ], [ -99.036693, 19.51127 ], [ -99.042933, 19.506773 ], [ -99.04295, 19.506779 ], [ -99.036637, 19.511275 ], [ -99.036649, 19.511279 ], [ -99.042933, 19.506773 ], [ -99.04295, 19.506779 ], [ -99.036659, 19.51125 ], [ -99.036663, 19.511263 ], [ -99.042933, 19.506773 ], [ -99.04295, 19.506779 ], [ -99.036659, 19.51125 ], [ -99.036663, 19.511263 ], [ -99.04295, 19.506779 ], [ -99.042933, 19.506773 ], [ -99.036663, 19.511263 ], [ -99.036659, 19.51125 ], [ -99.042933, 19.506773 ], [ -99.04295, 19.506779 ], [ -99.042933, 19.506773 ], [ -99.04295, 19.506779 ], [ -99.036659, 19.51125 ], [ -99.036663, 19.511263 ], [ -99.04295, 19.506779 ], [ -99.042933, 19.506773 ], [ -99.03668, 19.51126 ], [ -99.036684, 19.511257 ], [ -99.04295, 19.506779 ], [ -99.042933, 19.506773 ], [ -99.036649, 19.51125 ], [ -99.036639, 19.511261 ], [ -99.04295, 19.506779 ], [ -99.042933, 19.506773 ], [ -99.036663, 19.511263 ], [ -99.036659, 19.51125 ], [ -99.04295, 19.506779 ], [ -99.042933, 19.506773 ], [ -99.03666, 19.511261 ], [ -99.036649, 19.51125 ], [ -99.04295, 19.506779 ], [ -99.042933, 19.506773 ], [ -99.036663, 19.511263 ], [ -99.036659, 19.51125 ], [ -99.04295, 19.506779 ], [ -99.042933, 19.506773 ], [ -99.042933, 19.506773 ], [ -99.04295, 19.506779 ], [ -99.036649, 19.51125 ], [ -99.03666, 19.511261 ], [ -99.04295, 19.506779 ], [ -99.042933, 19.506773 ], [ -99.042933, 19.506773 ], [ -99.036699, 19.511299 ], [ -99.04295, 19.506779 ], [ -99.042933, 19.506773 ], [ -99.036699, 19.511299 ], [ -99.036696, 19.511305 ], [ -99.042933, 19.506773 ], [ -99.04295, 19.506779 ], [ -99.04295, 19.506779 ], [ -99.042933, 19.506773 ], [ -99.04295, 19.506779 ], [ -99.042933, 19.506773 ], [ -99.04295, 19.506779 ], [ -99.042933, 19.506773 ], [ -99.03664, 19.511189 ], [ -99.036645, 19.511198 ], [ -99.036701, 19.511194 ], [ -99.042933, 19.506773 ], [ -99.04295, 19.506779 ], [ -99.042933, 19.506773 ], [ -99.04295, 19.506779 ], [ -99.04295, 19.506779 ], [ -99.042933, 19.506773 ], [ -99.04295, 19.506779 ], [ -99.042933, 19.506773 ], [ -99.036659, 19.51125 ], [ -99.042933, 19.506773 ], [ -99.04295, 19.506779 ], [ -99.04295, 19.506779 ], [ -99.042933, 19.506773 ], [ -99.042933, 19.506773 ], [ -99.04295, 19.506779 ], [ -99.04295, 19.506779 ], [ -99.042933, 19.506773 ], [ -99.04295, 19.506779 ], [ -99.042933, 19.506773 ], [ -99.036699, 19.511299 ], [ -99.036696, 19.511305 ], [ -99.04295, 19.506779 ], [ -99.042933, 19.506773 ], [ -99.036696, 19.511305 ], [ -99.036699, 19.511299 ], [ -99.042933, 19.506773 ], [ -99.04295, 19.506779 ], [ -99.03666, 19.511261 ], [ -99.036649, 19.51125 ], [ -99.02871, 19.525739 ], [ -99.028708, 19.52573 ], [ -99.04295, 19.506779 ], [ -99.042933, 19.506773 ], [ -99.04295, 19.506779 ], [ -99.04295, 19.506779 ], [ -99.042933, 19.506773 ], [ -99.04295, 19.506779 ], [ -99.042933, 19.506773 ], [ -99.042933, 19.506773 ], [ -99.04295, 19.506779 ], [ -99.036649, 19.51125 ], [ -99.03666, 19.511261 ], [ -99.04295, 19.506779 ], [ -99.042933, 19.506773 ], [ -99.04295, 19.506779 ], [ -99.042933, 19.506773 ], [ -99.042933, 19.506773 ], [ -99.04295, 19.506779 ], [ -99.04295, 19.506779 ], [ -99.042933, 19.506773 ], [ -99.042933, 19.506773 ], [ -99.04295, 19.506779 ], [ -99.03666, 19.511261 ], [ -99.036649, 19.51125 ], [ -99.04295, 19.506779 ], [ -99.04295, 19.506779 ], [ -99.042933, 19.506773 ], [ -99.04295, 19.506779 ], [ -99.042933, 19.506773 ], [ -99.042933, 19.506773 ], [ -99.04295, 19.506779 ], [ -99.04295, 19.506779 ], [ -99.042933, 19.506773 ], [ -99.042933, 19.506773 ], [ -99.04295, 19.506779 ], [ -99.036649, 19.51125 ], [ -99.036639, 19.511262 ], [ -99.04295, 19.506779 ], [ -99.042933, 19.506773 ], [ -99.04295, 19.506779 ], [ -99.042933, 19.506773 ], [ -99.042933, 19.506773 ], [ -99.04295, 19.506779 ], [ -99.042933, 19.506773 ], [ -99.04295, 19.506779 ], [ -99.04295, 19.506779 ], [ -99.042933, 19.506773 ], [ -99.036649, 19.51125 ], [ -99.03666, 19.511261 ], [ -99.042933, 19.506773 ], [ -99.04295, 19.506779 ], [ -99.042933, 19.506773 ], [ -99.04295, 19.506779 ], [ -99.04295, 19.506779 ], [ -99.042933, 19.506773 ], [ -99.04295, 19.506779 ], [ -99.042933, 19.506773 ], [ -99.042933, 19.506773 ], [ -99.04295, 19.506779 ], [ -99.04295, 19.506779 ], [ -99.042933, 19.506773 ], [ -99.036649, 19.51125 ], [ -99.03666, 19.511261 ], [ -99.042933, 19.506773 ], [ -99.04295, 19.506779 ], [ -99.036685, 19.511262 ], [ -99.03668, 19.51125 ], [ -99.042933, 19.506773 ], [ -99.04295, 19.506779 ], [ -99.042933, 19.506773 ], [ -99.04295, 19.506779 ], [ -99.036656, 19.511262 ], [ -99.03667, 19.51125 ], [ -99.042933, 19.506773 ], [ -99.04295, 19.506779 ], [ -99.03668, 19.51126 ], [ -99.036684, 19.511254 ], [ -99.042933, 19.506773 ], [ -99.04295, 19.506779 ], [ -99.036693, 19.511269 ], [ -99.036699, 19.51125 ], [ -99.04295, 19.506779 ], [ -99.042933, 19.506773 ], [ -99.036701, 19.511194 ], [ -99.036709, 19.511189 ], [ -99.036738, 19.511209 ], [ -99.036749, 19.511199 ], [ -99.03673, 19.511209 ], [ -99.036716, 19.511223 ], [ -99.036709, 19.511189 ], [ -99.036701, 19.511194 ], [ -99.036701, 19.511194 ], [ -99.036709, 19.511189 ], [ -99.036794, 19.511201 ], [ -99.036799, 19.511199 ], [ -99.034959, 19.51586 ], [ -99.034962, 19.515858 ], [ -99.028241, 19.530386 ], [ -99.028239, 19.53037 ], [ -99.027889, 19.531279 ], [ -99.027872, 19.531275 ], [ -99.027379, 19.532589 ], [ -99.02732, 19.53256 ], [ -99.027828, 19.531967 ], [ -99.02782, 19.531949 ], [ -99.027322, 19.532556 ], [ -99.02732, 19.532119 ], [ -99.027349, 19.532029 ], [ -99.02731, 19.532119 ], [ -99.02736, 19.532042 ], [ -99.027381, 19.532598 ], [ -99.020489, 19.549959 ], [ -99.020479, 19.549955 ], [ -99.041825, 19.505181 ], [ -99.04182, 19.50517 ], [ -99.027326, 19.532418 ], [ -99.02732, 19.532419 ], [ -99.027371, 19.532495 ], [ -99.027389, 19.532489 ], [ -99.027349, 19.53254 ], [ -99.027338, 19.532531 ], [ -99.027266, 19.532476 ], [ -99.02724, 19.532489 ], [ -99.027469, 19.53256 ], [ -99.027339, 19.532521 ], [ -99.027245, 19.532499 ], [ -99.027459, 19.532551 ], [ -99.027349, 19.532509 ], [ -99.027259, 19.53248 ], [ -99.027338, 19.532531 ], [ -99.027349, 19.53254 ], [ -99.027349, 19.53254 ], [ -99.027338, 19.532531 ], [ -99.027338, 19.532531 ], [ -99.027349, 19.53254 ], [ -99.027338, 19.532531 ], [ -99.027349, 19.53254 ], [ -99.027402, 19.532525 ], [ -99.02746, 19.532399 ], [ -99.027464, 19.532409 ], [ -99.02741, 19.532509 ], [ -99.027289, 19.53257 ], [ -99.02729, 19.53258 ], [ -99.027363, 19.532498 ], [ -99.02736, 19.532489 ], [ -99.027347, 19.532605 ], [ -99.027339, 19.532599 ], [ -99.027369, 19.5326 ], [ -99.02736, 19.532589 ], [ -99.027373, 19.532613 ], [ -99.027404, 19.532622 ], [ -99.02741, 19.532609 ], [ -99.027376, 19.532595 ], [ -99.027483, 19.532573 ], [ -99.027389, 19.532589 ], [ -99.027479, 19.532579 ], [ -99.027389, 19.53262 ], [ -99.027349, 19.53254 ], [ -99.027338, 19.532531 ], [ -99.027349, 19.53254 ], [ -99.027338, 19.532531 ], [ -99.027349, 19.53254 ], [ -99.027338, 19.532531 ], [ -99.027349, 19.53254 ], [ -99.027338, 19.532531 ], [ -99.02808, 19.529389 ], [ -99.028086, 19.529397 ], [ -99.02651, 19.524319 ], [ -99.02652, 19.524313 ], [ -99.03466, 19.51559 ], [ -99.034666, 19.515593 ], [ -99.036777, 19.511161 ], [ -99.036789, 19.51115 ], [ -99.036699, 19.511299 ], [ -99.036696, 19.511305 ], [ -99.036699, 19.511299 ], [ -99.036696, 19.511305 ], [ -99.04295, 19.506779 ], [ -99.042933, 19.506773 ], [ -99.036701, 19.511194 ], [ -99.036709, 19.511189 ], [ -99.04295, 19.506779 ], [ -99.042933, 19.506773 ], [ -99.036709, 19.511189 ], [ -99.036701, 19.511194 ], [ -99.042933, 19.506773 ], [ -99.04295, 19.506779 ], [ -99.042933, 19.506773 ], [ -99.04295, 19.506779 ], [ -99.036635, 19.511262 ], [ -99.036649, 19.51125 ], [ -99.04295, 19.506779 ], [ -99.042933, 19.506773 ], [ -99.02826, 19.52868 ], [ -99.02825, 19.528674 ], [ -99.02732, 19.529219 ], [ -99.027329, 19.529215 ], [ -99.026948, 19.529955 ], [ -99.026939, 19.529959 ], [ -99.02754, 19.53225 ], [ -99.02758, 19.532509 ], [ -99.02741, 19.532609 ], [ -99.027407, 19.532627 ], [ -99.027541, 19.532268 ], [ -99.027588, 19.532527 ], [ -99.02729, 19.53258 ], [ -99.027289, 19.53257 ], [ -99.027289, 19.53257 ], [ -99.02729, 19.53258 ], [ -99.027426, 19.532475 ], [ -99.02742, 19.53248 ], [ -99.02682, 19.532453 ], [ -99.026809, 19.53246 ], [ -99.0258, 19.530329 ], [ -99.025799, 19.530343 ], [ -99.02606, 19.530601 ], [ -99.026049, 19.5306 ], [ -99.026629, 19.53219 ], [ -99.02664, 19.532192 ], [ -99.025911, 19.528474 ], [ -99.02593, 19.528479 ], [ -99.02643, 19.52623 ], [ -99.026418, 19.526244 ], [ -99.02603, 19.51864 ], [ -99.026013, 19.518635 ], [ -99.034617, 19.515544 ], [ -99.03463, 19.515529 ], [ -99.036696, 19.511305 ], [ -99.036699, 19.511299 ], [ -99.036699, 19.511299 ], [ -99.036696, 19.511305 ], [ -99.036699, 19.511299 ], [ -99.036696, 19.511305 ] ] } },
{ "type": "Feature", "properties": { "device_id": "e9ba509ca8b44cc3724a41e984984f1ae83454079106eb3b608b23564f277b2a", "timestamps": "2020-01-01T07:00:59, 2020-01-01T10:16:52, 2020-01-01T14:53:25, 2020-01-01T20:13:11, 2020-01-01T20:13:22, 2020-01-01T20:35:01, 2020-01-01T20:35:52, 2020-01-01T21:19:00, 2020-01-01T22:03:07, 2020-01-01T23:05:29, 2020-01-01T23:05:31, 2020-01-01T23:28:04, 2020-01-01T23:41:25, 2020-01-01T23:56:55, 2020-01-01T23:58:36" }, "geometry": { "type": "LineString", "coordinates": [ [ -99.144373, 19.465036 ], [ -99.144373, 19.465036 ], [ -99.144011, 19.467692 ], [ -99.06729, 19.41075 ], [ -99.067279, 19.410764 ], [ -99.163031, 19.459677 ], [ -99.163049, 19.459679 ], [ -99.21125, 19.483255 ], [ -99.211226, 19.483205 ], [ -99.21125, 19.48318 ], [ -99.211241, 19.483186 ], [ -99.21125, 19.48318 ], [ -99.211228, 19.483181 ], [ -99.21123, 19.48318 ], [ -99.211264, 19.483188 ] ] } },
{ "type": "Feature", "properties": { "device_id": "1b607ff1f7e75e5f846eff944c035902a717d947539ba96552ff7c7149d9badb", "timestamps": "2020-01-01T06:07:41, 2020-01-01T06:27:07, 2020-01-01T06:48:58, 2020-01-01T07:08:33, 2020-01-01T07:29:14, 2020-01-01T07:49:48, 2020-01-01T08:10:41, 2020-01-01T08:30:01, 2020-01-01T09:02:18, 2020-01-01T09:22:55, 2020-01-01T10:19:47, 2020-01-01T10:40:44, 2020-01-01T11:00:54, 2020-01-01T11:39:03, 2020-01-01T12:37:06, 2020-01-01T13:57:06, 2020-01-01T14:17:37, 2020-01-01T14:38:58, 2020-01-01T14:50:04, 2020-01-01T15:08:51, 2020-01-01T15:15:56, 2020-01-01T15:20:28, 2020-01-01T15:23:32, 2020-01-01T15:26:39, 2020-01-01T15:28:00, 2020-01-01T15:29:25, 2020-01-01T15:48:48, 2020-01-01T16:09:24, 2020-01-01T16:20:29, 2020-01-01T16:20:45, 2020-01-01T16:40:55, 2020-01-01T17:01:51, 2020-01-01T17:02:07, 2020-01-01T17:02:39, 2020-01-01T17:23:19, 2020-01-01T17:30:01, 2020-01-01T18:12:13, 2020-01-01T18:51:24, 2020-01-01T19:11:34, 2020-01-01T19:32:51, 2020-01-01T19:51:24, 2020-01-01T20:30:15, 2020-01-01T21:29:30, 2020-01-01T22:50:50, 2020-01-01T22:52:01, 2020-01-01T23:09:10, 2020-01-01T23:20:16, 2020-01-01T23:41:00, 2020-01-01T23:53:41" }, "geometry": { "type": "LineString", "coordinates": [ [ -99.145058, 19.464534 ], [ -99.14507, 19.464542 ], [ -99.145178, 19.464558 ], [ -99.145051, 19.464471 ], [ -99.145152, 19.465021 ], [ -99.144955, 19.464762 ], [ -99.145362, 19.465107 ], [ -99.145193, 19.4647 ], [ -99.14526, 19.464888 ], [ -99.144798, 19.464459 ], [ -99.145109, 19.464457 ], [ -99.144998, 19.464433 ], [ -99.144968, 19.464472 ], [ -99.145164, 19.464555 ], [ -99.145168, 19.464429 ], [ -99.14509, 19.464702 ], [ -99.144861, 19.464687 ], [ -99.145269, 19.464554 ], [ -99.145548, 19.466446 ], [ -99.153218, 19.492628 ], [ -99.147963, 19.493749 ], [ -99.138511, 19.490953 ], [ -99.13865, 19.488193 ], [ -99.138955, 19.486004 ], [ -99.138779, 19.486055 ], [ -99.1388, 19.486086 ], [ -99.13902, 19.485932 ], [ -99.138997, 19.486043 ], [ -99.138886, 19.485865 ], [ -99.138778, 19.486079 ], [ -99.139003, 19.485975 ], [ -99.13902, 19.48593 ], [ -99.139009, 19.48593 ], [ -99.13902, 19.485932 ], [ -99.138804, 19.486083 ], [ -99.138737, 19.485774 ], [ -99.138997, 19.486042 ], [ -99.138897, 19.485899 ], [ -99.138799, 19.486074 ], [ -99.139009, 19.485949 ], [ -99.13876, 19.485794 ], [ -99.139021, 19.485949 ], [ -99.139003, 19.485973 ], [ -99.139018, 19.485962 ], [ -99.138804, 19.486086 ], [ -99.139018, 19.485962 ], [ -99.139018, 19.485962 ], [ -99.138801, 19.486085 ], [ -99.138801, 19.486085 ] ] } },
{ "type": "Feature", "properties": { "device_id": "ebac2461bbadf02168611cc6aa7c6ad4570bf72f1d6ff2cd296fdbab7e9ad8a6", "timestamps": "2020-01-01T14:08:56, 2020-01-01T14:09:53, 2020-01-01T14:10:03, 2020-01-01T14:10:49, 2020-01-01T14:12:28, 2020-01-01T14:15:17, 2020-01-01T14:27:27, 2020-01-01T20:17:05, 2020-01-01T20:17:38, 2020-01-01T20:17:44, 2020-01-01T20:18:05, 2020-01-01T20:18:51, 2020-01-01T20:55:37, 2020-01-01T20:55:44, 2020-01-01T20:56:11, 2020-01-01T20:56:21, 2020-01-01T20:57:00, 2020-01-01T20:59:24, 2020-01-01T21:54:33, 2020-01-01T21:55:00, 2020-01-01T21:55:07, 2020-01-01T21:55:44, 2020-01-01T21:56:26, 2020-01-01T21:56:39, 2020-01-01T21:59:41, 2020-01-01T22:08:40, 2020-01-01T22:17:01, 2020-01-01T22:17:45, 2020-01-01T22:18:34, 2020-01-01T22:20:05, 2020-01-01T22:20:32, 2020-01-01T22:20:43, 2020-01-01T22:21:24, 2020-01-01T22:27:31, 2020-01-01T22:27:59, 2020-01-01T22:28:01, 2020-01-01T22:29:13, 2020-01-01T22:29:31, 2020-01-01T22:30:27, 2020-01-01T22:30:53, 2020-01-01T22:31:04, 2020-01-01T22:48:33, 2020-01-01T23:08:50, 2020-01-01T23:09:40" }, "geometry": { "type": "LineString", "coordinates": [ [ -99.144511, 19.465616 ], [ -99.14472, 19.465591 ], [ -99.14472, 19.465591 ], [ -99.144759, 19.465628 ], [ -99.144759, 19.465628 ], [ -99.144773, 19.465647 ], [ -99.144738, 19.465591 ], [ -99.14497, 19.465519 ], [ -99.14497, 19.4655 ], [ -99.145131, 19.465568 ], [ -99.14514, 19.46556 ], [ -99.145132, 19.465568 ], [ -99.14488, 19.465714 ], [ -99.144961, 19.465703 ], [ -99.144924, 19.465629 ], [ -99.144924, 19.465629 ], [ -99.144962, 19.465639 ], [ -99.144952, 19.465705 ], [ -99.14581, 19.43681 ], [ -99.145801, 19.436815 ], [ -99.145801, 19.436815 ], [ -99.145522, 19.437127 ], [ -99.14566, 19.43694 ], [ -99.145656, 19.436943 ], [ -99.145673, 19.436968 ], [ -99.145858, 19.437086 ], [ -99.145853, 19.437078 ], [ -99.145812, 19.437057 ], [ -99.145871, 19.437092 ], [ -99.145874, 19.43705 ], [ -99.145965, 19.436989 ], [ -99.145965, 19.436989 ], [ -99.146058, 19.436779 ], [ -99.145932, 19.43682 ], [ -99.145936, 19.436819 ], [ -99.145936, 19.436819 ], [ -99.1458, 19.436984 ], [ -99.1458, 19.436984 ], [ -99.145773, 19.437101 ], [ -99.145773, 19.437101 ], [ -99.145773, 19.437101 ], [ -99.146215, 19.436042 ], [ -99.146123, 19.43716 ], [ -99.146277, 19.437383 ] ] } },
{ "type": "Feature", "properties": { "device_id": "957381fc52d7c22d1c44d1d1ed52c319df2192451260bbd560218a7bd6977a31", "timestamps": "2020-01-01T10:23:54, 2020-01-01T10:26:38, 2020-01-01T10:26:52, 2020-01-01T10:27:10, 2020-01-01T11:19:22, 2020-01-01T11:21:01, 2020-01-01T11:32:36, 2020-01-01T11:47:12, 2020-01-01T12:05:09, 2020-01-01T19:37:29" }, "geometry": { "type": "LineString", "coordinates": [ [ -99.15455, 19.3187 ], [ -99.154545, 19.318708 ], [ -99.154545, 19.318708 ], [ -99.154545, 19.318708 ], [ -99.15455, 19.3187 ], [ -99.15455, 19.3187 ], [ -99.15463, 19.31868 ], [ -99.15455, 19.3187 ], [ -99.15461, 19.31867 ], [ -99.14398, 19.46531 ] ] } },
{ "type": "Feature", "properties": { "device_id": "0aee5c455f368e7e67ed4c4983bb8b3e8e3bbc533aaef9b5430492a913f25a8a", "timestamps": "2020-01-01T06:00:34, 2020-01-01T06:10:02, 2020-01-01T06:20:46, 2020-01-01T06:30:44, 2020-01-01T07:06:40, 2020-01-01T07:27:34, 2020-01-01T07:38:19, 2020-01-01T08:18:26, 2020-01-01T08:38:27, 2020-01-01T20:02:03, 2020-01-01T20:03:52, 2020-01-01T20:12:43, 2020-01-01T20:13:29, 2020-01-01T20:14:02, 2020-01-01T20:14:50, 2020-01-01T20:15:46, 2020-01-01T20:16:11, 2020-01-01T20:17:01, 2020-01-01T20:17:57, 2020-01-01T20:18:47, 2020-01-01T20:19:14, 2020-01-01T20:20:03, 2020-01-01T20:20:59, 2020-01-01T20:21:35, 2020-01-01T20:22:16, 2020-01-01T20:23:08, 2020-01-01T20:23:21, 2020-01-01T20:24:33, 2020-01-01T20:25:19, 2020-01-01T20:26:23, 2020-01-01T20:27:30, 2020-01-01T20:27:55, 2020-01-01T20:28:45, 2020-01-01T20:29:20, 2020-01-01T20:30:36, 2020-01-01T20:30:55, 2020-01-01T20:31:41, 2020-01-01T20:32:27, 2020-01-01T20:33:38, 2020-01-01T20:34:43, 2020-01-01T20:35:29, 2020-01-01T20:36:05, 2020-01-01T20:36:53, 2020-01-01T20:37:40, 2020-01-01T20:38:15, 2020-01-01T20:39:01, 2020-01-01T20:39:56, 2020-01-01T20:40:48, 2020-01-01T20:41:13, 2020-01-01T20:42:03, 2020-01-01T20:42:59, 2020-01-01T20:43:49, 2020-01-01T20:44:13, 2020-01-01T20:45:00, 2020-01-01T20:45:59, 2020-01-01T20:46:32, 2020-01-01T20:47:17, 2020-01-01T20:48:07, 2020-01-01T20:48:21, 2020-01-01T20:49:34, 2020-01-01T20:50:18, 2020-01-01T20:50:39, 2020-01-01T20:50:45, 2020-01-01T20:51:01, 2020-01-01T20:51:34, 2020-01-01T20:51:40, 2020-01-01T20:52:34, 2020-01-01T20:53:14, 2020-01-01T20:54:03, 2020-01-01T20:54:58, 2020-01-01T20:55:49, 2020-01-01T20:56:10, 2020-01-01T20:57:06, 2020-01-01T20:57:25, 2020-01-01T20:58:31, 2020-01-01T20:59:17, 2020-01-01T21:00:08, 2020-01-01T21:00:21, 2020-01-01T21:01:34, 2020-01-01T21:02:19, 2020-01-01T21:03:23, 2020-01-01T21:04:36, 2020-01-01T21:04:55, 2020-01-01T21:05:41, 2020-01-01T21:06:27, 2020-01-01T21:06:28, 2020-01-01T21:26:32, 2020-01-01T21:45:05" }, "geometry": { "type": "LineString", "coordinates": [ [ -99.144346, 19.465301 ], [ -99.144359, 19.465175 ], [ -99.144327, 19.465324 ], [ -99.144424, 19.465181 ], [ -99.144345, 19.465367 ], [ -99.144318, 19.465294 ], [ -99.144403, 19.465265 ], [ -99.144274, 19.465203 ], [ -99.144289, 19.465352 ], [ -99.145444, 19.466235 ], [ -99.14542, 19.466233 ], [ -99.148834, 19.463538 ], [ -99.152959, 19.463257 ], [ -99.143849, 19.464484 ], [ -99.149875, 19.462793 ], [ -99.138289, 19.46513 ], [ -99.130567, 19.463248 ], [ -99.115726, 19.456654 ], [ -99.123317, 19.460121 ], [ -99.109336, 19.452846 ], [ -99.101824, 19.450004 ], [ -99.088006, 19.446582 ], [ -99.09274, 19.451036 ], [ -99.085555, 19.440645 ], [ -99.087717, 19.434835 ], [ -99.086009, 19.423279 ], [ -99.091745, 19.427125 ], [ -99.081004, 19.420477 ], [ -99.079521, 19.418423 ], [ -99.083676, 19.419438 ], [ -99.086706, 19.415016 ], [ -99.085208, 19.417249 ], [ -99.08672, 19.415043 ], [ -99.086737, 19.414031 ], [ -99.078878, 19.409579 ], [ -99.081086, 19.410871 ], [ -99.078675, 19.40944 ], [ -99.078645, 19.409442 ], [ -99.068042, 19.403591 ], [ -99.060153, 19.399011 ], [ -99.052742, 19.394706 ], [ -99.037214, 19.385942 ], [ -99.044799, 19.390223 ], [ -99.029606, 19.381604 ], [ -99.022808, 19.37739 ], [ -99.009719, 19.367744 ], [ -99.015181, 19.371815 ], [ -99.004929, 19.363902 ], [ -99.000856, 19.361059 ], [ -98.993736, 19.359047 ], [ -98.996295, 19.357986 ], [ -98.988962, 19.357574 ], [ -98.985963, 19.356772 ], [ -98.985092, 19.358242 ], [ -98.985338, 19.356665 ], [ -98.986485, 19.360071 ], [ -98.985913, 19.362591 ], [ -98.984811, 19.36701 ], [ -98.985525, 19.364466 ], [ -98.984435, 19.368696 ], [ -98.980934, 19.369685 ], [ -98.979572, 19.370148 ], [ -98.980773, 19.369752 ], [ -98.977896, 19.371768 ], [ -98.978014, 19.371437 ], [ -98.978205, 19.371186 ], [ -98.977359, 19.371879 ], [ -98.977351, 19.371872 ], [ -98.977389, 19.371858 ], [ -98.977392, 19.371859 ], [ -98.977373, 19.37188 ], [ -98.977375, 19.37188 ], [ -98.977389, 19.371858 ], [ -98.977375, 19.371881 ], [ -98.977388, 19.371858 ], [ -98.977385, 19.371858 ], [ -98.977387, 19.371859 ], [ -98.977385, 19.371858 ], [ -98.977387, 19.37186 ], [ -98.977385, 19.37188 ], [ -98.977385, 19.371881 ], [ -98.977385, 19.371881 ], [ -98.977385, 19.371881 ], [ -98.977387, 19.371881 ], [ -98.977386, 19.371881 ], [ -98.977386, 19.371881 ], [ -98.977377, 19.371869 ], [ -98.977374, 19.371852 ] ] } },
{ "type": "Feature", "properties": { "device_id": "3e7bec72a68a45570607195f0344f97e81f65048a858f10d777726ff119b4c4f", "timestamps": "2020-01-01T06:58:14, 2020-01-01T07:01:45" }, "geometry": { "type": "LineString", "coordinates": [ [ -99.143884, 19.465285 ], [ -99.143883, 19.465287 ] ] } },
{ "type": "Feature", "properties": { "device_id": "91bbb77e219586c6804c83cc8be558f49e4e0043f2177cd959f500953ea644be", "timestamps": "2020-01-01T06:31:10, 2020-01-01T06:31:25, 2020-01-01T06:55:09, 2020-01-01T06:55:59, 2020-01-01T07:29:02, 2020-01-01T07:29:51, 2020-01-01T08:21:31, 2020-01-01T08:21:42, 2020-01-01T08:34:16, 2020-01-01T08:34:26, 2020-01-01T08:34:42, 2020-01-01T08:36:30, 2020-01-01T08:36:45, 2020-01-01T10:46:30, 2020-01-01T10:46:45, 2020-01-01T10:46:47, 2020-01-01T10:47:01, 2020-01-01T10:47:52, 2020-01-01T12:40:36, 2020-01-01T12:40:46, 2020-01-01T12:41:02, 2020-01-01T12:41:51, 2020-01-01T15:34:13, 2020-01-01T15:34:24, 2020-01-01T15:34:47, 2020-01-01T15:36:19, 2020-01-01T15:36:29, 2020-01-01T15:36:34, 2020-01-01T15:40:02, 2020-01-01T15:40:51, 2020-01-01T16:04:39, 2020-01-01T16:04:49, 2020-01-01T17:03:01, 2020-01-01T17:03:52, 2020-01-01T17:18:01, 2020-01-01T17:18:52, 2020-01-01T17:45:19, 2020-01-01T17:45:29, 2020-01-01T17:45:33, 2020-01-01T17:46:00, 2020-01-01T17:46:49, 2020-01-01T17:46:55, 2020-01-01T17:50:01, 2020-01-01T17:50:52, 2020-01-01T17:51:57, 2020-01-01T17:53:05, 2020-01-01T17:53:50, 2020-01-01T18:01:06, 2020-01-01T18:01:28, 2020-01-01T18:01:56, 2020-01-01T18:03:28, 2020-01-01T18:03:41, 2020-01-01T18:06:00, 2020-01-01T18:06:05, 2020-01-01T18:06:15, 2020-01-01T18:06:43, 2020-01-01T18:07:17, 2020-01-01T18:07:24, 2020-01-01T18:07:52, 2020-01-01T18:07:56, 2020-01-01T18:08:03, 2020-01-01T18:08:11, 2020-01-01T18:08:22, 2020-01-01T18:08:25, 2020-01-01T18:08:26, 2020-01-01T18:08:35, 2020-01-01T18:08:40, 2020-01-01T18:11:37, 2020-01-01T18:11:43, 2020-01-01T18:11:47, 2020-01-01T18:12:07, 2020-01-01T18:12:11, 2020-01-01T18:12:37, 2020-01-01T18:12:57, 2020-01-01T18:12:58, 2020-01-01T18:13:12, 2020-01-01T18:13:16, 2020-01-01T18:13:21, 2020-01-01T18:14:29, 2020-01-01T18:14:50, 2020-01-01T18:15:15, 2020-01-01T18:15:43, 2020-01-01T18:16:25, 2020-01-01T18:16:34, 2020-01-01T18:16:50, 2020-01-01T18:17:05, 2020-01-01T18:17:50, 2020-01-01T18:21:09, 2020-01-01T18:21:30, 2020-01-01T18:21:45, 2020-01-01T18:22:12, 2020-01-01T18:22:21, 2020-01-01T18:22:42, 2020-01-01T18:22:58, 2020-01-01T18:42:34, 2020-01-01T18:42:43" }, "geometry": { "type": "LineString", "coordinates": [ [ -99.10436, 19.44589 ], [ -99.104366, 19.445891 ], [ -99.10436, 19.44589 ], [ -99.104366, 19.445891 ], [ -99.104366, 19.445891 ], [ -99.10436, 19.44589 ], [ -99.104366, 19.445891 ], [ -99.10436, 19.44589 ], [ -99.10436, 19.44589 ], [ -99.104366, 19.445891 ], [ -99.104366, 19.445891 ], [ -99.10436, 19.44589 ], [ -99.104366, 19.445891 ], [ -99.104366, 19.445891 ], [ -99.10436, 19.44589 ], [ -99.104366, 19.445891 ], [ -99.10436, 19.44589 ], [ -99.104366, 19.445891 ], [ -99.104366, 19.445891 ], [ -99.10436, 19.44589 ], [ -99.10436, 19.44589 ], [ -99.104366, 19.445891 ], [ -99.104366, 19.445891 ], [ -99.10436, 19.44589 ], [ -99.104366, 19.445891 ], [ -99.104366, 19.445891 ], [ -99.10436, 19.44589 ], [ -99.104366, 19.445891 ], [ -99.104366, 19.445891 ], [ -99.10436, 19.44589 ], [ -99.10441, 19.44589 ], [ -99.104402, 19.445894 ], [ -99.104402, 19.445894 ], [ -99.10441, 19.44589 ], [ -99.104402, 19.445894 ], [ -99.10441, 19.44589 ], [ -99.104402, 19.445894 ], [ -99.10441, 19.44589 ], [ -99.104402, 19.445894 ], [ -99.104402, 19.445894 ], [ -99.104402, 19.445894 ], [ -99.10441, 19.44589 ], [ -99.104402, 19.445894 ], [ -99.10441, 19.44589 ], [ -99.104402, 19.445894 ], [ -99.104402, 19.445894 ], [ -99.10441, 19.44589 ], [ -99.10441, 19.44589 ], [ -99.104402, 19.445894 ], [ -99.104402, 19.445894 ], [ -99.104402, 19.445894 ], [ -99.104402, 19.445894 ], [ -99.104402, 19.445894 ], [ -99.104402, 19.445894 ], [ -99.104402, 19.445894 ], [ -99.104402, 19.445894 ], [ -99.104402, 19.445894 ], [ -99.104402, 19.445894 ], [ -99.104402, 19.445894 ], [ -99.104402, 19.445894 ], [ -99.106153, 19.448749 ], [ -99.104402, 19.445894 ], [ -99.10441, 19.44589 ], [ -99.104402, 19.445894 ], [ -99.104402, 19.445894 ], [ -99.106153, 19.448749 ], [ -99.10617, 19.44873 ], [ -99.106153, 19.448749 ], [ -99.106153, 19.448749 ], [ -99.10617, 19.44873 ], [ -99.106153, 19.448749 ], [ -99.106153, 19.448749 ], [ -99.106153, 19.448749 ], [ -99.10617, 19.44873 ], [ -99.106153, 19.448749 ], [ -99.11034, 19.44891 ], [ -99.110348, 19.448921 ], [ -99.110348, 19.448921 ], [ -99.110348, 19.448921 ], [ -99.110348, 19.448921 ], [ -99.110348, 19.448921 ], [ -99.110348, 19.448921 ], [ -99.110348, 19.448921 ], [ -99.110348, 19.448921 ], [ -99.110348, 19.448921 ], [ -99.11034, 19.44891 ], [ -99.110348, 19.448921 ], [ -99.143916, 19.465261 ], [ -99.143916, 19.465261 ], [ -99.14393, 19.46525 ], [ -99.14393, 19.46525 ], [ -99.143916, 19.465261 ], [ -99.143916, 19.465261 ], [ -99.143916, 19.465261 ], [ -99.289609, 19.359179 ], [ -99.28961, 19.35918 ] ] } },
{ "type": "Feature", "properties": { "device_id": "fcc4956944224c357bdb56c54cd25bdb4b4cdf27e2bbdc28ffb36b3ea2eb32d0", "timestamps": "2020-01-01T06:02:07, 2020-01-01T06:12:40, 2020-01-01T06:22:13, 2020-01-01T06:32:21, 2020-01-01T06:32:27, 2020-01-01T06:32:52, 2020-01-01T06:47:10, 2020-01-01T06:57:29, 2020-01-01T07:08:44, 2020-01-01T07:27:40, 2020-01-01T07:46:51, 2020-01-01T07:57:40, 2020-01-01T08:16:46, 2020-01-01T08:24:04, 2020-01-01T08:24:40, 2020-01-01T08:24:43, 2020-01-01T08:34:16, 2020-01-01T08:54:02, 2020-01-01T09:09:16, 2020-01-01T09:25:10, 2020-01-01T09:46:00, 2020-01-01T10:06:39, 2020-01-01T10:27:44, 2020-01-01T10:47:47, 2020-01-01T11:07:47, 2020-01-01T11:27:42, 2020-01-01T11:47:49, 2020-01-01T12:00:27, 2020-01-01T12:19:43, 2020-01-01T12:35:10, 2020-01-01T12:35:12, 2020-01-01T12:35:56, 2020-01-01T12:52:57, 2020-01-01T13:12:46, 2020-01-01T13:32:46, 2020-01-01T13:51:23, 2020-01-01T14:00:35, 2020-01-01T14:10:35, 2020-01-01T14:20:30, 2020-01-01T14:32:51, 2020-01-01T14:41:39, 2020-01-01T14:52:59, 2020-01-01T15:06:54, 2020-01-01T15:17:14, 2020-01-01T15:33:47, 2020-01-01T15:49:51, 2020-01-01T15:59:29, 2020-01-01T16:09:28, 2020-01-01T16:19:33, 2020-01-01T16:40:51, 2020-01-01T16:53:01, 2020-01-01T17:03:16, 2020-01-01T17:13:12, 2020-01-01T17:24:51, 2020-01-01T17:47:57, 2020-01-01T17:58:51, 2020-01-01T18:12:58, 2020-01-01T18:22:41, 2020-01-01T18:23:23, 2020-01-01T18:33:50, 2020-01-01T18:34:38, 2020-01-01T18:34:39, 2020-01-01T18:35:05, 2020-01-01T18:35:53, 2020-01-01T18:37:13, 2020-01-01T18:38:04, 2020-01-01T18:38:57, 2020-01-01T18:39:48, 2020-01-01T18:40:14, 2020-01-01T18:41:03, 2020-01-01T18:43:16, 2020-01-01T18:44:22, 2020-01-01T18:45:34, 2020-01-01T18:47:23, 2020-01-01T18:49:42, 2020-01-01T18:50:27, 2020-01-01T18:51:54, 2020-01-01T18:52:43, 2020-01-01T18:54:07, 2020-01-01T18:55:30, 2020-01-01T19:05:40, 2020-01-01T19:15:44, 2020-01-01T19:29:40, 2020-01-01T19:40:11, 2020-01-01T19:43:48, 2020-01-01T19:52:03, 2020-01-01T19:53:35, 2020-01-01T19:54:10, 2020-01-01T19:55:06, 2020-01-01T19:55:25, 2020-01-01T19:56:31, 2020-01-01T19:57:45, 2020-01-01T19:58:29, 2020-01-01T19:59:05, 2020-01-01T19:59:53, 2020-01-01T20:00:46, 2020-01-01T20:01:32, 2020-01-01T20:12:03, 2020-01-01T20:26:52, 2020-01-01T20:41:23, 2020-01-01T20:51:15, 2020-01-01T20:58:53, 2020-01-01T21:01:10, 2020-01-01T21:02:00, 2020-01-01T21:02:25, 2020-01-01T21:03:35, 2020-01-01T21:04:16, 2020-01-01T21:05:07, 2020-01-01T21:05:26, 2020-01-01T21:06:34, 2020-01-01T21:07:19, 2020-01-01T21:08:24, 2020-01-01T21:08:40, 2020-01-01T21:09:36, 2020-01-01T21:09:52, 2020-01-01T21:10:41, 2020-01-01T21:11:28, 2020-01-01T21:12:52, 2020-01-01T21:28:13, 2020-01-01T21:28:54, 2020-01-01T21:38:22, 2020-01-01T21:48:24, 2020-01-01T21:58:22, 2020-01-01T22:08:24, 2020-01-01T22:18:26, 2020-01-01T22:28:49, 2020-01-01T22:38:44, 2020-01-01T22:48:16, 2020-01-01T23:02:18, 2020-01-01T23:13:57, 2020-01-01T23:28:28, 2020-01-01T23:37:03, 2020-01-01T23:49:22" }, "geometry": { "type": "LineString", "coordinates": [ [ -99.167828, 19.462213 ], [ -99.167823, 19.462216 ], [ -99.167801, 19.462238 ], [ -99.16781, 19.462246 ], [ -99.167821, 19.46223 ], [ -99.167823, 19.46225 ], [ -99.167787, 19.462239 ], [ -99.167823, 19.46225 ], [ -99.167823, 19.46225 ], [ -99.167823, 19.46225 ], [ -99.167749, 19.462193 ], [ -99.167749, 19.462193 ], [ -99.167823, 19.46225 ], [ -99.167776, 19.462243 ], [ -99.167776, 19.462243 ], [ -99.167807, 19.462391 ], [ -99.167776, 19.462243 ], [ -99.167829, 19.46221 ], [ -99.167823, 19.46225 ], [ -99.167823, 19.46225 ], [ -99.168429, 19.462514 ], [ -99.168429, 19.462514 ], [ -99.168429, 19.462514 ], [ -99.168429, 19.462514 ], [ -99.168429, 19.462514 ], [ -99.168429, 19.462514 ], [ -99.168429, 19.462514 ], [ -99.167796, 19.462265 ], [ -99.167796, 19.462265 ], [ -99.167805, 19.4622 ], [ -99.167778, 19.462216 ], [ -99.167797, 19.462223 ], [ -99.16778, 19.462172 ], [ -99.167655, 19.462312 ], [ -99.167655, 19.462312 ], [ -99.167805, 19.462246 ], [ -99.167804, 19.462232 ], [ -99.167823, 19.46225 ], [ -99.167804, 19.46223 ], [ -99.1678, 19.462236 ], [ -99.167808, 19.462237 ], [ -99.167806, 19.462246 ], [ -99.167823, 19.46225 ], [ -99.167801, 19.462249 ], [ -99.167799, 19.46223 ], [ -99.167805, 19.462231 ], [ -99.167591, 19.46223 ], [ -99.167823, 19.46225 ], [ -99.16801, 19.46231 ], [ -99.167892, 19.462283 ], [ -99.167853, 19.462257 ], [ -99.167823, 19.46225 ], [ -99.167823, 19.46225 ], [ -99.167823, 19.46225 ], [ -99.167808, 19.462233 ], [ -99.167808, 19.462233 ], [ -99.167711, 19.46218 ], [ -99.167823, 19.46225 ], [ -99.167841, 19.462178 ], [ -99.167825, 19.462249 ], [ -99.166951, 19.463463 ], [ -99.166939, 19.463513 ], [ -99.166935, 19.465968 ], [ -99.166822, 19.464375 ], [ -99.166476, 19.46893 ], [ -99.166244, 19.471242 ], [ -99.166214, 19.471104 ], [ -99.163629, 19.4723 ], [ -99.162496, 19.472532 ], [ -99.154511, 19.473246 ], [ -99.151698, 19.473012 ], [ -99.150732, 19.473044 ], [ -99.14683, 19.473115 ], [ -99.147739, 19.478383 ], [ -99.150403, 19.485268 ], [ -99.153758, 19.485947 ], [ -99.15586, 19.487942 ], [ -99.152058, 19.488525 ], [ -99.151899, 19.487618 ], [ -99.152067, 19.487726 ], [ -99.152342, 19.487345 ], [ -99.151869, 19.487042 ], [ -99.151855, 19.48703 ], [ -99.152999, 19.487741 ], [ -99.152399, 19.487961 ], [ -99.144658, 19.469325 ], [ -99.144034, 19.467921 ], [ -99.144034, 19.467922 ], [ -99.143426, 19.466272 ], [ -99.143395, 19.466531 ], [ -99.143507, 19.465727 ], [ -99.14342, 19.465406 ], [ -99.144037, 19.465272 ], [ -99.15531, 19.463289 ], [ -99.148902, 19.463475 ], [ -99.156268, 19.464614 ], [ -99.156779, 19.464851 ], [ -99.156299, 19.465119 ], [ -99.156234, 19.465226 ], [ -99.156428, 19.464844 ], [ -99.156175, 19.464844 ], [ -99.15618, 19.468852 ], [ -99.153207, 19.473392 ], [ -99.158772, 19.47377 ], [ -99.154274, 19.473503 ], [ -99.158782, 19.473769 ], [ -99.162974, 19.472548 ], [ -99.166102, 19.471511 ], [ -99.166123, 19.471508 ], [ -99.166252, 19.470135 ], [ -99.166435, 19.467935 ], [ -99.167402, 19.465268 ], [ -99.167402, 19.464268 ], [ -99.167766, 19.46202 ], [ -99.167575, 19.463226 ], [ -99.167627, 19.461918 ], [ -99.167689, 19.462019 ], [ -99.167778, 19.462285 ], [ -99.167798, 19.462249 ], [ -99.167823, 19.46225 ], [ -99.167823, 19.46225 ], [ -99.167823, 19.46225 ], [ -99.167823, 19.46225 ], [ -99.167823, 19.46225 ], [ -99.167822, 19.462224 ], [ -99.167823, 19.46225 ], [ -99.167798, 19.462196 ], [ -99.167798, 19.462196 ], [ -99.167823, 19.46225 ], [ -99.167823, 19.46225 ], [ -99.167823, 19.46225 ], [ -99.167801, 19.462247 ], [ -99.167798, 19.46225 ] ] } },
{ "type": "Feature", "properties": { "device_id": "13ab37ab36756b4efe1c94f53f12ef4acb05de848504fc8a912fbdd1888bae88", "timestamps": "2020-01-01T08:22:17, 2020-01-01T08:22:27, 2020-01-01T08:52:36, 2020-01-01T08:52:46, 2020-01-01T08:56:07, 2020-01-01T08:56:57, 2020-01-01T08:57:30, 2020-01-01T08:57:45, 2020-01-01T08:57:57, 2020-01-01T08:58:00, 2020-01-01T08:58:01, 2020-01-01T08:58:16, 2020-01-01T08:58:26, 2020-01-01T08:58:37, 2020-01-01T08:58:39, 2020-01-01T08:59:02, 2020-01-01T08:59:42, 2020-01-01T08:59:44, 2020-01-01T08:59:47, 2020-01-01T08:59:51, 2020-01-01T08:59:58, 2020-01-01T09:00:00, 2020-01-01T09:00:01, 2020-01-01T09:00:51, 2020-01-01T09:00:52, 2020-01-01T09:01:33, 2020-01-01T09:01:44, 2020-01-01T09:01:59, 2020-01-01T09:02:06, 2020-01-01T09:02:09, 2020-01-01T09:02:12, 2020-01-01T09:02:21, 2020-01-01T09:02:23, 2020-01-01T09:02:32, 2020-01-01T09:02:44, 2020-01-01T09:02:50, 2020-01-01T09:03:19, 2020-01-01T09:03:29, 2020-01-01T09:03:47, 2020-01-01T09:03:49, 2020-01-01T09:03:56, 2020-01-01T09:03:59, 2020-01-01T09:06:15, 2020-01-01T09:06:20, 2020-01-01T09:06:27, 2020-01-01T09:06:29, 2020-01-01T09:07:39, 2020-01-01T09:07:49, 2020-01-01T09:15:30, 2020-01-01T09:15:45, 2020-01-01T09:22:33, 2020-01-01T09:22:44, 2020-01-01T09:23:46, 2020-01-01T09:23:48, 2020-01-01T09:24:22, 2020-01-01T09:24:27, 2020-01-01T09:24:29, 2020-01-01T09:24:41, 2020-01-01T09:24:42, 2020-01-01T09:30:04, 2020-01-01T09:30:53, 2020-01-01T09:33:27, 2020-01-01T09:33:28, 2020-01-01T09:33:51, 2020-01-01T09:33:53, 2020-01-01T09:34:00, 2020-01-01T09:34:02, 2020-01-01T09:34:16, 2020-01-01T09:34:21, 2020-01-01T09:34:22, 2020-01-01T09:34:33, 2020-01-01T09:34:35, 2020-01-01T09:36:14, 2020-01-01T09:36:23, 2020-01-01T09:42:17, 2020-01-01T09:42:27, 2020-01-01T09:47:09, 2020-01-01T09:47:59, 2020-01-01T09:55:10, 2020-01-01T09:55:25, 2020-01-01T10:05:38, 2020-01-01T10:05:48, 2020-01-01T10:12:08, 2020-01-01T10:12:58, 2020-01-01T10:20:17, 2020-01-01T10:20:27, 2020-01-01T10:30:14, 2020-01-01T10:30:23, 2020-01-01T10:36:11, 2020-01-01T10:36:22, 2020-01-01T10:42:34, 2020-01-01T10:42:43, 2020-01-01T10:50:00, 2020-01-01T10:50:55, 2020-01-01T10:57:16, 2020-01-01T10:57:26, 2020-01-01T11:05:33, 2020-01-01T11:05:44, 2020-01-01T11:15:12, 2020-01-01T11:15:21, 2020-01-01T11:22:30, 2020-01-01T11:22:45, 2020-01-01T11:30:10, 2020-01-01T11:30:25, 2020-01-01T11:36:05, 2020-01-01T11:36:50, 2020-01-01T11:43:37, 2020-01-01T11:43:47, 2020-01-01T11:50:18, 2020-01-01T11:50:28, 2020-01-01T11:55:34, 2020-01-01T11:55:43, 2020-01-01T12:01:31, 2020-01-01T12:01:42, 2020-01-01T12:10:03, 2020-01-01T12:10:54, 2020-01-01T12:16:15, 2020-01-01T12:16:20, 2020-01-01T12:25:14, 2020-01-01T12:25:23, 2020-01-01T12:35:39, 2020-01-01T12:35:49, 2020-01-01T12:43:32, 2020-01-01T12:43:41, 2020-01-01T12:50:25, 2020-01-01T12:50:34, 2020-01-01T12:50:43, 2020-01-01T12:59:34, 2020-01-01T12:59:43, 2020-01-01T13:10:15, 2020-01-01T13:10:20, 2020-01-01T13:17:00, 2020-01-01T13:17:55, 2020-01-01T13:25:18, 2020-01-01T13:25:28, 2020-01-01T13:30:32, 2020-01-01T13:30:41, 2020-01-01T13:38:14, 2020-01-01T13:38:23, 2020-01-01T13:45:02, 2020-01-01T13:45:51, 2020-01-01T13:55:17, 2020-01-01T13:55:27, 2020-01-01T14:00:38, 2020-01-01T14:00:48, 2020-01-01T14:10:13, 2020-01-01T14:10:24, 2020-01-01T14:19:16, 2020-01-01T14:19:26, 2020-01-01T14:25:39, 2020-01-01T14:25:49, 2020-01-01T14:35:03, 2020-01-01T14:35:54, 2020-01-01T14:40:04, 2020-01-01T14:40:53, 2020-01-01T14:46:36, 2020-01-01T14:46:46, 2020-01-01T14:52:35, 2020-01-01T14:52:40, 2020-01-01T14:58:11, 2020-01-01T14:58:22, 2020-01-01T15:05:37, 2020-01-01T15:05:47, 2020-01-01T15:15:10, 2020-01-01T15:15:25, 2020-01-01T15:25:08, 2020-01-01T15:25:58, 2020-01-01T15:35:15, 2020-01-01T15:35:20, 2020-01-01T15:35:34, 2020-01-01T15:35:43, 2020-01-01T15:41:18, 2020-01-01T15:41:28, 2020-01-01T15:50:01, 2020-01-01T15:50:52, 2020-01-01T15:55:38, 2020-01-01T15:55:48, 2020-01-01T16:05:01, 2020-01-01T16:05:52, 2020-01-01T16:13:31, 2020-01-01T16:13:36, 2020-01-01T16:13:42, 2020-01-01T16:13:46, 2020-01-01T16:20:34, 2020-01-01T16:20:43, 2020-01-01T16:27:18, 2020-01-01T16:27:28, 2020-01-01T16:35:00, 2020-01-01T16:35:55, 2020-01-01T16:42:05, 2020-01-01T16:42:50, 2020-01-01T16:50:31, 2020-01-01T16:50:42, 2020-01-01T17:00:12, 2020-01-01T17:00:21, 2020-01-01T17:05:31, 2020-01-01T17:05:42, 2020-01-01T17:13:37, 2020-01-01T17:13:47, 2020-01-01T17:20:39, 2020-01-01T17:20:49, 2020-01-01T17:30:13, 2020-01-01T17:30:24, 2020-01-01T17:40:39, 2020-01-01T17:40:49, 2020-01-01T17:49:34, 2020-01-01T17:49:43, 2020-01-01T17:55:03, 2020-01-01T17:55:54, 2020-01-01T18:00:01, 2020-01-01T18:00:31, 2020-01-01T18:00:42, 2020-01-01T18:00:52, 2020-01-01T18:06:19, 2020-01-01T18:06:29, 2020-01-01T18:06:34, 2020-01-01T18:06:43, 2020-01-01T18:11:16, 2020-01-01T18:11:26, 2020-01-01T18:11:30, 2020-01-01T18:11:45, 2020-01-01T18:13:19, 2020-01-01T18:13:29, 2020-01-01T18:17:17, 2020-01-01T18:17:27, 2020-01-01T18:22:02, 2020-01-01T18:22:51, 2020-01-01T18:23:18, 2020-01-01T18:23:28, 2020-01-01T18:27:00, 2020-01-01T18:27:55, 2020-01-01T18:28:03, 2020-01-01T18:28:54, 2020-01-01T18:32:30, 2020-01-01T18:32:45, 2020-01-01T18:33:30, 2020-01-01T18:33:45, 2020-01-01T18:34:16, 2020-01-01T18:34:26, 2020-01-01T18:39:35, 2020-01-01T18:39:40, 2020-01-01T18:45:05, 2020-01-01T18:45:50, 2020-01-01T18:51:09, 2020-01-01T18:51:59, 2020-01-01T18:56:34, 2020-01-01T18:56:35, 2020-01-01T18:56:40, 2020-01-01T18:56:43, 2020-01-01T19:00:09, 2020-01-01T19:00:36, 2020-01-01T19:00:59, 2020-01-01T19:01:09, 2020-01-01T19:01:59, 2020-01-01T19:07:18, 2020-01-01T19:07:28, 2020-01-01T19:13:03, 2020-01-01T19:13:54, 2020-01-01T19:19:02, 2020-01-01T19:19:51, 2020-01-01T19:25:17, 2020-01-01T19:25:27, 2020-01-01T19:30:05, 2020-01-01T19:30:50, 2020-01-01T19:37:00, 2020-01-01T19:37:55, 2020-01-01T19:43:33, 2020-01-01T19:43:44, 2020-01-01T19:49:13, 2020-01-01T19:49:24, 2020-01-01T19:55:00, 2020-01-01T19:55:55, 2020-01-01T20:01:39, 2020-01-01T20:01:49, 2020-01-01T20:07:00, 2020-01-01T20:07:55, 2020-01-01T20:13:32, 2020-01-01T20:13:41, 2020-01-01T20:19:00, 2020-01-01T20:19:55, 2020-01-01T20:24:18, 2020-01-01T20:24:28, 2020-01-01T20:31:12, 2020-01-01T20:31:21, 2020-01-01T20:36:05, 2020-01-01T20:36:50, 2020-01-01T20:42:10, 2020-01-01T20:42:25, 2020-01-01T20:51:09, 2020-01-01T20:51:34, 2020-01-01T20:51:43, 2020-01-01T20:51:59, 2020-01-01T20:57:33, 2020-01-01T20:57:44, 2020-01-01T21:02:31, 2020-01-01T21:02:42, 2020-01-01T21:03:07, 2020-01-01T21:03:57, 2020-01-01T21:07:31, 2020-01-01T21:07:42, 2020-01-01T21:18:39, 2020-01-01T21:18:49, 2020-01-01T21:24:39, 2020-01-01T21:24:49, 2020-01-01T21:31:17, 2020-01-01T21:31:27, 2020-01-01T21:37:30, 2020-01-01T21:37:45, 2020-01-01T21:39:14, 2020-01-01T21:40:17, 2020-01-01T21:46:11, 2020-01-01T21:46:22, 2020-01-01T21:51:15, 2020-01-01T21:51:20, 2020-01-01T22:15:13, 2020-01-01T22:15:24, 2020-01-01T22:19:18, 2020-01-01T22:19:28, 2020-01-01T22:20:04, 2020-01-01T22:20:32, 2020-01-01T22:20:41, 2020-01-01T22:20:53, 2020-01-01T22:21:17, 2020-01-01T22:21:33, 2020-01-01T22:22:50, 2020-01-01T22:25:15, 2020-01-01T22:25:20, 2020-01-01T22:31:32, 2020-01-01T22:31:41, 2020-01-01T22:37:11, 2020-01-01T22:37:22, 2020-01-01T22:44:02, 2020-01-01T22:44:51, 2020-01-01T22:50:33, 2020-01-01T22:50:44, 2020-01-01T22:56:30, 2020-01-01T22:56:45, 2020-01-01T23:02:03, 2020-01-01T23:02:54, 2020-01-01T23:08:05, 2020-01-01T23:08:50, 2020-01-01T23:14:16, 2020-01-01T23:14:26, 2020-01-01T23:20:30, 2020-01-01T23:20:45, 2020-01-01T23:26:12, 2020-01-01T23:26:21, 2020-01-01T23:28:16, 2020-01-01T23:28:17, 2020-01-01T23:28:22" }, "geometry": { "type": "LineString", "coordinates": [ [ -99.144379, 19.46611 ], [ -99.144387, 19.466122 ], [ -99.057469, 19.45655 ], [ -99.057454, 19.456568 ], [ -99.05777, 19.455909 ], [ -99.057755, 19.455928 ], [ -99.05777, 19.455909 ], [ -99.057755, 19.455928 ], [ -99.057463, 19.456557 ], [ -99.057463, 19.456557 ], [ -99.057463, 19.456557 ], [ -99.05777, 19.455909 ], [ -99.057755, 19.455928 ], [ -99.057463, 19.456557 ], [ -99.057463, 19.456557 ], [ -99.05777, 19.455909 ], [ -99.057766, 19.455997 ], [ -99.057766, 19.455997 ], [ -99.057766, 19.455997 ], [ -99.057755, 19.455928 ], [ -99.057766, 19.455997 ], [ -99.057766, 19.455997 ], [ -99.05777, 19.455909 ], [ -99.057766, 19.455997 ], [ -99.057755, 19.455928 ], [ -99.05776, 19.456 ], [ -99.057761, 19.456009 ], [ -99.057788, 19.45592 ], [ -99.057752, 19.456009 ], [ -99.057744, 19.455941 ], [ -99.05777, 19.455909 ], [ -99.057755, 19.455928 ], [ -99.057752, 19.456009 ], [ -99.057752, 19.456009 ], [ -99.057752, 19.456009 ], [ -99.057752, 19.456009 ], [ -99.05777, 19.455909 ], [ -99.057755, 19.455928 ], [ -99.057765, 19.455963 ], [ -99.057765, 19.455963 ], [ -99.057765, 19.455963 ], [ -99.057765, 19.455963 ], [ -99.05777, 19.455909 ], [ -99.057755, 19.455928 ], [ -99.059355, 19.453525 ], [ -99.059355, 19.453525 ], [ -99.057755, 19.455928 ], [ -99.05777, 19.455909 ], [ -99.057755, 19.455928 ], [ -99.05777, 19.455909 ], [ -99.05777, 19.455909 ], [ -99.057755, 19.455928 ], [ -99.060046, 19.454964 ], [ -99.060046, 19.454964 ], [ -99.060046, 19.454964 ], [ -99.060046, 19.454964 ], [ -99.060046, 19.454964 ], [ -99.060046, 19.454964 ], [ -99.060046, 19.454964 ], [ -99.05777, 19.455909 ], [ -99.057755, 19.455928 ], [ -99.060046, 19.454964 ], [ -99.060046, 19.454964 ], [ -99.060046, 19.454964 ], [ -99.060046, 19.454964 ], [ -99.060046, 19.454964 ], [ -99.060046, 19.454964 ], [ -99.060046, 19.454964 ], [ -99.060046, 19.454964 ], [ -99.060046, 19.454964 ], [ -99.060046, 19.454964 ], [ -99.060046, 19.454964 ], [ -99.057755, 19.455928 ], [ -99.05777, 19.455909 ], [ -99.05777, 19.455909 ], [ -99.057755, 19.455928 ], [ -99.057755, 19.455928 ], [ -99.05777, 19.455909 ], [ -99.05777, 19.455909 ], [ -99.057755, 19.455928 ], [ -99.057755, 19.455928 ], [ -99.05777, 19.455909 ], [ -99.05777, 19.455909 ], [ -99.057755, 19.455928 ], [ -99.05777, 19.455909 ], [ -99.057755, 19.455928 ], [ -99.057755, 19.455928 ], [ -99.05777, 19.455909 ], [ -99.057755, 19.455928 ], [ -99.05777, 19.455909 ], [ -99.05777, 19.455909 ], [ -99.057755, 19.455928 ], [ -99.05777, 19.455909 ], [ -99.057755, 19.455928 ], [ -99.05777, 19.455909 ], [ -99.057755, 19.455928 ], [ -99.05777, 19.455909 ], [ -99.057755, 19.455928 ], [ -99.057755, 19.455928 ], [ -99.05777, 19.455909 ], [ -99.05777, 19.455909 ], [ -99.057755, 19.455928 ], [ -99.057755, 19.455928 ], [ -99.05777, 19.455909 ], [ -99.057755, 19.455928 ], [ -99.05777, 19.455909 ], [ -99.05777, 19.455909 ], [ -99.057755, 19.455928 ], [ -99.057755, 19.455928 ], [ -99.05777, 19.455909 ], [ -99.057755, 19.455928 ], [ -99.05777, 19.455909 ], [ -99.05777, 19.455909 ], [ -99.057755, 19.455928 ], [ -99.05777, 19.455909 ], [ -99.057755, 19.455928 ], [ -99.05777, 19.455909 ], [ -99.057755, 19.455928 ], [ -99.057755, 19.455928 ], [ -99.05777, 19.455909 ], [ -99.057755, 19.455928 ], [ -99.05777, 19.455909 ], [ -99.057755, 19.455928 ], [ -99.05777, 19.455909 ], [ -99.059355, 19.453525 ], [ -99.05777, 19.455909 ], [ -99.057755, 19.455928 ], [ -99.057755, 19.455928 ], [ -99.05777, 19.455909 ], [ -99.057755, 19.455928 ], [ -99.05777, 19.455909 ], [ -99.057755, 19.455928 ], [ -99.05777, 19.455909 ], [ -99.057755, 19.455928 ], [ -99.05777, 19.455909 ], [ -99.05777, 19.455909 ], [ -99.057755, 19.455928 ], [ -99.057755, 19.455928 ], [ -99.05777, 19.455909 ], [ -99.057755, 19.455928 ], [ -99.05777, 19.455909 ], [ -99.057755, 19.455928 ], [ -99.05777, 19.455909 ], [ -99.057755, 19.455928 ], [ -99.05777, 19.455909 ], [ -99.05777, 19.455909 ], [ -99.057755, 19.455928 ], [ -99.05777, 19.455909 ], [ -99.057755, 19.455928 ], [ -99.057755, 19.455928 ], [ -99.05777, 19.455909 ], [ -99.057755, 19.455928 ], [ -99.05777, 19.455909 ], [ -99.05777, 19.455909 ], [ -99.057755, 19.455928 ], [ -99.057755, 19.455928 ], [ -99.05777, 19.455909 ], [ -99.057755, 19.455928 ], [ -99.05777, 19.455909 ], [ -99.057755, 19.455928 ], [ -99.05777, 19.455909 ], [ -99.057755, 19.455928 ], [ -99.05777, 19.455909 ], [ -99.05777, 19.455909 ], [ -99.057755, 19.455928 ], [ -99.05777, 19.455909 ], [ -99.057755, 19.455928 ], [ -99.057755, 19.455928 ], [ -99.05777, 19.455909 ], [ -99.057959, 19.455449 ], [ -99.057962, 19.455465 ], [ -99.057755, 19.455928 ], [ -99.05777, 19.455909 ], [ -99.05777, 19.455909 ], [ -99.057755, 19.455928 ], [ -99.057755, 19.455928 ], [ -99.05777, 19.455909 ], [ -99.057755, 19.455928 ], [ -99.05777, 19.455909 ], [ -99.05777, 19.455909 ], [ -99.057789, 19.45595 ], [ -99.057755, 19.455928 ], [ -99.057774, 19.455966 ], [ -99.05777, 19.455909 ], [ -99.057755, 19.455928 ], [ -99.05777, 19.455909 ], [ -99.057755, 19.455928 ], [ -99.05777, 19.455909 ], [ -99.057755, 19.455928 ], [ -99.057755, 19.455928 ], [ -99.05777, 19.455909 ], [ -99.057755, 19.455928 ], [ -99.05777, 19.455909 ], [ -99.05777, 19.455909 ], [ -99.057755, 19.455928 ], [ -99.057755, 19.455928 ], [ -99.05777, 19.455909 ], [ -99.05777, 19.455909 ], [ -99.057755, 19.455928 ], [ -99.05777, 19.455909 ], [ -99.057755, 19.455928 ], [ -99.057755, 19.455928 ], [ -99.05777, 19.455909 ], [ -99.05777, 19.455909 ], [ -99.057755, 19.455928 ], [ -99.05777, 19.455909 ], [ -99.057755, 19.455928 ], [ -99.05777, 19.455909 ], [ -99.057755, 19.455928 ], [ -99.05777, 19.455909 ], [ -99.05777, 19.45596 ], [ -99.057751, 19.455955 ], [ -99.057755, 19.455928 ], [ -99.057756, 19.455954 ], [ -99.05777, 19.45596 ], [ -99.05777, 19.455909 ], [ -99.057755, 19.455928 ], [ -99.057755, 19.455928 ], [ -99.05777, 19.455909 ], [ -99.05776, 19.455939 ], [ -99.057768, 19.455934 ], [ -99.05776, 19.455939 ], [ -99.057765, 19.455933 ], [ -99.057755, 19.455928 ], [ -99.05777, 19.455909 ], [ -99.05777, 19.45596 ], [ -99.057753, 19.455956 ], [ -99.057755, 19.455928 ], [ -99.05777, 19.455909 ], [ -99.057676, 19.456024 ], [ -99.057689, 19.456009 ], [ -99.057755, 19.455928 ], [ -99.05777, 19.455909 ], [ -99.057779, 19.455939 ], [ -99.057785, 19.455934 ], [ -99.05777, 19.455909 ], [ -99.057755, 19.455928 ], [ -99.057718, 19.456029 ], [ -99.05773, 19.456009 ], [ -99.05777, 19.455909 ], [ -99.057755, 19.455928 ], [ -99.057755, 19.455928 ], [ -99.05777, 19.455909 ], [ -99.05777, 19.455909 ], [ -99.057755, 19.455928 ], [ -99.05777, 19.455909 ], [ -99.057717, 19.456037 ], [ -99.05773, 19.45604 ], [ -99.057755, 19.455928 ], [ -99.05777, 19.45596 ], [ -99.057728, 19.456047 ], [ -99.057756, 19.455951 ], [ -99.05777, 19.455909 ], [ -99.057755, 19.455928 ], [ -99.057755, 19.455928 ], [ -99.05777, 19.455909 ], [ -99.057755, 19.455928 ], [ -99.05777, 19.455909 ], [ -99.05777, 19.455909 ], [ -99.057755, 19.455928 ], [ -99.057755, 19.455928 ], [ -99.05777, 19.455909 ], [ -99.057755, 19.455928 ], [ -99.05777, 19.455909 ], [ -99.05777, 19.455909 ], [ -99.057755, 19.455928 ], [ -99.057755, 19.455928 ], [ -99.05777, 19.455909 ], [ -99.057755, 19.455928 ], [ -99.05777, 19.455909 ], [ -99.057755, 19.455928 ], [ -99.05777, 19.455909 ], [ -99.05777, 19.455909 ], [ -99.057755, 19.455928 ], [ -99.057755, 19.455928 ], [ -99.05777, 19.455909 ], [ -99.05777, 19.455909 ], [ -99.057755, 19.455928 ], [ -99.057755, 19.455928 ], [ -99.05777, 19.455909 ], [ -99.057755, 19.455928 ], [ -99.05777, 19.455909 ], [ -99.05777, 19.45596 ], [ -99.057758, 19.455959 ], [ -99.057755, 19.455925 ], [ -99.05777, 19.455909 ], [ -99.057755, 19.455928 ], [ -99.05777, 19.455909 ], [ -99.057739, 19.456 ], [ -99.05777, 19.455909 ], [ -99.057755, 19.455928 ], [ -99.057742, 19.456006 ], [ -99.057755, 19.455928 ], [ -99.05777, 19.455909 ], [ -99.057755, 19.455928 ], [ -99.05777, 19.455909 ], [ -99.057731, 19.455975 ], [ -99.057749, 19.45598 ], [ -99.056872, 19.454911 ], [ -99.056889, 19.45492 ], [ -99.05777, 19.455909 ], [ -99.057755, 19.455925 ], [ -99.057755, 19.455925 ], [ -99.05777, 19.455909 ], [ -99.057755, 19.455928 ], [ -99.05777, 19.455909 ], [ -99.057755, 19.455928 ], [ -99.05777, 19.455909 ], [ -99.05776, 19.456 ], [ -99.05776, 19.456 ], [ -99.057755, 19.455925 ], [ -99.05777, 19.455909 ], [ -99.05777, 19.455909 ], [ -99.057755, 19.455925 ], [ -99.057755, 19.455928 ], [ -99.05777, 19.455909 ], [ -99.057743, 19.456009 ], [ -99.057743, 19.456009 ], [ -99.057755, 19.455928 ], [ -99.057767, 19.455978 ], [ -99.05776, 19.45598 ], [ -99.05777, 19.455909 ], [ -99.057786, 19.455952 ], [ -99.057786, 19.455952 ], [ -99.059355, 19.453525 ], [ -99.05777, 19.455909 ], [ -99.057755, 19.455925 ], [ -99.05777, 19.455909 ], [ -99.057755, 19.455925 ], [ -99.05777, 19.455909 ], [ -99.057755, 19.455925 ], [ -99.05777, 19.455909 ], [ -99.057755, 19.455928 ], [ -99.05777, 19.455909 ], [ -99.057755, 19.455928 ], [ -99.057755, 19.455925 ], [ -99.05777, 19.455909 ], [ -99.057755, 19.455925 ], [ -99.05777, 19.455909 ], [ -99.057755, 19.455925 ], [ -99.05777, 19.455909 ], [ -99.05777, 19.455909 ], [ -99.057755, 19.455925 ], [ -99.05777, 19.455909 ], [ -99.057755, 19.455925 ], [ -99.05777, 19.455909 ], [ -99.057755, 19.455928 ], [ -99.05521, 19.45557 ], [ -99.05521, 19.45557 ], [ -99.055207, 19.455575 ] ] } },
{ "type": "Feature", "properties": { "device_id": "20dc38ec5e80d450d2f62fe4d048a932f8a0b27b1bf8012b197ff7217d163362", "timestamps": "2020-01-01T22:17:29, 2020-01-01T22:17:51, 2020-01-01T22:18:14, 2020-01-01T22:18:36, 2020-01-01T22:18:59, 2020-01-01T22:19:21, 2020-01-01T22:20:02, 2020-01-01T22:20:30, 2020-01-01T22:20:53, 2020-01-01T22:21:15, 2020-01-01T22:21:47, 2020-01-01T22:22:10, 2020-01-01T22:22:55" }, "geometry": { "type": "LineString", "coordinates": [ [ -99.144649, 19.46702 ], [ -99.144646, 19.46702 ], [ -99.144646, 19.46702 ], [ -99.14499, 19.466735 ], [ -99.14499, 19.466735 ], [ -99.14499, 19.466735 ], [ -99.145676, 19.466496 ], [ -99.145676, 19.466496 ], [ -99.144751, 19.466963 ], [ -99.144751, 19.466963 ], [ -99.144751, 19.466963 ], [ -99.144751, 19.466963 ], [ -99.144751, 19.466963 ] ] } },
{ "type": "Feature", "properties": { "device_id": "562d93da534808629577156c1a5970033720b911c13e29119d41319c564a9250", "timestamps": "2020-01-01T06:11:47, 2020-01-01T06:43:09, 2020-01-01T06:57:42, 2020-01-01T07:17:54, 2020-01-01T07:36:50, 2020-01-01T08:15:04, 2020-01-01T08:26:50, 2020-01-01T08:37:06, 2020-01-01T08:49:18, 2020-01-01T08:58:31, 2020-01-01T09:09:57, 2020-01-01T09:19:20, 2020-01-01T09:30:35, 2020-01-01T09:40:15, 2020-01-01T09:51:19, 2020-01-01T10:00:00, 2020-01-01T10:12:40, 2020-01-01T10:24:56, 2020-01-01T10:35:47, 2020-01-01T10:45:06, 2020-01-01T10:46:52, 2020-01-01T10:55:31, 2020-01-01T11:05:48, 2020-01-01T11:15:14, 2020-01-01T11:25:23, 2020-01-01T11:45:26, 2020-01-01T12:04:15, 2020-01-01T12:19:40, 2020-01-01T12:19:41, 2020-01-01T13:14:53, 2020-01-01T13:14:54, 2020-01-01T13:14:56, 2020-01-01T13:33:59, 2020-01-01T13:54:50, 2020-01-01T14:33:55, 2020-01-01T14:52:51, 2020-01-01T17:31:42, 2020-01-01T17:41:34, 2020-01-01T18:00:33, 2020-01-01T18:21:50, 2020-01-01T18:21:56, 2020-01-01T18:21:57, 2020-01-01T18:21:58, 2020-01-01T19:32:04, 2020-01-01T19:52:13, 2020-01-01T20:11:16, 2020-01-01T20:30:18, 2020-01-01T20:49:45, 2020-01-01T21:08:44, 2020-01-01T22:07:12, 2020-01-01T22:08:04, 2020-01-01T22:14:09, 2020-01-01T22:19:15, 2020-01-01T22:23:49, 2020-01-01T22:28:59, 2020-01-01T22:31:22, 2020-01-01T22:31:23" }, "geometry": { "type": "LineString", "coordinates": [ [ -99.021445, 19.630049 ], [ -99.021431, 19.630052 ], [ -99.02143, 19.63006 ], [ -99.021453, 19.630073 ], [ -99.02146, 19.63008 ], [ -99.021431, 19.63007 ], [ -99.021431, 19.630051 ], [ -99.021447, 19.630067 ], [ -99.021452, 19.63009 ], [ -99.021438, 19.630058 ], [ -99.021456, 19.630085 ], [ -99.021459, 19.630097 ], [ -99.021466, 19.630055 ], [ -99.021433, 19.630053 ], [ -99.021454, 19.630035 ], [ -99.021432, 19.63005 ], [ -99.021435, 19.630055 ], [ -99.021448, 19.63007 ], [ -99.021462, 19.630065 ], [ -99.021435, 19.630061 ], [ -99.021522, 19.630041 ], [ -99.021443, 19.630093 ], [ -99.021439, 19.630035 ], [ -99.021436, 19.630055 ], [ -99.0214, 19.630026 ], [ -99.021435, 19.630039 ], [ -99.02149, 19.630114 ], [ -99.02125, 19.630113 ], [ -99.021263, 19.630146 ], [ -99.144998, 19.465806 ], [ -99.144998, 19.465806 ], [ -99.144855, 19.465937 ], [ -99.145008, 19.465803 ], [ -99.145027, 19.465799 ], [ -99.144996, 19.465792 ], [ -99.145006, 19.465801 ], [ -99.144996, 19.465792 ], [ -99.145001, 19.465801 ], [ -99.145007, 19.465823 ], [ -99.145007, 19.465823 ], [ -99.145007, 19.465823 ], [ -99.145007, 19.465823 ], [ -99.145007, 19.465823 ], [ -99.144857, 19.465653 ], [ -99.144973, 19.465828 ], [ -99.145004, 19.46582 ], [ -99.144996, 19.465792 ], [ -99.144996, 19.465792 ], [ -99.144999, 19.465799 ], [ -99.1055, 19.510311 ], [ -99.094497, 19.520397 ], [ -99.044359, 19.582407 ], [ -99.02752, 19.614865 ], [ -99.021653, 19.615958 ], [ -99.022404, 19.625394 ], [ -99.019647, 19.627628 ], [ -99.019637, 19.627423 ] ] } },
{ "type": "Feature", "properties": { "device_id": "2e73a5aecd672caef04077ce1622a2981e0c59ec25a8ac1f2733cd05cb1501c2", "timestamps": "2020-01-01T09:41:58, 2020-01-01T09:51:41, 2020-01-01T09:52:08, 2020-01-01T13:03:37, 2020-01-01T13:04:03, 2020-01-01T16:11:55, 2020-01-01T16:57:11, 2020-01-01T17:52:52, 2020-01-01T17:53:02, 2020-01-01T17:53:30, 2020-01-01T19:54:07, 2020-01-01T19:54:13, 2020-01-01T19:55:57, 2020-01-01T19:57:23, 2020-01-01T19:57:45, 2020-01-01T20:12:28, 2020-01-01T20:12:50, 2020-01-01T21:51:36, 2020-01-01T23:22:50, 2020-01-01T23:31:39, 2020-01-01T23:32:49, 2020-01-01T23:33:24, 2020-01-01T23:33:48, 2020-01-01T23:34:35, 2020-01-01T23:36:02, 2020-01-01T23:38:57" }, "geometry": { "type": "LineString", "coordinates": [ [ -99.14574, 19.46634 ], [ -99.145681, 19.466363 ], [ -99.145681, 19.466363 ], [ -99.145806, 19.46635 ], [ -99.145631, 19.466382 ], [ -99.147213, 19.466172 ], [ -99.1887, 19.48492 ], [ -99.185829, 19.48509 ], [ -99.185829, 19.48509 ], [ -99.185829, 19.48509 ], [ -99.18584, 19.48509 ], [ -99.185839, 19.48509 ], [ -99.18567, 19.48504 ], [ -99.18567, 19.48504 ], [ -99.18, 19.48 ], [ -99.18, 19.48 ], [ -99.18582, 19.48509 ], [ -99.18, 19.48 ], [ -99.18, 19.48 ], [ -99.18, 19.48 ], [ -99.18568, 19.48505 ], [ -99.18, 19.48 ], [ -99.18, 19.48 ], [ -99.18, 19.48 ], [ -99.18, 19.48 ], [ -99.18, 19.48 ] ] } },
{ "type": "Feature", "properties": { "device_id": "8257a114c6bac6e5f633764070f146d286d82aea86456774b709cfe2a9b06b29", "timestamps": "2020-01-01T08:03:36, 2020-01-01T08:07:33, 2020-01-01T08:08:10, 2020-01-01T08:11:15, 2020-01-01T18:10:08, 2020-01-01T18:10:21, 2020-01-01T21:12:40, 2020-01-01T21:12:53, 2020-01-01T21:59:49, 2020-01-01T22:00:05, 2020-01-01T22:00:27, 2020-01-01T22:01:20, 2020-01-01T22:02:27, 2020-01-01T22:02:55, 2020-01-01T22:03:14, 2020-01-01T22:03:33, 2020-01-01T22:05:23, 2020-01-01T22:05:55, 2020-01-01T22:06:05, 2020-01-01T22:06:31, 2020-01-01T22:08:15, 2020-01-01T22:08:33, 2020-01-01T22:09:32, 2020-01-01T22:10:09, 2020-01-01T22:10:27, 2020-01-01T22:11:42, 2020-01-01T22:11:55, 2020-01-01T22:12:16, 2020-01-01T22:16:08, 2020-01-01T22:16:50, 2020-01-01T22:23:54, 2020-01-01T22:42:42, 2020-01-01T22:46:51, 2020-01-01T22:48:34, 2020-01-01T22:52:57, 2020-01-01T23:17:16, 2020-01-01T23:19:49, 2020-01-01T23:42:16, 2020-01-01T23:45:22, 2020-01-01T23:45:49, 2020-01-01T23:46:35, 2020-01-01T23:48:44" }, "geometry": { "type": "LineString", "coordinates": [ [ -99.084943, 19.504325 ], [ -99.08494, 19.50431 ], [ -99.084901, 19.504312 ], [ -99.084952, 19.504318 ], [ -99.084561, 19.504342 ], [ -99.084561, 19.504342 ], [ -99.145472, 19.46602 ], [ -99.145472, 19.46602 ], [ -99.145483, 19.466052 ], [ -99.145464, 19.466038 ], [ -99.145454, 19.46604 ], [ -99.145484, 19.466029 ], [ -99.145457, 19.466037 ], [ -99.145466, 19.466057 ], [ -99.145419, 19.466046 ], [ -99.145451, 19.466041 ], [ -99.145447, 19.466042 ], [ -99.145458, 19.46605 ], [ -99.145387, 19.466075 ], [ -99.145452, 19.466042 ], [ -99.145484, 19.466028 ], [ -99.145477, 19.466033 ], [ -99.145462, 19.466038 ], [ -99.145467, 19.466049 ], [ -99.145468, 19.466049 ], [ -99.145461, 19.466058 ], [ -99.14546, 19.466059 ], [ -99.145461, 19.46606 ], [ -99.14547, 19.466052 ], [ -99.145481, 19.466046 ], [ -99.14544, 19.466046 ], [ -99.145223, 19.465821 ], [ -99.145179, 19.465803 ], [ -99.145368, 19.465948 ], [ -99.145293, 19.465947 ], [ -99.145467, 19.466019 ], [ -99.145472, 19.46602 ], [ -99.145077, 19.466161 ], [ -99.145465, 19.466044 ], [ -99.145451, 19.466032 ], [ -99.145452, 19.466042 ], [ -99.145453, 19.466043 ] ] } },
{ "type": "Feature", "properties": { "device_id": "29d749fc5664f6a7943b35401e1c43a458c9e468126491216af7f063832d4cc4", "timestamps": "2020-01-01T13:23:57, 2020-01-01T14:09:19" }, "geometry": { "type": "LineString", "coordinates": [ [ -99.144043, 19.464637 ], [ -99.144109, 19.465453 ] ] } },
{ "type": "Feature", "properties": { "device_id": "9bceccec9a39c91f093177f544a89ed499216c548c92a2e0e3c219219fe6e657", "timestamps": "2020-01-01T19:38:25, 2020-01-01T19:40:45, 2020-01-01T19:42:33, 2020-01-01T19:43:44, 2020-01-01T19:47:09, 2020-01-01T19:49:40, 2020-01-01T19:51:18, 2020-01-01T20:07:35, 2020-01-01T20:17:45, 2020-01-01T20:21:38, 2020-01-01T20:23:27, 2020-01-01T20:24:37, 2020-01-01T20:24:51, 2020-01-01T20:25:44, 2020-01-01T20:26:16, 2020-01-01T20:27:21, 2020-01-01T20:28:54, 2020-01-01T20:29:40, 2020-01-01T20:30:13, 2020-01-01T20:31:23, 2020-01-01T20:32:38, 2020-01-01T20:32:54, 2020-01-01T20:33:40, 2020-01-01T20:34:13, 2020-01-01T20:35:16, 2020-01-01T20:35:24, 2020-01-01T20:35:45, 2020-01-01T20:36:13, 2020-01-01T20:37:04, 2020-01-01T20:38:49, 2020-01-01T20:41:32, 2020-01-01T20:53:32, 2020-01-01T20:53:33, 2020-01-01T20:53:44, 2020-01-01T20:53:48, 2020-01-01T21:03:20, 2020-01-01T21:14:16, 2020-01-01T21:24:18, 2020-01-01T21:34:30, 2020-01-01T21:44:04, 2020-01-01T21:48:03, 2020-01-01T21:48:38, 2020-01-01T21:58:32, 2020-01-01T22:09:46, 2020-01-01T22:19:36, 2020-01-01T22:30:58, 2020-01-01T22:42:54, 2020-01-01T22:54:01, 2020-01-01T23:05:52, 2020-01-01T23:20:33, 2020-01-01T23:31:23, 2020-01-01T23:43:50" }, "geometry": { "type": "LineString", "coordinates": [ [ -98.700787, 19.832981 ], [ -98.72835, 19.795547 ], [ -98.752221, 19.757159 ], [ -98.762335, 19.745777 ], [ -98.822609, 19.677067 ], [ -98.845721, 19.663354 ], [ -98.876893, 19.655996 ], [ -99.025506, 19.612026 ], [ -99.093723, 19.520616 ], [ -99.128443, 19.481699 ], [ -99.138518, 19.470135 ], [ -99.141373, 19.466958 ], [ -99.140243, 19.468361 ], [ -99.143903, 19.467013 ], [ -99.144728, 19.464495 ], [ -99.151407, 19.462684 ], [ -99.160682, 19.461009 ], [ -99.164431, 19.450362 ], [ -99.166129, 19.445419 ], [ -99.1673, 19.444201 ], [ -99.170953, 19.443706 ], [ -99.169003, 19.442739 ], [ -99.172788, 19.444094 ], [ -99.173667, 19.444232 ], [ -99.176145, 19.445345 ], [ -99.176176, 19.445141 ], [ -99.176089, 19.445512 ], [ -99.176038, 19.446161 ], [ -99.176094, 19.446078 ], [ -99.176002, 19.446021 ], [ -99.175679, 19.445441 ], [ -99.175657, 19.445406 ], [ -99.175627, 19.445345 ], [ -99.175683, 19.445411 ], [ -99.175662, 19.445436 ], [ -99.175684, 19.44541 ], [ -99.175581, 19.445425 ], [ -99.175588, 19.445486 ], [ -99.175651, 19.445441 ], [ -99.175749, 19.445204 ], [ -99.175633, 19.445441 ], [ -99.175683, 19.44526 ], [ -99.175599, 19.445458 ], [ -99.175666, 19.445441 ], [ -99.175669, 19.445442 ], [ -99.175572, 19.445408 ], [ -99.175669, 19.445443 ], [ -99.175651, 19.445441 ], [ -99.175651, 19.445441 ], [ -99.175667, 19.445442 ], [ -99.175477, 19.445358 ], [ -99.17566, 19.445375 ] ] } },
{ "type": "Feature", "properties": { "device_id": "7717347d8e0c8fd570d54ad1f1bf8ac0329906abcb643eaf81436134cc15cc72", "timestamps": "2020-01-01T06:17:39, 2020-01-01T06:40:11, 2020-01-01T07:12:44, 2020-01-01T07:38:44, 2020-01-01T07:39:22, 2020-01-01T08:05:00, 2020-01-01T08:29:13, 2020-01-01T08:33:11, 2020-01-01T08:33:17, 2020-01-01T08:34:10, 2020-01-01T08:35:28, 2020-01-01T08:36:01, 2020-01-01T08:37:44, 2020-01-01T08:38:47, 2020-01-01T08:40:41, 2020-01-01T08:41:26, 2020-01-01T08:42:53, 2020-01-01T08:43:25, 2020-01-01T08:45:38, 2020-01-01T08:47:21, 2020-01-01T08:56:12, 2020-01-01T08:57:11, 2020-01-01T08:58:41, 2020-01-01T08:59:26, 2020-01-01T09:00:38, 2020-01-01T09:00:51, 2020-01-01T09:01:44, 2020-01-01T09:02:29, 2020-01-01T09:03:11, 2020-01-01T09:04:40, 2020-01-01T09:05:17, 2020-01-01T09:06:11, 2020-01-01T09:07:57, 2020-01-01T09:08:57, 2020-01-01T09:09:42, 2020-01-01T09:11:26, 2020-01-01T09:12:10, 2020-01-01T09:14:29, 2020-01-01T09:15:10, 2020-01-01T09:16:03, 2020-01-01T09:16:59, 2020-01-01T09:17:31, 2020-01-01T09:18:30, 2020-01-01T09:19:19, 2020-01-01T09:20:35, 2020-01-01T09:21:17, 2020-01-01T09:22:36, 2020-01-01T09:23:49, 2020-01-01T09:24:19, 2020-01-01T09:25:45, 2020-01-01T09:26:23, 2020-01-01T09:27:10, 2020-01-01T09:28:09, 2020-01-01T09:28:23, 2020-01-01T09:29:30, 2020-01-01T09:30:33, 2020-01-01T09:31:00, 2020-01-01T09:32:49, 2020-01-01T09:33:10, 2020-01-01T09:34:20, 2020-01-01T09:34:45, 2020-01-01T09:50:16, 2020-01-01T10:01:17, 2020-01-01T10:01:41, 2020-01-01T10:11:56, 2020-01-01T10:21:16, 2020-01-01T10:31:43, 2020-01-01T10:41:38, 2020-01-01T10:52:56, 2020-01-01T11:01:30, 2020-01-01T11:11:43, 2020-01-01T11:22:21, 2020-01-01T11:32:25, 2020-01-01T11:41:02, 2020-01-01T11:52:15, 2020-01-01T12:02:39, 2020-01-01T12:12:50, 2020-01-01T12:22:12, 2020-01-01T12:32:27, 2020-01-01T12:42:36, 2020-01-01T12:52:14, 2020-01-01T13:02:55, 2020-01-01T13:12:14, 2020-01-01T13:22:49, 2020-01-01T13:32:49, 2020-01-01T13:43:00, 2020-01-01T14:01:55, 2020-01-01T14:10:03, 2020-01-01T14:18:10, 2020-01-01T14:18:12, 2020-01-01T14:28:09, 2020-01-01T14:28:17, 2020-01-01T14:29:00, 2020-01-01T14:29:02, 2020-01-01T14:29:09, 2020-01-01T14:29:12, 2020-01-01T14:29:19, 2020-01-01T14:29:24, 2020-01-01T14:29:27, 2020-01-01T14:29:34, 2020-01-01T14:29:39, 2020-01-01T14:29:44, 2020-01-01T14:29:47, 2020-01-01T14:29:49, 2020-01-01T14:29:52, 2020-01-01T14:29:59, 2020-01-01T14:30:14, 2020-01-01T14:30:17, 2020-01-01T14:30:22, 2020-01-01T14:30:23, 2020-01-01T14:30:27, 2020-01-01T14:30:29, 2020-01-01T14:30:40, 2020-01-01T14:30:42, 2020-01-01T14:30:44, 2020-01-01T14:30:47, 2020-01-01T14:30:50, 2020-01-01T14:30:52, 2020-01-01T14:30:59, 2020-01-01T14:32:56, 2020-01-01T14:34:26, 2020-01-01T14:35:23, 2020-01-01T14:36:19, 2020-01-01T14:36:23, 2020-01-01T14:48:02, 2020-01-01T14:52:08, 2020-01-01T14:53:52, 2020-01-01T15:03:51, 2020-01-01T15:13:44, 2020-01-01T15:23:14, 2020-01-01T15:43:04, 2020-01-01T15:43:05, 2020-01-01T15:43:08, 2020-01-01T15:44:53, 2020-01-01T15:54:56, 2020-01-01T16:15:58, 2020-01-01T16:25:28, 2020-01-01T16:42:01, 2020-01-01T16:53:16, 2020-01-01T17:04:35, 2020-01-01T17:14:36, 2020-01-01T17:24:37, 2020-01-01T17:47:39, 2020-01-01T18:00:48, 2020-01-01T18:10:18, 2020-01-01T18:21:13, 2020-01-01T18:32:24, 2020-01-01T18:42:58, 2020-01-01T18:52:47, 2020-01-01T19:03:30, 2020-01-01T19:14:56, 2020-01-01T19:24:10, 2020-01-01T19:34:04, 2020-01-01T19:46:56, 2020-01-01T19:56:42, 2020-01-01T20:10:39, 2020-01-01T20:20:05, 2020-01-01T20:31:58, 2020-01-01T20:47:53, 2020-01-01T21:01:44, 2020-01-01T21:14:36, 2020-01-01T21:24:49, 2020-01-01T21:39:48, 2020-01-01T21:51:35, 2020-01-01T21:51:40, 2020-01-01T21:51:41, 2020-01-01T22:06:37, 2020-01-01T22:22:00, 2020-01-01T22:36:51, 2020-01-01T22:45:30, 2020-01-01T22:56:22, 2020-01-01T23:06:45, 2020-01-01T23:17:17, 2020-01-01T23:29:10, 2020-01-01T23:39:18, 2020-01-01T23:49:13, 2020-01-01T23:58:16" }, "geometry": { "type": "LineString", "coordinates": [ [ -99.160195, 19.517652 ], [ -99.16019, 19.517682 ], [ -99.16018, 19.517654 ], [ -99.160234, 19.517643 ], [ -99.160263, 19.517619 ], [ -99.160198, 19.517669 ], [ -99.160261, 19.517665 ], [ -99.161429, 19.515012 ], [ -99.161501, 19.514976 ], [ -99.159318, 19.508593 ], [ -99.159078, 19.507707 ], [ -99.154509, 19.495348 ], [ -99.154362, 19.495435 ], [ -99.151565, 19.488224 ], [ -99.145124, 19.4712 ], [ -99.143872, 19.465276 ], [ -99.14535, 19.463548 ], [ -99.139468, 19.465119 ], [ -99.113834, 19.45524 ], [ -99.099483, 19.449794 ], [ -99.061515, 19.413503 ], [ -99.056422, 19.414391 ], [ -99.054383, 19.414111 ], [ -99.055069, 19.412588 ], [ -99.055264, 19.412509 ], [ -99.055146, 19.412493 ], [ -99.055268, 19.4125 ], [ -99.055262, 19.41249 ], [ -99.054649, 19.413624 ], [ -99.054604, 19.414152 ], [ -99.054285, 19.414057 ], [ -99.054289, 19.414065 ], [ -99.054266, 19.414016 ], [ -99.054268, 19.414015 ], [ -99.054239, 19.414027 ], [ -99.054258, 19.414041 ], [ -99.054283, 19.414066 ], [ -99.054281, 19.414027 ], [ -99.054259, 19.414042 ], [ -99.054259, 19.414041 ], [ -99.054259, 19.414042 ], [ -99.054277, 19.414046 ], [ -99.054259, 19.414042 ], [ -99.054281, 19.414028 ], [ -99.054258, 19.414043 ], [ -99.054256, 19.414034 ], [ -99.054239, 19.41403 ], [ -99.054257, 19.414043 ], [ -99.054271, 19.414049 ], [ -99.05424, 19.414011 ], [ -99.054264, 19.414041 ], [ -99.054287, 19.414011 ], [ -99.054281, 19.414041 ], [ -99.054285, 19.414044 ], [ -99.054263, 19.41403 ], [ -99.054238, 19.41403 ], [ -99.054281, 19.414029 ], [ -99.054252, 19.414016 ], [ -99.054253, 19.41402 ], [ -99.054254, 19.414041 ], [ -99.054239, 19.41401 ], [ -99.054262, 19.414043 ], [ -99.054251, 19.414018 ], [ -99.054288, 19.413974 ], [ -99.054251, 19.414016 ], [ -99.054267, 19.414015 ], [ -99.054252, 19.414017 ], [ -99.054262, 19.414011 ], [ -99.054251, 19.414017 ], [ -99.054252, 19.414016 ], [ -99.054252, 19.414019 ], [ -99.054254, 19.414016 ], [ -99.054268, 19.414019 ], [ -99.05425, 19.414019 ], [ -99.054261, 19.414041 ], [ -99.05425, 19.414018 ], [ -99.054269, 19.414016 ], [ -99.054285, 19.414028 ], [ -99.054283, 19.414027 ], [ -99.054283, 19.414027 ], [ -99.054283, 19.414028 ], [ -99.054278, 19.414041 ], [ -99.054289, 19.414012 ], [ -99.054287, 19.414011 ], [ -99.054238, 19.414029 ], [ -99.054251, 19.414017 ], [ -99.05442, 19.414122 ], [ -99.05427, 19.414066 ], [ -99.076538, 19.416535 ], [ -99.076029, 19.41631 ], [ -99.128652, 19.426139 ], [ -99.128104, 19.425219 ], [ -99.13335, 19.426046 ], [ -99.132964, 19.425991 ], [ -99.133739, 19.426058 ], [ -99.129755, 19.426277 ], [ -99.130623, 19.426197 ], [ -99.128988, 19.426221 ], [ -99.129367, 19.426234 ], [ -99.132103, 19.425898 ], [ -99.132761, 19.425957 ], [ -99.130984, 19.42597 ], [ -99.131374, 19.42584 ], [ -99.131627, 19.425835 ], [ -99.128691, 19.426164 ], [ -99.128713, 19.426157 ], [ -99.134252, 19.426439 ], [ -99.134264, 19.426434 ], [ -99.134329, 19.426327 ], [ -99.134276, 19.426408 ], [ -99.134255, 19.426458 ], [ -99.134254, 19.426452 ], [ -99.134263, 19.426435 ], [ -99.134263, 19.426436 ], [ -99.134263, 19.426433 ], [ -99.134239, 19.426454 ], [ -99.134197, 19.426097 ], [ -99.13394, 19.426071 ], [ -99.134312, 19.426204 ], [ -99.13651, 19.428597 ], [ -99.136605, 19.431281 ], [ -99.138556, 19.432056 ], [ -99.138972, 19.429501 ], [ -99.138795, 19.430223 ], [ -99.073987, 19.414686 ], [ -99.054377, 19.414069 ], [ -99.054374, 19.414088 ], [ -99.054234, 19.414026 ], [ -99.054251, 19.414016 ], [ -99.054235, 19.414026 ], [ -99.05425, 19.414018 ], [ -99.054285, 19.414029 ], [ -99.054295, 19.414129 ], [ -99.054298, 19.414056 ], [ -99.054273, 19.414161 ], [ -99.054235, 19.414028 ], [ -99.054267, 19.414018 ], [ -99.05429, 19.413742 ], [ -99.054251, 19.414042 ], [ -99.054268, 19.414016 ], [ -99.054267, 19.414015 ], [ -99.054251, 19.414015 ], [ -99.054251, 19.414015 ], [ -99.054214, 19.413885 ], [ -99.054252, 19.414016 ], [ -99.054268, 19.414018 ], [ -99.054252, 19.414017 ], [ -99.054251, 19.414015 ], [ -99.054251, 19.414017 ], [ -99.054251, 19.414017 ], [ -99.054251, 19.414016 ], [ -99.05427, 19.414016 ], [ -99.054237, 19.414028 ], [ -99.054287, 19.414027 ], [ -99.054206, 19.414018 ], [ -99.054258, 19.414042 ], [ -99.054258, 19.414042 ], [ -99.054291, 19.41404 ], [ -99.054291, 19.41404 ], [ -99.054445, 19.41408 ], [ -99.054251, 19.414018 ], [ -99.05426, 19.414044 ], [ -99.054268, 19.414019 ], [ -99.054237, 19.41403 ], [ -99.05426, 19.41403 ], [ -99.054251, 19.414018 ], [ -99.054275, 19.414045 ], [ -99.054239, 19.414028 ], [ -99.054239, 19.414029 ], [ -99.05426, 19.414045 ], [ -99.054176, 19.414252 ], [ -99.054269, 19.414017 ], [ -99.054268, 19.414016 ], [ -99.054269, 19.414019 ], [ -99.054261, 19.414027 ], [ -99.054261, 19.414027 ], [ -99.058503, 19.413062 ] ] } },
{ "type": "Feature", "properties": { "device_id": "ad60acb8fe713b5c01673635ded62348ec5356ed390df4ba1f81a025aad144ba", "timestamps": "2020-01-01T13:46:52, 2020-01-01T14:06:15, 2020-01-01T14:07:12, 2020-01-01T14:07:40, 2020-01-01T14:08:13, 2020-01-01T14:10:05, 2020-01-01T14:11:44, 2020-01-01T14:13:08, 2020-01-01T14:14:21, 2020-01-01T14:14:45, 2020-01-01T14:15:29, 2020-01-01T14:15:41, 2020-01-01T14:15:52, 2020-01-01T14:16:19, 2020-01-01T14:16:41, 2020-01-01T14:16:53, 2020-01-01T14:17:39, 2020-01-01T14:18:02, 2020-01-01T14:18:26, 2020-01-01T14:18:49, 2020-01-01T14:19:13, 2020-01-01T14:19:40, 2020-01-01T14:20:10, 2020-01-01T14:20:53, 2020-01-01T14:21:17, 2020-01-01T14:22:02, 2020-01-01T14:22:55, 2020-01-01T14:23:34, 2020-01-01T14:24:04, 2020-01-01T14:24:28, 2020-01-01T14:25:00, 2020-01-01T14:25:12, 2020-01-01T14:26:05, 2020-01-01T14:26:36, 2020-01-01T14:26:49, 2020-01-01T14:27:06, 2020-01-01T14:27:12, 2020-01-01T14:27:36, 2020-01-01T14:28:18, 2020-01-01T14:28:30, 2020-01-01T14:28:41, 2020-01-01T14:28:48, 2020-01-01T14:29:05, 2020-01-01T14:29:19, 2020-01-01T14:29:24, 2020-01-01T14:29:43, 2020-01-01T14:30:01, 2020-01-01T14:30:47, 2020-01-01T14:30:55, 2020-01-01T14:31:39, 2020-01-01T14:32:00, 2020-01-01T14:32:26, 2020-01-01T14:32:38, 2020-01-01T14:33:02, 2020-01-01T14:33:31, 2020-01-01T14:34:43, 2020-01-01T14:34:58, 2020-01-01T14:35:23, 2020-01-01T14:35:46, 2020-01-01T14:35:50, 2020-01-01T14:36:09, 2020-01-01T14:36:56, 2020-01-01T14:37:01, 2020-01-01T14:37:47, 2020-01-01T14:37:51, 2020-01-01T14:38:26, 2020-01-01T14:38:55, 2020-01-01T14:39:02, 2020-01-01T14:39:09, 2020-01-01T14:39:21, 2020-01-01T14:39:42, 2020-01-01T14:40:00, 2020-01-01T14:40:38, 2020-01-01T14:41:02, 2020-01-01T14:41:09, 2020-01-01T14:41:46, 2020-01-01T14:41:52, 2020-01-01T14:42:18, 2020-01-01T14:43:43, 2020-01-01T14:45:24, 2020-01-01T14:45:39, 2020-01-01T14:45:47, 2020-01-01T14:46:07, 2020-01-01T14:46:27, 2020-01-01T14:47:09, 2020-01-01T14:47:15, 2020-01-01T14:47:30, 2020-01-01T14:47:53, 2020-01-01T14:48:36, 2020-01-01T14:49:30, 2020-01-01T14:49:38, 2020-01-01T14:49:55, 2020-01-01T14:50:05, 2020-01-01T14:50:14, 2020-01-01T14:50:26, 2020-01-01T14:51:09, 2020-01-01T14:51:51, 2020-01-01T14:52:06, 2020-01-01T14:52:32, 2020-01-01T14:52:39, 2020-01-01T14:52:50, 2020-01-01T14:52:56, 2020-01-01T14:53:24, 2020-01-01T14:54:14, 2020-01-01T14:54:24, 2020-01-01T14:54:46, 2020-01-01T14:54:51, 2020-01-01T14:55:11, 2020-01-01T14:55:17, 2020-01-01T14:55:32, 2020-01-01T14:55:37, 2020-01-01T14:56:24, 2020-01-01T14:56:44, 2020-01-01T14:56:54, 2020-01-01T14:57:07, 2020-01-01T14:57:27, 2020-01-01T14:57:59, 2020-01-01T14:58:06, 2020-01-01T14:58:16, 2020-01-01T14:59:19, 2020-01-01T14:59:38, 2020-01-01T15:00:12, 2020-01-01T15:00:27, 2020-01-01T15:00:37, 2020-01-01T15:00:52, 2020-01-01T15:01:20, 2020-01-01T15:01:56, 2020-01-01T15:02:16, 2020-01-01T15:02:21, 2020-01-01T15:02:36, 2020-01-01T15:02:43, 2020-01-01T15:03:11, 2020-01-01T15:03:33, 2020-01-01T15:03:58, 2020-01-01T15:04:16, 2020-01-01T15:04:38, 2020-01-01T15:05:02, 2020-01-01T15:05:19, 2020-01-01T15:05:26, 2020-01-01T15:05:43, 2020-01-01T15:05:58, 2020-01-01T15:06:00, 2020-01-01T15:06:08, 2020-01-01T15:06:21, 2020-01-01T15:06:50, 2020-01-01T15:08:50, 2020-01-01T15:09:27, 2020-01-01T15:09:58, 2020-01-01T15:10:31, 2020-01-01T15:10:50, 2020-01-01T15:11:01, 2020-01-01T15:11:11, 2020-01-01T15:11:24, 2020-01-01T15:11:42, 2020-01-01T15:11:48, 2020-01-01T15:12:34, 2020-01-01T15:13:04, 2020-01-01T15:13:16, 2020-01-01T15:13:44, 2020-01-01T15:14:14, 2020-01-01T15:16:34, 2020-01-01T15:16:46, 2020-01-01T15:17:08, 2020-01-01T15:27:10, 2020-01-01T15:27:28, 2020-01-01T15:27:49, 2020-01-01T15:28:13, 2020-01-01T15:28:38, 2020-01-01T15:29:58, 2020-01-01T15:57:00, 2020-01-01T16:23:16, 2020-01-01T16:35:42, 2020-01-01T16:36:08, 2020-01-01T16:36:14, 2020-01-01T16:36:59" }, "geometry": { "type": "LineString", "coordinates": [ [ -99.141601, 19.468812 ], [ -99.141591, 19.468808 ], [ -99.141591, 19.468808 ], [ -99.141591, 19.468808 ], [ -99.141591, 19.468808 ], [ -99.101469, 19.443287 ], [ -99.101472, 19.443278 ], [ -99.101482, 19.443276 ], [ -99.092551, 19.467237 ], [ -99.092554, 19.467232 ], [ -99.092566, 19.467217 ], [ -99.092565, 19.467211 ], [ -99.092542, 19.467219 ], [ -99.092567, 19.467214 ], [ -99.092553, 19.467233 ], [ -99.092566, 19.467216 ], [ -99.108982, 19.485768 ], [ -99.108983, 19.485763 ], [ -99.108982, 19.485774 ], [ -99.108972, 19.485767 ], [ -99.10897, 19.485778 ], [ -99.108969, 19.485792 ], [ -99.108966, 19.485768 ], [ -99.118995, 19.487662 ], [ -99.118995, 19.487656 ], [ -99.118997, 19.48766 ], [ -99.118996, 19.487659 ], [ -99.135228, 19.482052 ], [ -99.135226, 19.482042 ], [ -99.135226, 19.482031 ], [ -99.135214, 19.482035 ], [ -99.135214, 19.482036 ], [ -99.154154, 19.479218 ], [ -99.154151, 19.479209 ], [ -99.154146, 19.47921 ], [ -99.154156, 19.479214 ], [ -99.154138, 19.479213 ], [ -99.154133, 19.479219 ], [ -99.167893, 19.465351 ], [ -99.167895, 19.465341 ], [ -99.167895, 19.465344 ], [ -99.167893, 19.465341 ], [ -99.167889, 19.465337 ], [ -99.167897, 19.46535 ], [ -99.167893, 19.465348 ], [ -99.167887, 19.465353 ], [ -99.16789, 19.465357 ], [ -99.137847, 19.458638 ], [ -99.137844, 19.458631 ], [ -99.137834, 19.458636 ], [ -99.137842, 19.458643 ], [ -99.137833, 19.458632 ], [ -99.137833, 19.458631 ], [ -99.137834, 19.458647 ], [ -99.137832, 19.458647 ], [ -99.137839, 19.458641 ], [ -99.137835, 19.45864 ], [ -99.137808, 19.458641 ], [ -99.137835, 19.458624 ], [ -99.137812, 19.458641 ], [ -99.137815, 19.458644 ], [ -99.099071, 19.45729 ], [ -99.09907, 19.457285 ], [ -99.099069, 19.457303 ], [ -99.099068, 19.457305 ], [ -99.099067, 19.457315 ], [ -99.099066, 19.457278 ], [ -99.099056, 19.457307 ], [ -99.099068, 19.457283 ], [ -99.099054, 19.457304 ], [ -99.099066, 19.45728 ], [ -99.09907, 19.45728 ], [ -99.100337, 19.474149 ], [ -99.100327, 19.474158 ], [ -99.100339, 19.474148 ], [ -99.100328, 19.474162 ], [ -99.100325, 19.474162 ], [ -99.100337, 19.474152 ], [ -99.100341, 19.474145 ], [ -99.106447, 19.475006 ], [ -99.106445, 19.475013 ], [ -99.106443, 19.475006 ], [ -99.106447, 19.475003 ], [ -99.106449, 19.475011 ], [ -99.12968, 19.48881 ], [ -99.129666, 19.488816 ], [ -99.129668, 19.488811 ], [ -99.129669, 19.48882 ], [ -99.129677, 19.488824 ], [ -99.139511, 19.487135 ], [ -99.139515, 19.487129 ], [ -99.13951, 19.487132 ], [ -99.13951, 19.487136 ], [ -99.139522, 19.487116 ], [ -99.139513, 19.48713 ], [ -99.139528, 19.487123 ], [ -99.162508, 19.475257 ], [ -99.162504, 19.475249 ], [ -99.162497, 19.475257 ], [ -99.162506, 19.475254 ], [ -99.162501, 19.475256 ], [ -99.162504, 19.475262 ], [ -99.162513, 19.475268 ], [ -99.181007, 19.471528 ], [ -99.181008, 19.471526 ], [ -99.181006, 19.471526 ], [ -99.181011, 19.471526 ], [ -99.181016, 19.471522 ], [ -99.181008, 19.471528 ], [ -99.181005, 19.471532 ], [ -99.181002, 19.471536 ], [ -99.174077, 19.458757 ], [ -99.174079, 19.458761 ], [ -99.17408, 19.458762 ], [ -99.174068, 19.45877 ], [ -99.174065, 19.458773 ], [ -99.174079, 19.458777 ], [ -99.17408, 19.458773 ], [ -99.174076, 19.458773 ], [ -99.174062, 19.458772 ], [ -99.174058, 19.458771 ], [ -99.162474, 19.447242 ], [ -99.162477, 19.44725 ], [ -99.162475, 19.447242 ], [ -99.162478, 19.447238 ], [ -99.162472, 19.44724 ], [ -99.162467, 19.44723 ], [ -99.162493, 19.447239 ], [ -99.162492, 19.447236 ], [ -99.162474, 19.447233 ], [ -99.162485, 19.447242 ], [ -99.162487, 19.447259 ], [ -99.162486, 19.447257 ], [ -99.16248, 19.447229 ], [ -99.162476, 19.447256 ], [ -99.16248, 19.44722 ], [ -99.162466, 19.447259 ], [ -99.162472, 19.447229 ], [ -99.162472, 19.447229 ], [ -99.162468, 19.447228 ], [ -99.16248, 19.44725 ], [ -99.162474, 19.447254 ], [ -99.162469, 19.447227 ], [ -99.162472, 19.44725 ], [ -99.162469, 19.447252 ], [ -99.162467, 19.44723 ], [ -99.162457, 19.447251 ], [ -99.162453, 19.447249 ], [ -99.162469, 19.447229 ], [ -99.162475, 19.447241 ], [ -99.162472, 19.447234 ], [ -99.162467, 19.447237 ], [ -99.162454, 19.447248 ], [ -99.16245, 19.44724 ], [ -99.162454, 19.44724 ], [ -99.16247, 19.447242 ], [ -99.162465, 19.447251 ], [ -99.162447, 19.447234 ], [ -99.162458, 19.447252 ], [ -99.162441, 19.447241 ], [ -99.141779, 19.468824 ], [ -99.141625, 19.468801 ], [ -99.141625, 19.468801 ], [ -99.143908, 19.466858 ], [ -99.143908, 19.466858 ], [ -99.143908, 19.466858 ], [ -99.143908, 19.466858 ], [ -99.143908, 19.466858 ], [ -99.141628, 19.468797 ], [ -99.141596, 19.468794 ], [ -99.14184, 19.468845 ], [ -99.14504, 19.45559 ], [ -99.145032, 19.455594 ], [ -99.145045, 19.455735 ], [ -99.145045, 19.455735 ] ] } },
{ "type": "Feature", "properties": { "device_id": "58f6a1fc2e613ae915c4691d4f2644a36b8e71ed4a3a19e16c02717016eb6605", "timestamps": "2020-01-01T13:29:11, 2020-01-01T13:45:20" }, "geometry": { "type": "LineString", "coordinates": [ [ -99.156835, 19.470632 ], [ -99.145423, 19.465928 ] ] } },
{ "type": "Feature", "properties": { "device_id": "9b69452b53f168e828a85e383428a8d9143d2fa66d155525211870fe90bd7d90", "timestamps": "2020-01-01T07:39:32, 2020-01-01T07:44:58, 2020-01-01T10:44:58, 2020-01-01T15:23:01, 2020-01-01T15:45:32, 2020-01-01T17:09:28, 2020-01-01T18:03:40, 2020-01-01T18:35:56, 2020-01-01T18:50:00, 2020-01-01T18:53:25, 2020-01-01T19:57:29, 2020-01-01T20:37:30, 2020-01-01T20:53:06, 2020-01-01T22:09:45, 2020-01-01T22:25:00, 2020-01-01T22:40:01, 2020-01-01T22:55:33, 2020-01-01T23:06:01, 2020-01-01T23:30:31" }, "geometry": { "type": "LineString", "coordinates": [ [ -99.14513, 19.466099 ], [ -99.14512, 19.466127 ], [ -99.14512, 19.46612 ], [ -99.145096, 19.466074 ], [ -99.14482, 19.46605 ], [ -99.14514, 19.46607 ], [ -99.14509, 19.46611 ], [ -99.14516, 19.46605 ], [ -99.14517, 19.46593 ], [ -99.1451, 19.466118 ], [ -99.14511, 19.4661 ], [ -99.14513, 19.46605 ], [ -99.14511, 19.46599 ], [ -99.14504, 19.46598 ], [ -99.14509, 19.46604 ], [ -99.1451, 19.46605 ], [ -99.14509, 19.46608 ], [ -99.145096, 19.466057 ], [ -99.14505, 19.46593 ] ] } },
{ "type": "Feature", "properties": { "device_id": "8a1ddd06b7be07eacfd0af32a7cc05fcfddc898fc5abee8126f5ad63a9634671", "timestamps": "2020-01-01T21:52:24, 2020-01-01T21:52:51, 2020-01-01T22:18:12, 2020-01-01T22:18:28, 2020-01-01T23:01:02, 2020-01-01T23:08:45, 2020-01-01T23:28:10, 2020-01-01T23:39:59, 2020-01-01T23:58:43" }, "geometry": { "type": "LineString", "coordinates": [ [ -99.163789, 19.430281 ], [ -99.163786, 19.430335 ], [ -99.163724, 19.430217 ], [ -99.163724, 19.430231 ], [ -99.163718, 19.430228 ], [ -99.165979, 19.429888 ], [ -99.145881, 19.466334 ], [ -99.145409, 19.466237 ], [ -99.145434, 19.466 ] ] } },
{ "type": "Feature", "properties": { "device_id": "7b542e2bedd0acdf14f08fb8b2381ebe1b30905011381d38d6f36acdbd651824", "timestamps": "2020-01-01T06:13:31, 2020-01-01T06:13:42, 2020-01-01T06:17:10, 2020-01-01T06:17:16, 2020-01-01T06:17:25, 2020-01-01T06:20:10, 2020-01-01T06:20:25, 2020-01-01T06:21:11, 2020-01-01T06:21:12, 2020-01-01T06:21:22, 2020-01-01T06:30:37, 2020-01-01T06:30:47, 2020-01-01T14:25:18, 2020-01-01T14:25:28, 2020-01-01T14:27:16, 2020-01-01T14:27:26, 2020-01-01T14:28:10, 2020-01-01T14:28:25, 2020-01-01T14:28:35, 2020-01-01T15:04:03, 2020-01-01T15:04:54, 2020-01-01T15:05:02, 2020-01-01T15:05:14, 2020-01-01T15:05:23, 2020-01-01T15:05:48, 2020-01-01T15:05:51, 2020-01-01T15:06:15, 2020-01-01T15:06:45, 2020-01-01T15:07:25, 2020-01-01T15:07:58, 2020-01-01T15:09:01, 2020-01-01T15:09:32, 2020-01-01T15:09:34, 2020-01-01T15:09:41, 2020-01-01T15:10:17, 2020-01-01T15:10:27, 2020-01-01T15:10:36, 2020-01-01T15:12:18, 2020-01-01T15:12:27, 2020-01-01T15:12:28, 2020-01-01T17:10:15, 2020-01-01T17:10:20, 2020-01-01T17:11:13, 2020-01-01T17:11:50, 2020-01-01T17:11:51, 2020-01-01T17:11:54, 2020-01-01T17:12:27, 2020-01-01T17:14:43, 2020-01-01T17:14:44, 2020-01-01T17:15:55, 2020-01-01T17:16:36, 2020-01-01T17:16:43, 2020-01-01T17:16:46, 2020-01-01T17:32:00, 2020-01-01T17:32:55, 2020-01-01T17:34:46, 2020-01-01T17:34:47, 2020-01-01T17:35:10, 2020-01-01T17:35:25, 2020-01-01T18:36:38, 2020-01-01T18:36:40, 2020-01-01T18:36:43, 2020-01-01T18:36:48, 2020-01-01T18:40:30, 2020-01-01T18:40:45, 2020-01-01T19:01:03, 2020-01-01T19:01:17, 2020-01-01T19:01:26, 2020-01-01T19:01:27, 2020-01-01T19:04:45, 2020-01-01T19:05:04, 2020-01-01T19:05:39, 2020-01-01T19:07:13, 2020-01-01T19:07:21, 2020-01-01T19:07:24, 2020-01-01T19:19:04, 2020-01-01T19:19:35, 2020-01-01T19:19:40, 2020-01-01T20:33:13, 2020-01-01T20:33:15, 2020-01-01T20:33:19, 2020-01-01T20:33:24, 2020-01-01T20:35:58, 2020-01-01T20:35:59, 2020-01-01T20:39:16, 2020-01-01T20:39:18, 2020-01-01T20:39:26, 2020-01-01T20:40:31, 2020-01-01T20:40:32, 2020-01-01T20:41:22, 2020-01-01T21:11:30, 2020-01-01T21:11:36, 2020-01-01T21:11:46, 2020-01-01T21:12:03, 2020-01-01T21:13:14, 2020-01-01T21:13:23, 2020-01-01T21:32:36, 2020-01-01T21:32:43, 2020-01-01T21:32:46, 2020-01-01T21:47:14, 2020-01-01T21:47:23, 2020-01-01T21:47:24, 2020-01-01T22:12:09, 2020-01-01T22:12:59, 2020-01-01T22:13:14, 2020-01-01T22:13:23, 2020-01-01T22:13:28, 2020-01-01T22:13:33, 2020-01-01T22:32:03, 2020-01-01T22:32:54, 2020-01-01T23:32:32, 2020-01-01T23:32:41, 2020-01-01T23:35:32, 2020-01-01T23:35:41, 2020-01-01T23:36:07, 2020-01-01T23:36:08, 2020-01-01T23:37:33, 2020-01-01T23:37:38, 2020-01-01T23:37:47, 2020-01-01T23:37:48, 2020-01-01T23:46:01, 2020-01-01T23:46:05, 2020-01-01T23:46:50, 2020-01-01T23:46:52, 2020-01-01T23:46:54, 2020-01-01T23:49:01, 2020-01-01T23:49:03, 2020-01-01T23:49:54, 2020-01-01T23:51:05, 2020-01-01T23:51:39, 2020-01-01T23:51:49, 2020-01-01T23:51:50" }, "geometry": { "type": "LineString", "coordinates": [ [ -99.142573, 19.466782 ], [ -99.14259, 19.46677 ], [ -99.143722, 19.465865 ], [ -99.143722, 19.465865 ], [ -99.14372, 19.46585 ], [ -99.14372, 19.46585 ], [ -99.143722, 19.465865 ], [ -99.143722, 19.465865 ], [ -99.143722, 19.465865 ], [ -99.14372, 19.46585 ], [ -99.14372, 19.46585 ], [ -99.143722, 19.465865 ], [ -99.142601, 19.466848 ], [ -99.14261, 19.46683 ], [ -99.14247, 19.46689 ], [ -99.142458, 19.466899 ], [ -99.14247, 19.46689 ], [ -99.142458, 19.466899 ], [ -99.142458, 19.466899 ], [ -99.142627, 19.466856 ], [ -99.14262, 19.46686 ], [ -99.14262, 19.46686 ], [ -99.141974, 19.467428 ], [ -99.14199, 19.46741 ], [ -99.141974, 19.467428 ], [ -99.142627, 19.466856 ], [ -99.141974, 19.467428 ], [ -99.141974, 19.467428 ], [ -99.141974, 19.467428 ], [ -99.141974, 19.467428 ], [ -99.141974, 19.467428 ], [ -99.141974, 19.467428 ], [ -99.141974, 19.467428 ], [ -99.14199, 19.46741 ], [ -99.141974, 19.467428 ], [ -99.14199, 19.46741 ], [ -99.141974, 19.467428 ], [ -99.14199, 19.46741 ], [ -99.141974, 19.467428 ], [ -99.141974, 19.467428 ], [ -99.14372, 19.46696 ], [ -99.143722, 19.466952 ], [ -99.143722, 19.466952 ], [ -99.143722, 19.466952 ], [ -99.143722, 19.466952 ], [ -99.143722, 19.466952 ], [ -99.143722, 19.466952 ], [ -99.143722, 19.466952 ], [ -99.143722, 19.466952 ], [ -99.143722, 19.466952 ], [ -99.14372, 19.46696 ], [ -99.143722, 19.466952 ], [ -99.143722, 19.466952 ], [ -99.142628, 19.466917 ], [ -99.14262, 19.46692 ], [ -99.142628, 19.466917 ], [ -99.142628, 19.466917 ], [ -99.142628, 19.466917 ], [ -99.14262, 19.46692 ], [ -99.14261, 19.46676 ], [ -99.142603, 19.466755 ], [ -99.142603, 19.466755 ], [ -99.142603, 19.466755 ], [ -99.142603, 19.466755 ], [ -99.14261, 19.46676 ], [ -99.142603, 19.466755 ], [ -99.14261, 19.46676 ], [ -99.142603, 19.466755 ], [ -99.142603, 19.466755 ], [ -99.142603, 19.466755 ], [ -99.142603, 19.466755 ], [ -99.142603, 19.466755 ], [ -99.14261, 19.46676 ], [ -99.142603, 19.466755 ], [ -99.142603, 19.466755 ], [ -99.142603, 19.466755 ], [ -99.142603, 19.466755 ], [ -99.14261, 19.46676 ], [ -99.143722, 19.466952 ], [ -99.143722, 19.466952 ], [ -99.143722, 19.466952 ], [ -99.14372, 19.46696 ], [ -99.143722, 19.466952 ], [ -99.143722, 19.466952 ], [ -99.143722, 19.466952 ], [ -99.143722, 19.466952 ], [ -99.14372, 19.46696 ], [ -99.143722, 19.466952 ], [ -99.143722, 19.466952 ], [ -99.143722, 19.466952 ], [ -99.142573, 19.46675 ], [ -99.142573, 19.46675 ], [ -99.14259, 19.46676 ], [ -99.142573, 19.46675 ], [ -99.142573, 19.46675 ], [ -99.14259, 19.46676 ], [ -99.1426, 19.46674 ], [ -99.142597, 19.466732 ], [ -99.142597, 19.466732 ], [ -99.14259, 19.46673 ], [ -99.142577, 19.466746 ], [ -99.142577, 19.466746 ], [ -99.142697, 19.467073 ], [ -99.1427, 19.46708 ], [ -99.142697, 19.467073 ], [ -99.1427, 19.46708 ], [ -99.142697, 19.467073 ], [ -99.142697, 19.467073 ], [ -99.142587, 19.466819 ], [ -99.14258, 19.46682 ], [ -99.142592, 19.466762 ], [ -99.1426, 19.46675 ], [ -99.142662, 19.466884 ], [ -99.14266, 19.46687 ], [ -99.142662, 19.466884 ], [ -99.142662, 19.466884 ], [ -99.142662, 19.466884 ], [ -99.14266, 19.46687 ], [ -99.142662, 19.466884 ], [ -99.142662, 19.466884 ], [ -99.14266, 19.46687 ], [ -99.142653, 19.466873 ], [ -99.142662, 19.466884 ], [ -99.142662, 19.466884 ], [ -99.142662, 19.466884 ], [ -99.142662, 19.466884 ], [ -99.142662, 19.466884 ], [ -99.14266, 19.46687 ], [ -99.142662, 19.466884 ], [ -99.142662, 19.466884 ], [ -99.14266, 19.46687 ], [ -99.14266, 19.46687 ] ] } },
{ "type": "Feature", "properties": { "device_id": "ec756e0bc6bbbdf8f784f5882963642ed1e82128d20cada7718f0b29df5a2d79", "timestamps": "2020-01-01T06:07:15, 2020-01-01T06:44:02, 2020-01-01T07:04:56, 2020-01-01T07:06:10, 2020-01-01T07:07:49, 2020-01-01T07:08:10, 2020-01-01T07:09:25, 2020-01-01T07:09:42, 2020-01-01T07:10:19, 2020-01-01T07:11:37, 2020-01-01T07:11:54, 2020-01-01T07:12:37, 2020-01-01T07:13:41, 2020-01-01T07:14:27, 2020-01-01T07:15:03, 2020-01-01T07:15:58, 2020-01-01T07:16:49, 2020-01-01T07:18:01, 2020-01-01T07:18:51, 2020-01-01T07:19:47, 2020-01-01T07:20:11, 2020-01-01T07:21:36, 2020-01-01T07:21:43, 2020-01-01T07:41:51, 2020-01-01T08:38:52, 2020-01-01T09:59:51, 2020-01-01T10:18:33, 2020-01-01T10:57:41, 2020-01-01T11:56:38, 2020-01-01T13:16:55, 2020-01-01T13:36:14, 2020-01-01T13:56:04, 2020-01-01T14:16:08, 2020-01-01T14:58:46, 2020-01-01T15:18:36, 2020-01-01T15:39:51, 2020-01-01T15:59:18, 2020-01-01T15:59:26, 2020-01-01T15:59:57, 2020-01-01T16:01:01, 2020-01-01T16:01:10, 2020-01-01T16:01:17, 2020-01-01T16:01:19, 2020-01-01T16:01:30, 2020-01-01T16:01:32, 2020-01-01T16:01:33, 2020-01-01T16:01:35, 2020-01-01T16:01:38, 2020-01-01T16:01:39, 2020-01-01T16:01:41, 2020-01-01T16:01:44, 2020-01-01T16:01:46, 2020-01-01T16:01:47, 2020-01-01T16:03:30, 2020-01-01T16:03:55, 2020-01-01T16:05:20, 2020-01-01T16:06:30, 2020-01-01T16:06:55, 2020-01-01T16:07:45, 2020-01-01T16:08:20, 2020-01-01T16:09:55, 2020-01-01T16:10:45, 2020-01-01T16:11:20, 2020-01-01T16:12:30, 2020-01-01T16:13:45, 2020-01-01T16:15:55, 2020-01-01T16:16:16, 2020-01-01T16:17:06, 2020-01-01T16:17:22, 2020-01-01T16:19:16, 2020-01-01T16:22:28, 2020-01-01T16:42:50, 2020-01-01T17:43:05, 2020-01-01T17:43:36, 2020-01-01T17:46:40, 2020-01-01T17:46:46, 2020-01-01T17:48:08, 2020-01-01T18:09:18, 2020-01-01T18:29:53, 2020-01-01T18:35:06, 2020-01-01T18:36:29, 2020-01-01T19:01:43, 2020-01-01T19:22:12, 2020-01-01T19:36:00, 2020-01-01T19:36:01, 2020-01-01T19:36:08, 2020-01-01T19:36:30, 2020-01-01T19:36:37, 2020-01-01T19:37:25, 2020-01-01T19:37:53, 2020-01-01T19:37:56, 2020-01-01T19:37:58, 2020-01-01T19:58:56, 2020-01-01T20:17:21, 2020-01-01T20:56:40, 2020-01-01T21:55:49, 2020-01-01T22:47:53, 2020-01-01T22:48:14, 2020-01-01T22:48:48, 2020-01-01T22:48:57, 2020-01-01T22:49:20, 2020-01-01T22:49:46, 2020-01-01T22:52:31, 2020-01-01T22:53:00, 2020-01-01T22:53:03, 2020-01-01T22:53:05, 2020-01-01T22:53:09, 2020-01-01T22:53:12, 2020-01-01T22:53:14, 2020-01-01T22:53:17, 2020-01-01T22:53:18, 2020-01-01T22:53:22, 2020-01-01T22:53:24, 2020-01-01T22:53:27, 2020-01-01T22:53:29, 2020-01-01T22:53:33, 2020-01-01T22:53:35, 2020-01-01T22:53:38, 2020-01-01T22:53:45, 2020-01-01T22:53:48, 2020-01-01T22:53:52, 2020-01-01T22:53:54, 2020-01-01T22:53:57, 2020-01-01T22:53:59, 2020-01-01T22:54:02, 2020-01-01T22:54:04, 2020-01-01T22:54:07, 2020-01-01T22:54:09, 2020-01-01T22:54:16, 2020-01-01T22:54:18, 2020-01-01T22:54:22, 2020-01-01T22:54:24, 2020-01-01T22:54:29, 2020-01-01T22:54:33, 2020-01-01T22:54:35, 2020-01-01T22:54:38, 2020-01-01T22:54:39, 2020-01-01T22:54:43, 2020-01-01T22:54:45, 2020-01-01T22:54:48, 2020-01-01T22:54:52, 2020-01-01T22:54:54, 2020-01-01T22:54:57, 2020-01-01T22:54:59, 2020-01-01T22:55:02, 2020-01-01T22:55:04, 2020-01-01T22:55:07, 2020-01-01T22:55:09, 2020-01-01T22:55:11, 2020-01-01T22:55:13, 2020-01-01T22:55:15, 2020-01-01T22:55:16, 2020-01-01T22:55:18, 2020-01-01T22:55:22, 2020-01-01T22:55:24, 2020-01-01T22:55:26, 2020-01-01T22:55:28, 2020-01-01T22:55:31, 2020-01-01T22:55:34, 2020-01-01T22:55:35, 2020-01-01T22:55:37, 2020-01-01T22:55:39, 2020-01-01T22:55:41, 2020-01-01T22:55:43, 2020-01-01T22:55:45, 2020-01-01T22:55:46, 2020-01-01T22:55:48, 2020-01-01T22:55:52, 2020-01-01T22:55:54, 2020-01-01T22:55:57, 2020-01-01T22:55:59, 2020-01-01T22:56:02, 2020-01-01T22:56:03, 2020-01-01T22:56:07, 2020-01-01T22:56:09, 2020-01-01T22:56:15, 2020-01-01T22:56:17, 2020-01-01T22:56:18, 2020-01-01T22:56:33, 2020-01-01T22:56:34, 2020-01-01T22:56:35, 2020-01-01T22:56:37, 2020-01-01T22:56:39, 2020-01-01T22:56:41, 2020-01-01T22:56:42, 2020-01-01T22:56:46, 2020-01-01T22:56:49, 2020-01-01T22:56:52, 2020-01-01T22:57:00, 2020-01-01T22:57:02, 2020-01-01T22:57:04, 2020-01-01T22:57:07, 2020-01-01T22:57:11, 2020-01-01T22:57:13, 2020-01-01T22:57:15, 2020-01-01T22:57:16, 2020-01-01T22:57:18, 2020-01-01T22:57:22, 2020-01-01T22:57:25, 2020-01-01T22:57:26, 2020-01-01T22:57:28, 2020-01-01T22:57:32, 2020-01-01T22:57:34, 2020-01-01T22:57:35, 2020-01-01T22:57:37, 2020-01-01T22:57:39, 2020-01-01T22:57:41, 2020-01-01T22:57:43, 2020-01-01T22:57:45, 2020-01-01T22:57:46, 2020-01-01T22:57:48, 2020-01-01T22:57:51, 2020-01-01T22:57:54, 2020-01-01T22:57:57, 2020-01-01T22:58:50, 2020-01-01T22:58:52, 2020-01-01T22:58:54, 2020-01-01T22:58:55, 2020-01-01T22:58:57, 2020-01-01T22:58:58, 2020-01-01T23:03:58, 2020-01-01T23:06:03, 2020-01-01T23:06:04, 2020-01-01T23:08:44, 2020-01-01T23:28:32, 2020-01-01T23:49:17" }, "geometry": { "type": "LineString", "coordinates": [ [ -99.115915, 19.471424 ], [ -99.11548, 19.47119 ], [ -99.114947, 19.470889 ], [ -99.120627, 19.462047 ], [ -99.129036, 19.462374 ], [ -99.13788, 19.465251 ], [ -99.144867, 19.464915 ], [ -99.149801, 19.463114 ], [ -99.157697, 19.464192 ], [ -99.164563, 19.449386 ], [ -99.163685, 19.457473 ], [ -99.168044, 19.439203 ], [ -99.171474, 19.437271 ], [ -99.17593, 19.440476 ], [ -99.179167, 19.444604 ], [ -99.176041, 19.44073 ], [ -99.182032, 19.448101 ], [ -99.186509, 19.454265 ], [ -99.182213, 19.448297 ], [ -99.184494, 19.453447 ], [ -99.185037, 19.453026 ], [ -99.184864, 19.453345 ], [ -99.184892, 19.453384 ], [ -99.185048, 19.45297 ], [ -99.185038, 19.452956 ], [ -99.185068, 19.45298 ], [ -99.185061, 19.452952 ], [ -99.185086, 19.452986 ], [ -99.185067, 19.452981 ], [ -99.18506, 19.452953 ], [ -99.185075, 19.452988 ], [ -99.185058, 19.452959 ], [ -99.185053, 19.452957 ], [ -99.185066, 19.45298 ], [ -99.185051, 19.452983 ], [ -99.185045, 19.45297 ], [ -99.182149, 19.451229 ], [ -99.183924, 19.451683 ], [ -99.183917, 19.451682 ], [ -99.181587, 19.452604 ], [ -99.181644, 19.452271 ], [ -99.181641, 19.452275 ], [ -99.181642, 19.452292 ], [ -99.181641, 19.452277 ], [ -99.181642, 19.45229 ], [ -99.181642, 19.452291 ], [ -99.181641, 19.452277 ], [ -99.181618, 19.452329 ], [ -99.181627, 19.452359 ], [ -99.181641, 19.452278 ], [ -99.181641, 19.452279 ], [ -99.181641, 19.452279 ], [ -99.181641, 19.452279 ], [ -99.177745, 19.460506 ], [ -99.180057, 19.456988 ], [ -99.177381, 19.464719 ], [ -99.170782, 19.469956 ], [ -99.17643, 19.467912 ], [ -99.164519, 19.471881 ], [ -99.158979, 19.473559 ], [ -99.153164, 19.473191 ], [ -99.148327, 19.47317 ], [ -99.146356, 19.473035 ], [ -99.138728, 19.471494 ], [ -99.13114, 19.469716 ], [ -99.125482, 19.468321 ], [ -99.122402, 19.471199 ], [ -99.118408, 19.473971 ], [ -99.121628, 19.47319 ], [ -99.115765, 19.471646 ], [ -99.115688, 19.471362 ], [ -99.115682, 19.471276 ], [ -99.111794, 19.469935 ], [ -99.112948, 19.470331 ], [ -99.105851, 19.466863 ], [ -99.105851, 19.466866 ], [ -99.105987, 19.466935 ], [ -99.106135, 19.466937 ], [ -99.106159, 19.467057 ], [ -99.109833, 19.469163 ], [ -99.110482, 19.469428 ], [ -99.115742, 19.471342 ], [ -99.11576, 19.471488 ], [ -99.115775, 19.471349 ], [ -99.115794, 19.471331 ], [ -99.115912, 19.471421 ], [ -99.115779, 19.471349 ], [ -99.115807, 19.471339 ], [ -99.115775, 19.471356 ], [ -99.115932, 19.471411 ], [ -99.115747, 19.471389 ], [ -99.115755, 19.471381 ], [ -99.114918, 19.470881 ], [ -99.11505, 19.471392 ], [ -99.114907, 19.470901 ], [ -99.115228, 19.471438 ], [ -99.117594, 19.471823 ], [ -99.12122, 19.473233 ], [ -99.121373, 19.473312 ], [ -99.121078, 19.47316 ], [ -99.123872, 19.474183 ], [ -99.125048, 19.474516 ], [ -99.132368, 19.475844 ], [ -99.12463, 19.485901 ], [ -99.124756, 19.485767 ], [ -99.125219, 19.485174 ], [ -99.124155, 19.486524 ], [ -99.128654, 19.480968 ], [ -99.128421, 19.481289 ], [ -99.127885, 19.48194 ], [ -99.12775, 19.482071 ], [ -99.129907, 19.479504 ], [ -99.129655, 19.479773 ], [ -99.129167, 19.480359 ], [ -99.128917, 19.480659 ], [ -99.12594, 19.484337 ], [ -99.126395, 19.483758 ], [ -99.125452, 19.484922 ], [ -99.127518, 19.482353 ], [ -99.126612, 19.483498 ], [ -99.131149, 19.477897 ], [ -99.130936, 19.47827 ], [ -99.13037, 19.478957 ], [ -99.130164, 19.479245 ], [ -99.119843, 19.490966 ], [ -99.119804, 19.491042 ], [ -99.119754, 19.491215 ], [ -99.1197, 19.491405 ], [ -99.121053, 19.489618 ], [ -99.120892, 19.489706 ], [ -99.12273, 19.488229 ], [ -99.122521, 19.488474 ], [ -99.121853, 19.489178 ], [ -99.119922, 19.490769 ], [ -99.120042, 19.490669 ], [ -99.119861, 19.490884 ], [ -99.119863, 19.490899 ], [ -99.120428, 19.490171 ], [ -99.12074, 19.489817 ], [ -99.120143, 19.490547 ], [ -99.123905, 19.486807 ], [ -99.123661, 19.487112 ], [ -99.123135, 19.487727 ], [ -99.122967, 19.487969 ], [ -99.119042, 19.49462 ], [ -99.119009, 19.494618 ], [ -99.118994, 19.494638 ], [ -99.118977, 19.494638 ], [ -99.119176, 19.493685 ], [ -99.119169, 19.493798 ], [ -99.119244, 19.493494 ], [ -99.119147, 19.493926 ], [ -99.119105, 19.494082 ], [ -99.119455, 19.49254 ], [ -99.119412, 19.492716 ], [ -99.119347, 19.493042 ], [ -99.119288, 19.493267 ], [ -99.119021, 19.494619 ], [ -99.119026, 19.494615 ], [ -99.119001, 19.494642 ], [ -99.119016, 19.49461 ], [ -99.119044, 19.494623 ], [ -99.119067, 19.494294 ], [ -99.119041, 19.494394 ], [ -99.119086, 19.494209 ], [ -99.11902, 19.494495 ], [ -99.118991, 19.494587 ], [ -99.119664, 19.491571 ], [ -99.119611, 19.491769 ], [ -99.119548, 19.492119 ], [ -99.119504, 19.492337 ], [ -99.118404, 19.496842 ], [ -99.118355, 19.496991 ], [ -99.118251, 19.497443 ], [ -99.118204, 19.497675 ], [ -99.11887, 19.494926 ], [ -99.118797, 19.495229 ], [ -99.118784, 19.495308 ], [ -99.11854, 19.496278 ], [ -99.118582, 19.496124 ], [ -99.118664, 19.495934 ], [ -99.118479, 19.496451 ], [ -99.118446, 19.496694 ], [ -99.118733, 19.495481 ], [ -99.118753, 19.495375 ], [ -99.118721, 19.495683 ], [ -99.118672, 19.495793 ], [ -99.119008, 19.49461 ], [ -99.116184, 19.497526 ], [ -99.116262, 19.497567 ], [ -99.116244, 19.497537 ], [ -99.116086, 19.497469 ], [ -99.117634, 19.498341 ], [ -99.117571, 19.498297 ], [ -99.117717, 19.49837 ], [ -99.1175, 19.498262 ], [ -99.117479, 19.498236 ], [ -99.118006, 19.498545 ], [ -99.118001, 19.498545 ], [ -99.117965, 19.498509 ], [ -99.117842, 19.498447 ], [ -99.116672, 19.497795 ], [ -99.116639, 19.497787 ], [ -99.116699, 19.497805 ], [ -99.116561, 19.497716 ], [ -99.116365, 19.497626 ], [ -99.117284, 19.498116 ], [ -99.11711, 19.49803 ], [ -99.117385, 19.498171 ], [ -99.116964, 19.497938 ], [ -99.116795, 19.49785 ], [ -99.118135, 19.497942 ], [ -99.11809, 19.49818 ], [ -99.118026, 19.498492 ], [ -99.115769, 19.49725 ], [ -99.115856, 19.497319 ], [ -99.115774, 19.497286 ], [ -99.115957, 19.497393 ], [ -99.115683, 19.497195 ], [ -99.115627, 19.497163 ], [ -99.118227, 19.488139 ], [ -99.118657, 19.477865 ], [ -99.118657, 19.477865 ], [ -99.116875, 19.473454 ], [ -99.115911, 19.471352 ], [ -99.115695, 19.47143 ] ] } },
{ "type": "Feature", "properties": { "device_id": "0d29ab3d2fdd600885ae3b917392fca1a1de4f6f3444ba1ac4a3935d6649b186", "timestamps": "2020-01-01T09:38:19, 2020-01-01T09:38:29, 2020-01-01T09:41:08, 2020-01-01T09:42:04, 2020-01-01T09:43:13, 2020-01-01T09:43:24, 2020-01-01T09:46:39, 2020-01-01T09:46:49, 2020-01-01T09:48:12, 2020-01-01T09:48:21, 2020-01-01T09:49:01, 2020-01-01T09:49:36, 2020-01-01T09:50:30, 2020-01-01T09:50:45, 2020-01-01T09:55:12, 2020-01-01T09:55:26, 2020-01-01T10:06:02, 2020-01-01T10:27:38, 2020-01-01T10:27:48, 2020-01-01T11:10:37, 2020-01-01T17:00:36, 2020-01-01T17:01:07, 2020-01-01T17:09:30, 2020-01-01T17:09:43, 2020-01-01T17:09:51, 2020-01-01T17:10:13, 2020-01-01T17:11:28, 2020-01-01T17:13:11, 2020-01-01T17:17:11, 2020-01-01T17:23:01, 2020-01-01T17:23:06, 2020-01-01T17:58:30, 2020-01-01T17:58:35, 2020-01-01T18:54:22, 2020-01-01T19:04:47, 2020-01-01T19:05:19, 2020-01-01T19:06:04, 2020-01-01T19:06:09, 2020-01-01T19:07:38, 2020-01-01T19:10:20, 2020-01-01T19:15:59, 2020-01-01T19:28:24, 2020-01-01T19:28:37" }, "geometry": { "type": "LineString", "coordinates": [ [ -99.157763, 19.547142 ], [ -99.15776, 19.54712 ], [ -99.15776, 19.54712 ], [ -99.157759, 19.547129 ], [ -99.157763, 19.547142 ], [ -99.157759, 19.547129 ], [ -99.157759, 19.547129 ], [ -99.157763, 19.547142 ], [ -99.157759, 19.547129 ], [ -99.157763, 19.547142 ], [ -99.15776, 19.54712 ], [ -99.139124, 19.470742 ], [ -99.157763, 19.547142 ], [ -99.15776, 19.54712 ], [ -99.139122, 19.47075 ], [ -99.15776, 19.54712 ], [ -99.157763, 19.547142 ], [ -99.15776, 19.54712 ], [ -99.157763, 19.547142 ], [ -99.139122, 19.47075 ], [ -99.14593, 19.46679 ], [ -99.145921, 19.466808 ], [ -99.145248, 19.46616 ], [ -99.14525, 19.46614 ], [ -99.145248, 19.46616 ], [ -99.145248, 19.46616 ], [ -99.145248, 19.46616 ], [ -99.145248, 19.46616 ], [ -99.145248, 19.46616 ], [ -99.14563, 19.46867 ], [ -99.145621, 19.468686 ], [ -99.14527, 19.46629 ], [ -99.145269, 19.466297 ], [ -99.14552, 19.46633 ], [ -99.145192, 19.466151 ], [ -99.1451, 19.46541 ], [ -99.1452, 19.46614 ], [ -99.14527, 19.466172 ], [ -99.145442, 19.464296 ], [ -99.145328, 19.466128 ], [ -99.14533, 19.46612 ], [ -99.14517, 19.46624 ], [ -99.145167, 19.466256 ] ] } },
{ "type": "Feature", "properties": { "device_id": "fb0a6fd32d9a32ca4dfba1b808ad52b9cf2deaf1f7a62b6b697119a5d2cc6d8a", "timestamps": "2020-01-01T07:23:51, 2020-01-01T07:25:52, 2020-01-01T07:27:57, 2020-01-01T07:32:01, 2020-01-01T07:36:00, 2020-01-01T07:40:05, 2020-01-01T07:44:10, 2020-01-01T07:46:13, 2020-01-01T07:50:15, 2020-01-01T07:52:15, 2020-01-01T07:54:15, 2020-01-01T07:56:20, 2020-01-01T07:58:20, 2020-01-01T07:58:22, 2020-01-01T07:59:23, 2020-01-01T08:01:27, 2020-01-01T08:03:25, 2020-01-01T08:03:27, 2020-01-01T08:05:29, 2020-01-01T08:07:27, 2020-01-01T08:07:29, 2020-01-01T08:09:30, 2020-01-01T08:09:32, 2020-01-01T08:11:33, 2020-01-01T08:14:37, 2020-01-01T08:14:38, 2020-01-01T08:16:38, 2020-01-01T08:16:40, 2020-01-01T08:18:42, 2020-01-01T08:20:44, 2020-01-01T08:20:45, 2020-01-01T08:22:44, 2020-01-01T08:22:47, 2020-01-01T08:24:47, 2020-01-01T08:24:49, 2020-01-01T08:26:48, 2020-01-01T08:26:50, 2020-01-01T08:28:53, 2020-01-01T08:30:55, 2020-01-01T08:30:57, 2020-01-01T08:32:55, 2020-01-01T08:32:58, 2020-01-01T08:37:04, 2020-01-01T08:39:03, 2020-01-01T08:39:05, 2020-01-01T08:40:06, 2020-01-01T08:40:09, 2020-01-01T08:42:07, 2020-01-01T08:42:10, 2020-01-01T08:44:10, 2020-01-01T08:44:13, 2020-01-01T08:46:11, 2020-01-01T08:46:13, 2020-01-01T08:48:13, 2020-01-01T08:48:15, 2020-01-01T08:50:14, 2020-01-01T08:50:15, 2020-01-01T08:52:15, 2020-01-01T08:52:17, 2020-01-01T08:54:19, 2020-01-01T08:54:21, 2020-01-01T08:56:22, 2020-01-01T08:56:24, 2020-01-01T09:00:25, 2020-01-01T09:00:28, 2020-01-01T09:02:27, 2020-01-01T09:02:30, 2020-01-01T09:04:28, 2020-01-01T09:04:30, 2020-01-01T09:06:29, 2020-01-01T09:06:31, 2020-01-01T09:08:31, 2020-01-01T09:08:34, 2020-01-01T09:10:33, 2020-01-01T09:12:36, 2020-01-01T10:16:33, 2020-01-01T10:16:44, 2020-01-01T14:57:34, 2020-01-01T14:57:43, 2020-01-01T23:55:20, 2020-01-01T23:55:35, 2020-01-01T23:55:44, 2020-01-01T23:55:46, 2020-01-01T23:57:23, 2020-01-01T23:57:25, 2020-01-01T23:58:19, 2020-01-01T23:58:21, 2020-01-01T23:59:57, 2020-01-01T23:59:59" }, "geometry": { "type": "LineString", "coordinates": [ [ -99.138592, 19.529464 ], [ -99.138592, 19.529464 ], [ -99.1386, 19.52946 ], [ -99.1386, 19.52946 ], [ -99.138592, 19.529464 ], [ -99.138592, 19.529464 ], [ -99.138592, 19.529464 ], [ -99.138592, 19.529464 ], [ -99.138599, 19.52946 ], [ -99.138592, 19.529464 ], [ -99.138599, 19.52946 ], [ -99.138592, 19.529464 ], [ -99.138592, 19.529464 ], [ -99.138592, 19.529464 ], [ -99.138592, 19.529464 ], [ -99.138592, 19.529464 ], [ -99.138592, 19.529464 ], [ -99.138592, 19.529464 ], [ -99.138592, 19.529464 ], [ -99.138592, 19.529464 ], [ -99.138592, 19.529464 ], [ -99.138592, 19.529464 ], [ -99.138592, 19.529464 ], [ -99.138592, 19.529464 ], [ -99.138592, 19.529464 ], [ -99.138592, 19.529464 ], [ -99.138592, 19.529464 ], [ -99.138592, 19.529464 ], [ -99.138592, 19.529464 ], [ -99.138592, 19.529464 ], [ -99.138592, 19.529464 ], [ -99.138592, 19.529464 ], [ -99.138599, 19.52946 ], [ -99.138592, 19.529464 ], [ -99.138592, 19.529464 ], [ -99.138592, 19.529464 ], [ -99.138592, 19.529464 ], [ -99.138592, 19.529464 ], [ -99.138592, 19.529464 ], [ -99.138592, 19.529464 ], [ -99.138592, 19.529464 ], [ -99.138592, 19.529464 ], [ -99.138599, 19.52946 ], [ -99.138592, 19.529464 ], [ -99.138592, 19.529464 ], [ -99.138599, 19.52946 ], [ -99.138599, 19.52946 ], [ -99.138599, 19.52946 ], [ -99.138592, 19.529464 ], [ -99.138592, 19.529464 ], [ -99.138592, 19.529464 ], [ -99.138592, 19.529464 ], [ -99.138592, 19.529464 ], [ -99.138592, 19.529464 ], [ -99.138599, 19.52946 ], [ -99.138592, 19.529464 ], [ -99.138592, 19.529464 ], [ -99.138592, 19.529464 ], [ -99.138599, 19.52946 ], [ -99.138592, 19.529464 ], [ -99.138599, 19.52946 ], [ -99.138592, 19.529464 ], [ -99.138592, 19.529464 ], [ -99.138592, 19.529464 ], [ -99.138592, 19.529464 ], [ -99.138599, 19.52946 ], [ -99.138592, 19.529464 ], [ -99.138592, 19.529464 ], [ -99.138592, 19.529464 ], [ -99.138592, 19.529464 ], [ -99.138599, 19.52946 ], [ -99.138599, 19.52946 ], [ -99.138592, 19.529464 ], [ -99.138592, 19.529464 ], [ -99.1386, 19.52946 ], [ -99.138608, 19.52945 ], [ -99.13861, 19.52946 ], [ -99.14467, 19.465109 ], [ -99.14468, 19.4651 ], [ -99.13858, 19.52946 ], [ -99.13858, 19.52946 ], [ -99.138575, 19.529461 ], [ -99.13858, 19.52946 ], [ -99.13858, 19.52946 ], [ -99.13858, 19.52946 ], [ -99.13858, 19.52946 ], [ -99.13858, 19.52946 ], [ -99.13858, 19.52946 ], [ -99.138575, 19.529461 ] ] } },
{ "type": "Feature", "properties": { "device_id": "0cf0da69edfbd0f52618b82703f64552132cbe12d4c936de90914e46fb3d4dc9", "timestamps": "2020-01-01T06:02:50, 2020-01-01T07:57:30, 2020-01-01T08:22:42, 2020-01-01T08:28:43, 2020-01-01T08:46:30, 2020-01-01T08:58:20, 2020-01-01T14:45:30, 2020-01-01T15:50:16, 2020-01-01T16:20:38, 2020-01-01T16:25:38, 2020-01-01T16:25:48, 2020-01-01T16:25:52, 2020-01-01T16:31:25, 2020-01-01T16:36:13, 2020-01-01T16:41:37, 2020-01-01T16:47:24, 2020-01-01T17:12:19, 2020-01-01T17:18:01, 2020-01-01T17:25:51, 2020-01-01T17:43:10, 2020-01-01T17:48:27, 2020-01-01T18:43:44, 2020-01-01T18:49:49, 2020-01-01T18:50:13, 2020-01-01T18:50:24, 2020-01-01T19:00:04, 2020-01-01T19:00:53, 2020-01-01T19:01:30, 2020-01-01T19:01:33, 2020-01-01T19:01:45, 2020-01-01T19:08:53, 2020-01-01T19:10:57, 2020-01-01T19:14:11, 2020-01-01T19:20:47, 2020-01-01T19:26:31, 2020-01-01T19:33:53, 2020-01-01T19:45:39, 2020-01-01T19:57:53, 2020-01-01T20:08:10, 2020-01-01T20:14:34, 2020-01-01T20:20:50, 2020-01-01T20:22:50, 2020-01-01T20:26:22, 2020-01-01T20:29:37, 2020-01-01T20:29:47, 2020-01-01T20:32:21, 2020-01-01T20:38:45, 2020-01-01T20:44:34, 2020-01-01T20:47:14, 2020-01-01T20:47:17, 2020-01-01T20:47:23, 2020-01-01T20:47:27, 2020-01-01T20:50:30, 2020-01-01T20:52:30, 2020-01-01T20:58:31, 2020-01-01T21:00:04, 2020-01-01T21:00:53, 2020-01-01T21:05:12, 2020-01-01T21:11:41, 2020-01-01T21:14:00, 2020-01-01T21:14:39, 2020-01-01T21:14:49, 2020-01-01T21:14:55, 2020-01-01T21:15:35, 2020-01-01T21:15:47, 2020-01-01T21:16:11, 2020-01-01T21:16:22, 2020-01-01T21:16:25, 2020-01-01T21:17:46, 2020-01-01T21:24:22, 2020-01-01T21:29:07, 2020-01-01T21:29:57, 2020-01-01T21:30:28, 2020-01-01T21:36:14, 2020-01-01T21:42:38, 2020-01-01T21:45:34, 2020-01-01T21:45:43, 2020-01-01T21:49:56, 2020-01-01T21:51:58, 2020-01-01T22:01:12, 2020-01-01T22:07:13, 2020-01-01T22:50:01" }, "geometry": { "type": "LineString", "coordinates": [ [ -99.145175, 19.466293 ], [ -99.145236, 19.466101 ], [ -99.145171, 19.466275 ], [ -99.145215, 19.466231 ], [ -99.145245, 19.466211 ], [ -99.145233, 19.466293 ], [ -99.145191, 19.466328 ], [ -99.145221, 19.466475 ], [ -99.145183, 19.466237 ], [ -99.14519, 19.46624 ], [ -99.145177, 19.466234 ], [ -99.145177, 19.466234 ], [ -99.14517, 19.466294 ], [ -99.145664, 19.466523 ], [ -99.144929, 19.466513 ], [ -99.145664, 19.466523 ], [ -99.144037, 19.46773 ], [ -99.144054, 19.467551 ], [ -99.14405, 19.467661 ], [ -99.143921, 19.467359 ], [ -99.143921, 19.467359 ], [ -99.073603, 19.522424 ], [ -99.0736, 19.522401 ], [ -99.0736, 19.522401 ], [ -99.07361, 19.5224 ], [ -99.073592, 19.522392 ], [ -99.0736, 19.52239 ], [ -99.073592, 19.522392 ], [ -99.073592, 19.522392 ], [ -99.0736, 19.52239 ], [ -99.073595, 19.522422 ], [ -99.073592, 19.522392 ], [ -99.073601, 19.522391 ], [ -99.073609, 19.522405 ], [ -99.073595, 19.522401 ], [ -99.073607, 19.522404 ], [ -99.073596, 19.522383 ], [ -99.073603, 19.522424 ], [ -99.073579, 19.522379 ], [ -99.073602, 19.522421 ], [ -99.073604, 19.522316 ], [ -99.073599, 19.522361 ], [ -99.073598, 19.5224 ], [ -99.0736, 19.52235 ], [ -99.073599, 19.522361 ], [ -99.073573, 19.522391 ], [ -99.073575, 19.522392 ], [ -99.073595, 19.522395 ], [ -99.0736, 19.52239 ], [ -99.073595, 19.522395 ], [ -99.073595, 19.522395 ], [ -99.0736, 19.52239 ], [ -99.073598, 19.522389 ], [ -99.0736, 19.522395 ], [ -99.0736, 19.522393 ], [ -99.07361, 19.52238 ], [ -99.073604, 19.522371 ], [ -99.073601, 19.522404 ], [ -99.073595, 19.522381 ], [ -99.073596, 19.522383 ], [ -99.073596, 19.522383 ], [ -99.0736, 19.52237 ], [ -99.073597, 19.522372 ], [ -99.073596, 19.522383 ], [ -99.073596, 19.522383 ], [ -99.0736, 19.52237 ], [ -99.073596, 19.522383 ], [ -99.073596, 19.522383 ], [ -99.073592, 19.522392 ], [ -99.0736, 19.522391 ], [ -99.073571, 19.522388 ], [ -99.07359, 19.52237 ], [ -99.073595, 19.522381 ], [ -99.073596, 19.522424 ], [ -99.073595, 19.522424 ], [ -99.0736, 19.52241 ], [ -99.073595, 19.522424 ], [ -99.073609, 19.522403 ], [ -99.073607, 19.522404 ], [ -99.073597, 19.522382 ], [ -99.081808, 19.525448 ], [ -99.096482, 19.544605 ] ] } },
{ "type": "Feature", "properties": { "device_id": "2152ca889f079be8f0c4b5d24c17943637a4bfda0f6b1e695fd57d11340f31c1", "timestamps": "2020-01-01T06:09:01, 2020-01-01T06:09:52, 2020-01-01T06:10:05, 2020-01-01T06:13:17, 2020-01-01T06:13:27, 2020-01-01T06:21:28, 2020-01-01T06:22:11, 2020-01-01T06:22:22, 2020-01-01T06:27:37, 2020-01-01T06:27:47, 2020-01-01T06:40:12, 2020-01-01T06:40:21, 2020-01-01T06:51:36, 2020-01-01T06:51:46, 2020-01-01T06:53:04, 2020-01-01T06:53:35, 2020-01-01T06:53:40, 2020-01-01T06:57:04, 2020-01-01T06:57:53, 2020-01-01T07:02:04, 2020-01-01T07:06:35, 2020-01-01T07:06:40, 2020-01-01T07:18:09, 2020-01-01T07:18:59, 2020-01-01T07:32:15, 2020-01-01T07:32:20, 2020-01-01T07:50:09, 2020-01-01T07:50:59, 2020-01-01T08:08:17, 2020-01-01T08:08:27, 2020-01-01T08:08:44, 2020-01-01T08:13:31, 2020-01-01T08:13:42, 2020-01-01T08:38:38, 2020-01-01T08:38:48, 2020-01-01T09:23:10, 2020-01-01T09:23:25, 2020-01-01T09:27:35, 2020-01-01T09:27:40, 2020-01-01T09:40:12, 2020-01-01T09:40:21, 2020-01-01T09:42:24, 2020-01-01T09:45:11, 2020-01-01T09:45:22, 2020-01-01T09:53:01, 2020-01-01T09:53:52, 2020-01-01T10:15:15, 2020-01-01T10:15:20" }, "geometry": { "type": "LineString", "coordinates": [ [ -99.034909, 19.59309 ], [ -99.034903, 19.593093 ], [ -99.034909, 19.59309 ], [ -99.034909, 19.5931 ], [ -99.034908, 19.593106 ], [ -99.034909, 19.59309 ], [ -99.034909, 19.59309 ], [ -99.034907, 19.593099 ], [ -99.034905, 19.593103 ], [ -99.034909, 19.5931 ], [ -99.034909, 19.59309 ], [ -99.034905, 19.593096 ], [ -99.034903, 19.593093 ], [ -99.034909, 19.59309 ], [ -99.034909, 19.59309 ], [ -99.034899, 19.593119 ], [ -99.034891, 19.593111 ], [ -99.034903, 19.593093 ], [ -99.034909, 19.59309 ], [ -99.034904, 19.593094 ], [ -99.034909, 19.59309 ], [ -99.034903, 19.593093 ], [ -99.034909, 19.59309 ], [ -99.034903, 19.593093 ], [ -99.034909, 19.59309 ], [ -99.034907, 19.593095 ], [ -99.034909, 19.59309 ], [ -99.03492, 19.593091 ], [ -99.034899, 19.5931 ], [ -99.034895, 19.593108 ], [ -99.034899, 19.5931 ], [ -99.034909, 19.59309 ], [ -99.034903, 19.593093 ], [ -99.034909, 19.59309 ], [ -99.034903, 19.593093 ], [ -99.037456, 19.59459 ], [ -99.037469, 19.59459 ], [ -99.039649, 19.59129 ], [ -99.039638, 19.591293 ], [ -99.1007, 19.516559 ], [ -99.1007, 19.516555 ], [ -99.10071, 19.516559 ], [ -99.100665, 19.516561 ], [ -99.10066, 19.516549 ], [ -99.143792, 19.466999 ], [ -99.143799, 19.466989 ], [ -99.279734, 19.36385 ], [ -99.27975, 19.363859 ] ] } },
{ "type": "Feature", "properties": { "device_id": "5bdbdd0ca89e298670869afeda5e111621a6391035c5ff7c21e15991fa50545a", "timestamps": "2020-01-01T06:00:00, 2020-01-01T06:00:08, 2020-01-01T06:00:55, 2020-01-01T06:00:58, 2020-01-01T06:33:34, 2020-01-01T06:33:43, 2020-01-01T06:38:04, 2020-01-01T06:38:53, 2020-01-01T06:39:30, 2020-01-01T06:39:33, 2020-01-01T06:39:44, 2020-01-01T06:39:45, 2020-01-01T07:22:08, 2020-01-01T07:22:31, 2020-01-01T07:22:42, 2020-01-01T07:22:58, 2020-01-01T07:24:05, 2020-01-01T07:24:13, 2020-01-01T07:24:24, 2020-01-01T07:24:50, 2020-01-01T07:26:10, 2020-01-01T07:26:19, 2020-01-01T07:26:25, 2020-01-01T07:26:29, 2020-01-01T07:27:30, 2020-01-01T07:27:45, 2020-01-01T08:01:08, 2020-01-01T08:01:18, 2020-01-01T08:01:28, 2020-01-01T08:01:58, 2020-01-01T08:02:15, 2020-01-01T08:02:20, 2020-01-01T14:39:34, 2020-01-01T14:39:43, 2020-01-01T14:41:05, 2020-01-01T14:41:50, 2020-01-01T14:43:02, 2020-01-01T14:43:16, 2020-01-01T14:43:26, 2020-01-01T14:43:39, 2020-01-01T14:43:49, 2020-01-01T14:43:51, 2020-01-01T15:33:09, 2020-01-01T15:33:36, 2020-01-01T15:33:46, 2020-01-01T15:33:59, 2020-01-01T15:46:00, 2020-01-01T15:46:07, 2020-01-01T15:46:55, 2020-01-01T15:46:57, 2020-01-01T16:03:36, 2020-01-01T16:03:46, 2020-01-01T17:52:19, 2020-01-01T17:52:29, 2020-01-01T17:53:33, 2020-01-01T17:53:44, 2020-01-01T18:05:03, 2020-01-01T18:05:35, 2020-01-01T18:05:40, 2020-01-01T18:05:54, 2020-01-01T18:15:15, 2020-01-01T18:15:20, 2020-01-01T18:15:31, 2020-01-01T18:15:42, 2020-01-01T18:33:01, 2020-01-01T18:33:16, 2020-01-01T18:33:26, 2020-01-01T18:33:52, 2020-01-01T18:40:32, 2020-01-01T18:40:41, 2020-01-01T18:41:31, 2020-01-01T18:41:42, 2020-01-01T18:45:07, 2020-01-01T18:45:57, 2020-01-01T19:09:04, 2020-01-01T19:09:09, 2020-01-01T19:09:53, 2020-01-01T19:09:59, 2020-01-01T19:17:19, 2020-01-01T19:17:29, 2020-01-01T19:20:04, 2020-01-01T19:20:35, 2020-01-01T19:20:40, 2020-01-01T19:20:53, 2020-01-01T19:27:10, 2020-01-01T19:27:25, 2020-01-01T19:27:36, 2020-01-01T19:27:46, 2020-01-01T19:33:11, 2020-01-01T19:33:18, 2020-01-01T19:33:22, 2020-01-01T19:33:28, 2020-01-01T19:35:12, 2020-01-01T19:35:21, 2020-01-01T19:35:33, 2020-01-01T19:35:44, 2020-01-01T19:37:15, 2020-01-01T19:37:20, 2020-01-01T19:41:36, 2020-01-01T19:41:46, 2020-01-01T19:44:05, 2020-01-01T19:44:09, 2020-01-01T19:44:50, 2020-01-01T19:44:59, 2020-01-01T20:21:02, 2020-01-01T20:21:17, 2020-01-01T20:21:27, 2020-01-01T20:21:51, 2020-01-01T20:31:36, 2020-01-01T20:31:46, 2020-01-01T20:44:15, 2020-01-01T20:44:20, 2020-01-01T20:44:34, 2020-01-01T20:44:43, 2020-01-01T20:57:00, 2020-01-01T20:57:33, 2020-01-01T20:57:44, 2020-01-01T20:57:55, 2020-01-01T21:15:05, 2020-01-01T21:15:15, 2020-01-01T21:15:20, 2020-01-01T21:15:50, 2020-01-01T21:25:02, 2020-01-01T21:25:10, 2020-01-01T21:25:25, 2020-01-01T21:25:51, 2020-01-01T21:31:14, 2020-01-01T21:31:15, 2020-01-01T21:31:20, 2020-01-01T21:31:23, 2020-01-01T22:27:07, 2020-01-01T22:27:11, 2020-01-01T22:27:22, 2020-01-01T22:27:57, 2020-01-01T23:14:01, 2020-01-01T23:14:17, 2020-01-01T23:14:27, 2020-01-01T23:14:52, 2020-01-01T23:25:13, 2020-01-01T23:25:24, 2020-01-01T23:25:35, 2020-01-01T23:25:40, 2020-01-01T23:39:07, 2020-01-01T23:39:15, 2020-01-01T23:39:20, 2020-01-01T23:39:57, 2020-01-01T23:43:14, 2020-01-01T23:43:23" }, "geometry": { "type": "LineString", "coordinates": [ [ -99.1319, 19.45961 ], [ -99.131894, 19.459598 ], [ -99.131894, 19.459621 ], [ -99.1319, 19.45958 ], [ -99.13289, 19.46015 ], [ -99.13289, 19.460156 ], [ -99.13284, 19.4602 ], [ -99.132844, 19.460207 ], [ -99.13282, 19.4602 ], [ -99.132887, 19.460209 ], [ -99.13288, 19.4602 ], [ -99.132829, 19.460207 ], [ -99.133187, 19.460067 ], [ -99.133085, 19.459953 ], [ -99.13308, 19.45996 ], [ -99.13318, 19.46004 ], [ -99.133157, 19.460103 ], [ -99.13317, 19.46009 ], [ -99.133153, 19.460096 ], [ -99.13317, 19.4601 ], [ -99.133142, 19.460065 ], [ -99.13319, 19.46005 ], [ -99.13314, 19.46005 ], [ -99.133175, 19.460056 ], [ -99.133157, 19.460103 ], [ -99.13317, 19.4601 ], [ -99.13193, 19.45969 ], [ -99.131946, 19.459708 ], [ -99.13194, 19.4597 ], [ -99.131912, 19.459696 ], [ -99.131894, 19.459598 ], [ -99.1319, 19.45958 ], [ -99.131877, 19.459555 ], [ -99.13189, 19.45956 ], [ -99.1319, 19.45958 ], [ -99.131894, 19.459598 ], [ -99.13184, 19.45961 ], [ -99.131877, 19.459555 ], [ -99.13189, 19.45956 ], [ -99.1319, 19.45961 ], [ -99.131893, 19.459626 ], [ -99.131846, 19.459624 ], [ -99.1319, 19.45961 ], [ -99.131856, 19.459506 ], [ -99.13187, 19.4595 ], [ -99.131899, 19.459626 ], [ -99.13184, 19.45961 ], [ -99.13187, 19.4595 ], [ -99.131846, 19.459624 ], [ -99.131856, 19.459506 ], [ -99.13184, 19.45961 ], [ -99.131846, 19.459624 ], [ -99.14501, 19.46561 ], [ -99.145004, 19.465623 ], [ -99.144839, 19.465546 ], [ -99.14485, 19.46553 ], [ -99.145716, 19.46575 ], [ -99.144839, 19.465546 ], [ -99.14485, 19.46553 ], [ -99.14573, 19.46576 ], [ -99.14553, 19.46577 ], [ -99.145511, 19.465776 ], [ -99.14486, 19.46559 ], [ -99.144869, 19.465598 ], [ -99.144574, 19.465378 ], [ -99.145494, 19.465902 ], [ -99.145493, 19.465901 ], [ -99.14459, 19.46538 ], [ -99.14573, 19.46557 ], [ -99.145713, 19.465588 ], [ -99.14255, 19.46489 ], [ -99.142533, 19.464891 ], [ -99.13894, 19.46572 ], [ -99.138947, 19.465718 ], [ -99.144614, 19.464343 ], [ -99.14478, 19.46421 ], [ -99.14463, 19.46433 ], [ -99.144785, 19.464223 ], [ -99.13468, 19.46135 ], [ -99.134685, 19.461354 ], [ -99.131876, 19.45967 ], [ -99.1319, 19.45965 ], [ -99.131896, 19.459668 ], [ -99.13189, 19.45967 ], [ -99.13188, 19.45948 ], [ -99.131881, 19.459471 ], [ -99.13191, 19.45964 ], [ -99.13192, 19.459637 ], [ -99.13293, 19.46018 ], [ -99.132919, 19.460262 ], [ -99.132916, 19.460178 ], [ -99.13293, 19.46025 ], [ -99.13291, 19.46017 ], [ -99.132906, 19.460186 ], [ -99.13293, 19.46025 ], [ -99.132919, 19.460262 ], [ -99.13297, 19.46026 ], [ -99.132952, 19.460254 ], [ -99.132939, 19.460234 ], [ -99.13295, 19.46024 ], [ -99.132939, 19.460234 ], [ -99.132906, 19.460186 ], [ -99.13295, 19.46024 ], [ -99.13291, 19.46017 ], [ -99.1319, 19.45966 ], [ -99.131877, 19.459555 ], [ -99.13189, 19.45956 ], [ -99.131896, 19.45965 ], [ -99.13189, 19.45958 ], [ -99.131879, 19.459575 ], [ -99.13188, 19.45948 ], [ -99.131881, 19.459471 ], [ -99.1319, 19.45962 ], [ -99.131899, 19.459613 ], [ -99.131893, 19.459609 ], [ -99.13188, 19.45948 ], [ -99.131881, 19.459471 ], [ -99.1319, 19.45959 ], [ -99.13189, 19.45956 ], [ -99.131921, 19.459636 ], [ -99.13192, 19.45964 ], [ -99.131877, 19.459555 ], [ -99.131876, 19.45967 ], [ -99.13191, 19.45964 ], [ -99.131908, 19.459637 ], [ -99.13189, 19.45967 ], [ -99.13191, 19.45966 ], [ -99.13189, 19.45956 ], [ -99.131877, 19.459555 ], [ -99.131909, 19.459652 ], [ -99.131901, 19.459625 ], [ -99.13189, 19.45956 ], [ -99.131877, 19.459555 ], [ -99.13191, 19.45961 ], [ -99.13184, 19.45962 ], [ -99.131895, 19.459631 ], [ -99.1319, 19.45964 ], [ -99.131849, 19.459613 ], [ -99.13194, 19.45964 ], [ -99.131942, 19.459635 ], [ -99.131876, 19.45967 ], [ -99.13189, 19.45967 ], [ -99.131903, 19.459616 ], [ -99.131876, 19.45967 ], [ -99.13189, 19.45967 ], [ -99.13191, 19.45962 ], [ -99.132186, 19.459574 ], [ -99.13218, 19.45958 ] ] } },
{ "type": "Feature", "properties": { "device_id": "d94f6794dcbde624f35e9243637873957fec93a90d4eaf05da3852a3cf8e06f6", "timestamps": "2020-01-01T06:04:26, 2020-01-01T06:11:05, 2020-01-01T06:17:05, 2020-01-01T06:26:20, 2020-01-01T06:32:20, 2020-01-01T06:38:06, 2020-01-01T06:45:16, 2020-01-01T06:52:26, 2020-01-01T06:59:26, 2020-01-01T07:06:52, 2020-01-01T07:12:36, 2020-01-01T07:19:50, 2020-01-01T07:25:52, 2020-01-01T07:31:07, 2020-01-01T07:32:51, 2020-01-01T07:34:23, 2020-01-01T07:42:12, 2020-01-01T07:48:11, 2020-01-01T07:54:11, 2020-01-01T08:02:35, 2020-01-01T08:08:35, 2020-01-01T08:19:36, 2020-01-01T08:25:36, 2020-01-01T08:31:36, 2020-01-01T08:38:57, 2020-01-01T08:44:46, 2020-01-01T08:52:48, 2020-01-01T08:59:23, 2020-01-01T09:06:52, 2020-01-01T09:19:26, 2020-01-01T09:27:04, 2020-01-01T09:34:28, 2020-01-01T10:26:17, 2020-01-01T16:33:30, 2020-01-01T16:33:36, 2020-01-01T16:33:48, 2020-01-01T16:39:02, 2020-01-01T16:39:04, 2020-01-01T16:41:05, 2020-01-01T16:45:05, 2020-01-01T16:47:05, 2020-01-01T16:51:05, 2020-01-01T16:57:05, 2020-01-01T17:04:53, 2020-01-01T17:10:50, 2020-01-01T17:18:24, 2020-01-01T17:32:21, 2020-01-01T17:38:24, 2020-01-01T17:44:23, 2020-01-01T17:50:20, 2020-01-01T17:56:26, 2020-01-01T18:02:27, 2020-01-01T18:08:28, 2020-01-01T18:14:15, 2020-01-01T18:20:12, 2020-01-01T18:32:45, 2020-01-01T18:39:54, 2020-01-01T18:45:21, 2020-01-01T18:53:16, 2020-01-01T19:18:18, 2020-01-01T19:24:46, 2020-01-01T19:37:52, 2020-01-01T19:39:06, 2020-01-01T19:46:24, 2020-01-01T19:52:36, 2020-01-01T19:58:42, 2020-01-01T20:04:03, 2020-01-01T20:06:08, 2020-01-01T20:10:08, 2020-01-01T20:17:25, 2020-01-01T20:23:25, 2020-01-01T20:29:18, 2020-01-01T20:35:18, 2020-01-01T20:43:18, 2020-01-01T20:50:16, 2020-01-01T20:57:21, 2020-01-01T21:04:17, 2020-01-01T21:10:17, 2020-01-01T21:14:52, 2020-01-01T21:20:14, 2020-01-01T21:31:19, 2020-01-01T21:38:36, 2020-01-01T22:13:23, 2020-01-01T22:18:20, 2020-01-01T22:23:39, 2020-01-01T22:29:05, 2020-01-01T22:34:01, 2020-01-01T22:40:01, 2020-01-01T22:46:01, 2020-01-01T22:52:04, 2020-01-01T22:58:04, 2020-01-01T23:04:04, 2020-01-01T23:08:08, 2020-01-01T23:11:24, 2020-01-01T23:16:34, 2020-01-01T23:18:04, 2020-01-01T23:20:09, 2020-01-01T23:23:47, 2020-01-01T23:28:07, 2020-01-01T23:35:18, 2020-01-01T23:48:50, 2020-01-01T23:53:07, 2020-01-01T23:54:37, 2020-01-01T23:59:53" }, "geometry": { "type": "LineString", "coordinates": [ [ -98.857887, 19.309107 ], [ -98.857887, 19.309107 ], [ -98.857887, 19.309107 ], [ -98.857921, 19.309181 ], [ -98.857921, 19.309181 ], [ -98.857921, 19.309181 ], [ -98.857921, 19.309181 ], [ -98.857921, 19.309181 ], [ -98.857921, 19.309181 ], [ -98.857921, 19.309181 ], [ -98.857921, 19.309181 ], [ -98.857921, 19.309181 ], [ -98.857921, 19.309181 ], [ -98.857921, 19.309181 ], [ -98.857921, 19.309181 ], [ -98.857921, 19.309181 ], [ -98.857921, 19.309181 ], [ -98.857921, 19.309181 ], [ -98.857921, 19.309181 ], [ -98.857893, 19.309177 ], [ -98.857893, 19.309177 ], [ -98.857898, 19.309199 ], [ -98.857898, 19.309199 ], [ -98.857898, 19.309199 ], [ -98.857898, 19.309199 ], [ -98.857898, 19.309199 ], [ -98.857898, 19.309199 ], [ -98.857898, 19.309199 ], [ -98.857898, 19.309199 ], [ -98.857898, 19.309199 ], [ -98.857898, 19.309199 ], [ -98.857898, 19.309199 ], [ -98.857973, 19.308957 ], [ -98.857973, 19.308957 ], [ -98.857973, 19.308957 ], [ -98.857973, 19.308957 ], [ -98.857973, 19.308957 ], [ -98.857973, 19.308957 ], [ -98.857973, 19.308957 ], [ -98.857973, 19.308957 ], [ -98.857973, 19.308957 ], [ -98.857973, 19.308957 ], [ -98.857973, 19.308957 ], [ -98.857973, 19.308957 ], [ -98.857973, 19.308957 ], [ -98.857916, 19.309181 ], [ -98.857916, 19.309181 ], [ -98.857916, 19.309181 ], [ -98.857916, 19.309181 ], [ -98.857916, 19.309181 ], [ -98.857916, 19.309181 ], [ -98.857916, 19.309181 ], [ -98.857916, 19.309181 ], [ -98.857916, 19.309181 ], [ -98.857916, 19.309181 ], [ -98.857966, 19.309187 ], [ -98.858745, 19.308567 ], [ -98.86152, 19.296562 ], [ -98.901583, 19.292422 ], [ -99.092016, 19.419779 ], [ -99.096148, 19.451506 ], [ -99.144623, 19.46839 ], [ -99.144656, 19.468273 ], [ -99.145854, 19.46656 ], [ -99.144555, 19.465191 ], [ -99.144363, 19.465692 ], [ -99.144737, 19.465322 ], [ -99.144968, 19.465061 ], [ -99.144748, 19.46516 ], [ -99.144734, 19.464315 ], [ -99.144734, 19.464315 ], [ -99.144734, 19.464315 ], [ -99.144734, 19.464315 ], [ -99.144734, 19.464315 ], [ -99.14484, 19.465082 ], [ -99.14484, 19.465082 ], [ -99.14484, 19.465082 ], [ -99.14484, 19.465082 ], [ -99.144823, 19.465167 ], [ -99.144823, 19.465167 ], [ -99.144842, 19.465122 ], [ -99.144842, 19.465122 ], [ -99.144698, 19.465153 ], [ -99.144823, 19.465167 ], [ -99.144698, 19.465153 ], [ -99.144698, 19.465153 ], [ -99.144698, 19.465153 ], [ -99.144698, 19.465153 ], [ -99.144698, 19.465153 ], [ -99.144748, 19.46516 ], [ -99.144748, 19.46516 ], [ -99.144748, 19.46516 ], [ -99.144555, 19.465191 ], [ -99.144748, 19.46516 ], [ -99.144968, 19.465061 ], [ -99.145541, 19.464103 ], [ -99.145541, 19.464103 ], [ -99.145541, 19.464103 ], [ -99.144748, 19.46516 ], [ -99.144792, 19.465098 ], [ -99.144748, 19.46516 ], [ -99.144498, 19.464979 ], [ -99.144575, 19.465022 ], [ -99.144518, 19.465058 ] ] } },
{ "type": "Feature", "properties": { "device_id": "22d75ce91c92bd9be7532ef5a20c83e0c33c3cf6861294debbd8dcfe65c226f5", "timestamps": "2020-01-01T07:40:30, 2020-01-01T07:41:21, 2020-01-01T08:20:28, 2020-01-01T08:20:37, 2020-01-01T11:26:28, 2020-01-01T11:26:30, 2020-01-01T11:26:49, 2020-01-01T11:42:54, 2020-01-01T11:42:55, 2020-01-01T11:42:56, 2020-01-01T11:43:38, 2020-01-01T11:43:40, 2020-01-01T15:53:17, 2020-01-01T20:52:16, 2020-01-01T20:53:54, 2020-01-01T21:54:38, 2020-01-01T21:54:40, 2020-01-01T22:09:49, 2020-01-01T22:09:53, 2020-01-01T22:17:54, 2020-01-01T22:18:36, 2020-01-01T22:20:15, 2020-01-01T22:20:18, 2020-01-01T22:20:49, 2020-01-01T22:20:51, 2020-01-01T22:23:19, 2020-01-01T22:23:21, 2020-01-01T22:45:09, 2020-01-01T22:45:11, 2020-01-01T23:43:16, 2020-01-01T23:43:18" }, "geometry": { "type": "LineString", "coordinates": [ [ -99.1444, 19.465479 ], [ -99.1444, 19.465479 ], [ -99.15963, 19.44884 ], [ -99.15963, 19.44884 ], [ -99.159279, 19.46064 ], [ -99.159279, 19.46064 ], [ -99.159279, 19.46064 ], [ -99.14752, 19.464919 ], [ -99.14752, 19.464919 ], [ -99.14752, 19.464919 ], [ -99.14752, 19.464919 ], [ -99.14752, 19.464919 ], [ -99.15963, 19.44884 ], [ -99.0794, 19.384 ], [ -99.076639, 19.38193 ], [ -99.03407, 19.371009 ], [ -99.034064, 19.371019 ], [ -99.0597, 19.3441 ], [ -99.0597, 19.3441 ], [ -99.03407, 19.371009 ], [ -99.034064, 19.371019 ], [ -99.034064, 19.371019 ], [ -99.034064, 19.371019 ], [ -99.034064, 19.371019 ], [ -99.034064, 19.371019 ], [ -99.03897, 19.367608 ], [ -99.03897, 19.367608 ], [ -99.030333, 19.383507 ], [ -99.030333, 19.383507 ], [ -99.15952, 19.448831 ], [ -99.15952, 19.448831 ] ] } },
{ "type": "Feature", "properties": { "device_id": "0919992cb79704556202580d090bae145e105f8797d1e223f8c251fcd480d08f", "timestamps": "2020-01-01T06:14:25, 2020-01-01T06:15:37, 2020-01-01T07:39:40, 2020-01-01T08:51:25, 2020-01-01T09:58:01, 2020-01-01T11:10:00, 2020-01-01T12:17:30, 2020-01-01T13:32:51, 2020-01-01T14:43:09, 2020-01-01T15:51:32, 2020-01-01T16:58:35" }, "geometry": { "type": "LineString", "coordinates": [ [ -99.04975, 19.352071 ], [ -99.049759, 19.352076 ], [ -99.04963, 19.350931 ], [ -99.049632, 19.351877 ], [ -99.049681, 19.351844 ], [ -99.049611, 19.35187 ], [ -99.145402, 19.466146 ], [ -99.145476, 19.466092 ], [ -99.145184, 19.466244 ], [ -99.145198, 19.46622 ], [ -99.145391, 19.466111 ] ] } },
{ "type": "Feature", "properties": { "device_id": "bce38b1a4b1868666a4ed858f4e0369d39efd3dced029707409bfe976e941469", "timestamps": "2020-01-01T06:12:47, 2020-01-01T06:22:34, 2020-01-01T06:33:29, 2020-01-01T06:41:24, 2020-01-01T06:41:32, 2020-01-01T07:13:51, 2020-01-01T07:49:46, 2020-01-01T07:57:19, 2020-01-01T08:07:29, 2020-01-01T08:11:52, 2020-01-01T08:21:54, 2020-01-01T08:31:49, 2020-01-01T09:01:35, 2020-01-01T10:00:51, 2020-01-01T10:30:15, 2020-01-01T10:37:44, 2020-01-01T10:50:14, 2020-01-01T10:53:59, 2020-01-01T11:24:32, 2020-01-01T11:55:26, 2020-01-01T12:18:41, 2020-01-01T13:17:38, 2020-01-01T15:10:57, 2020-01-01T15:19:12, 2020-01-01T16:42:08, 2020-01-01T17:22:48, 2020-01-01T17:25:04, 2020-01-01T17:36:14, 2020-01-01T17:43:08, 2020-01-01T17:51:54, 2020-01-01T17:58:22, 2020-01-01T18:07:17, 2020-01-01T18:15:25, 2020-01-01T18:22:32, 2020-01-01T18:30:44, 2020-01-01T18:45:55, 2020-01-01T18:45:56, 2020-01-01T19:01:22, 2020-01-01T19:09:54, 2020-01-01T19:17:23, 2020-01-01T19:27:14, 2020-01-01T19:37:28, 2020-01-01T19:43:03, 2020-01-01T20:00:52, 2020-01-01T20:31:19, 2020-01-01T20:47:33, 2020-01-01T20:56:14, 2020-01-01T21:17:43, 2020-01-01T21:33:21, 2020-01-01T21:48:28, 2020-01-01T21:53:12, 2020-01-01T22:01:04, 2020-01-01T22:09:21, 2020-01-01T22:20:59, 2020-01-01T22:27:20, 2020-01-01T22:34:18, 2020-01-01T22:56:21, 2020-01-01T23:04:25, 2020-01-01T23:11:28, 2020-01-01T23:17:13, 2020-01-01T23:28:33, 2020-01-01T23:36:28, 2020-01-01T23:47:29, 2020-01-01T23:58:24" }, "geometry": { "type": "LineString", "coordinates": [ [ -99.143856, 19.450863 ], [ -99.143853, 19.450858 ], [ -99.143894, 19.450892 ], [ -99.143903, 19.450887 ], [ -99.143894, 19.450891 ], [ -99.143873, 19.450874 ], [ -99.143897, 19.450874 ], [ -99.143884, 19.450851 ], [ -99.143901, 19.450861 ], [ -99.143894, 19.450893 ], [ -99.143878, 19.450879 ], [ -99.143893, 19.450924 ], [ -99.143901, 19.450852 ], [ -99.143882, 19.450852 ], [ -99.143874, 19.450842 ], [ -99.143879, 19.450843 ], [ -99.143895, 19.450892 ], [ -99.143878, 19.450926 ], [ -99.143888, 19.450848 ], [ -99.143879, 19.450863 ], [ -99.143876, 19.45085 ], [ -99.143876, 19.450861 ], [ -99.143879, 19.450852 ], [ -99.143846, 19.45122 ], [ -99.143879, 19.45084 ], [ -99.14399, 19.450944 ], [ -99.143873, 19.450832 ], [ -99.143876, 19.450831 ], [ -99.143945, 19.450919 ], [ -99.143908, 19.450924 ], [ -99.143908, 19.450925 ], [ -99.143891, 19.45088 ], [ -99.14391, 19.450921 ], [ -99.143875, 19.450925 ], [ -99.143877, 19.450924 ], [ -99.143835, 19.45082 ], [ -99.143835, 19.45082 ], [ -99.152047, 19.48957 ], [ -99.165514, 19.522893 ], [ -99.14539, 19.466058 ], [ -99.199012, 19.600889 ], [ -99.199015, 19.600872 ], [ -99.199012, 19.600887 ], [ -99.199571, 19.600692 ], [ -99.200125, 19.600963 ], [ -99.199701, 19.600915 ], [ -99.199684, 19.600901 ], [ -99.200938, 19.601909 ], [ -99.200907, 19.601864 ], [ -99.200906, 19.60185 ], [ -99.200293, 19.601626 ], [ -99.199792, 19.600897 ], [ -99.199474, 19.601413 ], [ -99.181649, 19.535442 ], [ -99.170685, 19.522647 ], [ -99.168137, 19.526665 ], [ -99.125224, 19.487788 ], [ -99.132705, 19.493649 ], [ -99.132791, 19.49374 ], [ -99.132694, 19.493897 ], [ -99.132794, 19.493772 ], [ -99.132706, 19.493768 ], [ -99.132638, 19.49381 ], [ -99.132741, 19.493745 ] ] } },
{ "type": "Feature", "properties": { "device_id": "fb6fe7a8c78b83385f9cf8618c85de79a6a367481f8e77a23a4ce8fe0fafbcb0", "timestamps": "2020-01-01T08:33:11, 2020-01-01T08:34:31, 2020-01-01T23:27:16, 2020-01-01T23:27:18, 2020-01-01T23:28:37, 2020-01-01T23:28:38, 2020-01-01T23:28:39, 2020-01-01T23:28:41, 2020-01-01T23:56:39, 2020-01-01T23:56:50, 2020-01-01T23:57:13" }, "geometry": { "type": "LineString", "coordinates": [ [ -99.02903, 19.60116 ], [ -99.029026, 19.601163 ], [ -99.14435, 19.46547 ], [ -99.14435, 19.46547 ], [ -99.14435, 19.46547 ], [ -99.14435, 19.46547 ], [ -99.14435, 19.46547 ], [ -99.14435, 19.46547 ], [ -99.14435, 19.46547 ], [ -99.14435, 19.46547 ], [ -99.14435, 19.46547 ] ] } },
{ "type": "Feature", "properties": { "device_id": "f1986d8b58fef482a99e716baeafabad4dc868cf8c972cea6acb92b9c6f037e1", "timestamps": "2020-01-01T06:01:15, 2020-01-01T06:01:20, 2020-01-01T06:06:03, 2020-01-01T06:06:54, 2020-01-01T06:07:04, 2020-01-01T06:07:53, 2020-01-01T06:10:30, 2020-01-01T06:10:45, 2020-01-01T06:12:17, 2020-01-01T06:12:27, 2020-01-01T06:17:09, 2020-01-01T06:17:25, 2020-01-01T06:17:59, 2020-01-01T06:22:00, 2020-01-01T06:22:14, 2020-01-01T06:22:23, 2020-01-01T06:22:55, 2020-01-01T06:34:30, 2020-01-01T06:34:45, 2020-01-01T06:55:34, 2020-01-01T06:55:43, 2020-01-01T07:00:16, 2020-01-01T07:00:26, 2020-01-01T07:05:04, 2020-01-01T07:05:53, 2020-01-01T07:11:11, 2020-01-01T07:11:22, 2020-01-01T07:16:19, 2020-01-01T07:16:29, 2020-01-01T07:21:11, 2020-01-01T07:21:22, 2020-01-01T07:21:32, 2020-01-01T07:21:41, 2020-01-01T07:26:33, 2020-01-01T07:26:44, 2020-01-01T07:31:02, 2020-01-01T07:31:13, 2020-01-01T07:31:24, 2020-01-01T07:31:51, 2020-01-01T07:36:00, 2020-01-01T07:36:55, 2020-01-01T07:41:14, 2020-01-01T07:41:23, 2020-01-01T07:46:10, 2020-01-01T07:46:25, 2020-01-01T07:51:01, 2020-01-01T07:51:52, 2020-01-01T07:56:16, 2020-01-01T07:56:26, 2020-01-01T08:02:16, 2020-01-01T08:02:26, 2020-01-01T08:07:07, 2020-01-01T08:07:57, 2020-01-01T08:12:03, 2020-01-01T08:12:54, 2020-01-01T08:14:14, 2020-01-01T08:14:23, 2020-01-01T08:17:18, 2020-01-01T08:17:28, 2020-01-01T08:21:10, 2020-01-01T08:21:25, 2020-01-01T08:22:31, 2020-01-01T08:22:42, 2020-01-01T08:27:34, 2020-01-01T08:27:43, 2020-01-01T08:32:10, 2020-01-01T08:32:25, 2020-01-01T08:37:04, 2020-01-01T08:37:53, 2020-01-01T08:42:39, 2020-01-01T08:42:49, 2020-01-01T08:47:03, 2020-01-01T08:47:54, 2020-01-01T08:53:03, 2020-01-01T08:53:54, 2020-01-01T08:58:05, 2020-01-01T08:58:50, 2020-01-01T09:03:06, 2020-01-01T09:03:56, 2020-01-01T09:08:35, 2020-01-01T09:08:40, 2020-01-01T09:13:36, 2020-01-01T09:13:46, 2020-01-01T09:18:15, 2020-01-01T09:19:13, 2020-01-01T09:19:24, 2020-01-01T09:23:11, 2020-01-01T09:23:22, 2020-01-01T09:29:01, 2020-01-01T09:29:52, 2020-01-01T09:34:39, 2020-01-01T09:34:49, 2020-01-01T09:39:03, 2020-01-01T09:39:18, 2020-01-01T09:39:28, 2020-01-01T09:39:50, 2020-01-01T09:50:08, 2020-01-01T09:50:58, 2020-01-01T09:55:03, 2020-01-01T09:55:12, 2020-01-01T09:55:21, 2020-01-01T09:55:54, 2020-01-01T10:00:39, 2020-01-01T10:00:49, 2020-01-01T10:06:17, 2020-01-01T10:06:27, 2020-01-01T10:11:08, 2020-01-01T10:11:58, 2020-01-01T10:18:01, 2020-01-01T10:18:52, 2020-01-01T10:24:04, 2020-01-01T10:24:53, 2020-01-01T10:30:01, 2020-01-01T10:30:52, 2020-01-01T10:36:16, 2020-01-01T10:36:26, 2020-01-01T10:41:19, 2020-01-01T10:41:29, 2020-01-01T10:47:37, 2020-01-01T10:47:47, 2020-01-01T10:52:02, 2020-01-01T10:52:51, 2020-01-01T10:57:10, 2020-01-01T10:57:25, 2020-01-01T11:02:13, 2020-01-01T11:02:24, 2020-01-01T11:08:01, 2020-01-01T11:08:52, 2020-01-01T11:14:34, 2020-01-01T11:14:43, 2020-01-01T11:20:31, 2020-01-01T11:20:42, 2020-01-01T11:25:03, 2020-01-01T11:25:54, 2020-01-01T11:30:35, 2020-01-01T11:30:40, 2020-01-01T11:36:09, 2020-01-01T11:36:59, 2020-01-01T11:42:18, 2020-01-01T11:42:28, 2020-01-01T11:47:09, 2020-01-01T11:47:59, 2020-01-01T11:49:03, 2020-01-01T11:49:54, 2020-01-01T11:52:15, 2020-01-01T11:52:20, 2020-01-01T11:57:12, 2020-01-01T11:57:16, 2020-01-01T11:57:21, 2020-01-01T11:57:26, 2020-01-01T12:02:19, 2020-01-01T12:02:29, 2020-01-01T12:17:19, 2020-01-01T12:17:29, 2020-01-01T12:21:06, 2020-01-01T12:21:56, 2020-01-01T12:33:05, 2020-01-01T12:33:50, 2020-01-01T12:35:00, 2020-01-01T12:35:55, 2020-01-01T12:41:17, 2020-01-01T12:41:27, 2020-01-01T13:05:31, 2020-01-01T13:05:42, 2020-01-01T13:15:33, 2020-01-01T13:15:44, 2020-01-01T13:21:08, 2020-01-01T13:21:58, 2020-01-01T13:26:32, 2020-01-01T13:26:41, 2020-01-01T13:31:01, 2020-01-01T13:31:52, 2020-01-01T13:37:19, 2020-01-01T13:37:29, 2020-01-01T13:42:16, 2020-01-01T13:42:26, 2020-01-01T13:44:02, 2020-01-01T13:44:51, 2020-01-01T13:47:14, 2020-01-01T13:47:23, 2020-01-01T13:51:31, 2020-01-01T13:51:42, 2020-01-01T14:03:16, 2020-01-01T14:03:26, 2020-01-01T14:13:11, 2020-01-01T14:13:22, 2020-01-01T14:20:02, 2020-01-01T14:20:05, 2020-01-01T14:20:50, 2020-01-01T14:20:51, 2020-01-01T14:30:17, 2020-01-01T14:30:27, 2020-01-01T14:41:36, 2020-01-01T14:41:46, 2020-01-01T14:46:16, 2020-01-01T14:46:26, 2020-01-01T14:54:05, 2020-01-01T14:54:50, 2020-01-01T14:59:32, 2020-01-01T14:59:41, 2020-01-01T15:21:05, 2020-01-01T15:21:50, 2020-01-01T15:31:03, 2020-01-01T15:31:54, 2020-01-01T15:52:35, 2020-01-01T15:52:40, 2020-01-01T15:56:15, 2020-01-01T15:56:20, 2020-01-01T16:08:06, 2020-01-01T16:08:56, 2020-01-01T16:18:07, 2020-01-01T16:18:57, 2020-01-01T16:28:10, 2020-01-01T16:28:25, 2020-01-01T16:40:32, 2020-01-01T16:40:41, 2020-01-01T16:50:02, 2020-01-01T16:50:51, 2020-01-01T16:59:10, 2020-01-01T16:59:25, 2020-01-01T17:04:32, 2020-01-01T17:04:41, 2020-01-01T17:06:19, 2020-01-01T17:06:29, 2020-01-01T17:15:15, 2020-01-01T17:15:20, 2020-01-01T17:24:16, 2020-01-01T17:24:26, 2020-01-01T17:27:17, 2020-01-01T17:27:27, 2020-01-01T17:37:32, 2020-01-01T17:37:41, 2020-01-01T17:51:19, 2020-01-01T17:51:29, 2020-01-01T17:55:07, 2020-01-01T17:55:57, 2020-01-01T18:00:01, 2020-01-01T18:00:52, 2020-01-01T18:12:36, 2020-01-01T18:12:46, 2020-01-01T18:15:05, 2020-01-01T18:15:50, 2020-01-01T18:23:04, 2020-01-01T18:23:53, 2020-01-01T18:27:10, 2020-01-01T18:27:25, 2020-01-01T18:30:03, 2020-01-01T18:30:54, 2020-01-01T18:45:17, 2020-01-01T18:45:27, 2020-01-01T18:45:31, 2020-01-01T18:45:42, 2020-01-01T18:55:03, 2020-01-01T18:55:54, 2020-01-01T19:07:00, 2020-01-01T19:07:55, 2020-01-01T19:20:00, 2020-01-01T19:20:55, 2020-01-01T19:43:03, 2020-01-01T19:43:54, 2020-01-01T19:54:39, 2020-01-01T19:54:49, 2020-01-01T20:05:00, 2020-01-01T20:05:55, 2020-01-01T20:13:32, 2020-01-01T20:13:41, 2020-01-01T20:17:13, 2020-01-01T20:17:24, 2020-01-01T20:19:36, 2020-01-01T20:19:46, 2020-01-01T20:29:16, 2020-01-01T20:29:17, 2020-01-01T20:29:26, 2020-01-01T20:29:27, 2020-01-01T20:39:07, 2020-01-01T20:39:57, 2020-01-01T20:47:09, 2020-01-01T20:47:12, 2020-01-01T20:47:21, 2020-01-01T20:47:59, 2020-01-01T20:53:36, 2020-01-01T20:53:46, 2020-01-01T21:03:10, 2020-01-01T21:03:25, 2020-01-01T21:09:06, 2020-01-01T21:09:56, 2020-01-01T21:19:34, 2020-01-01T21:19:43, 2020-01-01T21:29:31, 2020-01-01T21:29:42, 2020-01-01T21:39:39, 2020-01-01T21:39:49, 2020-01-01T22:53:18, 2020-01-01T22:53:28, 2020-01-01T22:59:37, 2020-01-01T22:59:47, 2020-01-01T23:04:16, 2020-01-01T23:04:26, 2020-01-01T23:09:33, 2020-01-01T23:09:44, 2020-01-01T23:15:13, 2020-01-01T23:15:24, 2020-01-01T23:20:01, 2020-01-01T23:20:52, 2020-01-01T23:25:36, 2020-01-01T23:25:46, 2020-01-01T23:30:12, 2020-01-01T23:30:21, 2020-01-01T23:31:19, 2020-01-01T23:31:29, 2020-01-01T23:36:37, 2020-01-01T23:36:47, 2020-01-01T23:42:10, 2020-01-01T23:42:25, 2020-01-01T23:47:01, 2020-01-01T23:47:36, 2020-01-01T23:47:46, 2020-01-01T23:52:04, 2020-01-01T23:52:53, 2020-01-01T23:57:04, 2020-01-01T23:57:53" }, "geometry": { "type": "LineString", "coordinates": [ [ -99.028856, 19.498771 ], [ -99.02887, 19.49878 ], [ -99.023383, 19.498335 ], [ -99.02338, 19.49833 ], [ -99.028856, 19.498771 ], [ -99.02887, 19.49878 ], [ -99.02338, 19.49833 ], [ -99.023384, 19.498335 ], [ -99.028856, 19.498771 ], [ -99.02887, 19.49878 ], [ -99.023386, 19.498336 ], [ -99.02887, 19.49878 ], [ -99.02338, 19.49833 ], [ -99.023351, 19.498347 ], [ -99.028856, 19.498771 ], [ -99.02887, 19.49878 ], [ -99.02337, 19.49832 ], [ -99.0234, 19.49832 ], [ -99.023394, 19.498318 ], [ -99.02887, 19.49878 ], [ -99.028856, 19.498771 ], [ -99.028856, 19.498771 ], [ -99.02887, 19.49878 ], [ -99.02887, 19.49878 ], [ -99.028856, 19.498771 ], [ -99.028856, 19.498771 ], [ -99.02887, 19.49878 ], [ -99.02887, 19.49878 ], [ -99.028856, 19.498771 ], [ -99.02337, 19.49832 ], [ -99.023355, 19.498345 ], [ -99.02887, 19.49878 ], [ -99.028856, 19.498771 ], [ -99.02887, 19.49878 ], [ -99.028856, 19.498771 ], [ -99.02337, 19.49832 ], [ -99.028856, 19.498771 ], [ -99.02887, 19.49878 ], [ -99.023356, 19.498316 ], [ -99.028856, 19.498771 ], [ -99.02887, 19.49878 ], [ -99.02887, 19.49878 ], [ -99.028856, 19.498771 ], [ -99.028856, 19.498771 ], [ -99.02887, 19.49878 ], [ -99.02887, 19.49878 ], [ -99.028856, 19.498771 ], [ -99.02887, 19.49878 ], [ -99.028856, 19.498771 ], [ -99.028856, 19.498771 ], [ -99.02887, 19.49878 ], [ -99.02887, 19.49878 ], [ -99.028856, 19.498771 ], [ -99.028856, 19.498771 ], [ -99.02887, 19.49878 ], [ -99.02339, 19.49832 ], [ -99.023375, 19.498314 ], [ -99.02887, 19.49878 ], [ -99.028856, 19.498771 ], [ -99.023371, 19.498348 ], [ -99.02339, 19.49832 ], [ -99.028856, 19.498771 ], [ -99.02887, 19.49878 ], [ -99.02887, 19.49878 ], [ -99.028856, 19.498771 ], [ -99.028856, 19.498771 ], [ -99.02887, 19.49878 ], [ -99.02887, 19.49878 ], [ -99.028856, 19.498771 ], [ -99.02887, 19.49878 ], [ -99.028856, 19.498771 ], [ -99.02887, 19.49878 ], [ -99.028856, 19.498771 ], [ -99.02887, 19.49878 ], [ -99.028856, 19.498771 ], [ -99.02887, 19.49878 ], [ -99.028856, 19.498771 ], [ -99.028856, 19.498771 ], [ -99.02887, 19.49878 ], [ -99.028856, 19.498771 ], [ -99.02887, 19.49878 ], [ -99.02887, 19.49878 ], [ -99.028856, 19.498771 ], [ -99.02887, 19.49878 ], [ -99.02336, 19.49832 ], [ -99.02335, 19.498346 ], [ -99.02887, 19.49878 ], [ -99.028856, 19.498771 ], [ -99.02887, 19.49878 ], [ -99.028856, 19.498771 ], [ -99.028856, 19.498771 ], [ -99.02887, 19.49878 ], [ -99.02887, 19.49878 ], [ -99.023386, 19.498344 ], [ -99.02338, 19.49832 ], [ -99.023351, 19.498349 ], [ -99.022817, 19.501557 ], [ -99.02283, 19.50156 ], [ -99.022807, 19.501512 ], [ -99.02283, 19.50156 ], [ -99.022817, 19.501557 ], [ -99.02281, 19.50151 ], [ -99.022817, 19.501557 ], [ -99.02283, 19.50156 ], [ -99.02283, 19.50156 ], [ -99.022817, 19.501557 ], [ -99.022817, 19.501557 ], [ -99.02283, 19.50156 ], [ -99.02283, 19.50156 ], [ -99.022817, 19.501557 ], [ -99.022817, 19.501557 ], [ -99.02283, 19.50156 ], [ -99.022817, 19.501557 ], [ -99.02283, 19.50156 ], [ -99.02283, 19.50156 ], [ -99.022817, 19.501557 ], [ -99.02283, 19.50156 ], [ -99.022817, 19.501557 ], [ -99.022817, 19.501557 ], [ -99.02283, 19.50156 ], [ -99.02283, 19.50156 ], [ -99.022817, 19.501557 ], [ -99.022817, 19.501557 ], [ -99.02283, 19.50156 ], [ -99.022817, 19.501557 ], [ -99.02283, 19.50156 ], [ -99.02283, 19.50156 ], [ -99.022817, 19.501557 ], [ -99.02283, 19.50156 ], [ -99.022817, 19.501557 ], [ -99.022817, 19.501557 ], [ -99.02283, 19.50156 ], [ -99.02283, 19.50156 ], [ -99.022817, 19.501557 ], [ -99.022817, 19.501557 ], [ -99.02283, 19.50156 ], [ -99.02283, 19.50156 ], [ -99.022817, 19.501557 ], [ -99.022817, 19.501557 ], [ -99.02283, 19.50156 ], [ -99.022817, 19.501557 ], [ -99.02283, 19.50156 ], [ -99.022802, 19.501542 ], [ -99.02281, 19.50152 ], [ -99.022817, 19.501557 ], [ -99.02283, 19.50156 ], [ -99.02281, 19.50151 ], [ -99.02283, 19.50156 ], [ -99.022809, 19.501511 ], [ -99.022817, 19.501557 ], [ -99.02283, 19.50156 ], [ -99.022817, 19.501557 ], [ -99.073463, 19.454753 ], [ -99.07346, 19.45476 ], [ -99.10601, 19.45175 ], [ -99.106006, 19.451768 ], [ -99.1452, 19.46624 ], [ -99.145197, 19.466263 ], [ -99.14512, 19.46624 ], [ -99.14511, 19.46625 ], [ -99.14521, 19.46624 ], [ -99.145208, 19.46625 ], [ -99.1452, 19.46624 ], [ -99.145192, 19.466265 ], [ -99.145216, 19.466228 ], [ -99.14523, 19.46621 ], [ -99.145244, 19.466269 ], [ -99.14524, 19.46624 ], [ -99.1452, 19.46626 ], [ -99.1452, 19.46623 ], [ -99.14521, 19.46624 ], [ -99.145202, 19.466264 ], [ -99.145227, 19.466267 ], [ -99.14522, 19.46624 ], [ -99.145255, 19.466269 ], [ -99.14527, 19.46624 ], [ -99.14524, 19.46625 ], [ -99.145247, 19.466252 ], [ -99.1457, 19.46652 ], [ -99.145696, 19.466549 ], [ -99.1458, 19.46623 ], [ -99.145796, 19.46623 ], [ -99.145155, 19.466229 ], [ -99.14517, 19.46621 ], [ -99.145216, 19.466228 ], [ -99.14523, 19.46621 ], [ -99.14516, 19.46603 ], [ -99.145167, 19.46604 ], [ -99.14516, 19.46603 ], [ -99.145167, 19.46604 ], [ -99.145664, 19.466521 ], [ -99.14566, 19.46651 ], [ -99.14507, 19.46619 ], [ -99.145058, 19.466195 ], [ -99.145274, 19.466183 ], [ -99.14529, 19.46617 ], [ -99.14478, 19.46632 ], [ -99.144784, 19.46631 ], [ -99.14474, 19.46632 ], [ -99.144747, 19.466343 ], [ -99.145341, 19.466114 ], [ -99.14534, 19.46612 ], [ -99.145065, 19.46622 ], [ -99.14506, 19.46621 ], [ -99.14475, 19.46632 ], [ -99.144734, 19.466341 ], [ -99.14478, 19.46632 ], [ -99.144788, 19.466313 ], [ -99.145302, 19.466155 ], [ -99.145301, 19.466166 ], [ -99.14528, 19.46629 ], [ -99.145283, 19.466295 ], [ -99.144754, 19.466313 ], [ -99.14477, 19.46632 ], [ -99.145389, 19.466058 ], [ -99.14538, 19.46605 ], [ -99.14524, 19.46596 ], [ -99.145248, 19.46597 ], [ -99.14548, 19.46597 ], [ -99.145483, 19.465979 ], [ -99.14548, 19.46598 ], [ -99.145486, 19.465979 ], [ -99.145481, 19.465982 ], [ -99.14548, 19.46596 ], [ -99.145246, 19.465976 ], [ -99.14524, 19.46597 ], [ -99.145432, 19.466022 ], [ -99.14545, 19.46601 ], [ -99.14548, 19.46594 ], [ -99.145486, 19.465964 ], [ -99.14516, 19.46613 ], [ -99.145166, 19.466145 ], [ -99.14547, 19.46595 ], [ -99.145451, 19.465959 ], [ -99.145452, 19.465987 ], [ -99.14547, 19.46596 ], [ -99.14549, 19.46597 ], [ -99.145473, 19.465973 ], [ -99.145468, 19.465988 ], [ -99.14546, 19.46596 ], [ -99.14546, 19.46595 ], [ -99.145468, 19.465951 ], [ -99.145466, 19.46595 ], [ -99.145455, 19.46596 ], [ -99.145466, 19.465952 ], [ -99.14546, 19.46595 ], [ -99.145439, 19.46598 ], [ -99.14545, 19.46595 ], [ -99.14546, 19.466008 ], [ -99.14545, 19.466007 ], [ -99.145431, 19.466021 ], [ -99.14545, 19.46601 ], [ -99.145197, 19.466037 ], [ -99.1452, 19.46604 ], [ -99.145246, 19.46612 ], [ -99.14524, 19.46611 ], [ -99.145172, 19.466074 ], [ -99.14519, 19.46608 ], [ -99.14495, 19.4663 ], [ -99.144936, 19.4663 ], [ -99.14546, 19.46595 ], [ -99.14545, 19.46598 ], [ -99.14546, 19.46594 ], [ -99.145463, 19.465961 ], [ -99.14545, 19.46595 ], [ -99.145435, 19.46598 ], [ -99.14548, 19.465971 ], [ -99.14547, 19.46597 ], [ -99.145464, 19.465977 ], [ -99.14546, 19.46597 ], [ -99.14527, 19.46617 ], [ -99.14521, 19.46604 ], [ -99.145258, 19.46618 ], [ -99.145206, 19.466033 ], [ -99.145286, 19.466176 ], [ -99.14528, 19.46618 ], [ -99.14533, 19.46612 ], [ -99.145268, 19.466652 ], [ -99.14526, 19.46666 ], [ -99.145311, 19.466119 ], [ -99.14541, 19.4663 ], [ -99.145405, 19.466308 ], [ -99.145259, 19.466181 ], [ -99.14527, 19.46617 ], [ -99.145246, 19.466128 ], [ -99.14524, 19.46611 ], [ -99.145129, 19.46625 ], [ -99.14512, 19.46624 ], [ -99.14524, 19.46622 ], [ -99.145247, 19.466215 ], [ -99.145144, 19.466103 ], [ -99.14514, 19.4661 ], [ -99.02887, 19.49878 ], [ -99.028856, 19.498771 ], [ -99.028856, 19.498771 ], [ -99.02887, 19.49878 ], [ -99.02887, 19.49878 ], [ -99.028856, 19.498771 ], [ -99.028856, 19.498771 ], [ -99.02887, 19.49878 ], [ -99.02887, 19.49878 ], [ -99.028856, 19.498771 ], [ -99.023351, 19.498349 ], [ -99.02337, 19.49832 ], [ -99.028856, 19.498771 ], [ -99.02887, 19.49878 ], [ -99.02337, 19.49832 ], [ -99.023352, 19.498347 ], [ -99.02887, 19.49878 ], [ -99.028856, 19.498771 ], [ -99.028856, 19.498771 ], [ -99.02887, 19.49878 ], [ -99.02887, 19.49878 ], [ -99.028856, 19.498771 ], [ -99.02887, 19.49878 ], [ -99.0234, 19.49832 ], [ -99.0234, 19.498345 ], [ -99.02887, 19.49878 ], [ -99.028856, 19.498771 ], [ -99.02887, 19.49878 ], [ -99.028856, 19.498771 ] ] } },
{ "type": "Feature", "properties": { "device_id": "f79c9aa9aab167695b86f68c2c107c2b36ece1bca870baba03da830bfd8cf51e", "timestamps": "2020-01-01T20:59:25, 2020-01-01T21:13:20, 2020-01-01T21:13:22, 2020-01-01T21:19:28, 2020-01-01T21:28:03, 2020-01-01T21:28:05, 2020-01-01T21:32:18, 2020-01-01T21:35:36, 2020-01-01T21:40:55, 2020-01-01T21:44:44, 2020-01-01T21:44:46, 2020-01-01T21:49:14, 2020-01-01T21:49:16, 2020-01-01T21:54:51, 2020-01-01T21:54:53, 2020-01-01T21:56:31, 2020-01-01T21:56:33, 2020-01-01T21:59:22, 2020-01-01T21:59:23, 2020-01-01T21:59:24, 2020-01-01T22:08:22, 2020-01-01T22:08:23, 2020-01-01T22:10:31, 2020-01-01T22:10:33, 2020-01-01T22:26:20, 2020-01-01T22:26:21, 2020-01-01T22:28:48, 2020-01-01T22:28:49, 2020-01-01T22:28:50, 2020-01-01T22:28:52, 2020-01-01T22:33:14, 2020-01-01T22:33:15, 2020-01-01T22:33:16, 2020-01-01T22:48:32, 2020-01-01T22:48:34, 2020-01-01T23:06:54, 2020-01-01T23:06:57, 2020-01-01T23:09:32, 2020-01-01T23:50:52" }, "geometry": { "type": "LineString", "coordinates": [ [ -99.144713, 19.466981 ], [ -99.144738, 19.467223 ], [ -99.144738, 19.467223 ], [ -99.112465, 19.454069 ], [ -99.112406, 19.417349 ], [ -99.112406, 19.417349 ], [ -99.113054, 19.412758 ], [ -99.113466, 19.408387 ], [ -99.109947, 19.365269 ], [ -99.103802, 19.364059 ], [ -99.103802, 19.364059 ], [ -99.09743, 19.362235 ], [ -99.09743, 19.362235 ], [ -99.092921, 19.361002 ], [ -99.092921, 19.361002 ], [ -99.092134, 19.361059 ], [ -99.092134, 19.361059 ], [ -99.092365, 19.361049 ], [ -99.092365, 19.361049 ], [ -99.092365, 19.361049 ], [ -99.091807, 19.360489 ], [ -99.091807, 19.36049 ], [ -99.092189, 19.363846 ], [ -99.092189, 19.363846 ], [ -99.092161, 19.360503 ], [ -99.092161, 19.360503 ], [ -99.092161, 19.360503 ], [ -99.092161, 19.360503 ], [ -99.092161, 19.360503 ], [ -99.092161, 19.360503 ], [ -99.092061, 19.360696 ], [ -99.092061, 19.360696 ], [ -99.092061, 19.360696 ], [ -99.092793, 19.361175 ], [ -99.092793, 19.361175 ], [ -99.103426, 19.358911 ], [ -99.103426, 19.358911 ], [ -99.103387, 19.358931 ], [ -99.10338, 19.35896 ] ] } },
{ "type": "Feature", "properties": { "device_id": "8c9d3511529fae78229c9bbab4bba648d5738444c35c69c5f65977a38ecc4737", "timestamps": "2020-01-01T06:15:17, 2020-01-01T06:25:44, 2020-01-01T06:36:26, 2020-01-01T06:56:27, 2020-01-01T07:15:10, 2020-01-01T07:32:50, 2020-01-01T07:51:03, 2020-01-01T08:11:30, 2020-01-01T08:30:32, 2020-01-01T08:51:43, 2020-01-01T09:11:18, 2020-01-01T10:22:50, 2020-01-01T10:31:39, 2020-01-01T10:42:20, 2020-01-01T10:54:04, 2020-01-01T10:54:33, 2020-01-01T10:54:34, 2020-01-01T10:54:39, 2020-01-01T11:06:26, 2020-01-01T11:22:54, 2020-01-01T11:40:46, 2020-01-01T12:00:37, 2020-01-01T12:22:20, 2020-01-01T12:33:33, 2020-01-01T12:53:03, 2020-01-01T13:14:46, 2020-01-01T13:35:06, 2020-01-01T13:56:08, 2020-01-01T14:15:49, 2020-01-01T14:27:53, 2020-01-01T14:39:49, 2020-01-01T14:59:59, 2020-01-01T15:15:49, 2020-01-01T15:36:27, 2020-01-01T15:56:08, 2020-01-01T16:16:33, 2020-01-01T16:31:51, 2020-01-01T16:41:58, 2020-01-01T16:51:49, 2020-01-01T17:02:11, 2020-01-01T17:02:12, 2020-01-01T17:02:16, 2020-01-01T17:12:56, 2020-01-01T17:23:51, 2020-01-01T17:32:03, 2020-01-01T17:42:41, 2020-01-01T17:53:53, 2020-01-01T18:03:27, 2020-01-01T18:18:06, 2020-01-01T18:18:29, 2020-01-01T18:19:53, 2020-01-01T18:29:59, 2020-01-01T18:38:33, 2020-01-01T18:48:15, 2020-01-01T18:59:50, 2020-01-01T19:09:50, 2020-01-01T19:18:47, 2020-01-01T19:29:08, 2020-01-01T19:39:06, 2020-01-01T19:52:12, 2020-01-01T20:03:54, 2020-01-01T20:12:48, 2020-01-01T20:23:53, 2020-01-01T20:33:14, 2020-01-01T20:44:36, 2020-01-01T20:55:24, 2020-01-01T21:05:58, 2020-01-01T21:15:20, 2020-01-01T21:26:54, 2020-01-01T21:36:07, 2020-01-01T21:46:05, 2020-01-01T21:56:04, 2020-01-01T22:08:57, 2020-01-01T22:18:26, 2020-01-01T22:28:50, 2020-01-01T22:37:37, 2020-01-01T22:48:26, 2020-01-01T22:58:04, 2020-01-01T23:05:09, 2020-01-01T23:06:08, 2020-01-01T23:06:21, 2020-01-01T23:06:59, 2020-01-01T23:07:36, 2020-01-01T23:08:41, 2020-01-01T23:09:28, 2020-01-01T23:10:39, 2020-01-01T23:10:54, 2020-01-01T23:11:43, 2020-01-01T23:12:15, 2020-01-01T23:13:02, 2020-01-01T23:13:50, 2020-01-01T23:14:46, 2020-01-01T23:15:11, 2020-01-01T23:16:04, 2020-01-01T23:16:58, 2020-01-01T23:17:49, 2020-01-01T23:18:13, 2020-01-01T23:19:06, 2020-01-01T23:19:25, 2020-01-01T23:20:32, 2020-01-01T23:21:17, 2020-01-01T23:22:08, 2020-01-01T23:22:21, 2020-01-01T23:23:33, 2020-01-01T23:24:19, 2020-01-01T23:25:20, 2020-01-01T23:26:38, 2020-01-01T23:26:55, 2020-01-01T23:27:41, 2020-01-01T23:28:15, 2020-01-01T23:29:38, 2020-01-01T23:29:54, 2020-01-01T23:30:43, 2020-01-01T23:31:29, 2020-01-01T23:32:05, 2020-01-01T23:32:50, 2020-01-01T23:33:46, 2020-01-01T23:34:11, 2020-01-01T23:35:04, 2020-01-01T23:35:57, 2020-01-01T23:36:48, 2020-01-01T23:37:13, 2020-01-01T23:38:00, 2020-01-01T23:38:59, 2020-01-01T23:39:35, 2020-01-01T23:40:16, 2020-01-01T23:41:07, 2020-01-01T23:41:21, 2020-01-01T23:42:34, 2020-01-01T23:43:18, 2020-01-01T23:44:09, 2020-01-01T23:44:23, 2020-01-01T23:45:30, 2020-01-01T23:46:45, 2020-01-01T23:47:26, 2020-01-01T23:48:37, 2020-01-01T23:48:52, 2020-01-01T23:49:41, 2020-01-01T23:50:28, 2020-01-01T23:51:05, 2020-01-01T23:51:54, 2020-01-01T23:52:46, 2020-01-01T23:53:15, 2020-01-01T23:54:02, 2020-01-01T23:54:56, 2020-01-01T23:55:47, 2020-01-01T23:56:11, 2020-01-01T23:57:03, 2020-01-01T23:57:58, 2020-01-01T23:58:49, 2020-01-01T23:59:10" }, "geometry": { "type": "LineString", "coordinates": [ [ -99.227386, 19.504803 ], [ -99.227387, 19.504803 ], [ -99.227388, 19.504797 ], [ -99.22739, 19.504779 ], [ -99.227358, 19.504794 ], [ -99.227354, 19.504799 ], [ -99.227161, 19.50487 ], [ -99.227161, 19.50487 ], [ -99.227392, 19.504807 ], [ -99.227392, 19.504807 ], [ -99.227392, 19.504807 ], [ -99.227391, 19.504808 ], [ -99.227387, 19.5048 ], [ -99.227374, 19.504787 ], [ -99.227379, 19.504787 ], [ -99.227379, 19.504787 ], [ -99.227374, 19.504787 ], [ -99.227378, 19.504787 ], [ -99.227377, 19.504789 ], [ -99.227379, 19.504788 ], [ -99.227378, 19.504787 ], [ -99.227387, 19.504843 ], [ -99.227387, 19.504843 ], [ -99.227386, 19.50478 ], [ -99.227386, 19.50478 ], [ -99.227386, 19.50478 ], [ -99.227386, 19.50478 ], [ -99.227386, 19.50478 ], [ -99.227389, 19.504755 ], [ -99.227394, 19.504809 ], [ -99.227394, 19.504809 ], [ -99.227335, 19.504745 ], [ -99.227355, 19.504764 ], [ -99.227321, 19.504709 ], [ -99.227321, 19.504709 ], [ -99.227321, 19.504709 ], [ -99.227321, 19.504709 ], [ -99.227377, 19.504787 ], [ -99.227377, 19.504787 ], [ -99.227375, 19.504788 ], [ -99.227375, 19.504788 ], [ -99.227375, 19.504787 ], [ -99.22737, 19.504778 ], [ -99.227367, 19.504768 ], [ -99.227288, 19.504783 ], [ -99.22737, 19.5048 ], [ -99.227378, 19.504789 ], [ -99.227378, 19.504788 ], [ -99.227375, 19.504788 ], [ -99.227379, 19.504787 ], [ -99.227353, 19.504782 ], [ -99.227375, 19.504789 ], [ -99.227376, 19.504788 ], [ -99.227371, 19.504793 ], [ -99.227373, 19.504789 ], [ -99.227371, 19.5048 ], [ -99.227387, 19.504755 ], [ -99.227376, 19.504787 ], [ -99.227376, 19.504787 ], [ -99.227376, 19.504787 ], [ -99.227371, 19.504799 ], [ -99.227377, 19.504788 ], [ -99.227374, 19.504792 ], [ -99.227371, 19.504792 ], [ -99.227377, 19.504788 ], [ -99.227376, 19.504788 ], [ -99.227389, 19.504799 ], [ -99.227379, 19.504788 ], [ -99.227386, 19.5048 ], [ -99.227384, 19.504788 ], [ -99.227377, 19.504788 ], [ -99.227377, 19.504788 ], [ -99.227372, 19.5048 ], [ -99.227372, 19.5048 ], [ -99.22737, 19.5048 ], [ -99.227372, 19.5048 ], [ -99.227389, 19.504799 ], [ -99.227379, 19.504789 ], [ -99.220825, 19.506802 ], [ -99.21866, 19.510171 ], [ -99.220639, 19.50719 ], [ -99.220646, 19.507145 ], [ -99.21852, 19.510064 ], [ -99.218672, 19.509894 ], [ -99.218582, 19.509977 ], [ -99.215187, 19.515643 ], [ -99.217224, 19.512474 ], [ -99.211547, 19.521229 ], [ -99.209695, 19.523806 ], [ -99.204986, 19.522861 ], [ -99.208106, 19.523874 ], [ -99.201456, 19.525018 ], [ -99.200586, 19.526036 ], [ -99.195241, 19.531023 ], [ -99.1964, 19.530202 ], [ -99.195082, 19.530969 ], [ -99.195042, 19.530894 ], [ -99.192625, 19.531787 ], [ -99.194399, 19.530916 ], [ -99.189608, 19.533496 ], [ -99.189003, 19.534531 ], [ -99.189007, 19.534606 ], [ -99.188992, 19.534505 ], [ -99.18426, 19.53395 ], [ -99.180359, 19.530721 ], [ -99.179874, 19.528064 ], [ -99.178169, 19.519663 ], [ -99.179172, 19.524282 ], [ -99.177833, 19.520812 ], [ -99.17676, 19.51959 ], [ -99.176686, 19.518563 ], [ -99.176969, 19.519089 ], [ -99.176644, 19.518706 ], [ -99.176628, 19.51871 ], [ -99.175211, 19.518706 ], [ -99.17644, 19.519163 ], [ -99.173768, 19.517928 ], [ -99.172113, 19.517415 ], [ -99.169408, 19.523007 ], [ -99.170856, 19.520166 ], [ -99.167612, 19.522103 ], [ -99.166703, 19.521272 ], [ -99.16254, 19.516647 ], [ -99.163484, 19.518648 ], [ -99.161978, 19.515263 ], [ -99.160076, 19.510576 ], [ -99.15738, 19.503803 ], [ -99.159251, 19.508462 ], [ -99.157427, 19.503826 ], [ -99.155851, 19.499551 ], [ -99.15445, 19.495717 ], [ -99.154482, 19.495836 ], [ -99.152156, 19.489792 ], [ -99.149223, 19.481851 ], [ -99.146508, 19.474677 ], [ -99.145947, 19.473113 ], [ -99.145947, 19.473113 ], [ -99.145065, 19.470821 ], [ -99.143898, 19.467664 ], [ -99.143588, 19.466652 ], [ -99.143908, 19.467652 ], [ -99.143468, 19.466135 ], [ -99.143748, 19.464917 ], [ -99.155273, 19.463853 ], [ -99.148259, 19.463586 ], [ -99.160934, 19.461129 ], [ -99.163882, 19.455734 ], [ -99.166573, 19.442206 ], [ -99.164576, 19.448937 ], [ -99.170188, 19.435605 ], [ -99.173975, 19.42928 ] ] } },
{ "type": "Feature", "properties": { "device_id": "30dd91f257df3ac5ffd3af7fdf4862c27316b8cfa38032f71d968bfed4d15f66", "timestamps": "2020-01-01T06:55:26, 2020-01-01T07:14:46, 2020-01-01T07:29:48, 2020-01-01T07:49:54, 2020-01-01T08:08:21, 2020-01-01T08:28:53, 2020-01-01T09:29:24, 2020-01-01T09:29:51, 2020-01-01T09:44:26, 2020-01-01T10:04:13, 2020-01-01T10:23:42, 2020-01-01T10:43:43, 2020-01-01T10:51:45, 2020-01-01T11:00:38, 2020-01-01T11:08:11, 2020-01-01T11:28:18, 2020-01-01T11:44:11, 2020-01-01T12:04:50, 2020-01-01T12:23:26, 2020-01-01T13:08:28, 2020-01-01T13:38:27, 2020-01-01T13:53:12, 2020-01-01T14:16:43, 2020-01-01T14:41:43, 2020-01-01T15:09:50, 2020-01-01T15:39:29, 2020-01-01T15:54:45, 2020-01-01T16:30:22, 2020-01-01T17:00:30, 2020-01-01T17:30:04, 2020-01-01T18:20:07, 2020-01-01T18:35:09, 2020-01-01T19:39:16, 2020-01-01T20:00:11, 2020-01-01T20:07:02, 2020-01-01T20:15:59, 2020-01-01T20:22:46, 2020-01-01T20:29:02, 2020-01-01T20:29:04, 2020-01-01T20:37:36, 2020-01-01T20:45:19, 2020-01-01T20:53:50, 2020-01-01T21:00:29, 2020-01-01T21:07:02, 2020-01-01T21:15:53, 2020-01-01T21:22:28, 2020-01-01T21:30:53, 2020-01-01T21:37:30, 2020-01-01T21:57:07, 2020-01-01T21:57:08, 2020-01-01T22:13:55, 2020-01-01T22:33:35, 2020-01-01T22:53:23, 2020-01-01T23:15:52, 2020-01-01T23:35:39, 2020-01-01T23:44:34, 2020-01-01T23:45:17, 2020-01-01T23:46:07, 2020-01-01T23:46:21, 2020-01-01T23:47:31, 2020-01-01T23:48:18, 2020-01-01T23:49:09, 2020-01-01T23:49:23, 2020-01-01T23:50:05, 2020-01-01T23:52:20, 2020-01-01T23:53:38, 2020-01-01T23:53:55, 2020-01-01T23:55:27, 2020-01-01T23:56:38, 2020-01-01T23:56:51, 2020-01-01T23:57:44, 2020-01-01T23:58:14, 2020-01-01T23:59:05" }, "geometry": { "type": "LineString", "coordinates": [ [ -99.171712, 19.513675 ], [ -99.171712, 19.513675 ], [ -99.171744, 19.513678 ], [ -99.171729, 19.513673 ], [ -99.171742, 19.513675 ], [ -99.171707, 19.51369 ], [ -99.171707, 19.51369 ], [ -99.171707, 19.51369 ], [ -99.171726, 19.513702 ], [ -99.171726, 19.513702 ], [ -99.171726, 19.513702 ], [ -99.171678, 19.513688 ], [ -99.171684, 19.513667 ], [ -99.171638, 19.513667 ], [ -99.17163, 19.51364 ], [ -99.17163, 19.51364 ], [ -99.171709, 19.513695 ], [ -99.171709, 19.513695 ], [ -99.171721, 19.513677 ], [ -99.171721, 19.513677 ], [ -99.171721, 19.513677 ], [ -99.171698, 19.513693 ], [ -99.171698, 19.513693 ], [ -99.1717, 19.513675 ], [ -99.1717, 19.513675 ], [ -99.1717, 19.513675 ], [ -99.171713, 19.513679 ], [ -99.171633, 19.513725 ], [ -99.171633, 19.513725 ], [ -99.171633, 19.513725 ], [ -99.171633, 19.513725 ], [ -99.171633, 19.513725 ], [ -99.17173, 19.513703 ], [ -99.171676, 19.513708 ], [ -99.171726, 19.513682 ], [ -99.171721, 19.513694 ], [ -99.1717, 19.51367 ], [ -99.171705, 19.513672 ], [ -99.17168, 19.513689 ], [ -99.171674, 19.513674 ], [ -99.171703, 19.513659 ], [ -99.17173, 19.513677 ], [ -99.171711, 19.513676 ], [ -99.171743, 19.513679 ], [ -99.171663, 19.513666 ], [ -99.171744, 19.513678 ], [ -99.171714, 19.513655 ], [ -99.171744, 19.513678 ], [ -99.171675, 19.513671 ], [ -99.171675, 19.513671 ], [ -99.171726, 19.513674 ], [ -99.171726, 19.513674 ], [ -99.17165, 19.513673 ], [ -99.171744, 19.513678 ], [ -99.171638, 19.513658 ], [ -99.170684, 19.51302 ], [ -99.169002, 19.512402 ], [ -99.169844, 19.509561 ], [ -99.169233, 19.511422 ], [ -99.170487, 19.507584 ], [ -99.167644, 19.506243 ], [ -99.161129, 19.503958 ], [ -99.165912, 19.505608 ], [ -99.157799, 19.502878 ], [ -99.155038, 19.497183 ], [ -99.151964, 19.489092 ], [ -99.152585, 19.490785 ], [ -99.149322, 19.482098 ], [ -99.145408, 19.471707 ], [ -99.146597, 19.474806 ], [ -99.144125, 19.468113 ], [ -99.144106, 19.468114 ], [ -99.145497, 19.464547 ] ] } },
{ "type": "Feature", "properties": { "device_id": "f5f826809df4646254846fbd716724c8635292218c154cb3689e0253e1ad1012", "timestamps": "2020-01-01T06:09:26, 2020-01-01T06:19:21, 2020-01-01T06:29:40, 2020-01-01T06:51:47, 2020-01-01T06:57:38, 2020-01-01T06:58:17, 2020-01-01T06:58:19, 2020-01-01T06:58:20, 2020-01-01T06:58:22, 2020-01-01T06:58:26, 2020-01-01T06:58:30, 2020-01-01T06:58:36, 2020-01-01T06:58:47, 2020-01-01T06:58:48, 2020-01-01T06:58:52, 2020-01-01T06:59:54, 2020-01-01T07:02:00, 2020-01-01T07:02:10, 2020-01-01T07:02:14, 2020-01-01T07:02:30, 2020-01-01T07:02:40, 2020-01-01T07:03:00, 2020-01-01T07:03:06, 2020-01-01T07:03:08, 2020-01-01T07:03:10, 2020-01-01T07:03:11, 2020-01-01T07:03:14, 2020-01-01T07:03:18, 2020-01-01T07:03:24, 2020-01-01T07:03:25, 2020-01-01T07:03:26, 2020-01-01T07:03:28, 2020-01-01T07:03:31, 2020-01-01T07:03:43, 2020-01-01T07:03:46, 2020-01-01T07:03:50, 2020-01-01T07:03:54, 2020-01-01T07:03:58, 2020-01-01T07:04:29, 2020-01-01T07:04:41, 2020-01-01T07:10:05, 2020-01-01T07:10:29, 2020-01-01T07:10:44, 2020-01-01T07:10:47, 2020-01-01T07:10:58, 2020-01-01T07:11:11, 2020-01-01T07:11:21, 2020-01-01T07:11:52, 2020-01-01T07:23:14, 2020-01-01T07:24:08, 2020-01-01T07:24:38, 2020-01-01T07:24:48, 2020-01-01T07:25:17, 2020-01-01T07:25:28, 2020-01-01T07:25:59, 2020-01-01T07:34:00, 2020-01-01T07:34:37, 2020-01-01T07:34:38, 2020-01-01T07:35:17, 2020-01-01T07:35:54, 2020-01-01T07:36:44, 2020-01-01T07:37:02, 2020-01-01T07:37:03, 2020-01-01T07:37:06, 2020-01-01T07:37:09, 2020-01-01T07:37:14, 2020-01-01T07:37:15, 2020-01-01T07:37:18, 2020-01-01T07:37:27, 2020-01-01T07:37:33, 2020-01-01T07:37:36, 2020-01-01T07:37:38, 2020-01-01T07:37:43, 2020-01-01T07:37:45, 2020-01-01T07:37:49, 2020-01-01T07:38:02, 2020-01-01T07:38:03, 2020-01-01T07:38:07, 2020-01-01T07:38:09, 2020-01-01T07:38:13, 2020-01-01T07:38:15, 2020-01-01T07:38:21, 2020-01-01T07:38:22, 2020-01-01T07:38:27, 2020-01-01T07:38:34, 2020-01-01T07:38:36, 2020-01-01T07:38:39, 2020-01-01T07:38:43, 2020-01-01T07:38:45, 2020-01-01T07:38:49, 2020-01-01T07:38:54, 2020-01-01T07:38:56, 2020-01-01T07:38:58, 2020-01-01T07:39:05, 2020-01-01T07:39:15, 2020-01-01T07:39:23, 2020-01-01T07:39:27, 2020-01-01T07:39:32, 2020-01-01T07:39:34, 2020-01-01T07:39:38, 2020-01-01T07:39:44, 2020-01-01T07:39:49, 2020-01-01T07:39:53, 2020-01-01T07:39:57, 2020-01-01T07:39:59, 2020-01-01T07:40:48, 2020-01-01T07:41:13, 2020-01-01T07:42:07, 2020-01-01T07:42:25, 2020-01-01T07:43:00, 2020-01-01T07:43:04, 2020-01-01T07:43:05, 2020-01-01T07:43:07, 2020-01-01T07:43:13, 2020-01-01T07:43:17, 2020-01-01T07:43:19, 2020-01-01T07:43:22, 2020-01-01T07:43:24, 2020-01-01T07:43:27, 2020-01-01T07:43:29, 2020-01-01T07:43:34, 2020-01-01T07:43:35, 2020-01-01T07:43:37, 2020-01-01T07:43:42, 2020-01-01T07:43:43, 2020-01-01T07:43:47, 2020-01-01T07:43:51, 2020-01-01T07:43:55, 2020-01-01T07:43:58, 2020-01-01T07:44:04, 2020-01-01T07:44:06, 2020-01-01T07:44:09, 2020-01-01T07:44:15, 2020-01-01T07:44:19, 2020-01-01T07:44:24, 2020-01-01T07:44:25, 2020-01-01T07:44:27, 2020-01-01T07:44:33, 2020-01-01T07:44:34, 2020-01-01T07:44:37, 2020-01-01T07:44:39, 2020-01-01T07:44:41, 2020-01-01T07:44:47, 2020-01-01T07:44:54, 2020-01-01T07:44:55, 2020-01-01T07:44:57, 2020-01-01T07:45:13, 2020-01-01T07:45:17, 2020-01-01T07:45:21, 2020-01-01T07:45:23, 2020-01-01T07:45:25, 2020-01-01T07:45:34, 2020-01-01T07:45:35, 2020-01-01T07:45:52, 2020-01-01T07:45:53, 2020-01-01T07:45:54, 2020-01-01T07:46:04, 2020-01-01T07:46:06, 2020-01-01T07:46:08, 2020-01-01T07:46:12, 2020-01-01T07:46:18, 2020-01-01T07:46:23, 2020-01-01T07:46:29, 2020-01-01T07:46:36, 2020-01-01T07:46:43, 2020-01-01T07:46:45, 2020-01-01T07:46:47, 2020-01-01T07:46:51, 2020-01-01T07:46:53, 2020-01-01T07:47:22, 2020-01-01T07:47:50, 2020-01-01T07:47:51, 2020-01-01T07:47:55, 2020-01-01T07:47:58, 2020-01-01T07:48:48, 2020-01-01T07:49:03, 2020-01-01T07:49:05, 2020-01-01T07:49:06, 2020-01-01T07:49:09, 2020-01-01T07:49:11, 2020-01-01T07:49:13, 2020-01-01T07:49:15, 2020-01-01T07:49:17, 2020-01-01T07:49:18, 2020-01-01T07:49:22, 2020-01-01T07:49:23, 2020-01-01T07:49:24, 2020-01-01T07:49:27, 2020-01-01T07:49:32, 2020-01-01T07:49:34, 2020-01-01T07:49:36, 2020-01-01T07:49:38, 2020-01-01T07:49:43, 2020-01-01T07:49:44, 2020-01-01T07:49:45, 2020-01-01T07:49:46, 2020-01-01T07:49:48, 2020-01-01T07:49:59, 2020-01-01T07:50:12, 2020-01-01T07:50:13, 2020-01-01T07:50:21, 2020-01-01T07:50:23, 2020-01-01T07:50:26, 2020-01-01T07:50:29, 2020-01-01T07:50:39, 2020-01-01T07:50:51, 2020-01-01T07:50:53, 2020-01-01T07:50:57, 2020-01-01T08:00:35, 2020-01-01T08:12:55, 2020-01-01T08:21:47, 2020-01-01T08:31:17, 2020-01-01T08:46:35, 2020-01-01T08:56:15, 2020-01-01T09:06:15, 2020-01-01T09:16:22, 2020-01-01T09:26:45, 2020-01-01T09:36:22, 2020-01-01T09:45:07, 2020-01-01T09:45:30, 2020-01-01T09:45:33, 2020-01-01T09:45:39, 2020-01-01T09:55:32, 2020-01-01T10:09:55, 2020-01-01T10:20:14, 2020-01-01T10:36:50, 2020-01-01T10:55:15, 2020-01-01T11:15:41, 2020-01-01T11:35:39, 2020-01-01T11:55:16, 2020-01-01T12:16:42, 2020-01-01T12:16:52, 2020-01-01T12:36:01, 2020-01-01T13:00:39, 2020-01-01T13:20:39, 2020-01-01T13:40:39, 2020-01-01T13:50:30, 2020-01-01T14:10:39, 2020-01-01T14:30:39, 2020-01-01T14:50:05, 2020-01-01T15:10:39, 2020-01-01T15:30:32, 2020-01-01T15:50:05, 2020-01-01T15:51:01, 2020-01-01T16:11:12, 2020-01-01T16:31:53, 2020-01-01T16:50:39, 2020-01-01T17:10:05, 2020-01-01T17:24:00, 2020-01-01T17:25:23, 2020-01-01T17:44:00, 2020-01-01T17:54:37, 2020-01-01T18:04:43, 2020-01-01T18:14:42, 2020-01-01T18:45:04, 2020-01-01T19:01:21, 2020-01-01T19:20:38, 2020-01-01T19:41:20, 2020-01-01T20:00:05, 2020-01-01T20:10:18, 2020-01-01T20:19:06, 2020-01-01T20:29:33, 2020-01-01T20:39:17, 2020-01-01T21:00:54, 2020-01-01T21:10:21, 2020-01-01T21:20:11, 2020-01-01T21:30:20, 2020-01-01T21:40:55, 2020-01-01T21:50:14, 2020-01-01T22:00:15, 2020-01-01T22:00:16, 2020-01-01T22:00:29, 2020-01-01T22:00:46, 2020-01-01T22:16:45, 2020-01-01T22:31:47, 2020-01-01T22:47:25, 2020-01-01T22:57:58, 2020-01-01T23:08:54, 2020-01-01T23:19:54, 2020-01-01T23:34:59, 2020-01-01T23:50:42" }, "geometry": { "type": "LineString", "coordinates": [ [ -99.144824, 19.467189 ], [ -99.144933, 19.467328 ], [ -99.145077, 19.467813 ], [ -99.144228, 19.467656 ], [ -99.144795, 19.46758 ], [ -99.14481, 19.467694 ], [ -99.144791, 19.467762 ], [ -99.144813, 19.467598 ], [ -99.144822, 19.467628 ], [ -99.144846, 19.467555 ], [ -99.144783, 19.467744 ], [ -99.144789, 19.467699 ], [ -99.144771, 19.467783 ], [ -99.144756, 19.46779 ], [ -99.144849, 19.467618 ], [ -99.144775, 19.46767 ], [ -99.145005, 19.467754 ], [ -99.144977, 19.467764 ], [ -99.144795, 19.46758 ], [ -99.144995, 19.467768 ], [ -99.145027, 19.467784 ], [ -99.144827, 19.467012 ], [ -99.144755, 19.467342 ], [ -99.144737, 19.467368 ], [ -99.144787, 19.466953 ], [ -99.144758, 19.466951 ], [ -99.144783, 19.46697 ], [ -99.144774, 19.46695 ], [ -99.144828, 19.467015 ], [ -99.144846, 19.467097 ], [ -99.144795, 19.467004 ], [ -99.144757, 19.466971 ], [ -99.144814, 19.467 ], [ -99.144791, 19.466951 ], [ -99.14479, 19.46699 ], [ -99.144874, 19.467308 ], [ -99.144981, 19.46764 ], [ -99.144831, 19.467135 ], [ -99.144763, 19.467343 ], [ -99.144777, 19.467379 ], [ -99.144795, 19.46758 ], [ -99.144795, 19.46758 ], [ -99.144795, 19.46758 ], [ -99.144795, 19.46758 ], [ -99.144795, 19.46758 ], [ -99.144795, 19.46758 ], [ -99.144795, 19.46758 ], [ -99.144795, 19.46758 ], [ -99.144606, 19.467245 ], [ -99.143932, 19.468045 ], [ -99.143984, 19.46801 ], [ -99.144033, 19.467979 ], [ -99.143935, 19.468044 ], [ -99.143949, 19.468047 ], [ -99.143916, 19.468032 ], [ -99.145587, 19.467115 ], [ -99.145666, 19.466835 ], [ -99.145666, 19.466835 ], [ -99.145518, 19.467184 ], [ -99.14558, 19.467112 ], [ -99.143746, 19.467108 ], [ -99.152619, 19.463248 ], [ -99.153176, 19.463307 ], [ -99.153559, 19.46337 ], [ -99.154142, 19.463453 ], [ -99.147649, 19.463744 ], [ -99.147118, 19.463919 ], [ -99.148458, 19.463485 ], [ -99.146616, 19.464089 ], [ -99.151298, 19.463063 ], [ -99.151685, 19.463109 ], [ -99.152052, 19.463168 ], [ -99.149491, 19.463217 ], [ -99.148802, 19.463399 ], [ -99.15037, 19.463012 ], [ -99.161737, 19.460434 ], [ -99.162129, 19.460137 ], [ -99.162528, 19.45983 ], [ -99.162757, 19.459604 ], [ -99.158739, 19.463986 ], [ -99.158103, 19.464134 ], [ -99.156647, 19.463992 ], [ -99.156437, 19.463934 ], [ -99.157587, 19.464169 ], [ -99.160773, 19.46138 ], [ -99.161089, 19.460973 ], [ -99.161483, 19.460648 ], [ -99.160003, 19.462829 ], [ -99.159589, 19.463403 ], [ -99.160448, 19.462025 ], [ -99.15491, 19.463621 ], [ -99.155478, 19.463729 ], [ -99.155887, 19.463796 ], [ -99.164313, 19.450873 ], [ -99.16376, 19.456166 ], [ -99.163568, 19.457189 ], [ -99.163651, 19.45665 ], [ -99.164207, 19.452434 ], [ -99.164234, 19.452078 ], [ -99.164307, 19.451243 ], [ -99.164054, 19.45383 ], [ -99.164155, 19.452794 ], [ -99.163174, 19.458895 ], [ -99.163301, 19.45838 ], [ -99.163357, 19.458048 ], [ -99.166134, 19.442829 ], [ -99.16988, 19.435956 ], [ -99.177915, 19.423318 ], [ -99.174143, 19.428887 ], [ -99.179101, 19.4167 ], [ -99.179111, 19.416654 ], [ -99.179227, 19.416526 ], [ -99.179098, 19.416707 ], [ -99.178231, 19.418922 ], [ -99.178307, 19.418524 ], [ -99.178392, 19.418262 ], [ -99.178394, 19.421047 ], [ -99.178388, 19.420694 ], [ -99.178329, 19.420025 ], [ -99.178254, 19.419655 ], [ -99.179235, 19.416792 ], [ -99.179122, 19.417022 ], [ -99.179306, 19.416495 ], [ -99.178524, 19.41798 ], [ -99.178714, 19.41762 ], [ -99.178917, 19.417273 ], [ -99.178237, 19.422548 ], [ -99.178149, 19.422865 ], [ -99.178425, 19.421562 ], [ -99.173904, 19.414394 ], [ -99.173496, 19.414189 ], [ -99.17309, 19.413951 ], [ -99.177955, 19.416395 ], [ -99.177032, 19.415895 ], [ -99.178634, 19.416702 ], [ -99.1789, 19.416743 ], [ -99.178285, 19.416536 ], [ -99.175076, 19.415027 ], [ -99.175229, 19.415082 ], [ -99.174709, 19.414812 ], [ -99.174431, 19.414674 ], [ -99.176672, 19.415701 ], [ -99.17605, 19.415395 ], [ -99.179091, 19.416728 ], [ -99.179093, 19.416723 ], [ -99.179089, 19.416714 ], [ -99.17142, 19.413146 ], [ -99.170352, 19.412902 ], [ -99.171692, 19.413191 ], [ -99.171522, 19.41316 ], [ -99.171868, 19.413257 ], [ -99.170239, 19.415331 ], [ -99.170187, 19.415433 ], [ -99.172801, 19.413828 ], [ -99.172412, 19.413606 ], [ -99.172535, 19.413687 ], [ -99.167243, 19.412828 ], [ -99.167205, 19.412948 ], [ -99.167237, 19.412976 ], [ -99.168863, 19.414439 ], [ -99.168466, 19.41415 ], [ -99.169207, 19.414738 ], [ -99.169716, 19.415112 ], [ -99.167432, 19.412994 ], [ -99.168406, 19.413988 ], [ -99.168432, 19.414045 ], [ -99.168447, 19.413997 ], [ -99.169946, 19.415289 ], [ -99.169862, 19.415261 ], [ -99.166617, 19.412764 ], [ -99.16674, 19.412791 ], [ -99.167029, 19.412899 ], [ -99.167266, 19.41299 ], [ -99.166664, 19.412755 ], [ -99.165066, 19.410877 ], [ -99.165542, 19.410782 ], [ -99.165533, 19.410782 ], [ -99.165544, 19.410781 ], [ -99.165538, 19.410723 ], [ -99.165703, 19.410714 ], [ -99.165678, 19.410718 ], [ -99.165703, 19.410714 ], [ -99.165595, 19.410768 ], [ -99.165589, 19.410757 ], [ -99.165604, 19.410756 ], [ -99.165671, 19.410744 ], [ -99.165654, 19.41073 ], [ -99.1657, 19.410717 ], [ -99.165575, 19.410755 ], [ -99.165575, 19.410752 ], [ -99.165573, 19.410756 ], [ -99.165574, 19.410757 ], [ -99.165585, 19.410776 ], [ -99.165582, 19.410773 ], [ -99.165552, 19.410786 ], [ -99.165588, 19.410774 ], [ -99.165572, 19.410786 ], [ -99.165519, 19.410798 ], [ -99.165596, 19.410586 ], [ -99.165602, 19.410564 ], [ -99.165605, 19.410555 ], [ -99.165598, 19.410586 ], [ -99.165598, 19.410586 ], [ -99.165596, 19.410588 ], [ -99.165617, 19.410439 ], [ -99.165565, 19.41068 ], [ -99.165577, 19.410601 ], [ -99.165597, 19.410583 ], [ -99.165666, 19.410433 ], [ -99.165638, 19.410506 ], [ -99.165692, 19.410547 ], [ -99.165685, 19.410486 ], [ -99.165675, 19.41048 ], [ -99.165678, 19.410491 ], [ -99.165679, 19.410492 ], [ -99.165692, 19.410525 ], [ -99.165699, 19.410522 ], [ -99.165694, 19.410526 ], [ -99.165591, 19.410472 ], [ -99.165677, 19.41048 ], [ -99.165677, 19.41048 ], [ -99.165676, 19.41049 ], [ -99.165671, 19.41049 ], [ -99.165676, 19.410478 ], [ -99.165676, 19.410484 ], [ -99.165673, 19.410487 ], [ -99.165673, 19.410487 ], [ -99.165673, 19.410487 ], [ -99.165673, 19.410487 ], [ -99.165673, 19.410487 ], [ -99.165673, 19.410487 ], [ -99.165673, 19.410487 ], [ -99.165673, 19.410487 ], [ -99.165673, 19.410487 ], [ -99.165673, 19.410487 ], [ -99.165673, 19.410487 ], [ -99.165676, 19.410478 ], [ -99.165676, 19.410478 ], [ -99.165676, 19.410478 ], [ -99.165676, 19.410478 ], [ -99.165676, 19.410478 ], [ -99.165676, 19.410478 ], [ -99.165676, 19.410478 ], [ -99.165676, 19.410478 ], [ -99.165676, 19.410478 ], [ -99.165676, 19.410478 ], [ -99.165676, 19.410478 ], [ -99.165676, 19.410478 ], [ -99.165697, 19.410499 ], [ -99.165678, 19.410493 ], [ -99.165677, 19.410478 ], [ -99.165675, 19.410478 ], [ -99.165699, 19.410475 ], [ -99.165707, 19.410481 ], [ -99.165686, 19.410452 ], [ -99.165653, 19.410443 ], [ -99.165648, 19.41044 ], [ -99.165648, 19.41044 ], [ -99.165648, 19.41044 ], [ -99.16565, 19.410467 ], [ -99.16565, 19.410437 ], [ -99.165657, 19.410447 ], [ -99.165654, 19.410461 ], [ -99.165671, 19.410461 ], [ -99.165654, 19.410457 ], [ -99.165675, 19.410451 ], [ -99.165658, 19.410461 ], [ -99.165639, 19.410446 ], [ -99.165665, 19.410414 ], [ -99.16564, 19.410348 ], [ -99.165666, 19.410414 ], [ -99.16564, 19.410348 ], [ -99.165666, 19.410414 ], [ -99.165673, 19.410481 ], [ -99.165677, 19.410489 ], [ -99.165678, 19.410455 ], [ -99.165671, 19.410457 ], [ -99.165681, 19.410453 ], [ -99.165681, 19.410451 ], [ -99.16568, 19.410454 ], [ -99.165675, 19.410452 ] ] } },
{ "type": "Feature", "properties": { "device_id": "3d0accc431ba47e9e3283bf40f7f81704bf335ec61e9d7912843fb2c3ce91392", "timestamps": "2020-01-01T06:23:49, 2020-01-01T06:24:55, 2020-01-01T06:25:01, 2020-01-01T06:25:04, 2020-01-01T06:25:07, 2020-01-01T06:25:11, 2020-01-01T06:25:18, 2020-01-01T06:29:56, 2020-01-01T06:29:58, 2020-01-01T06:30:01, 2020-01-01T06:30:04, 2020-01-01T06:30:09, 2020-01-01T06:35:00, 2020-01-01T06:35:03, 2020-01-01T06:35:07, 2020-01-01T06:35:12, 2020-01-01T06:35:16, 2020-01-01T06:40:04, 2020-01-01T06:40:09, 2020-01-01T06:40:16, 2020-01-01T06:40:24, 2020-01-01T06:45:43, 2020-01-01T06:45:48, 2020-01-01T06:45:54, 2020-01-01T06:46:01, 2020-01-01T06:47:35, 2020-01-01T06:47:47, 2020-01-01T06:53:12, 2020-01-01T06:53:18, 2020-01-01T06:54:16, 2020-01-01T07:24:18, 2020-01-01T07:58:42, 2020-01-01T07:58:57, 2020-01-01T09:04:37, 2020-01-01T09:04:43, 2020-01-01T09:05:01, 2020-01-01T09:05:07, 2020-01-01T09:05:58, 2020-01-01T09:23:38, 2020-01-01T09:24:20, 2020-01-01T09:44:01, 2020-01-01T10:12:55, 2020-01-01T10:14:18, 2020-01-01T10:14:24, 2020-01-01T10:14:33, 2020-01-01T10:14:41, 2020-01-01T10:15:25, 2020-01-01T10:15:26, 2020-01-01T10:17:25, 2020-01-01T10:17:30, 2020-01-01T10:18:15, 2020-01-01T10:18:21, 2020-01-01T10:20:04, 2020-01-01T10:20:06, 2020-01-01T10:24:03, 2020-01-01T10:24:07, 2020-01-01T10:33:21, 2020-01-01T10:33:27, 2020-01-01T10:33:29, 2020-01-01T10:34:15, 2020-01-01T10:34:33, 2020-01-01T10:39:33, 2020-01-01T10:39:44, 2020-01-01T10:40:55, 2020-01-01T10:41:01, 2020-01-01T10:41:50, 2020-01-01T10:43:06, 2020-01-01T10:52:30, 2020-01-01T10:53:12, 2020-01-01T10:57:32, 2020-01-01T10:58:23, 2020-01-01T11:24:04, 2020-01-01T11:24:44, 2020-01-01T11:25:32, 2020-01-01T11:26:14, 2020-01-01T11:28:11, 2020-01-01T11:28:53, 2020-01-01T12:24:39, 2020-01-01T12:24:56, 2020-01-01T12:35:00, 2020-01-01T12:39:15, 2020-01-01T12:39:21, 2020-01-01T12:41:37, 2020-01-01T12:47:50, 2020-01-01T12:53:57, 2020-01-01T12:54:24, 2020-01-01T12:54:28, 2020-01-01T12:54:32, 2020-01-01T12:54:36, 2020-01-01T12:54:40, 2020-01-01T12:54:43, 2020-01-01T12:55:06, 2020-01-01T12:55:11, 2020-01-01T12:55:54, 2020-01-01T12:55:55, 2020-01-01T12:56:00, 2020-01-01T12:56:10, 2020-01-01T13:02:46, 2020-01-01T13:02:49, 2020-01-01T13:02:52, 2020-01-01T13:02:54, 2020-01-01T13:02:56, 2020-01-01T13:02:59, 2020-01-01T13:03:02, 2020-01-01T13:03:04, 2020-01-01T13:07:46, 2020-01-01T13:07:49, 2020-01-01T13:07:52, 2020-01-01T13:07:55, 2020-01-01T13:07:58, 2020-01-01T13:08:01, 2020-01-01T13:08:04, 2020-01-01T13:12:47, 2020-01-01T13:12:50, 2020-01-01T13:17:41, 2020-01-01T13:17:48, 2020-01-01T13:17:49, 2020-01-01T13:17:55, 2020-01-01T13:22:35, 2020-01-01T13:22:40, 2020-01-01T13:23:56, 2020-01-01T22:50:45, 2020-01-01T22:50:49, 2020-01-01T22:55:27, 2020-01-01T22:55:32, 2020-01-01T22:55:40, 2020-01-01T23:01:23, 2020-01-01T23:01:25, 2020-01-01T23:01:28, 2020-01-01T23:01:31, 2020-01-01T23:01:35, 2020-01-01T23:01:40, 2020-01-01T23:02:12, 2020-01-01T23:06:23, 2020-01-01T23:06:24, 2020-01-01T23:08:30" }, "geometry": { "type": "LineString", "coordinates": [ [ -99.04856, 19.49777 ], [ -99.045671, 19.494182 ], [ -99.046031, 19.493308 ], [ -99.046221, 19.492811 ], [ -99.046416, 19.492369 ], [ -99.04664, 19.491892 ], [ -99.046846, 19.491434 ], [ -99.078395, 19.451599 ], [ -99.078884, 19.451351 ], [ -99.079325, 19.451104 ], [ -99.079751, 19.450809 ], [ -99.080178, 19.450424 ], [ -99.111996, 19.421607 ], [ -99.112155, 19.421048 ], [ -99.11227, 19.420556 ], [ -99.112398, 19.420098 ], [ -99.112299, 19.41961 ], [ -99.137276, 19.403239 ], [ -99.136786, 19.402637 ], [ -99.136906, 19.401297 ], [ -99.136965, 19.400584 ], [ -99.157542, 19.384836 ], [ -99.157788, 19.383791 ], [ -99.157904, 19.383329 ], [ -99.158003, 19.382742 ], [ -99.158992, 19.379819 ], [ -99.159283, 19.378952 ], [ -99.159701, 19.375546 ], [ -99.159571, 19.375612 ], [ -99.15971, 19.375587 ], [ -99.159592, 19.375438 ], [ -99.15987, 19.375718 ], [ -99.160351, 19.375835 ], [ -99.159587, 19.375635 ], [ -99.159593, 19.375688 ], [ -99.159587, 19.375684 ], [ -99.159584, 19.375684 ], [ -99.159608, 19.375696 ], [ -99.160133, 19.375588 ], [ -99.160197, 19.375595 ], [ -99.158665, 19.376304 ], [ -99.159642, 19.375642 ], [ -99.159603, 19.375732 ], [ -99.15957, 19.375673 ], [ -99.158829, 19.374524 ], [ -99.161337, 19.375756 ], [ -99.16208, 19.375958 ], [ -99.16208, 19.375958 ], [ -99.160207, 19.375342 ], [ -99.15972, 19.375403 ], [ -99.159583, 19.375743 ], [ -99.159607, 19.375723 ], [ -99.159623, 19.375663 ], [ -99.159657, 19.375634 ], [ -99.159604, 19.375696 ], [ -99.159603, 19.375698 ], [ -99.159594, 19.375691 ], [ -99.159566, 19.375641 ], [ -99.159249, 19.375268 ], [ -99.159705, 19.375027 ], [ -99.159619, 19.375679 ], [ -99.159705, 19.375015 ], [ -99.159704, 19.375026 ], [ -99.1596, 19.375676 ], [ -99.159581, 19.37567 ], [ -99.159505, 19.375598 ], [ -99.159421, 19.375625 ], [ -99.159966, 19.37573 ], [ -99.159946, 19.375714 ], [ -99.159941, 19.375794 ], [ -99.159936, 19.375812 ], [ -99.159929, 19.375714 ], [ -99.159929, 19.375714 ], [ -99.159929, 19.375714 ], [ -99.159929, 19.375714 ], [ -99.159929, 19.375714 ], [ -99.159929, 19.375714 ], [ -99.159742, 19.375669 ], [ -99.159637, 19.375682 ], [ -99.159607, 19.375642 ], [ -99.159596, 19.375645 ], [ -99.159597, 19.375656 ], [ -99.159603, 19.375642 ], [ -99.159606, 19.375682 ], [ -99.159833, 19.375655 ], [ -99.161108, 19.371233 ], [ -99.161219, 19.370777 ], [ -99.161354, 19.370198 ], [ -99.161478, 19.369652 ], [ -99.161591, 19.369167 ], [ -99.161708, 19.368677 ], [ -99.16247, 19.36546 ], [ -99.162665, 19.364973 ], [ -99.162984, 19.361401 ], [ -99.163001, 19.361283 ], [ -99.163033, 19.360792 ], [ -99.163114, 19.360333 ], [ -99.101159, 19.380085 ], [ -99.101045, 19.380958 ], [ -99.100978, 19.381601 ], [ -99.100945, 19.382065 ], [ -99.100899, 19.382533 ], [ -99.100802, 19.383203 ], [ -99.100685, 19.383874 ], [ -99.100609, 19.38434 ], [ -99.086328, 19.437128 ], [ -99.086197, 19.437964 ], [ -99.08609, 19.43857 ], [ -99.085937, 19.439176 ], [ -99.085706, 19.439822 ], [ -99.085483, 19.440436 ], [ -99.085368, 19.440965 ], [ -99.052644, 19.469389 ], [ -99.052382, 19.468967 ], [ -99.064029, 19.495227 ], [ -99.065375, 19.495144 ], [ -99.065369, 19.495151 ], [ -99.064924, 19.494977 ], [ -99.065375, 19.495144 ], [ -99.065386, 19.495135 ], [ -99.063845, 19.495366 ], [ -99.067693, 19.459444 ], [ -99.068155, 19.4591 ], [ -99.102939, 19.45065 ], [ -99.10345, 19.450833 ], [ -99.103896, 19.450994 ], [ -99.138646, 19.465291 ], [ -99.139144, 19.465307 ], [ -99.13967, 19.465325 ], [ -99.140189, 19.465342 ], [ -99.140797, 19.465373 ], [ -99.141333, 19.465514 ], [ -99.144989, 19.46655 ], [ -99.145818, 19.466446 ], [ -99.145814, 19.466461 ], [ -99.145254, 19.466554 ] ] } },
{ "type": "Feature", "properties": { "device_id": "63e96dc91b1d2d1ce4dde8a3fc86b8aad3bc00d9b644f520203332790a8c124c", "timestamps": "2020-01-01T06:02:35, 2020-01-01T06:02:36, 2020-01-01T06:02:40, 2020-01-01T06:08:57, 2020-01-01T06:15:38, 2020-01-01T06:16:02, 2020-01-01T06:16:51, 2020-01-01T06:22:44, 2020-01-01T06:29:33, 2020-01-01T06:39:00, 2020-01-01T06:39:01, 2020-01-01T06:39:31, 2020-01-01T06:39:42, 2020-01-01T06:44:00, 2020-01-01T06:48:59, 2020-01-01T06:49:06, 2020-01-01T06:59:01, 2020-01-01T06:59:02, 2020-01-01T06:59:52, 2020-01-01T07:09:02, 2020-01-01T07:14:33, 2020-01-01T07:19:03, 2020-01-01T07:19:04, 2020-01-01T07:24:07, 2020-01-01T07:24:08, 2020-01-01T07:29:02, 2020-01-01T07:29:51, 2020-01-01T07:30:39, 2020-01-01T07:30:48, 2020-01-01T07:30:49, 2020-01-01T08:17:10, 2020-01-01T08:17:16, 2020-01-01T08:17:24, 2020-01-01T08:17:25, 2020-01-01T08:17:33, 2020-01-01T08:22:17, 2020-01-01T08:22:27, 2020-01-01T08:26:08, 2020-01-01T08:26:30, 2020-01-01T08:26:45, 2020-01-01T08:26:59, 2020-01-01T08:31:59, 2020-01-01T08:37:19, 2020-01-01T08:37:29, 2020-01-01T08:41:06, 2020-01-01T08:41:56, 2020-01-01T08:43:45, 2020-01-01T08:47:18, 2020-01-01T08:47:19, 2020-01-01T08:47:28, 2020-01-01T08:47:29, 2020-01-01T08:58:26, 2020-01-01T09:01:15, 2020-01-01T09:02:30, 2020-01-01T09:02:45, 2020-01-01T09:10:06, 2020-01-01T09:12:14, 2020-01-01T09:12:15, 2020-01-01T09:12:19, 2020-01-01T09:12:24, 2020-01-01T09:12:29, 2020-01-01T09:12:36, 2020-01-01T09:12:38, 2020-01-01T09:12:39, 2020-01-01T09:12:47, 2020-01-01T09:13:05, 2020-01-01T09:13:06, 2020-01-01T09:13:07, 2020-01-01T09:14:20, 2020-01-01T09:14:31, 2020-01-01T09:17:34, 2020-01-01T09:21:23, 2020-01-01T09:24:35, 2020-01-01T09:24:36, 2020-01-01T09:24:40, 2020-01-01T09:31:30, 2020-01-01T09:34:37, 2020-01-01T09:34:38, 2020-01-01T09:40:32, 2020-01-01T09:40:41, 2020-01-01T09:44:38, 2020-01-01T09:44:39, 2020-01-01T09:51:38, 2020-01-01T09:53:35, 2020-01-01T09:53:42, 2020-01-01T10:00:59, 2020-01-01T10:03:32, 2020-01-01T10:03:33, 2020-01-01T10:09:18, 2020-01-01T10:09:28, 2020-01-01T10:13:33, 2020-01-01T10:15:38, 2020-01-01T10:15:39, 2020-01-01T10:15:49, 2020-01-01T10:52:08, 2020-01-01T10:52:11, 2020-01-01T10:52:12, 2020-01-01T10:52:22, 2020-01-01T10:52:27, 2020-01-01T10:52:58, 2020-01-01T10:59:31, 2020-01-01T10:59:32, 2020-01-01T11:04:32, 2020-01-01T11:04:41, 2020-01-01T11:09:33, 2020-01-01T11:09:34, 2020-01-01T11:14:33, 2020-01-01T11:19:34, 2020-01-01T11:19:35, 2020-01-01T11:19:43, 2020-01-01T11:24:36, 2020-01-01T11:29:36, 2020-01-01T11:29:37, 2020-01-01T11:30:39, 2020-01-01T11:35:03, 2020-01-01T11:35:54, 2020-01-01T11:39:37, 2020-01-01T11:39:38, 2020-01-01T11:45:31, 2020-01-01T11:46:41, 2020-01-01T11:49:39, 2020-01-01T11:49:49, 2020-01-01T11:52:06, 2020-01-01T11:52:49, 2020-01-01T11:52:55, 2020-01-01T11:52:56, 2020-01-01T12:05:05, 2020-01-01T12:05:50, 2020-01-01T12:06:03, 2020-01-01T12:06:05, 2020-01-01T12:06:08, 2020-01-01T12:06:50, 2020-01-01T12:06:54, 2020-01-01T12:10:07, 2020-01-01T12:12:08, 2020-01-01T12:14:08, 2020-01-01T12:18:08, 2020-01-01T12:18:58, 2020-01-01T12:21:02, 2020-01-01T12:21:51, 2020-01-01T12:23:08, 2020-01-01T12:26:55, 2020-01-01T12:27:06, 2020-01-01T12:32:08, 2020-01-01T12:32:58, 2020-01-01T12:37:09, 2020-01-01T12:37:10, 2020-01-01T12:42:09, 2020-01-01T12:47:09, 2020-01-01T12:47:10, 2020-01-01T12:47:59, 2020-01-01T12:50:02, 2020-01-01T12:50:51, 2020-01-01T12:52:10, 2020-01-01T12:57:10, 2020-01-01T13:02:10, 2020-01-01T13:02:25, 2020-01-01T13:07:10, 2020-01-01T13:12:10, 2020-01-01T13:15:16, 2020-01-01T13:15:26, 2020-01-01T13:15:27, 2020-01-01T13:17:02, 2020-01-01T13:17:28, 2020-01-01T13:17:51, 2020-01-01T13:19:29, 2020-01-01T13:21:30, 2020-01-01T13:22:16, 2020-01-01T13:22:27, 2020-01-01T13:25:31, 2020-01-01T13:30:31, 2020-01-01T13:30:41, 2020-01-01T13:30:42, 2020-01-01T13:32:33, 2020-01-01T13:32:44, 2020-01-01T13:35:31, 2020-01-01T13:40:31, 2020-01-01T13:40:32, 2020-01-01T13:45:31, 2020-01-01T13:45:32, 2020-01-01T13:45:41, 2020-01-01T13:48:03, 2020-01-01T13:48:54, 2020-01-01T13:50:31, 2020-01-01T13:50:55, 2020-01-01T13:52:26, 2020-01-01T13:55:31, 2020-01-01T13:56:01, 2020-01-01T14:01:04, 2020-01-01T14:01:53, 2020-01-01T14:03:33, 2020-01-01T14:03:44, 2020-01-01T14:04:53, 2020-01-01T14:10:40, 2020-01-01T14:15:35, 2020-01-01T14:15:40, 2020-01-01T14:19:03, 2020-01-01T14:19:54, 2020-01-01T14:20:40, 2020-01-01T14:22:24, 2020-01-01T14:27:23, 2020-01-01T14:32:14, 2020-01-01T14:32:23, 2020-01-01T14:34:33, 2020-01-01T14:34:44, 2020-01-01T14:37:23, 2020-01-01T14:42:23, 2020-01-01T14:44:33, 2020-01-01T14:46:51, 2020-01-01T14:47:00, 2020-01-01T14:47:55, 2020-01-01T14:48:06, 2020-01-01T14:48:56, 2020-01-01T14:50:02, 2020-01-01T14:50:51, 2020-01-01T14:54:52, 2020-01-01T14:55:01, 2020-01-01T14:55:32, 2020-01-01T14:55:52, 2020-01-01T14:55:53, 2020-01-01T14:57:12, 2020-01-01T14:57:21, 2020-01-01T14:57:39, 2020-01-01T14:57:49, 2020-01-01T15:00:08, 2020-01-01T15:03:51, 2020-01-01T15:06:05, 2020-01-01T15:06:07, 2020-01-01T15:06:50, 2020-01-01T15:07:02, 2020-01-01T15:07:51, 2020-01-01T15:09:01, 2020-01-01T15:11:04, 2020-01-01T15:11:53, 2020-01-01T15:14:18, 2020-01-01T15:14:19, 2020-01-01T15:14:28, 2020-01-01T15:15:54, 2020-01-01T15:19:26, 2020-01-01T16:22:12, 2020-01-01T16:52:28, 2020-01-01T16:59:36, 2020-01-01T17:01:30, 2020-01-01T17:01:45, 2020-01-01T17:03:08, 2020-01-01T17:03:30, 2020-01-01T17:04:54, 2020-01-01T17:07:36, 2020-01-01T17:07:46, 2020-01-01T17:13:39, 2020-01-01T17:13:49, 2020-01-01T17:22:24, 2020-01-01T17:22:25, 2020-01-01T17:25:11, 2020-01-01T17:25:22, 2020-01-01T17:27:21, 2020-01-01T17:28:01, 2020-01-01T17:28:52, 2020-01-01T18:04:34, 2020-01-01T18:17:34, 2020-01-01T18:21:05, 2020-01-01T18:21:50, 2020-01-01T18:24:31, 2020-01-01T18:24:38, 2020-01-01T18:24:42, 2020-01-01T18:28:32, 2020-01-01T18:32:34, 2020-01-01T18:34:35, 2020-01-01T18:36:34, 2020-01-01T18:36:43, 2020-01-01T18:39:10, 2020-01-01T18:43:11, 2020-01-01T18:43:12, 2020-01-01T18:47:18, 2020-01-01T18:49:47, 2020-01-01T18:50:12, 2020-01-01T18:53:04, 2020-01-01T18:57:22, 2020-01-01T19:01:25, 2020-01-01T19:03:17, 2020-01-01T19:03:28, 2020-01-01T19:05:27, 2020-01-01T19:09:27, 2020-01-01T19:13:29, 2020-01-01T19:15:19, 2020-01-01T19:17:29, 2020-01-01T19:21:30, 2020-01-01T19:22:22, 2020-01-01T19:24:22, 2020-01-01T19:28:14, 2020-01-01T19:28:23, 2020-01-01T19:31:08, 2020-01-01T19:40:19, 2020-01-01T19:42:31, 2020-01-01T19:44:31, 2020-01-01T19:46:32, 2020-01-01T19:50:36, 2020-01-01T19:52:11, 2020-01-01T19:52:14, 2020-01-01T19:52:22, 2020-01-01T19:52:29, 2020-01-01T19:52:30, 2020-01-01T19:52:31, 2020-01-01T19:54:23, 2020-01-01T19:54:24, 2020-01-01T19:58:26, 2020-01-01T20:02:30, 2020-01-01T20:04:12, 2020-01-01T20:04:21, 2020-01-01T20:04:31, 2020-01-01T20:04:41, 2020-01-01T20:06:30, 2020-01-01T20:06:45, 2020-01-01T20:10:34, 2020-01-01T20:12:01, 2020-01-01T20:12:52, 2020-01-01T20:14:35, 2020-01-01T20:14:40, 2020-01-01T20:14:41, 2020-01-01T20:18:38, 2020-01-01T20:18:48, 2020-01-01T20:22:41, 2020-01-01T20:24:44, 2020-01-01T20:25:03, 2020-01-01T20:25:54, 2020-01-01T20:25:56, 2020-01-01T20:26:07, 2020-01-01T20:26:57, 2020-01-01T20:28:40, 2020-01-01T20:30:04, 2020-01-01T20:30:31, 2020-01-01T20:30:53, 2020-01-01T20:31:34, 2020-01-01T20:31:43, 2020-01-01T20:31:53, 2020-01-01T20:32:42, 2020-01-01T20:34:04, 2020-01-01T20:34:33, 2020-01-01T20:34:44, 2020-01-01T20:35:04, 2020-01-01T20:35:53, 2020-01-01T20:36:43, 2020-01-01T20:40:42, 2020-01-01T20:42:36, 2020-01-01T20:44:47, 2020-01-01T20:44:48, 2020-01-01T20:49:35, 2020-01-01T20:49:36, 2020-01-01T20:49:40, 2020-01-01T20:50:04, 2020-01-01T20:50:06, 2020-01-01T20:50:07, 2020-01-01T20:50:40, 2020-01-01T20:50:56, 2020-01-01T20:52:40, 2020-01-01T20:52:46, 2020-01-01T20:52:47, 2020-01-01T20:54:00, 2020-01-01T21:00:17, 2020-01-01T21:07:00, 2020-01-01T21:07:55, 2020-01-01T21:12:11, 2020-01-01T21:17:12, 2020-01-01T21:21:07, 2020-01-01T21:21:57, 2020-01-01T21:22:13, 2020-01-01T21:22:24, 2020-01-01T21:22:25, 2020-01-01T21:26:39, 2020-01-01T21:32:21, 2020-01-01T21:37:39, 2020-01-01T21:37:49, 2020-01-01T21:44:44, 2020-01-01T21:50:00, 2020-01-01T21:50:55, 2020-01-01T21:52:11, 2020-01-01T21:52:22, 2020-01-01T21:52:30, 2020-01-01T21:59:40, 2020-01-01T22:04:33, 2020-01-01T22:04:44, 2020-01-01T22:12:30, 2020-01-01T22:19:02, 2020-01-01T22:19:51, 2020-01-01T22:22:15, 2020-01-01T22:22:17, 2020-01-01T22:22:26, 2020-01-01T22:22:27, 2020-01-01T22:27:17, 2020-01-01T22:31:37, 2020-01-01T22:34:31, 2020-01-01T22:34:42, 2020-01-01T22:40:41, 2020-01-01T22:43:12, 2020-01-01T22:43:21, 2020-01-01T22:44:41, 2020-01-01T22:51:31, 2020-01-01T22:51:42, 2020-01-01T22:52:27, 2020-01-01T22:52:28, 2020-01-01T22:58:18, 2020-01-01T23:04:33, 2020-01-01T23:04:44, 2020-01-01T23:09:44, 2020-01-01T23:10:13, 2020-01-01T23:10:24, 2020-01-01T23:12:52, 2020-01-01T23:15:33, 2020-01-01T23:20:12, 2020-01-01T23:20:21, 2020-01-01T23:24:08, 2020-01-01T23:24:16, 2020-01-01T23:24:58, 2020-01-01T23:29:58, 2020-01-01T23:35:04, 2020-01-01T23:35:53, 2020-01-01T23:40:07, 2020-01-01T23:45:56, 2020-01-01T23:49:03, 2020-01-01T23:49:54, 2020-01-01T23:52:14, 2020-01-01T23:52:23, 2020-01-01T23:52:37, 2020-01-01T23:52:38, 2020-01-01T23:55:47, 2020-01-01T23:58:19, 2020-01-01T23:58:24, 2020-01-01T23:58:29" }, "geometry": { "type": "LineString", "coordinates": [ [ -99.111076, 19.482072 ], [ -99.111076, 19.482072 ], [ -99.111085, 19.482081 ], [ -99.11099, 19.482008 ], [ -99.11099, 19.482007 ], [ -99.11109, 19.48203 ], [ -99.111072, 19.482047 ], [ -99.111083, 19.482032 ], [ -99.111085, 19.482081 ], [ -99.111007, 19.482383 ], [ -99.111007, 19.482383 ], [ -99.111072, 19.482047 ], [ -99.11109, 19.48203 ], [ -99.111069, 19.482096 ], [ -99.111089, 19.482061 ], [ -99.111079, 19.482052 ], [ -99.111059, 19.4821 ], [ -99.111059, 19.4821 ], [ -99.111069, 19.4821 ], [ -99.111062, 19.482118 ], [ -99.111051, 19.482129 ], [ -99.111089, 19.482117 ], [ -99.111089, 19.482117 ], [ -99.11111, 19.482402 ], [ -99.11111, 19.482402 ], [ -99.111077, 19.482106 ], [ -99.111088, 19.482107 ], [ -99.111072, 19.482047 ], [ -99.111135, 19.481888 ], [ -99.11109, 19.48203 ], [ -99.111072, 19.482047 ], [ -99.111057, 19.482124 ], [ -99.111072, 19.482047 ], [ -99.11109, 19.48203 ], [ -99.111802, 19.481797 ], [ -99.111072, 19.482047 ], [ -99.11109, 19.48203 ], [ -99.111072, 19.482047 ], [ -99.111072, 19.482047 ], [ -99.11109, 19.48203 ], [ -99.111078, 19.482065 ], [ -99.111074, 19.482019 ], [ -99.111164, 19.482038 ], [ -99.111155, 19.482047 ], [ -99.111072, 19.482047 ], [ -99.11109, 19.48203 ], [ -99.111108, 19.482039 ], [ -99.111072, 19.482047 ], [ -99.111072, 19.482047 ], [ -99.110988, 19.482017 ], [ -99.11109, 19.48203 ], [ -99.111088, 19.482044 ], [ -99.111086, 19.482032 ], [ -99.11109, 19.48203 ], [ -99.111072, 19.482047 ], [ -99.111079, 19.482015 ], [ -99.111098, 19.482035 ], [ -99.111098, 19.482035 ], [ -99.111072, 19.482047 ], [ -99.111098, 19.482035 ], [ -99.11109, 19.48203 ], [ -99.111145, 19.48193 ], [ -99.111128, 19.481942 ], [ -99.11112, 19.481952 ], [ -99.111108, 19.481962 ], [ -99.110993, 19.482123 ], [ -99.110992, 19.482122 ], [ -99.110992, 19.482122 ], [ -99.111012, 19.48221 ], [ -99.111115, 19.482041 ], [ -99.110952, 19.482173 ], [ -99.111016, 19.482206 ], [ -99.111075, 19.482061 ], [ -99.111075, 19.482061 ], [ -99.111086, 19.482052 ], [ -99.111075, 19.482061 ], [ -99.111075, 19.482072 ], [ -99.111075, 19.482072 ], [ -99.111086, 19.482081 ], [ -99.111075, 19.482072 ], [ -99.111075, 19.482071 ], [ -99.111075, 19.482071 ], [ -99.111075, 19.482071 ], [ -99.110947, 19.48214 ], [ -99.111087, 19.482057 ], [ -99.111076, 19.482066 ], [ -99.111076, 19.482066 ], [ -99.111076, 19.482066 ], [ -99.111087, 19.482057 ], [ -99.111076, 19.482066 ], [ -99.111073, 19.482067 ], [ -99.110905, 19.482082 ], [ -99.1111, 19.48203 ], [ -99.111099, 19.482044 ], [ -99.1111, 19.48203 ], [ -99.111073, 19.482087 ], [ -99.111099, 19.482044 ], [ -99.111082, 19.482076 ], [ -99.111015, 19.482137 ], [ -99.111099, 19.482044 ], [ -99.111083, 19.482053 ], [ -99.111083, 19.482053 ], [ -99.111064, 19.482055 ], [ -99.111055, 19.482064 ], [ -99.111055, 19.482049 ], [ -99.111055, 19.482049 ], [ -99.111055, 19.482051 ], [ -99.111077, 19.482033 ], [ -99.111077, 19.482033 ], [ -99.111088, 19.482044 ], [ -99.111077, 19.482033 ], [ -99.111077, 19.482033 ], [ -99.111077, 19.482033 ], [ -99.110927, 19.482313 ], [ -99.111088, 19.482044 ], [ -99.111077, 19.482033 ], [ -99.111073, 19.482057 ], [ -99.111073, 19.482057 ], [ -99.111073, 19.482057 ], [ -99.111084, 19.482066 ], [ -99.111083, 19.482058 ], [ -99.111072, 19.482069 ], [ -99.111099, 19.482044 ], [ -99.111085, 19.482049 ], [ -99.11081, 19.482197 ], [ -99.1111, 19.48203 ], [ -99.111099, 19.482044 ], [ -99.1111, 19.48203 ], [ -99.1111, 19.48203 ], [ -99.111082, 19.482055 ], [ -99.110922, 19.482255 ], [ -99.111071, 19.482064 ], [ -99.111099, 19.482044 ], [ -99.111084, 19.482031 ], [ -99.111084, 19.48203 ], [ -99.111084, 19.482031 ], [ -99.111085, 19.482031 ], [ -99.111074, 19.482042 ], [ -99.1111, 19.48203 ], [ -99.111099, 19.482044 ], [ -99.111077, 19.482033 ], [ -99.111225, 19.48222 ], [ -99.111225, 19.48222 ], [ -99.111077, 19.482033 ], [ -99.111088, 19.482044 ], [ -99.111077, 19.482033 ], [ -99.111077, 19.482033 ], [ -99.111085, 19.482028 ], [ -99.111077, 19.482033 ], [ -99.111077, 19.482033 ], [ -99.111088, 19.482044 ], [ -99.1111, 19.48203 ], [ -99.111099, 19.482044 ], [ -99.111197, 19.482035 ], [ -99.111075, 19.482046 ], [ -99.111075, 19.482046 ], [ -99.111084, 19.482037 ], [ -99.111075, 19.482046 ], [ -99.111075, 19.482046 ], [ -99.111086, 19.482035 ], [ -99.111075, 19.482046 ], [ -99.111075, 19.482046 ], [ -99.1111, 19.48203 ], [ -99.111084, 19.482035 ], [ -99.111099, 19.482044 ], [ -99.111084, 19.482035 ], [ -99.111083, 19.482042 ], [ -99.111065, 19.482035 ], [ -99.111065, 19.482035 ], [ -99.111084, 19.482037 ], [ -99.111084, 19.482035 ], [ -99.111073, 19.482044 ], [ -99.111073, 19.482044 ], [ -99.1111, 19.48203 ], [ -99.111099, 19.482044 ], [ -99.111084, 19.482034 ], [ -99.111083, 19.482037 ], [ -99.111084, 19.482034 ], [ -99.111087, 19.482037 ], [ -99.111073, 19.482043 ], [ -99.111084, 19.482034 ], [ -99.1111, 19.48203 ], [ -99.111099, 19.482044 ], [ -99.111085, 19.482032 ], [ -99.111084, 19.482034 ], [ -99.111195, 19.481965 ], [ -99.111049, 19.482027 ], [ -99.111084, 19.482034 ], [ -99.111108, 19.482063 ], [ -99.111109, 19.482052 ], [ -99.1111, 19.48203 ], [ -99.111099, 19.482044 ], [ -99.111109, 19.482052 ], [ -99.111085, 19.482034 ], [ -99.111077, 19.482043 ], [ -99.111088, 19.482032 ], [ -99.1111, 19.48203 ], [ -99.111099, 19.482044 ], [ -99.110991, 19.482012 ], [ -99.111092, 19.482122 ], [ -99.111018, 19.482012 ], [ -99.111051, 19.482014 ], [ -99.111061, 19.482025 ], [ -99.1111, 19.48203 ], [ -99.111099, 19.482044 ], [ -99.110974, 19.481996 ], [ -99.11103, 19.482015 ], [ -99.111154, 19.482099 ], [ -99.111091, 19.482024 ], [ -99.111099, 19.482044 ], [ -99.1111, 19.48203 ], [ -99.1111, 19.48203 ], [ -99.111099, 19.482044 ], [ -99.111511, 19.483363 ], [ -99.111521, 19.483354 ], [ -99.112437, 19.483911 ], [ -99.112289, 19.483979 ], [ -99.112289, 19.483979 ], [ -99.11228, 19.48398 ], [ -99.112077, 19.483823 ], [ -99.11228, 19.48398 ], [ -99.112289, 19.483979 ], [ -99.113827, 19.487815 ], [ -99.113818, 19.487824 ], [ -99.119696, 19.485457 ], [ -99.132695, 19.490405 ], [ -99.132696, 19.490406 ], [ -99.132696, 19.490406 ], [ -99.132695, 19.490405 ], [ -99.132695, 19.490405 ], [ -99.132696, 19.490406 ], [ -99.1481, 19.49382 ], [ -99.153927, 19.495135 ], [ -99.153916, 19.495146 ], [ -99.15392, 19.49514 ], [ -99.153927, 19.495135 ], [ -99.153927, 19.495135 ], [ -99.154464, 19.49577 ], [ -99.1529, 19.49176 ], [ -99.145472, 19.46653 ], [ -99.14508, 19.466558 ], [ -99.14508, 19.466558 ], [ -99.14507, 19.466567 ], [ -99.14508, 19.46655 ], [ -99.14507, 19.466567 ], [ -99.14507, 19.466567 ], [ -99.14507, 19.466567 ], [ -99.14508, 19.46655 ], [ -99.14507, 19.466567 ], [ -99.14508, 19.46655 ], [ -99.14507, 19.466567 ], [ -99.145175, 19.466477 ], [ -99.145175, 19.466477 ], [ -99.145186, 19.466486 ], [ -99.14518, 19.46647 ], [ -99.145175, 19.466477 ], [ -99.14518, 19.46647 ], [ -99.145186, 19.466486 ], [ -99.14505, 19.466242 ], [ -99.145227, 19.466202 ], [ -99.145301, 19.466258 ], [ -99.145301, 19.466267 ], [ -99.145167, 19.466276 ], [ -99.145167, 19.466276 ], [ -99.145158, 19.466285 ], [ -99.145099, 19.466195 ], [ -99.145211, 19.466231 ], [ -99.145141, 19.466205 ], [ -99.145276, 19.466242 ], [ -99.145285, 19.466231 ], [ -99.145214, 19.466208 ], [ -99.14509, 19.466234 ], [ -99.14509, 19.466234 ], [ -99.14509, 19.466234 ], [ -99.14508, 19.466243 ], [ -99.145037, 19.466165 ], [ -99.145333, 19.466328 ], [ -99.145116, 19.466148 ], [ -99.145245, 19.466328 ], [ -99.145292, 19.466196 ], [ -99.145291, 19.466197 ], [ -99.145279, 19.466121 ], [ -99.14512, 19.466145 ], [ -99.145266, 19.466189 ], [ -99.145255, 19.466295 ], [ -99.145244, 19.466094 ], [ -99.145141, 19.466162 ], [ -99.145159, 19.466214 ], [ -99.14512, 19.46611 ], [ -99.145071, 19.466145 ], [ -99.145082, 19.466136 ], [ -99.145122, 19.466112 ], [ -99.145391, 19.466128 ], [ -99.145349, 19.466232 ], [ -99.144624, 19.46669 ], [ -99.144462, 19.466706 ], [ -99.144462, 19.466706 ], [ -99.14463, 19.46669 ], [ -99.144613, 19.46669 ], [ -99.144613, 19.46669 ], [ -99.144296, 19.466506 ], [ -99.144297, 19.466505 ], [ -99.144297, 19.466505 ], [ -99.144627, 19.466708 ], [ -99.144627, 19.466708 ], [ -99.14341, 19.466951 ], [ -99.142192, 19.467068 ], [ -99.14094, 19.467606 ], [ -99.14094, 19.4676 ], [ -99.14093, 19.467607 ], [ -99.14094, 19.467606 ], [ -99.140305, 19.468269 ], [ -99.140306, 19.468259 ], [ -99.138661, 19.468614 ], [ -99.14094, 19.467606 ], [ -99.14094, 19.4676 ], [ -99.127502, 19.482132 ], [ -99.127501, 19.482143 ], [ -99.127501, 19.482143 ], [ -99.1202, 19.496276 ], [ -99.1202, 19.496285 ], [ -99.120367, 19.49485 ], [ -99.124347, 19.486624 ], [ -99.124336, 19.486613 ], [ -99.124347, 19.486624 ], [ -99.123455, 19.487003 ], [ -99.123455, 19.487003 ], [ -99.124336, 19.486613 ], [ -99.122318, 19.486531 ], [ -99.124336, 19.486613 ], [ -99.121739, 19.486165 ], [ -99.12435, 19.48662 ], [ -99.12435, 19.48662 ], [ -99.124336, 19.486613 ], [ -99.124336, 19.486613 ], [ -99.118456, 19.485141 ], [ -99.11664, 19.483167 ], [ -99.11664, 19.483167 ], [ -99.11665, 19.483156 ], [ -99.11665, 19.48315 ], [ -99.11664, 19.483167 ], [ -99.113828, 19.482735 ], [ -99.111444, 19.4821 ], [ -99.111151, 19.482011 ], [ -99.111086, 19.482028 ], [ -99.111086, 19.482028 ], [ -99.11109, 19.48202 ], [ -99.111077, 19.482017 ], [ -99.111077, 19.482017 ], [ -99.111047, 19.48216 ], [ -99.11109, 19.48202 ], [ -99.111047, 19.48216 ], [ -99.111085, 19.482031 ], [ -99.111077, 19.482017 ], [ -99.111085, 19.482031 ], [ -99.11081, 19.482323 ], [ -99.11081, 19.482323 ], [ -99.110821, 19.482312 ], [ -99.110811, 19.482323 ], [ -99.110811, 19.482323 ], [ -99.110821, 19.482312 ], [ -99.110811, 19.482323 ], [ -99.110811, 19.482323 ], [ -99.111077, 19.482017 ], [ -99.11109, 19.48202 ], [ -99.111074, 19.482031 ], [ -99.111083, 19.482041 ], [ -99.111083, 19.482041 ], [ -99.111083, 19.482041 ], [ -99.111083, 19.482041 ], [ -99.111083, 19.482041 ], [ -99.111074, 19.482031 ], [ -99.111083, 19.482041 ], [ -99.111083, 19.482041 ], [ -99.111074, 19.482031 ], [ -99.111077, 19.482017 ], [ -99.11109, 19.48202 ], [ -99.11115, 19.48192 ], [ -99.11115, 19.48192 ], [ -99.11114, 19.48191 ], [ -99.11115, 19.48192 ], [ -99.11115, 19.48192 ], [ -99.11114, 19.48191 ], [ -99.11115, 19.48192 ], [ -99.111858, 19.481493 ], [ -99.111869, 19.481494 ], [ -99.11186, 19.481492 ], [ -99.111858, 19.481493 ], [ -99.111858, 19.481493 ], [ -99.111858, 19.481493 ], [ -99.111869, 19.481494 ], [ -99.111858, 19.481493 ], [ -99.111858, 19.481493 ], [ -99.11186, 19.48149 ], [ -99.111869, 19.481494 ], [ -99.111858, 19.481493 ], [ -99.111869, 19.481494 ], [ -99.111858, 19.481493 ], [ -99.111037, 19.481973 ], [ -99.111037, 19.481973 ], [ -99.111037, 19.481974 ], [ -99.111046, 19.481985 ], [ -99.111037, 19.481974 ], [ -99.111037, 19.481974 ], [ -99.11108, 19.48203 ], [ -99.111088, 19.482044 ], [ -99.111037, 19.481974 ], [ -99.111037, 19.481974 ], [ -99.111046, 19.481985 ], [ -99.111037, 19.481974 ], [ -99.111073, 19.482032 ], [ -99.111037, 19.481974 ], [ -99.111084, 19.482043 ], [ -99.111084, 19.482043 ], [ -99.111084, 19.482043 ], [ -99.111073, 19.482032 ], [ -99.111084, 19.482043 ], [ -99.111084, 19.482043 ], [ -99.11108, 19.48203 ], [ -99.111088, 19.482044 ], [ -99.111075, 19.482041 ], [ -99.111084, 19.482031 ], [ -99.111068, 19.482052 ], [ -99.111068, 19.482052 ], [ -99.111068, 19.482052 ], [ -99.111088, 19.482044 ], [ -99.111068, 19.482052 ], [ -99.11108, 19.48203 ] ] } },
{ "type": "Feature", "properties": { "device_id": "bffe54513bf892f7bd0f6e4f8151e65027f02f544b37d24a00e3beab1116e623", "timestamps": "2020-01-01T09:29:17, 2020-01-01T09:29:29, 2020-01-01T09:29:30, 2020-01-01T09:29:42, 2020-01-01T09:29:43, 2020-01-01T09:50:47, 2020-01-01T12:15:02, 2020-01-01T12:15:08, 2020-01-01T12:16:01, 2020-01-01T12:16:07, 2020-01-01T12:16:55, 2020-01-01T12:16:57, 2020-01-01T12:31:05, 2020-01-01T12:38:22, 2020-01-01T12:46:04, 2020-01-01T12:46:53, 2020-01-01T12:58:24, 2020-01-01T13:13:33, 2020-01-01T13:13:44, 2020-01-01T13:16:09, 2020-01-01T13:16:12, 2020-01-01T13:16:19, 2020-01-01T13:28:56, 2020-01-01T13:30:44, 2020-01-01T13:31:01, 2020-01-01T13:32:00, 2020-01-01T13:45:52, 2020-01-01T13:49:44, 2020-01-01T13:50:39, 2020-01-01T13:59:49, 2020-01-01T14:00:44, 2020-01-01T14:00:58, 2020-01-01T14:06:20, 2020-01-01T14:16:20, 2020-01-01T14:22:09, 2020-01-01T14:29:54, 2020-01-01T14:34:15, 2020-01-01T14:45:11, 2020-01-01T14:53:16, 2020-01-01T14:53:19, 2020-01-01T14:53:29, 2020-01-01T14:53:36, 2020-01-01T14:58:40, 2020-01-01T15:10:11, 2020-01-01T15:10:28, 2020-01-01T15:12:28, 2020-01-01T15:24:10, 2020-01-01T15:40:19, 2020-01-01T15:44:37, 2020-01-01T16:06:07, 2020-01-01T16:10:10, 2020-01-01T16:10:22, 2020-01-01T16:10:33, 2020-01-01T16:19:30, 2020-01-01T16:19:46, 2020-01-01T16:23:54, 2020-01-01T16:30:17, 2020-01-01T16:32:36, 2020-01-01T16:32:40, 2020-01-01T16:41:51, 2020-01-01T16:46:15, 2020-01-01T16:48:22, 2020-01-01T16:52:24, 2020-01-01T16:55:48, 2020-01-01T16:56:11, 2020-01-01T17:00:13, 2020-01-01T17:00:21, 2020-01-01T17:07:21, 2020-01-01T17:11:29, 2020-01-01T17:11:46, 2020-01-01T17:13:37, 2020-01-01T17:15:38, 2020-01-01T17:15:49, 2020-01-01T17:19:51, 2020-01-01T17:21:06, 2020-01-01T17:23:30, 2020-01-01T17:27:33, 2020-01-01T17:27:46, 2020-01-01T17:31:45, 2020-01-01T17:35:52, 2020-01-01T17:39:06, 2020-01-01T17:39:56, 2020-01-01T17:41:08, 2020-01-01T17:47:41, 2020-01-01T17:53:40, 2020-01-01T18:03:22, 2020-01-01T18:03:28, 2020-01-01T18:05:35, 2020-01-01T18:07:35, 2020-01-01T18:07:41, 2020-01-01T18:13:45, 2020-01-01T18:18:53, 2020-01-01T18:20:04, 2020-01-01T18:26:11, 2020-01-01T18:30:21, 2020-01-01T18:32:15, 2020-01-01T18:33:37, 2020-01-01T18:38:04, 2020-01-01T18:38:53, 2020-01-01T18:44:03, 2020-01-01T18:44:54, 2020-01-01T18:49:40, 2020-01-01T18:49:43, 2020-01-01T18:49:52, 2020-01-01T18:50:06, 2020-01-01T18:50:30, 2020-01-01T18:50:36, 2020-01-01T18:50:43, 2020-01-01T18:50:58, 2020-01-01T18:51:11, 2020-01-01T18:51:25, 2020-01-01T18:51:46, 2020-01-01T18:51:53, 2020-01-01T18:52:07, 2020-01-01T18:52:18, 2020-01-01T18:52:35, 2020-01-01T18:52:49, 2020-01-01T18:53:07, 2020-01-01T18:53:15, 2020-01-01T18:53:36, 2020-01-01T18:53:42, 2020-01-01T18:53:54, 2020-01-01T18:54:04, 2020-01-01T18:54:18, 2020-01-01T18:54:32, 2020-01-01T18:54:46, 2020-01-01T18:55:01, 2020-01-01T18:55:20, 2020-01-01T18:55:31, 2020-01-01T18:55:32, 2020-01-01T18:58:04, 2020-01-01T19:02:04, 2020-01-01T19:03:20, 2020-01-01T19:11:00, 2020-01-01T19:13:00, 2020-01-01T19:14:06, 2020-01-01T19:16:27, 2020-01-01T19:20:31, 2020-01-01T19:24:18, 2020-01-01T19:24:28, 2020-01-01T19:28:30, 2020-01-01T19:32:38, 2020-01-01T19:36:31, 2020-01-01T19:36:42, 2020-01-01T19:40:54, 2020-01-01T19:45:04, 2020-01-01T19:49:29, 2020-01-01T20:01:37, 2020-01-01T20:12:26, 2020-01-01T20:12:50, 2020-01-01T20:15:04, 2020-01-01T20:15:40, 2020-01-01T20:15:53, 2020-01-01T20:38:27, 2020-01-01T20:38:38, 2020-01-01T20:38:44, 2020-01-01T20:38:48, 2020-01-01T20:40:47, 2020-01-01T20:42:54, 2020-01-01T20:45:11, 2020-01-01T20:45:31, 2020-01-01T20:45:51, 2020-01-01T20:46:10, 2020-01-01T20:46:31, 2020-01-01T20:46:50, 2020-01-01T20:49:13, 2020-01-01T20:53:15, 2020-01-01T20:53:20, 2020-01-01T20:57:19, 2020-01-01T21:01:22, 2020-01-01T21:05:11, 2020-01-01T21:05:22, 2020-01-01T21:09:13, 2020-01-01T21:09:24, 2020-01-01T21:10:32, 2020-01-01T21:19:54, 2020-01-01T21:37:10, 2020-01-01T21:40:09, 2020-01-01T21:40:10, 2020-01-01T21:40:21, 2020-01-01T21:40:35, 2020-01-01T21:44:34, 2020-01-01T21:57:24, 2020-01-01T22:10:05, 2020-01-01T22:12:45, 2020-01-01T22:23:59, 2020-01-01T22:35:29, 2020-01-01T22:40:14, 2020-01-01T22:40:31, 2020-01-01T22:40:41, 2020-01-01T22:48:23, 2020-01-01T23:00:49, 2020-01-01T23:09:56, 2020-01-01T23:11:03, 2020-01-01T23:11:45, 2020-01-01T23:16:14, 2020-01-01T23:16:24, 2020-01-01T23:19:56, 2020-01-01T23:20:07, 2020-01-01T23:20:11, 2020-01-01T23:20:20, 2020-01-01T23:20:31, 2020-01-01T23:20:45, 2020-01-01T23:20:56, 2020-01-01T23:21:03, 2020-01-01T23:21:13, 2020-01-01T23:21:24, 2020-01-01T23:21:46, 2020-01-01T23:21:57, 2020-01-01T23:22:03, 2020-01-01T23:22:14, 2020-01-01T23:22:31, 2020-01-01T23:22:42, 2020-01-01T23:23:06, 2020-01-01T23:23:16, 2020-01-01T23:23:22, 2020-01-01T23:23:33, 2020-01-01T23:23:57, 2020-01-01T23:24:19, 2020-01-01T23:24:38, 2020-01-01T23:24:58, 2020-01-01T23:25:21, 2020-01-01T23:26:19, 2020-01-01T23:26:29, 2020-01-01T23:26:48, 2020-01-01T23:27:11, 2020-01-01T23:31:15, 2020-01-01T23:35:30, 2020-01-01T23:39:42, 2020-01-01T23:39:47, 2020-01-01T23:39:55, 2020-01-01T23:40:06, 2020-01-01T23:40:33, 2020-01-01T23:40:42, 2020-01-01T23:40:52, 2020-01-01T23:41:14, 2020-01-01T23:41:38, 2020-01-01T23:41:51, 2020-01-01T23:46:05, 2020-01-01T23:50:11, 2020-01-01T23:50:23, 2020-01-01T23:50:34, 2020-01-01T23:54:12" }, "geometry": { "type": "LineString", "coordinates": [ [ -99.159043, 19.678092 ], [ -99.159043, 19.678092 ], [ -99.159218, 19.677967 ], [ -99.159227, 19.677957 ], [ -99.158919, 19.678084 ], [ -99.146223, 19.451467 ], [ -99.15898, 19.67808 ], [ -99.15898, 19.67808 ], [ -99.159011, 19.678087 ], [ -99.159074, 19.678124 ], [ -99.159021, 19.678078 ], [ -99.159085, 19.678115 ], [ -99.159085, 19.678115 ], [ -99.159092, 19.678106 ], [ -99.159083, 19.678094 ], [ -99.159072, 19.678095 ], [ -99.159072, 19.678095 ], [ -99.159071, 19.678103 ], [ -99.159081, 19.678104 ], [ -99.159086, 19.678095 ], [ -99.159106, 19.677945 ], [ -99.159105, 19.677934 ], [ -99.15913, 19.678071 ], [ -99.159093, 19.678097 ], [ -99.159093, 19.678097 ], [ -99.159094, 19.678098 ], [ -99.159094, 19.678098 ], [ -99.159078, 19.678084 ], [ -99.159097, 19.678099 ], [ -99.159098, 19.678099 ], [ -99.159092, 19.678106 ], [ -99.159092, 19.678106 ], [ -99.15906, 19.677822 ], [ -99.15906, 19.677822 ], [ -99.159086, 19.678107 ], [ -99.159079, 19.678106 ], [ -99.159146, 19.678117 ], [ -99.159137, 19.678128 ], [ -99.159108, 19.678096 ], [ -99.159109, 19.678094 ], [ -99.159137, 19.678128 ], [ -99.159107, 19.678095 ], [ -99.159108, 19.678096 ], [ -99.159094, 19.678106 ], [ -99.159094, 19.678106 ], [ -99.159095, 19.678105 ], [ -99.159095, 19.678105 ], [ -99.161371, 19.678856 ], [ -99.161581, 19.679023 ], [ -99.176135, 19.666585 ], [ -99.176168, 19.666363 ], [ -99.175851, 19.666146 ], [ -99.176373, 19.666548 ], [ -99.216876, 19.456671 ], [ -99.216887, 19.456681 ], [ -99.216887, 19.456681 ], [ -99.178344, 19.51734 ], [ -99.171557, 19.49196 ], [ -99.171566, 19.49197 ], [ -99.174087, 19.490498 ], [ -99.147911, 19.490909 ], [ -99.147921, 19.490909 ], [ -99.144722, 19.489363 ], [ -99.144644, 19.489157 ], [ -99.144666, 19.489593 ], [ -99.141075, 19.478689 ], [ -99.141084, 19.478678 ], [ -99.141075, 19.478689 ], [ -99.140692, 19.46775 ], [ -99.140751, 19.467758 ], [ -99.142088, 19.466953 ], [ -99.143894, 19.467655 ], [ -99.143893, 19.467666 ], [ -99.146119, 19.467485 ], [ -99.146396, 19.467496 ], [ -99.147141, 19.467689 ], [ -99.145806, 19.465981 ], [ -99.145807, 19.465972 ], [ -99.145238, 19.4665 ], [ -99.145831, 19.466381 ], [ -99.145841, 19.466342 ], [ -99.145832, 19.466333 ], [ -99.145565, 19.466356 ], [ -99.145815, 19.4662 ], [ -99.14584, 19.466201 ], [ -99.145734, 19.466206 ], [ -99.145756, 19.466533 ], [ -99.145207, 19.466394 ], [ -99.145208, 19.466561 ], [ -99.145207, 19.466552 ], [ -99.144973, 19.466499 ], [ -99.145018, 19.466418 ], [ -99.145028, 19.466456 ], [ -99.14503, 19.466414 ], [ -99.145086, 19.466427 ], [ -99.145071, 19.466412 ], [ -99.145074, 19.466376 ], [ -99.145856, 19.466609 ], [ -99.145865, 19.466608 ], [ -99.14585, 19.466609 ], [ -99.14586, 19.466608 ], [ -99.145402, 19.466497 ], [ -99.145388, 19.466505 ], [ -99.145411, 19.466498 ], [ -99.145367, 19.466526 ], [ -99.145176, 19.46645 ], [ -99.14514, 19.466451 ], [ -99.145083, 19.466451 ], [ -99.144952, 19.466475 ], [ -99.14484, 19.466571 ], [ -99.144718, 19.466641 ], [ -99.144515, 19.466657 ], [ -99.144456, 19.466654 ], [ -99.144443, 19.466721 ], [ -99.144464, 19.466734 ], [ -99.144466, 19.466725 ], [ -99.14445, 19.466711 ], [ -99.144464, 19.466688 ], [ -99.14449, 19.466663 ], [ -99.144468, 19.466708 ], [ -99.144469, 19.466698 ], [ -99.14447, 19.466697 ], [ -99.144474, 19.466692 ], [ -99.144492, 19.46668 ], [ -99.144492, 19.466679 ], [ -99.144492, 19.466679 ], [ -99.144467, 19.466677 ], [ -99.144414, 19.466643 ], [ -99.144461, 19.466618 ], [ -99.144464, 19.466616 ], [ -99.144462, 19.466706 ], [ -99.144462, 19.466706 ], [ -99.144522, 19.46656 ], [ -99.144451, 19.466707 ], [ -99.144451, 19.466707 ], [ -99.144433, 19.466615 ], [ -99.144462, 19.466706 ], [ -99.144462, 19.466706 ], [ -99.144568, 19.46679 ], [ -99.144559, 19.46678 ], [ -99.144462, 19.466706 ], [ -99.144462, 19.466706 ], [ -99.144546, 19.46668 ], [ -99.144537, 19.46669 ], [ -99.144462, 19.466706 ], [ -99.144524, 19.466692 ], [ -99.144451, 19.466707 ], [ -99.145392, 19.466123 ], [ -99.145238, 19.466144 ], [ -99.145232, 19.466111 ], [ -99.14522, 19.466142 ], [ -99.145187, 19.466136 ], [ -99.14523, 19.466133 ], [ -99.145208, 19.466192 ], [ -99.145174, 19.466531 ], [ -99.145154, 19.467183 ], [ -99.145183, 19.466542 ], [ -99.145265, 19.466109 ], [ -99.145204, 19.466183 ], [ -99.145221, 19.466285 ], [ -99.145199, 19.466329 ], [ -99.14519, 19.466199 ], [ -99.145187, 19.466265 ], [ -99.1452, 19.466212 ], [ -99.1452, 19.466212 ], [ -99.145183, 19.466285 ], [ -99.145197, 19.466175 ], [ -99.145196, 19.466184 ], [ -99.145224, 19.466203 ], [ -99.145271, 19.466152 ], [ -99.145419, 19.466154 ], [ -99.145429, 19.466163 ], [ -99.145309, 19.466131 ], [ -99.145309, 19.466141 ], [ -99.145239, 19.466226 ], [ -99.145382, 19.466347 ], [ -99.145217, 19.466188 ], [ -99.145235, 19.466156 ], [ -99.145235, 19.466156 ], [ -99.145193, 19.466052 ], [ -99.145202, 19.466188 ], [ -99.145202, 19.466179 ], [ -99.145115, 19.466125 ], [ -99.145203, 19.466177 ], [ -99.145224, 19.466188 ], [ -99.145221, 19.466326 ], [ -99.145247, 19.466135 ], [ -99.145208, 19.466188 ], [ -99.145196, 19.466201 ], [ -99.145121, 19.466204 ], [ -99.145399, 19.466266 ], [ -99.144046, 19.467965 ], [ -99.143994, 19.467756 ], [ -99.144396, 19.46154 ], [ -99.143952, 19.460873 ], [ -99.147336, 19.44567 ], [ -99.147345, 19.44568 ], [ -99.151802, 19.446271 ], [ -99.151962, 19.446265 ], [ -99.152009, 19.446269 ], [ -99.152143, 19.446305 ], [ -99.15219, 19.446413 ], [ -99.152287, 19.446473 ], [ -99.152395, 19.446517 ], [ -99.152438, 19.446606 ], [ -99.152455, 19.446755 ], [ -99.152457, 19.446922 ], [ -99.152448, 19.447009 ], [ -99.152396, 19.447097 ], [ -99.152391, 19.447135 ], [ -99.152438, 19.447251 ], [ -99.152391, 19.447471 ], [ -99.152352, 19.447594 ], [ -99.152189, 19.447666 ], [ -99.15217, 19.447724 ], [ -99.152165, 19.447738 ], [ -99.152164, 19.44774 ], [ -99.151968, 19.448035 ], [ -99.151925, 19.448524 ], [ -99.151895, 19.448222 ], [ -99.151846, 19.448227 ], [ -99.15191, 19.448433 ], [ -99.152028, 19.448417 ], [ -99.152019, 19.448428 ], [ -99.152019, 19.448428 ], [ -99.152028, 19.448271 ], [ -99.152918, 19.457212 ], [ -99.173201, 19.495239 ], [ -99.183944, 19.538113 ], [ -99.184414, 19.538786 ], [ -99.184728, 19.539618 ], [ -99.185012, 19.54082 ], [ -99.186489, 19.546667 ], [ -99.187077, 19.549106 ], [ -99.187738, 19.551747 ], [ -99.189699, 19.555952 ], [ -99.193226, 19.559042 ], [ -99.19399, 19.560268 ], [ -99.185748, 19.597745 ], [ -99.180343, 19.635133 ], [ -99.180332, 19.635142 ], [ -99.180332, 19.635142 ], [ -99.176497, 19.665959 ] ] } },
{ "type": "Feature", "properties": { "device_id": "9c44b62cbc48022dad6084aa482c4d147f7d97827a16344b171281292131fefb", "timestamps": "2020-01-01T18:07:09, 2020-01-01T22:32:17, 2020-01-01T22:46:37, 2020-01-01T22:47:54, 2020-01-01T22:57:33, 2020-01-01T22:58:51, 2020-01-01T22:58:54, 2020-01-01T23:00:38, 2020-01-01T23:01:44, 2020-01-01T23:09:21, 2020-01-01T23:09:29, 2020-01-01T23:10:06, 2020-01-01T23:11:01, 2020-01-01T23:15:27, 2020-01-01T23:20:24, 2020-01-01T23:21:39, 2020-01-01T23:35:28" }, "geometry": { "type": "LineString", "coordinates": [ [ -99.14544, 19.46622 ], [ -99.14585, 19.46659 ], [ -99.1456, 19.46642 ], [ -99.145597, 19.466434 ], [ -99.145352, 19.466231 ], [ -99.145352, 19.466231 ], [ -99.14536, 19.46622 ], [ -99.145352, 19.466231 ], [ -99.14536, 19.46622 ], [ -99.14544, 19.46623 ], [ -99.145434, 19.466244 ], [ -99.145433, 19.466244 ], [ -99.14544, 19.46623 ], [ -99.14542, 19.46624 ], [ -99.1454, 19.46625 ], [ -99.14544, 19.46623 ], [ -99.14544, 19.46623 ] ] } },
{ "type": "Feature", "properties": { "device_id": "b02800dffffbec4883a1b23993d6ef0808aceb8e8b8c20ca8b442fc7dada8ce3", "timestamps": "2020-01-01T06:39:37, 2020-01-01T06:39:47, 2020-01-01T07:15:08, 2020-01-01T07:15:22, 2020-01-01T07:15:36, 2020-01-01T07:15:37, 2020-01-01T07:15:38, 2020-01-01T07:15:47, 2020-01-01T07:17:08, 2020-01-01T07:18:19, 2020-01-01T07:18:31, 2020-01-01T07:18:42, 2020-01-01T07:24:33, 2020-01-01T07:24:41, 2020-01-01T07:24:44, 2020-01-01T07:25:13, 2020-01-01T07:25:26, 2020-01-01T07:25:27, 2020-01-01T07:26:17, 2020-01-01T07:26:21, 2020-01-01T07:26:24, 2020-01-01T07:26:27, 2020-01-01T07:39:32, 2020-01-01T07:40:15, 2020-01-01T07:40:20, 2020-01-01T07:40:23, 2020-01-01T07:42:01, 2020-01-01T07:42:04, 2020-01-01T07:42:53, 2020-01-01T07:43:00, 2020-01-01T07:43:10, 2020-01-01T07:43:25, 2020-01-01T07:43:59, 2020-01-01T07:44:41, 2020-01-01T07:55:24, 2020-01-01T08:36:48, 2020-01-01T09:19:19, 2020-01-01T09:19:36, 2020-01-01T09:19:46, 2020-01-01T09:20:05, 2020-01-01T09:20:50, 2020-01-01T09:20:52, 2020-01-01T09:31:05, 2020-01-01T09:31:13, 2020-01-01T09:31:18, 2020-01-01T09:31:24, 2020-01-01T09:37:09, 2020-01-01T09:38:14, 2020-01-01T09:38:55, 2020-01-01T09:39:14, 2020-01-01T09:39:15, 2020-01-01T09:39:20, 2020-01-01T09:39:28, 2020-01-01T09:40:39, 2020-01-01T09:40:49, 2020-01-01T09:44:11, 2020-01-01T09:45:00, 2020-01-01T09:45:03, 2020-01-01T09:46:04, 2020-01-01T09:46:47, 2020-01-01T09:46:50, 2020-01-01T09:46:53, 2020-01-01T09:51:32, 2020-01-01T09:51:41, 2020-01-01T11:20:09, 2020-01-01T11:48:13, 2020-01-01T11:48:24, 2020-01-01T12:01:42, 2020-01-01T12:09:30, 2020-01-01T12:09:45, 2020-01-01T12:10:13, 2020-01-01T12:10:21, 2020-01-01T12:10:24, 2020-01-01T12:11:10, 2020-01-01T12:11:25, 2020-01-01T12:41:24, 2020-01-01T12:41:34, 2020-01-01T12:43:17, 2020-01-01T12:43:26, 2020-01-01T12:43:27, 2020-01-01T12:43:28, 2020-01-01T12:43:32, 2020-01-01T12:43:41, 2020-01-01T12:44:07, 2020-01-01T12:44:09, 2020-01-01T12:45:39, 2020-01-01T12:46:20, 2020-01-01T12:46:26, 2020-01-01T12:47:16, 2020-01-01T12:47:21, 2020-01-01T12:47:25, 2020-01-01T12:48:38, 2020-01-01T12:48:57, 2020-01-01T12:49:06, 2020-01-01T12:49:07, 2020-01-01T12:49:57, 2020-01-01T12:55:33, 2020-01-01T12:56:10, 2020-01-01T12:56:13, 2020-01-01T12:56:30, 2020-01-01T12:56:45, 2020-01-01T13:03:16, 2020-01-01T13:03:17, 2020-01-01T13:03:27, 2020-01-01T13:03:36, 2020-01-01T13:04:01, 2020-01-01T13:04:52, 2020-01-01T13:04:55, 2020-01-01T13:24:24, 2020-01-01T13:25:15, 2020-01-01T13:25:19, 2020-01-01T13:25:29, 2020-01-01T13:26:33, 2020-01-01T13:26:34, 2020-01-01T13:27:04, 2020-01-01T13:27:53, 2020-01-01T13:27:56, 2020-01-01T13:32:12, 2020-01-01T13:32:21, 2020-01-01T14:21:25, 2020-01-01T14:36:56, 2020-01-01T14:48:29, 2020-01-01T15:05:56, 2020-01-01T15:17:15, 2020-01-01T15:43:43, 2020-01-01T16:15:11, 2020-01-01T16:19:46, 2020-01-01T16:31:38, 2020-01-01T16:44:57, 2020-01-01T16:53:57, 2020-01-01T16:56:57, 2020-01-01T16:57:50, 2020-01-01T17:03:55, 2020-01-01T17:13:42, 2020-01-01T17:15:42, 2020-01-01T17:34:26, 2020-01-01T18:30:01, 2020-01-01T18:41:20, 2020-01-01T19:25:37, 2020-01-01T19:45:37, 2020-01-01T22:03:14, 2020-01-01T22:09:30, 2020-01-01T22:19:30, 2020-01-01T23:20:43, 2020-01-01T23:21:38, 2020-01-01T23:21:48, 2020-01-01T23:22:00" }, "geometry": { "type": "LineString", "coordinates": [ [ -99.145215, 19.466211 ], [ -99.14523, 19.46622 ], [ -99.144796, 19.46759 ], [ -99.145199, 19.466189 ], [ -99.145077, 19.467813 ], [ -99.144795, 19.46758 ], [ -99.144795, 19.46758 ], [ -99.1448, 19.46758 ], [ -99.144795, 19.46758 ], [ -99.144795, 19.46758 ], [ -99.1448, 19.46758 ], [ -99.144795, 19.46758 ], [ -99.1448, 19.46758 ], [ -99.144796, 19.46758 ], [ -99.144796, 19.46758 ], [ -99.144796, 19.46758 ], [ -99.144796, 19.46758 ], [ -99.144796, 19.46758 ], [ -99.1448, 19.46758 ], [ -99.144796, 19.46758 ], [ -99.144796, 19.46758 ], [ -99.144796, 19.46758 ], [ -99.148671, 19.46423 ], [ -99.14869, 19.46424 ], [ -99.148671, 19.46423 ], [ -99.148671, 19.46423 ], [ -99.145839, 19.46659 ], [ -99.145839, 19.46659 ], [ -99.14585, 19.46659 ], [ -99.145839, 19.46659 ], [ -99.14585, 19.46659 ], [ -99.145839, 19.46659 ], [ -99.145839, 19.46659 ], [ -99.145107, 19.467831 ], [ -99.144795, 19.46758 ], [ -99.144795, 19.46758 ], [ -99.145077, 19.467813 ], [ -99.14509, 19.46782 ], [ -99.145077, 19.467813 ], [ -99.14509, 19.46782 ], [ -99.145077, 19.467813 ], [ -99.144795, 19.46758 ], [ -99.14522, 19.467871 ], [ -99.14523, 19.467881 ], [ -99.144795, 19.46758 ], [ -99.14522, 19.467871 ], [ -99.14523, 19.467881 ], [ -99.14523, 19.467881 ], [ -99.14523, 19.467881 ], [ -99.14523, 19.467881 ], [ -99.14522, 19.467871 ], [ -99.14523, 19.467881 ], [ -99.14523, 19.467881 ], [ -99.14523, 19.467881 ], [ -99.14522, 19.46787 ], [ -99.144795, 19.46758 ], [ -99.14523, 19.467881 ], [ -99.14523, 19.467881 ], [ -99.14522, 19.46787 ], [ -99.14523, 19.467881 ], [ -99.14523, 19.467881 ], [ -99.14523, 19.467881 ], [ -99.145839, 19.46659 ], [ -99.14585, 19.46659 ], [ -99.145792, 19.466234 ], [ -99.145792, 19.466234 ], [ -99.1458, 19.46624 ], [ -99.144741, 19.466956 ], [ -99.145839, 19.46659 ], [ -99.14585, 19.46659 ], [ -99.14585, 19.46659 ], [ -99.145839, 19.46659 ], [ -99.145839, 19.46659 ], [ -99.14585, 19.46659 ], [ -99.145839, 19.46659 ], [ -99.144934, 19.467926 ], [ -99.144795, 19.46758 ], [ -99.144796, 19.46759 ], [ -99.144795, 19.46758 ], [ -99.144915, 19.467563 ], [ -99.144795, 19.46758 ], [ -99.1448, 19.46758 ], [ -99.144795, 19.46758 ], [ -99.144795, 19.46758 ], [ -99.144795, 19.46758 ], [ -99.144795, 19.46758 ], [ -99.144795, 19.46758 ], [ -99.144795, 19.46758 ], [ -99.144795, 19.46758 ], [ -99.144795, 19.46758 ], [ -99.144795, 19.46758 ], [ -99.144795, 19.46758 ], [ -99.144795, 19.46758 ], [ -99.144795, 19.46758 ], [ -99.144795, 19.46758 ], [ -99.1448, 19.46758 ], [ -99.14396, 19.46804 ], [ -99.14396, 19.46804 ], [ -99.14396, 19.46804 ], [ -99.14396, 19.46803 ], [ -99.14396, 19.46804 ], [ -99.14396, 19.46804 ], [ -99.14396, 19.46804 ], [ -99.14396, 19.46803 ], [ -99.14396, 19.46804 ], [ -99.14396, 19.46803 ], [ -99.14396, 19.46804 ], [ -99.14396, 19.46804 ], [ -99.144795, 19.46758 ], [ -99.144795, 19.46758 ], [ -99.1448, 19.46758 ], [ -99.144795, 19.46758 ], [ -99.144795, 19.46758 ], [ -99.144795, 19.46758 ], [ -99.1448, 19.46758 ], [ -99.144795, 19.46758 ], [ -99.144795, 19.46758 ], [ -99.145392, 19.466267 ], [ -99.1454, 19.46625 ], [ -99.144558, 19.468172 ], [ -99.146488, 19.472602 ], [ -99.152846, 19.491847 ], [ -99.181872, 19.538351 ], [ -99.181458, 19.610186 ], [ -99.160049, 19.622749 ], [ -99.12929, 19.625303 ], [ -99.12929, 19.625303 ], [ -99.129444, 19.625597 ], [ -99.12929, 19.625303 ], [ -99.12929, 19.625303 ], [ -99.12929, 19.625303 ], [ -99.12929, 19.625303 ], [ -99.12929, 19.625303 ], [ -99.12929, 19.625303 ], [ -99.129425, 19.625432 ], [ -99.129301, 19.625444 ], [ -99.131606, 19.627451 ], [ -99.130966, 19.628374 ], [ -99.128556, 19.626239 ], [ -99.129366, 19.625609 ], [ -99.12929, 19.625303 ], [ -99.129274, 19.625488 ], [ -99.12929, 19.625303 ], [ -99.12929, 19.625303 ], [ -99.12929, 19.625303 ], [ -99.12929, 19.625304 ], [ -99.129539, 19.625643 ] ] } },
{ "type": "Feature", "properties": { "device_id": "3888c9786ef3f3e6febf5126f1bb94e630219249cc5cdd4c8cf92880798c3c61", "timestamps": "2020-01-01T06:26:15, 2020-01-01T07:42:06, 2020-01-01T07:42:08, 2020-01-01T10:10:22, 2020-01-01T10:57:43, 2020-01-01T11:13:31, 2020-01-01T11:13:33, 2020-01-01T11:13:52, 2020-01-01T11:13:53, 2020-01-01T11:44:48, 2020-01-01T11:44:50, 2020-01-01T11:46:37, 2020-01-01T11:46:40, 2020-01-01T12:12:25, 2020-01-01T12:12:29, 2020-01-01T12:12:53, 2020-01-01T12:35:38, 2020-01-01T21:39:54, 2020-01-01T21:48:04, 2020-01-01T21:59:44, 2020-01-01T22:00:21, 2020-01-01T22:12:37, 2020-01-01T22:12:38, 2020-01-01T22:16:00, 2020-01-01T22:22:46, 2020-01-01T22:22:48, 2020-01-01T22:26:20, 2020-01-01T22:26:22, 2020-01-01T22:42:50, 2020-01-01T22:42:52, 2020-01-01T22:44:41, 2020-01-01T22:46:18, 2020-01-01T22:46:20, 2020-01-01T22:46:29, 2020-01-01T22:51:09, 2020-01-01T22:51:11, 2020-01-01T22:56:06, 2020-01-01T22:56:40, 2020-01-01T23:27:07, 2020-01-01T23:44:41, 2020-01-01T23:44:46, 2020-01-01T23:45:33, 2020-01-01T23:45:36, 2020-01-01T23:48:41, 2020-01-01T23:48:42, 2020-01-01T23:51:29, 2020-01-01T23:56:48, 2020-01-01T23:56:51, 2020-01-01T23:59:23, 2020-01-01T23:59:24, 2020-01-01T23:59:28" }, "geometry": { "type": "LineString", "coordinates": [ [ -99.14447, 19.46669 ], [ -99.14447, 19.46669 ], [ -99.144462, 19.466705 ], [ -99.14447, 19.46669 ], [ -99.14447, 19.46669 ], [ -99.144462, 19.466706 ], [ -99.144462, 19.466705 ], [ -99.144469, 19.466699 ], [ -99.144462, 19.466705 ], [ -99.144462, 19.466705 ], [ -99.144462, 19.466705 ], [ -99.144462, 19.466705 ], [ -99.14447, 19.46669 ], [ -99.144462, 19.466705 ], [ -99.144462, 19.466705 ], [ -99.14447, 19.46669 ], [ -99.14447, 19.46669 ], [ -98.80524, 19.20787 ], [ -98.80525, 19.20787 ], [ -98.805249, 19.20787 ], [ -98.80525, 19.20787 ], [ -98.805249, 19.20787 ], [ -98.805249, 19.20787 ], [ -98.80525, 19.20787 ], [ -98.80525, 19.20787 ], [ -98.805249, 19.20787 ], [ -98.80525, 19.20787 ], [ -98.80525, 19.20787 ], [ -98.80525, 19.20787 ], [ -98.80525, 19.20787 ], [ -98.805249, 19.20787 ], [ -98.805249, 19.20787 ], [ -98.80525, 19.20787 ], [ -98.805249, 19.20787 ], [ -98.805249, 19.20787 ], [ -98.80525, 19.20787 ], [ -98.80525, 19.20787 ], [ -98.805249, 19.20787 ], [ -98.80525, 19.20787 ], [ -98.80199, 19.212309 ], [ -98.80199, 19.212309 ], [ -98.80199, 19.212309 ], [ -98.80199, 19.212309 ], [ -98.80199, 19.212309 ], [ -98.80199, 19.212309 ], [ -98.80199, 19.212309 ], [ -98.80199, 19.212309 ], [ -98.80199, 19.212309 ], [ -98.80199, 19.212309 ], [ -98.80199, 19.212309 ], [ -98.80199, 19.212309 ] ] } },
{ "type": "Feature", "properties": { "device_id": "6d4610123d6eafbc791979efba6c414431cd1c2f779fcb0c4791fb923c9f6b31", "timestamps": "2020-01-01T06:01:24, 2020-01-01T06:07:46, 2020-01-01T06:13:09, 2020-01-01T06:14:16, 2020-01-01T06:14:26, 2020-01-01T06:20:17, 2020-01-01T06:22:38, 2020-01-01T06:22:44, 2020-01-01T06:22:48, 2020-01-01T06:28:44, 2020-01-01T06:34:43, 2020-01-01T06:37:38, 2020-01-01T06:37:48, 2020-01-01T06:40:43, 2020-01-01T06:46:43, 2020-01-01T06:52:33, 2020-01-01T06:52:34, 2020-01-01T06:52:38, 2020-01-01T06:52:47, 2020-01-01T06:52:48, 2020-01-01T06:59:54, 2020-01-01T07:05:15, 2020-01-01T07:07:34, 2020-01-01T07:07:43, 2020-01-01T07:11:12, 2020-01-01T07:17:48, 2020-01-01T07:22:33, 2020-01-01T07:22:44, 2020-01-01T07:23:48, 2020-01-01T07:30:24, 2020-01-01T07:36:24, 2020-01-01T07:37:30, 2020-01-01T07:37:45, 2020-01-01T07:42:23, 2020-01-01T07:48:23, 2020-01-01T07:52:36, 2020-01-01T07:52:46, 2020-01-01T07:54:23, 2020-01-01T08:00:48, 2020-01-01T08:07:31, 2020-01-01T08:07:42, 2020-01-01T08:08:02, 2020-01-01T08:15:14, 2020-01-01T08:21:14, 2020-01-01T08:22:31, 2020-01-01T08:22:42, 2020-01-01T08:26:34, 2020-01-01T08:26:38, 2020-01-01T08:26:48, 2020-01-01T08:34:15, 2020-01-01T08:40:39, 2020-01-01T08:41:38, 2020-01-01T08:41:48, 2020-01-01T08:46:02, 2020-01-01T08:53:14, 2020-01-01T08:56:39, 2020-01-01T08:56:49, 2020-01-01T09:00:55, 2020-01-01T09:06:51, 2020-01-01T09:11:05, 2020-01-01T09:11:50, 2020-01-01T09:12:51, 2020-01-01T09:18:14, 2020-01-01T09:24:18, 2020-01-01T09:26:02, 2020-01-01T09:26:51, 2020-01-01T09:30:30, 2020-01-01T09:34:59, 2020-01-01T09:37:54, 2020-01-01T09:41:04, 2020-01-01T09:41:53, 2020-01-01T09:43:57, 2020-01-01T09:49:57, 2020-01-01T09:55:57, 2020-01-01T09:56:03, 2020-01-01T09:56:54, 2020-01-01T10:01:19, 2020-01-01T10:07:46, 2020-01-01T10:11:00, 2020-01-01T10:11:55, 2020-01-01T10:13:49, 2020-01-01T10:19:49, 2020-01-01T10:25:49, 2020-01-01T10:26:06, 2020-01-01T10:26:56, 2020-01-01T10:32:51, 2020-01-01T10:38:54, 2020-01-01T10:41:08, 2020-01-01T10:41:58, 2020-01-01T10:44:57, 2020-01-01T10:50:16, 2020-01-01T10:56:09, 2020-01-01T10:56:17, 2020-01-01T10:56:59, 2020-01-01T11:02:49, 2020-01-01T11:08:35, 2020-01-01T11:08:49, 2020-01-01T11:12:00, 2020-01-01T11:12:55, 2020-01-01T11:14:49, 2020-01-01T11:20:49, 2020-01-01T11:27:01, 2020-01-01T11:27:13, 2020-01-01T11:27:52, 2020-01-01T11:31:05, 2020-01-01T11:31:30, 2020-01-01T11:31:45, 2020-01-01T11:37:30, 2020-01-01T11:43:30, 2020-01-01T11:46:05, 2020-01-01T11:46:50, 2020-01-01T11:49:30, 2020-01-01T11:55:05, 2020-01-01T12:01:02, 2020-01-01T12:01:51, 2020-01-01T12:02:58, 2020-01-01T12:08:59, 2020-01-01T12:14:49, 2020-01-01T12:16:01, 2020-01-01T12:16:52, 2020-01-01T12:20:35, 2020-01-01T12:26:34, 2020-01-01T12:31:03, 2020-01-01T12:31:54, 2020-01-01T12:33:51, 2020-01-01T12:39:12, 2020-01-01T12:39:14, 2020-01-01T12:46:00, 2020-01-01T12:46:32, 2020-01-01T12:46:55, 2020-01-01T12:52:32, 2020-01-01T12:59:51, 2020-01-01T13:01:06, 2020-01-01T13:01:56, 2020-01-01T13:05:51, 2020-01-01T13:11:51, 2020-01-01T13:16:08, 2020-01-01T13:16:58, 2020-01-01T13:17:49, 2020-01-01T13:23:49, 2020-01-01T13:29:31, 2020-01-01T13:31:09, 2020-01-01T13:31:59, 2020-01-01T13:36:51, 2020-01-01T13:42:51, 2020-01-01T13:47:00, 2020-01-01T13:47:55, 2020-01-01T13:48:57, 2020-01-01T13:54:57, 2020-01-01T14:00:57, 2020-01-01T14:05:08, 2020-01-01T14:05:49, 2020-01-01T14:07:34, 2020-01-01T14:07:43, 2020-01-01T14:11:30, 2020-01-01T14:20:09, 2020-01-01T14:28:51, 2020-01-01T14:34:18, 2020-01-01T14:44:58, 2020-01-01T14:52:07, 2020-01-01T15:00:55, 2020-01-01T15:06:31, 2020-01-01T15:15:56, 2020-01-01T15:22:08, 2020-01-01T15:23:13, 2020-01-01T15:23:14, 2020-01-01T15:23:24, 2020-01-01T16:07:14, 2020-01-01T16:07:19, 2020-01-01T16:07:26, 2020-01-01T16:07:28, 2020-01-01T16:07:29, 2020-01-01T16:09:02, 2020-01-01T16:09:51, 2020-01-01T16:34:13, 2020-01-01T16:39:03, 2020-01-01T16:46:57, 2020-01-01T16:53:06, 2020-01-01T16:58:57, 2020-01-01T17:04:58, 2020-01-01T17:10:20, 2020-01-01T17:16:20, 2020-01-01T17:22:47, 2020-01-01T17:29:21, 2020-01-01T17:42:15, 2020-01-01T17:45:35, 2020-01-01T17:49:05, 2020-01-01T17:55:52, 2020-01-01T18:05:03, 2020-01-01T18:10:27, 2020-01-01T18:16:19, 2020-01-01T18:22:43, 2020-01-01T18:34:13, 2020-01-01T18:40:13, 2020-01-01T18:46:10, 2020-01-01T18:48:09, 2020-01-01T18:48:59, 2020-01-01T18:54:07, 2020-01-01T18:57:34, 2020-01-01T19:07:05, 2020-01-01T19:07:50, 2020-01-01T19:16:26, 2020-01-01T19:22:09, 2020-01-01T19:23:06, 2020-01-01T19:23:56, 2020-01-01T19:28:09, 2020-01-01T19:41:28, 2020-01-01T19:48:11, 2020-01-01T19:49:36, 2020-01-01T19:49:46, 2020-01-01T19:57:43, 2020-01-01T20:02:15, 2020-01-01T20:02:20, 2020-01-01T20:10:04, 2020-01-01T20:16:06, 2020-01-01T20:22:08, 2020-01-01T20:23:03, 2020-01-01T20:23:54, 2020-01-01T20:33:58, 2020-01-01T20:40:40, 2020-01-01T20:45:09, 2020-01-01T20:48:11, 2020-01-01T20:50:32, 2020-01-01T20:50:41, 2020-01-01T21:00:12, 2020-01-01T21:13:34, 2020-01-01T21:22:24, 2020-01-01T21:28:23, 2020-01-01T21:47:08, 2020-01-01T21:47:58, 2020-01-01T22:24:14, 2020-01-01T22:24:20, 2020-01-01T22:24:21, 2020-01-01T22:24:23, 2020-01-01T22:24:28, 2020-01-01T22:30:21, 2020-01-01T22:31:16, 2020-01-01T22:31:26, 2020-01-01T22:31:57, 2020-01-01T22:33:31, 2020-01-01T22:33:42, 2020-01-01T22:43:24, 2020-01-01T22:44:51, 2020-01-01T22:49:21, 2020-01-01T22:55:19, 2020-01-01T23:01:42, 2020-01-01T23:08:53, 2020-01-01T23:16:13, 2020-01-01T23:22:41, 2020-01-01T23:24:19, 2020-01-01T23:24:29, 2020-01-01T23:28:34, 2020-01-01T23:38:06, 2020-01-01T23:39:08, 2020-01-01T23:41:20, 2020-01-01T23:42:20, 2020-01-01T23:43:20, 2020-01-01T23:46:13, 2020-01-01T23:54:15, 2020-01-01T23:54:20" }, "geometry": { "type": "LineString", "coordinates": [ [ -99.156037, 19.532228 ], [ -99.156037, 19.532228 ], [ -99.156037, 19.532228 ], [ -99.15605, 19.53221 ], [ -99.156037, 19.532228 ], [ -99.156037, 19.532228 ], [ -99.15605, 19.53221 ], [ -99.156037, 19.532228 ], [ -99.156037, 19.532228 ], [ -99.156044, 19.532225 ], [ -99.156044, 19.532225 ], [ -99.15605, 19.53221 ], [ -99.156037, 19.532228 ], [ -99.156046, 19.532224 ], [ -99.156049, 19.532225 ], [ -99.156037, 19.532228 ], [ -99.156037, 19.532228 ], [ -99.15605, 19.53221 ], [ -99.156015, 19.532226 ], [ -99.156037, 19.532228 ], [ -99.156013, 19.532226 ], [ -99.156046, 19.532223 ], [ -99.156037, 19.532228 ], [ -99.15605, 19.53221 ], [ -99.156045, 19.532223 ], [ -99.156048, 19.532224 ], [ -99.156037, 19.532228 ], [ -99.15605, 19.53221 ], [ -99.156048, 19.532224 ], [ -99.156048, 19.532224 ], [ -99.156048, 19.532224 ], [ -99.156037, 19.532228 ], [ -99.15605, 19.53221 ], [ -99.156048, 19.532224 ], [ -99.156048, 19.532224 ], [ -99.156037, 19.532228 ], [ -99.15605, 19.53221 ], [ -99.156048, 19.532224 ], [ -99.156048, 19.532224 ], [ -99.156048, 19.532224 ], [ -99.15604, 19.53221 ], [ -99.156048, 19.532224 ], [ -99.156048, 19.532224 ], [ -99.156048, 19.532224 ], [ -99.156048, 19.532224 ], [ -99.15604, 19.53221 ], [ -99.156048, 19.532224 ], [ -99.156048, 19.532224 ], [ -99.15604, 19.53221 ], [ -99.156046, 19.532224 ], [ -99.156046, 19.532224 ], [ -99.156048, 19.532224 ], [ -99.15604, 19.53221 ], [ -99.156046, 19.532224 ], [ -99.156046, 19.532224 ], [ -99.156048, 19.532224 ], [ -99.15604, 19.53221 ], [ -99.156046, 19.532224 ], [ -99.156046, 19.532224 ], [ -99.156048, 19.532224 ], [ -99.15604, 19.53221 ], [ -99.156046, 19.532224 ], [ -99.156046, 19.532224 ], [ -99.156046, 19.532224 ], [ -99.156048, 19.532224 ], [ -99.15604, 19.53221 ], [ -99.156046, 19.532224 ], [ -99.156046, 19.532224 ], [ -99.156046, 19.532224 ], [ -99.156048, 19.532224 ], [ -99.15604, 19.53221 ], [ -99.156046, 19.532224 ], [ -99.156046, 19.532224 ], [ -99.156046, 19.532224 ], [ -99.156048, 19.532224 ], [ -99.15604, 19.53221 ], [ -99.156046, 19.532224 ], [ -99.156046, 19.532224 ], [ -99.156048, 19.532224 ], [ -99.15604, 19.53221 ], [ -99.156046, 19.532224 ], [ -99.156046, 19.532224 ], [ -99.156046, 19.532224 ], [ -99.156048, 19.532224 ], [ -99.15604, 19.53221 ], [ -99.156046, 19.532224 ], [ -99.156046, 19.532224 ], [ -99.156048, 19.532224 ], [ -99.15604, 19.53221 ], [ -99.156046, 19.532224 ], [ -99.156046, 19.532224 ], [ -99.156048, 19.532224 ], [ -99.156046, 19.532224 ], [ -99.15604, 19.53221 ], [ -99.156046, 19.532224 ], [ -99.156046, 19.532224 ], [ -99.156046, 19.532224 ], [ -99.15604, 19.53221 ], [ -99.156048, 19.532224 ], [ -99.156046, 19.532224 ], [ -99.156046, 19.532224 ], [ -99.15604, 19.53221 ], [ -99.156046, 19.532224 ], [ -99.156048, 19.532224 ], [ -99.156048, 19.532224 ], [ -99.156048, 19.532224 ], [ -99.15604, 19.53221 ], [ -99.156046, 19.532223 ], [ -99.156048, 19.532224 ], [ -99.156048, 19.532224 ], [ -99.15604, 19.53221 ], [ -99.156048, 19.532223 ], [ -99.15604, 19.532228 ], [ -99.156048, 19.532224 ], [ -99.15604, 19.53221 ], [ -99.15604, 19.532228 ], [ -99.15604, 19.532228 ], [ -99.15604, 19.532228 ], [ -99.156048, 19.532224 ], [ -99.15604, 19.53221 ], [ -99.15604, 19.532228 ], [ -99.15604, 19.532228 ], [ -99.156048, 19.532224 ], [ -99.15604, 19.53221 ], [ -99.15604, 19.532228 ], [ -99.15604, 19.532228 ], [ -99.15604, 19.532228 ], [ -99.156048, 19.532224 ], [ -99.15604, 19.532228 ], [ -99.15604, 19.53221 ], [ -99.15604, 19.532228 ], [ -99.15604, 19.532228 ], [ -99.156048, 19.532224 ], [ -99.15604, 19.53221 ], [ -99.15604, 19.532228 ], [ -99.15604, 19.532228 ], [ -99.156048, 19.532224 ], [ -99.15604, 19.53221 ], [ -99.15604, 19.532228 ], [ -99.15604, 19.532228 ], [ -99.15604, 19.532228 ], [ -99.156048, 19.532224 ], [ -99.15604, 19.53221 ], [ -99.15604, 19.532228 ], [ -99.15604, 19.532228 ], [ -99.15604, 19.53221 ], [ -99.156048, 19.532224 ], [ -99.15604, 19.532228 ], [ -99.15604, 19.532228 ], [ -99.15604, 19.532228 ], [ -99.15604, 19.532228 ], [ -99.15604, 19.532228 ], [ -99.15604, 19.532228 ], [ -99.15603, 19.53221 ], [ -99.15604, 19.532228 ], [ -99.15604, 19.532228 ], [ -99.15604, 19.532228 ], [ -99.15604, 19.532228 ], [ -99.15604, 19.532228 ], [ -99.15604, 19.532228 ], [ -99.15604, 19.532228 ], [ -99.15604, 19.532228 ], [ -99.15604, 19.532228 ], [ -99.15604, 19.532228 ], [ -99.15604, 19.532228 ], [ -99.156015, 19.532146 ], [ -99.15603, 19.53221 ], [ -99.156015, 19.532146 ], [ -99.15603, 19.53221 ], [ -99.156015, 19.532146 ], [ -99.15604, 19.532228 ], [ -99.15604, 19.532228 ], [ -99.15604, 19.532228 ], [ -99.15603, 19.53221 ], [ -99.144002, 19.465202 ], [ -99.145915, 19.466588 ], [ -99.145881, 19.466575 ], [ -99.145869, 19.466558 ], [ -99.145816, 19.466585 ], [ -99.145838, 19.46659 ], [ -99.145854, 19.466587 ], [ -99.145851, 19.466586 ], [ -99.145824, 19.466549 ], [ -99.144385, 19.465048 ], [ -99.145779, 19.466641 ], [ -99.145764, 19.466896 ], [ -99.145866, 19.466753 ], [ -99.145885, 19.466795 ], [ -99.145767, 19.466672 ], [ -99.145763, 19.466586 ], [ -99.145763, 19.466586 ], [ -99.145763, 19.466586 ], [ -99.156601, 19.502434 ], [ -99.157143, 19.520388 ], [ -99.156135, 19.532213 ], [ -99.15714, 19.52037 ], [ -99.157143, 19.520388 ], [ -99.156069, 19.532249 ], [ -99.15714, 19.52037 ], [ -99.156049, 19.532248 ], [ -99.15604, 19.53223 ], [ -99.156073, 19.532216 ], [ -99.156073, 19.532216 ], [ -99.15609, 19.53222 ], [ -99.156073, 19.532216 ], [ -99.156073, 19.532216 ], [ -99.156067, 19.532248 ], [ -99.156067, 19.532248 ], [ -99.15606, 19.53223 ], [ -99.156067, 19.532248 ], [ -99.156067, 19.532248 ], [ -99.156067, 19.532248 ], [ -99.15606, 19.53223 ], [ -99.156016, 19.53224 ], [ -99.156069, 19.532249 ], [ -99.156066, 19.532241 ], [ -99.15599, 19.53222 ], [ -99.15598, 19.532211 ], [ -99.156066, 19.532241 ], [ -99.156066, 19.532241 ], [ -99.156066, 19.532241 ], [ -99.156066, 19.532241 ], [ -99.156066, 19.532241 ], [ -99.15606, 19.53223 ], [ -99.156066, 19.532241 ], [ -99.156066, 19.532241 ], [ -99.156066, 19.532241 ], [ -99.156066, 19.532241 ], [ -99.15606, 19.53223 ], [ -99.156066, 19.532241 ], [ -99.15606, 19.53223 ], [ -99.156066, 19.532241 ], [ -99.156066, 19.532241 ], [ -99.156066, 19.532241 ], [ -99.156066, 19.532241 ], [ -99.156066, 19.532241 ], [ -99.156066, 19.532241 ], [ -99.15606, 19.53223 ], [ -99.156066, 19.532241 ], [ -99.156066, 19.532241 ], [ -99.15606, 19.53223 ], [ -99.15798, 19.53261 ], [ -99.157941, 19.532619 ], [ -99.156036, 19.532246 ], [ -99.156035, 19.532246 ], [ -99.15605, 19.532217 ], [ -99.15605, 19.532217 ], [ -99.15605, 19.532217 ], [ -99.15605, 19.532217 ], [ -99.15604, 19.53222 ], [ -99.15605, 19.532217 ], [ -99.15605, 19.532217 ], [ -99.15605, 19.532217 ], [ -99.15605, 19.532217 ], [ -99.15605, 19.532217 ], [ -99.15605, 19.532217 ], [ -99.15605, 19.532217 ], [ -99.15605, 19.532217 ], [ -99.15605, 19.532217 ], [ -99.15604, 19.53222 ] ] } },
{ "type": "Feature", "properties": { "device_id": "f45e761ffa3f30e5f83b4f884025a44e3f71bbcfea0b626d2193f14279fe471b", "timestamps": "2020-01-01T12:07:01, 2020-01-01T12:07:04, 2020-01-01T12:07:52, 2020-01-01T12:12:02, 2020-01-01T12:12:39, 2020-01-01T12:12:49, 2020-01-01T12:16:03, 2020-01-01T12:16:05, 2020-01-01T12:16:37, 2020-01-01T12:16:47, 2020-01-01T12:16:50, 2020-01-01T12:16:54, 2020-01-01T12:17:00, 2020-01-01T12:17:55, 2020-01-01T12:19:06, 2020-01-01T12:19:31, 2020-01-01T12:19:42, 2020-01-01T12:19:56, 2020-01-01T12:20:13, 2020-01-01T12:20:24, 2020-01-01T12:20:42, 2020-01-01T12:21:04, 2020-01-01T12:21:08, 2020-01-01T12:21:13, 2020-01-01T12:21:18, 2020-01-01T12:21:24, 2020-01-01T12:21:28, 2020-01-01T12:21:53, 2020-01-01T12:21:58, 2020-01-01T12:22:33, 2020-01-01T12:22:44, 2020-01-01T12:23:03, 2020-01-01T12:23:09, 2020-01-01T12:23:16, 2020-01-01T12:23:26, 2020-01-01T12:23:54, 2020-01-01T12:23:59, 2020-01-01T12:24:31, 2020-01-01T12:24:35, 2020-01-01T12:24:49, 2020-01-01T12:25:06, 2020-01-01T12:25:56, 2020-01-01T12:26:19, 2020-01-01T12:26:29, 2020-01-01T12:26:35, 2020-01-01T12:26:45, 2020-01-01T12:27:07, 2020-01-01T12:27:32, 2020-01-01T12:27:41, 2020-01-01T12:27:57, 2020-01-01T12:31:11, 2020-01-01T12:31:22, 2020-01-01T12:36:07, 2020-01-01T12:36:12, 2020-01-01T12:36:21, 2020-01-01T12:36:57, 2020-01-01T12:40:36, 2020-01-01T12:40:46, 2020-01-01T12:41:10, 2020-01-01T12:41:25, 2020-01-01T12:46:01, 2020-01-01T12:46:16, 2020-01-01T12:46:26, 2020-01-01T12:46:52, 2020-01-01T12:49:17, 2020-01-01T12:49:27, 2020-01-01T12:51:04, 2020-01-01T12:51:53, 2020-01-01T12:55:03, 2020-01-01T12:55:54, 2020-01-01T12:56:16, 2020-01-01T12:56:26, 2020-01-01T13:09:15, 2020-01-01T13:09:20, 2020-01-01T13:10:07, 2020-01-01T13:10:57, 2020-01-01T13:13:10, 2020-01-01T13:13:25, 2020-01-01T13:15:01, 2020-01-01T13:15:52, 2020-01-01T13:19:17, 2020-01-01T13:19:27, 2020-01-01T13:20:31, 2020-01-01T13:20:42, 2020-01-01T13:24:13, 2020-01-01T13:24:24, 2020-01-01T13:25:35, 2020-01-01T13:25:40, 2020-01-01T13:29:00, 2020-01-01T13:29:55, 2020-01-01T13:30:05, 2020-01-01T13:30:50, 2020-01-01T13:31:31, 2020-01-01T13:31:42, 2020-01-01T13:34:08, 2020-01-01T13:34:58, 2020-01-01T13:37:31, 2020-01-01T13:37:42, 2020-01-01T13:44:38, 2020-01-01T13:44:48, 2020-01-01T13:45:12, 2020-01-01T13:45:21, 2020-01-01T13:49:12, 2020-01-01T13:49:21, 2020-01-01T13:50:05, 2020-01-01T13:50:50, 2020-01-01T13:55:02, 2020-01-01T13:55:37, 2020-01-01T13:55:47, 2020-01-01T13:55:51, 2020-01-01T14:06:02, 2020-01-01T14:06:08, 2020-01-01T14:06:51, 2020-01-01T14:06:58, 2020-01-01T14:10:08, 2020-01-01T14:10:58, 2020-01-01T14:11:12, 2020-01-01T14:11:21, 2020-01-01T14:16:12, 2020-01-01T14:16:21, 2020-01-01T14:16:38, 2020-01-01T14:16:48, 2020-01-01T14:21:02, 2020-01-01T14:21:08, 2020-01-01T14:21:16, 2020-01-01T14:21:26, 2020-01-01T14:21:51, 2020-01-01T14:21:58, 2020-01-01T14:26:14, 2020-01-01T14:31:08, 2020-01-01T14:31:36, 2020-01-01T14:31:46, 2020-01-01T14:31:58, 2020-01-01T14:35:35, 2020-01-01T14:35:40, 2020-01-01T14:36:13, 2020-01-01T14:36:24, 2020-01-01T14:40:11, 2020-01-01T14:40:22, 2020-01-01T14:41:31, 2020-01-01T14:41:42, 2020-01-01T14:46:09, 2020-01-01T14:46:22, 2020-01-01T14:46:59, 2020-01-01T14:51:01, 2020-01-01T14:51:32, 2020-01-01T14:51:41, 2020-01-01T14:56:37, 2020-01-01T14:56:47, 2020-01-01T15:01:10, 2020-01-01T15:01:25, 2020-01-01T15:02:33, 2020-01-01T15:02:44, 2020-01-01T15:07:02, 2020-01-01T15:07:32, 2020-01-01T15:07:41, 2020-01-01T15:07:51, 2020-01-01T15:15:05, 2020-01-01T15:15:32, 2020-01-01T15:15:41, 2020-01-01T15:15:50, 2020-01-01T15:20:31, 2020-01-01T15:25:17, 2020-01-01T15:25:27, 2020-01-01T15:26:04, 2020-01-01T15:26:53, 2020-01-01T15:28:35, 2020-01-01T15:28:40, 2020-01-01T15:36:01, 2020-01-01T15:36:13, 2020-01-01T15:36:24, 2020-01-01T15:36:52, 2020-01-01T15:40:07, 2020-01-01T15:40:57, 2020-01-01T15:41:36, 2020-01-01T15:41:46, 2020-01-01T15:46:07, 2020-01-01T15:46:57, 2020-01-01T15:47:32, 2020-01-01T15:47:41, 2020-01-01T15:57:02, 2020-01-01T15:57:34, 2020-01-01T15:57:43, 2020-01-01T15:57:51, 2020-01-01T16:02:05, 2020-01-01T16:02:33, 2020-01-01T16:02:44, 2020-01-01T16:02:50, 2020-01-01T16:08:02, 2020-01-01T16:08:31, 2020-01-01T16:08:42, 2020-01-01T16:08:51, 2020-01-01T16:13:36, 2020-01-01T16:13:46, 2020-01-01T16:14:37, 2020-01-01T16:14:47, 2020-01-01T16:19:12, 2020-01-01T16:19:21, 2020-01-01T16:19:32, 2020-01-01T16:19:41, 2020-01-01T16:22:08, 2020-01-01T16:22:58, 2020-01-01T16:24:38, 2020-01-01T16:24:48, 2020-01-01T16:28:31, 2020-01-01T16:28:42, 2020-01-01T16:29:05, 2020-01-01T16:29:50, 2020-01-01T16:34:06, 2020-01-01T16:34:56, 2020-01-01T16:35:32, 2020-01-01T16:35:41, 2020-01-01T16:40:33, 2020-01-01T16:40:43, 2020-01-01T16:45:01, 2020-01-01T16:45:52, 2020-01-01T16:46:00, 2020-01-01T16:46:55, 2020-01-01T16:49:11, 2020-01-01T16:49:22, 2020-01-01T16:50:34, 2020-01-01T16:50:43, 2020-01-01T16:58:04, 2020-01-01T16:58:53, 2020-01-01T17:01:39, 2020-01-01T17:01:49, 2020-01-01T17:06:05, 2020-01-01T17:06:50, 2020-01-01T17:10:18, 2020-01-01T17:10:28, 2020-01-01T17:11:02, 2020-01-01T17:11:51, 2020-01-01T17:15:38, 2020-01-01T17:15:48, 2020-01-01T17:16:10, 2020-01-01T17:16:25, 2020-01-01T17:21:05, 2020-01-01T17:21:50, 2020-01-01T17:22:14, 2020-01-01T17:22:23, 2020-01-01T17:26:37, 2020-01-01T17:26:47, 2020-01-01T17:27:04, 2020-01-01T17:27:53, 2020-01-01T17:32:00, 2020-01-01T17:32:52, 2020-01-01T17:32:55, 2020-01-01T17:38:04, 2020-01-01T17:38:36, 2020-01-01T17:38:46, 2020-01-01T17:38:53, 2020-01-01T17:43:01, 2020-01-01T17:43:05, 2020-01-01T17:43:50, 2020-01-01T17:48:04, 2020-01-01T17:48:53, 2020-01-01T17:53:18, 2020-01-01T17:53:28, 2020-01-01T17:53:38, 2020-01-01T17:53:48, 2020-01-01T18:06:18, 2020-01-01T18:06:28, 2020-01-01T18:06:31, 2020-01-01T18:06:42, 2020-01-01T18:10:04, 2020-01-01T18:10:53, 2020-01-01T18:11:53, 2020-01-01T18:16:10, 2020-01-01T18:16:25, 2020-01-01T18:16:38, 2020-01-01T18:16:48, 2020-01-01T18:21:30, 2020-01-01T18:21:37, 2020-01-01T18:21:45, 2020-01-01T18:21:47, 2020-01-01T18:27:12, 2020-01-01T18:27:21, 2020-01-01T18:27:37, 2020-01-01T18:27:47, 2020-01-01T18:32:31, 2020-01-01T18:32:42, 2020-01-01T18:38:00, 2020-01-01T18:38:52, 2020-01-01T18:38:55, 2020-01-01T18:43:30, 2020-01-01T18:43:37, 2020-01-01T18:43:45, 2020-01-01T18:43:47, 2020-01-01T18:46:39, 2020-01-01T18:46:49, 2020-01-01T18:48:18, 2020-01-01T18:48:28, 2020-01-01T18:52:32, 2020-01-01T18:52:41, 2020-01-01T18:53:14, 2020-01-01T18:53:23, 2020-01-01T18:58:11, 2020-01-01T18:58:20, 2020-01-01T19:01:03, 2020-01-01T19:01:54, 2020-01-01T19:03:16, 2020-01-01T19:03:26, 2020-01-01T19:08:30, 2020-01-01T19:08:45, 2020-01-01T19:09:33, 2020-01-01T19:09:44, 2020-01-01T19:11:07, 2020-01-01T19:11:57, 2020-01-01T19:14:19, 2020-01-01T19:14:29, 2020-01-01T19:25:18, 2020-01-01T19:25:28, 2020-01-01T19:25:36, 2020-01-01T19:25:46, 2020-01-01T19:30:14, 2020-01-01T19:30:23, 2020-01-01T19:30:39, 2020-01-01T19:30:49, 2020-01-01T19:34:32, 2020-01-01T19:34:41, 2020-01-01T19:35:12, 2020-01-01T19:35:21, 2020-01-01T19:40:36, 2020-01-01T19:40:46, 2020-01-01T19:41:14, 2020-01-01T19:41:23, 2020-01-01T19:45:01, 2020-01-01T19:45:52, 2020-01-01T19:46:08, 2020-01-01T19:46:58, 2020-01-01T19:50:18, 2020-01-01T19:50:28, 2020-01-01T19:51:18, 2020-01-01T19:51:28, 2020-01-01T19:55:35, 2020-01-01T19:55:40, 2020-01-01T19:56:16, 2020-01-01T19:56:26, 2020-01-01T20:00:05, 2020-01-01T20:00:50, 2020-01-01T20:01:08, 2020-01-01T20:01:58, 2020-01-01T20:05:16, 2020-01-01T20:05:26, 2020-01-01T20:06:37, 2020-01-01T20:06:47, 2020-01-01T20:10:01, 2020-01-01T20:10:52, 2020-01-01T20:11:58, 2020-01-01T20:15:07, 2020-01-01T20:15:57, 2020-01-01T20:16:36, 2020-01-01T20:16:46, 2020-01-01T20:20:34, 2020-01-01T20:20:43, 2020-01-01T20:21:02, 2020-01-01T20:21:51, 2020-01-01T20:25:10, 2020-01-01T20:25:25, 2020-01-01T20:26:04, 2020-01-01T20:26:53, 2020-01-01T20:31:12, 2020-01-01T20:31:21, 2020-01-01T20:31:30, 2020-01-01T20:31:45, 2020-01-01T20:36:17, 2020-01-01T20:36:27, 2020-01-01T20:36:35, 2020-01-01T20:36:40, 2020-01-01T20:41:09, 2020-01-01T20:41:12, 2020-01-01T20:41:21, 2020-01-01T20:41:59, 2020-01-01T20:46:06, 2020-01-01T20:46:16, 2020-01-01T20:46:26, 2020-01-01T20:46:56, 2020-01-01T20:50:15, 2020-01-01T20:50:20, 2020-01-01T20:51:33, 2020-01-01T20:51:44, 2020-01-01T20:56:02, 2020-01-01T20:56:38, 2020-01-01T20:56:48, 2020-01-01T20:56:51, 2020-01-01T21:01:12, 2020-01-01T21:01:21, 2020-01-01T21:01:39, 2020-01-01T21:01:49, 2020-01-01T21:06:05, 2020-01-01T21:06:12, 2020-01-01T21:06:21, 2020-01-01T21:06:50, 2020-01-01T21:10:06, 2020-01-01T21:10:56, 2020-01-01T21:11:17, 2020-01-01T21:11:27, 2020-01-01T21:16:05, 2020-01-01T21:16:36, 2020-01-01T21:16:46, 2020-01-01T21:21:11, 2020-01-01T21:21:22, 2020-01-01T21:21:32, 2020-01-01T21:21:41, 2020-01-01T21:26:05, 2020-01-01T21:26:10, 2020-01-01T21:26:25, 2020-01-01T21:26:50, 2020-01-01T21:31:08, 2020-01-01T21:31:32, 2020-01-01T21:31:41, 2020-01-01T21:31:58, 2020-01-01T21:36:05, 2020-01-01T21:36:22, 2020-01-01T21:36:50, 2020-01-01T21:41:06, 2020-01-01T21:41:14, 2020-01-01T21:41:23, 2020-01-01T21:41:56, 2020-01-01T21:46:09, 2020-01-01T21:46:21, 2020-01-01T21:46:59, 2020-01-01T21:49:06, 2020-01-01T21:49:56, 2020-01-01T21:51:05, 2020-01-01T21:51:50, 2020-01-01T21:56:12, 2020-01-01T21:56:14, 2020-01-01T21:56:21, 2020-01-01T21:56:23, 2020-01-01T22:01:38, 2020-01-01T22:01:48, 2020-01-01T22:02:34, 2020-01-01T22:02:43, 2020-01-01T22:07:16, 2020-01-01T22:07:17, 2020-01-01T22:07:26, 2020-01-01T22:07:27, 2020-01-01T22:12:14, 2020-01-01T22:12:23, 2020-01-01T22:12:33, 2020-01-01T22:12:44, 2020-01-01T22:16:06, 2020-01-01T22:16:56, 2020-01-01T22:17:15, 2020-01-01T22:17:20, 2020-01-01T22:22:15, 2020-01-01T22:22:28, 2020-01-01T22:26:01, 2020-01-01T22:26:52, 2020-01-01T22:27:17, 2020-01-01T22:27:27, 2020-01-01T22:32:03, 2020-01-01T22:32:36, 2020-01-01T22:32:46, 2020-01-01T22:32:54, 2020-01-01T22:37:30, 2020-01-01T22:37:39, 2020-01-01T22:37:45, 2020-01-01T22:42:02, 2020-01-01T22:42:32, 2020-01-01T22:42:41, 2020-01-01T22:42:51, 2020-01-01T22:47:04, 2020-01-01T22:47:34, 2020-01-01T22:47:43, 2020-01-01T22:47:53, 2020-01-01T22:52:16, 2020-01-01T22:52:26, 2020-01-01T22:52:38, 2020-01-01T22:52:48, 2020-01-01T22:57:35, 2020-01-01T22:57:40, 2020-01-01T22:57:46, 2020-01-01T23:03:02, 2020-01-01T23:03:34, 2020-01-01T23:03:43, 2020-01-01T23:03:51, 2020-01-01T23:08:03, 2020-01-01T23:08:14, 2020-01-01T23:08:23, 2020-01-01T23:08:54, 2020-01-01T23:13:17, 2020-01-01T23:13:27, 2020-01-01T23:13:33, 2020-01-01T23:13:44, 2020-01-01T23:16:30, 2020-01-01T23:16:45, 2020-01-01T23:18:16, 2020-01-01T23:18:26, 2020-01-01T23:22:38, 2020-01-01T23:22:48, 2020-01-01T23:23:21, 2020-01-01T23:28:08, 2020-01-01T23:28:58, 2020-01-01T23:31:10, 2020-01-01T23:31:25, 2020-01-01T23:33:38, 2020-01-01T23:33:48, 2020-01-01T23:39:02, 2020-01-01T23:39:06, 2020-01-01T23:39:51, 2020-01-01T23:39:56, 2020-01-01T23:44:02, 2020-01-01T23:44:51, 2020-01-01T23:44:54, 2020-01-01T23:53:00, 2020-01-01T23:53:55, 2020-01-01T23:55:16, 2020-01-01T23:55:26" }, "geometry": { "type": "LineString", "coordinates": [ [ -99.031529, 19.395455 ], [ -99.03125, 19.39603 ], [ -99.03152, 19.39546 ], [ -99.038566, 19.375969 ], [ -99.037102, 19.378579 ], [ -99.03711, 19.37857 ], [ -99.04052, 19.36141 ], [ -99.040971, 19.361199 ], [ -99.03992, 19.36085 ], [ -99.03991, 19.360857 ], [ -99.04099, 19.36119 ], [ -99.040521, 19.361411 ], [ -99.04052, 19.36141 ], [ -99.040524, 19.361411 ], [ -99.04103, 19.34625 ], [ -99.04134, 19.3488 ], [ -99.041342, 19.348809 ], [ -99.041011, 19.346264 ], [ -99.041114, 19.347776 ], [ -99.04113, 19.34778 ], [ -99.040766, 19.343644 ], [ -99.03997, 19.34157 ], [ -99.04065, 19.3432 ], [ -99.04078, 19.34471 ], [ -99.0403, 19.34289 ], [ -99.040783, 19.344716 ], [ -99.040293, 19.342896 ], [ -99.039958, 19.341587 ], [ -99.040633, 19.343221 ], [ -99.040315, 19.339181 ], [ -99.04033, 19.33916 ], [ -99.040821, 19.339086 ], [ -99.042469, 19.338579 ], [ -99.042305, 19.338492 ], [ -99.04231, 19.33849 ], [ -99.04082, 19.33907 ], [ -99.04246, 19.33858 ], [ -99.042893, 19.336405 ], [ -99.042919, 19.334709 ], [ -99.04269, 19.33834 ], [ -99.04283, 19.33326 ], [ -99.042812, 19.33328 ], [ -99.04353, 19.32931 ], [ -99.043513, 19.329316 ], [ -99.04337, 19.32854 ], [ -99.043277, 19.329874 ], [ -99.0396, 19.32769 ], [ -99.04234, 19.32857 ], [ -99.042341, 19.328571 ], [ -99.039599, 19.327691 ], [ -99.040766, 19.331125 ], [ -99.040755, 19.331116 ], [ -99.04282, 19.34205 ], [ -99.04209, 19.34217 ], [ -99.042075, 19.342177 ], [ -99.042822, 19.342061 ], [ -99.020381, 19.345712 ], [ -99.02038, 19.34572 ], [ -99.01608, 19.35175 ], [ -99.01607, 19.351757 ], [ -99.002861, 19.363538 ], [ -99.0021, 19.36255 ], [ -99.002096, 19.362551 ], [ -99.00286, 19.36354 ], [ -98.99638, 19.36086 ], [ -98.996383, 19.360883 ], [ -98.9964, 19.36082 ], [ -98.996393, 19.360817 ], [ -98.996141, 19.360573 ], [ -98.99614, 19.36057 ], [ -98.99638, 19.36083 ], [ -98.996387, 19.360844 ], [ -98.99609, 19.36053 ], [ -98.996072, 19.360547 ], [ -98.996397, 19.360809 ], [ -98.996398, 19.360809 ], [ -98.99642, 19.36111 ], [ -98.996423, 19.361124 ], [ -98.996398, 19.360809 ], [ -98.996397, 19.360809 ], [ -98.99609, 19.36053 ], [ -98.996072, 19.360547 ], [ -98.996396, 19.360807 ], [ -98.996395, 19.360808 ], [ -98.99616, 19.36064 ], [ -98.996168, 19.360631 ], [ -98.996392, 19.360805 ], [ -98.996391, 19.360806 ], [ -98.99614, 19.36058 ], [ -98.99613, 19.360592 ], [ -98.996391, 19.360804 ], [ -98.996392, 19.360803 ], [ -98.9964, 19.36082 ], [ -98.9964, 19.360816 ], [ -98.996072, 19.360547 ], [ -98.996089, 19.36053 ], [ -98.996072, 19.360547 ], [ -98.996089, 19.36053 ], [ -98.99627, 19.36079 ], [ -98.996252, 19.360792 ], [ -98.99635, 19.36253 ], [ -98.996338, 19.362532 ], [ -99.00391, 19.36529 ], [ -99.003901, 19.365296 ], [ -99.00106, 19.36765 ], [ -99.001065, 19.367665 ], [ -98.998001, 19.374529 ], [ -98.997405, 19.374146 ], [ -98.99741, 19.37413 ], [ -98.99801, 19.37451 ], [ -98.99472, 19.3796 ], [ -98.99394, 19.38042 ], [ -98.994725, 19.379602 ], [ -98.993942, 19.380415 ], [ -98.98357, 19.37966 ], [ -98.983559, 19.379658 ], [ -98.981212, 19.38352 ], [ -98.98123, 19.38351 ], [ -98.9747, 19.38559 ], [ -98.974693, 19.385594 ], [ -98.976362, 19.386745 ], [ -98.97636, 19.38673 ], [ -98.96066, 19.38475 ], [ -98.960684, 19.384738 ], [ -98.96277, 19.38572 ], [ -98.962759, 19.385747 ], [ -98.96065, 19.384768 ], [ -98.96068, 19.38474 ], [ -98.961901, 19.378417 ], [ -98.964044, 19.361495 ], [ -98.96379, 19.35997 ], [ -98.963772, 19.359981 ], [ -98.96404, 19.36149 ], [ -98.95723, 19.35553 ], [ -98.957213, 19.355549 ], [ -98.948389, 19.367147 ], [ -98.94838, 19.36713 ], [ -98.9373, 19.370812 ], [ -98.9373, 19.37081 ], [ -98.937209, 19.370816 ], [ -98.93721, 19.37081 ], [ -98.93894, 19.38402 ], [ -98.937882, 19.385847 ], [ -98.938948, 19.38404 ], [ -98.91831, 19.41537 ], [ -98.91423, 19.42052 ], [ -98.914211, 19.420517 ], [ -98.8835, 19.42571 ], [ -98.883493, 19.425719 ], [ -98.884187, 19.421759 ], [ -98.88418, 19.42175 ], [ -98.88431, 19.42184 ], [ -98.884305, 19.421837 ], [ -98.883901, 19.421874 ], [ -98.88402, 19.42184 ], [ -98.884023, 19.421863 ], [ -98.88391, 19.42188 ], [ -98.887304, 19.411523 ], [ -98.884209, 19.412634 ], [ -98.88421, 19.41264 ], [ -98.88731, 19.41151 ], [ -98.89469, 19.41026 ], [ -98.9012, 19.41156 ], [ -98.901197, 19.411559 ], [ -98.899863, 19.409735 ], [ -98.89986, 19.40973 ], [ -98.89319, 19.40879 ], [ -98.893176, 19.408791 ], [ -98.847995, 19.385101 ], [ -98.849379, 19.385495 ], [ -98.84939, 19.38549 ], [ -98.847996, 19.385102 ], [ -98.84552, 19.3842 ], [ -98.845525, 19.384207 ], [ -98.845435, 19.383768 ], [ -98.84545, 19.38374 ], [ -98.84981, 19.38567 ], [ -98.84982, 19.385687 ], [ -98.85264, 19.38636 ], [ -98.852648, 19.38638 ], [ -98.905312, 19.408792 ], [ -98.90346, 19.40844 ], [ -98.903469, 19.408467 ], [ -98.90533, 19.40879 ], [ -98.904573, 19.408116 ], [ -98.902039, 19.408564 ], [ -98.90205, 19.40855 ], [ -98.90459, 19.40812 ], [ -98.8984, 19.41578 ], [ -98.89671, 19.41523 ], [ -98.896702, 19.415248 ], [ -98.898399, 19.415773 ], [ -98.89649, 19.41523 ], [ -98.896472, 19.415241 ], [ -98.89629, 19.4148 ], [ -98.896277, 19.414802 ], [ -98.896548, 19.415303 ], [ -98.89654, 19.41529 ], [ -98.896583, 19.415307 ], [ -98.89658, 19.41529 ], [ -98.896346, 19.41521 ], [ -98.89634, 19.41522 ], [ -98.89648, 19.41533 ], [ -98.896488, 19.415349 ], [ -98.89658, 19.41532 ], [ -98.896588, 19.415312 ], [ -98.896455, 19.415339 ], [ -98.89647, 19.41534 ], [ -98.90456, 19.41988 ], [ -98.904567, 19.419899 ], [ -98.90785, 19.42132 ], [ -98.907836, 19.421313 ], [ -98.8996, 19.44291 ], [ -98.900416, 19.442294 ], [ -98.90203, 19.43535 ], [ -98.902015, 19.435369 ], [ -98.90253, 19.43385 ], [ -98.902516, 19.433853 ], [ -98.90437, 19.44131 ], [ -98.904354, 19.441321 ], [ -98.899833, 19.452963 ], [ -98.89985, 19.45295 ], [ -98.904574, 19.441895 ], [ -98.90459, 19.44189 ], [ -98.912974, 19.422958 ], [ -98.91299, 19.42296 ], [ -98.927335, 19.417017 ], [ -98.92735, 19.41702 ], [ -98.934205, 19.412285 ], [ -98.93421, 19.41226 ], [ -98.92712, 19.40962 ], [ -98.927121, 19.409611 ], [ -98.934145, 19.394475 ], [ -98.93414, 19.39448 ], [ -98.93427, 19.39444 ], [ -98.934253, 19.394464 ], [ -98.94019, 19.3995 ], [ -98.940178, 19.399502 ], [ -98.94328, 19.39994 ], [ -98.943281, 19.399932 ], [ -98.94551, 19.4087 ], [ -98.945501, 19.408709 ], [ -98.949634, 19.409919 ], [ -98.94965, 19.40992 ], [ -98.95398, 19.41386 ], [ -98.95369, 19.41517 ], [ -98.953983, 19.413888 ], [ -98.9576, 19.41377 ], [ -98.95666, 19.41338 ], [ -98.956668, 19.413373 ], [ -98.957593, 19.413773 ], [ -98.947725, 19.409501 ], [ -98.94653, 19.409027 ], [ -98.94654, 19.40901 ], [ -98.945484, 19.396286 ], [ -98.94548, 19.39627 ], [ -98.95082, 19.38092 ], [ -98.95081, 19.380944 ], [ -98.951142, 19.378103 ], [ -98.95114, 19.3781 ], [ -98.977156, 19.341321 ], [ -98.97717, 19.34131 ], [ -98.97582, 19.34125 ], [ -98.975826, 19.341252 ], [ -98.95528, 19.32165 ], [ -98.955282, 19.321665 ], [ -98.94393, 19.31108 ], [ -98.935501, 19.295756 ], [ -98.93551, 19.29576 ], [ -98.935568, 19.295778 ], [ -98.93556, 19.29578 ], [ -98.9303, 19.29487 ], [ -98.930527, 19.29422 ], [ -98.930293, 19.29489 ], [ -98.93052, 19.29421 ], [ -98.93647, 19.3036 ], [ -98.936454, 19.303621 ], [ -98.93804, 19.30379 ], [ -98.938042, 19.30382 ], [ -98.918542, 19.289616 ], [ -98.91854, 19.28961 ], [ -98.905407, 19.283249 ], [ -98.90421, 19.283682 ], [ -98.90541, 19.28323 ], [ -98.908612, 19.291987 ], [ -98.909508, 19.291359 ], [ -98.90863, 19.29196 ], [ -98.90951, 19.29136 ], [ -98.940308, 19.308999 ], [ -98.94031, 19.30899 ], [ -98.960717, 19.325929 ], [ -98.96073, 19.32591 ], [ -98.976752, 19.340148 ], [ -98.97677, 19.34012 ], [ -98.968614, 19.331825 ], [ -98.96863, 19.33181 ], [ -98.95994, 19.32063 ], [ -98.95811, 19.3228 ], [ -98.956822, 19.322973 ], [ -98.95682, 19.32298 ], [ -98.983868, 19.34573 ], [ -98.98386, 19.34573 ], [ -99.0024, 19.34928 ], [ -99.0024, 19.34927 ], [ -99.003304, 19.34951 ], [ -99.00331, 19.3495 ], [ -98.99408, 19.34762 ], [ -98.994087, 19.347644 ], [ -98.977014, 19.346343 ], [ -98.97703, 19.34632 ], [ -98.969623, 19.361386 ], [ -98.96962, 19.36137 ], [ -98.96718, 19.36092 ], [ -98.967183, 19.360916 ], [ -98.96923, 19.36525 ], [ -98.969213, 19.365266 ], [ -98.96883, 19.36539 ], [ -98.96884, 19.36539 ], [ -98.96248, 19.35517 ], [ -98.962486, 19.355189 ], [ -98.97599, 19.35357 ], [ -98.975972, 19.353587 ], [ -99.001797, 19.357881 ], [ -99.0018, 19.35786 ], [ -99.00494, 19.35663 ], [ -99.004946, 19.356637 ], [ -99.03274, 19.3442 ], [ -99.03273, 19.344202 ], [ -99.032631, 19.344249 ], [ -99.03265, 19.34423 ], [ -99.02662, 19.34321 ], [ -99.02661, 19.343217 ], [ -99.02674, 19.34283 ], [ -99.026742, 19.342837 ], [ -99.02808, 19.34556 ], [ -99.02807, 19.345584 ], [ -99.027835, 19.346378 ], [ -99.02785, 19.34638 ], [ -99.0359, 19.34911 ], [ -99.035891, 19.349118 ], [ -99.03746, 19.34993 ], [ -99.037466, 19.349944 ], [ -99.039594, 19.363189 ], [ -99.0396, 19.36317 ], [ -99.039923, 19.3626 ], [ -99.03992, 19.3626 ], [ -99.03686, 19.37849 ], [ -99.036861, 19.378509 ], [ -99.035495, 19.388394 ], [ -99.02595, 19.39902 ], [ -99.025934, 19.39901 ], [ -99.025949, 19.399229 ], [ -99.02594, 19.39921 ], [ -99.024834, 19.400872 ], [ -99.02485, 19.40088 ], [ -99.024267, 19.402217 ], [ -99.02426, 19.40222 ], [ -99.01815, 19.40246 ], [ -99.018131, 19.402459 ], [ -99.01765, 19.40219 ], [ -99.017632, 19.402198 ], [ -99.009348, 19.415483 ], [ -99.00934, 19.41546 ], [ -99.01155, 19.41129 ], [ -99.011533, 19.411294 ], [ -98.989231, 19.408114 ], [ -98.98925, 19.40812 ], [ -98.99206, 19.40936 ], [ -98.99205, 19.40935 ], [ -98.97645, 19.40213 ], [ -98.975346, 19.402027 ], [ -98.97534, 19.40201 ], [ -98.97646, 19.402147 ], [ -98.980168, 19.404422 ], [ -98.979003, 19.403838 ], [ -98.97901, 19.40383 ], [ -98.98016, 19.4044 ], [ -98.983023, 19.407947 ], [ -98.98302, 19.40793 ], [ -98.98394, 19.41067 ], [ -98.983941, 19.410671 ], [ -98.986643, 19.413819 ], [ -98.987064, 19.413978 ], [ -98.98706, 19.41397 ], [ -98.98664, 19.41382 ], [ -99.01265, 19.42107 ], [ -99.01266, 19.421084 ], [ -99.018406, 19.421788 ], [ -99.01841, 19.42176 ], [ -99.021595, 19.423802 ], [ -99.022978, 19.424248 ], [ -99.02299, 19.42423 ], [ -99.021596, 19.423801 ], [ -99.040274, 19.42761 ], [ -99.04029, 19.42762 ], [ -99.04931, 19.42972 ], [ -99.049304, 19.42971 ], [ -99.06978, 19.42024 ], [ -99.06514, 19.42116 ], [ -99.065141, 19.421159 ], [ -99.08705, 19.41497 ], [ -99.087035, 19.414984 ], [ -99.085852, 19.414409 ], [ -99.08587, 19.4144 ], [ -99.109189, 19.426816 ], [ -99.10926, 19.42669 ], [ -99.109267, 19.426697 ], [ -99.10918, 19.42681 ], [ -99.114977, 19.430743 ], [ -99.11508, 19.43051 ], [ -99.115089, 19.430522 ], [ -99.11499, 19.43073 ], [ -99.11275, 19.44284 ], [ -99.113846, 19.439523 ], [ -99.112736, 19.44283 ], [ -99.11124, 19.45392 ], [ -99.10882, 19.45204 ], [ -99.108825, 19.452037 ], [ -99.111245, 19.453916 ], [ -99.14512, 19.46458 ], [ -99.14902, 19.46334 ], [ -99.145122, 19.464574 ], [ -99.164592, 19.449205 ], [ -99.164591, 19.449206 ], [ -99.173922, 19.429823 ], [ -99.17392, 19.42981 ], [ -99.18214, 19.41373 ], [ -99.18258, 19.41382 ], [ -99.182148, 19.413743 ], [ -99.182582, 19.413811 ], [ -99.185026, 19.413557 ], [ -99.18502, 19.41356 ], [ -99.18423, 19.41326 ], [ -99.184215, 19.413257 ], [ -99.16987, 19.43105 ], [ -99.169899, 19.430985 ], [ -99.169855, 19.431054 ], [ -99.1699, 19.43096 ], [ -99.1993, 19.44174 ], [ -99.199298, 19.44175 ], [ -99.19842, 19.44384 ], [ -99.198425, 19.443839 ], [ -99.200071, 19.440629 ], [ -99.20009, 19.44061 ], [ -99.19406, 19.44078 ], [ -99.194063, 19.440775 ], [ -99.18246, 19.44732 ], [ -99.18201, 19.45011 ], [ -99.17838, 19.45496 ], [ -99.178382, 19.454959 ], [ -99.17299, 19.45083 ], [ -99.172972, 19.450835 ], [ -99.166258, 19.444054 ], [ -99.16505, 19.4461 ], [ -99.165031, 19.4461 ], [ -99.16627, 19.44406 ], [ -99.137066, 19.467407 ], [ -99.13729, 19.4652 ], [ -99.13706, 19.4674 ], [ -99.150356, 19.504553 ], [ -99.15175, 19.50771 ], [ -99.15176, 19.507713 ], [ -99.15037, 19.50456 ], [ -99.15724, 19.51556 ], [ -99.157265, 19.515509 ], [ -99.15726, 19.51549 ], [ -99.157244, 19.515555 ], [ -99.147218, 19.494474 ], [ -99.14723, 19.49447 ], [ -99.148308, 19.496702 ], [ -99.14831, 19.4967 ], [ -99.14385, 19.47351 ], [ -99.143833, 19.473521 ], [ -99.14323, 19.473726 ], [ -99.14543, 19.47346 ], [ -99.14548, 19.47332 ], [ -99.145486, 19.473314 ], [ -99.14544, 19.473487 ], [ -99.14352, 19.46604 ], [ -99.14469, 19.46473 ], [ -99.144674, 19.464738 ], [ -99.143529, 19.466069 ], [ -99.14777, 19.46516 ], [ -99.14778, 19.465157 ], [ -99.147711, 19.465223 ], [ -99.14773, 19.4652 ], [ -99.15285, 19.463273 ], [ -99.15286, 19.46328 ], [ -99.136842, 19.465044 ], [ -99.13684, 19.46502 ], [ -99.10456, 19.45093 ], [ -99.104569, 19.450948 ], [ -99.090349, 19.448906 ], [ -99.066705, 19.459852 ], [ -99.066706, 19.459861 ], [ -99.05111, 19.47983 ], [ -99.051102, 19.479835 ], [ -99.04108, 19.50316 ], [ -99.041084, 19.503153 ], [ -99.038599, 19.516138 ], [ -99.038722, 19.516195 ], [ -99.0386, 19.51614 ], [ -99.03872, 19.51619 ], [ -99.03758, 19.51552 ], [ -99.037583, 19.515544 ], [ -99.03664, 19.5153 ], [ -99.03972, 19.48779 ], [ -99.039722, 19.487798 ], [ -99.032815, 19.478392 ], [ -99.03283, 19.47839 ] ] } },
{ "type": "Feature", "properties": { "device_id": "2e50746260791de101f1c5315f9a288016c38bc43faf5280839869b28bb09562", "timestamps": "2020-01-01T06:08:12, 2020-01-01T06:17:38, 2020-01-01T06:36:00, 2020-01-01T06:47:23, 2020-01-01T06:57:22, 2020-01-01T07:08:25, 2020-01-01T07:23:20, 2020-01-01T07:23:27, 2020-01-01T07:23:28, 2020-01-01T07:23:29, 2020-01-01T07:30:06, 2020-01-01T07:39:47, 2020-01-01T07:50:52, 2020-01-01T08:09:13, 2020-01-01T08:10:50, 2020-01-01T08:10:58, 2020-01-01T08:17:58, 2020-01-01T08:25:55, 2020-01-01T08:32:27, 2020-01-01T08:40:20, 2020-01-01T08:47:44, 2020-01-01T08:54:02, 2020-01-01T09:02:19, 2020-01-01T09:10:50, 2020-01-01T09:17:08, 2020-01-01T09:25:10, 2020-01-01T09:38:36, 2020-01-01T09:50:37, 2020-01-01T10:05:20, 2020-01-01T10:14:14, 2020-01-01T10:24:18, 2020-01-01T10:39:42, 2020-01-01T11:39:49, 2020-01-01T12:17:15, 2020-01-01T12:26:03, 2020-01-01T12:37:19, 2020-01-01T12:45:50, 2020-01-01T12:52:09, 2020-01-01T13:00:13, 2020-01-01T13:07:37, 2020-01-01T13:18:28, 2020-01-01T13:25:30, 2020-01-01T13:25:31, 2020-01-01T13:25:43, 2020-01-01T13:25:47, 2020-01-01T13:26:06, 2020-01-01T13:26:08, 2020-01-01T13:27:15, 2020-01-01T13:27:27, 2020-01-01T13:28:03, 2020-01-01T13:28:49, 2020-01-01T13:28:56, 2020-01-01T13:29:35, 2020-01-01T13:30:16, 2020-01-01T13:31:22, 2020-01-01T13:32:32, 2020-01-01T13:33:17, 2020-01-01T13:34:21, 2020-01-01T13:34:27, 2020-01-01T13:34:34, 2020-01-01T13:35:18, 2020-01-01T13:36:09, 2020-01-01T13:36:24, 2020-01-01T13:37:30, 2020-01-01T13:38:45, 2020-01-01T13:39:20, 2020-01-01T13:40:37, 2020-01-01T13:40:52, 2020-01-01T13:41:40, 2020-01-01T13:41:41, 2020-01-01T13:41:48, 2020-01-01T13:42:14, 2020-01-01T13:43:10, 2020-01-01T13:43:15, 2020-01-01T13:43:59, 2020-01-01T13:45:32, 2020-01-01T13:46:17, 2020-01-01T13:47:07, 2020-01-01T13:47:21, 2020-01-01T13:48:34, 2020-01-01T13:49:19, 2020-01-01T13:50:09, 2020-01-01T13:50:23, 2020-01-01T13:51:30, 2020-01-01T13:52:34, 2020-01-01T13:52:45, 2020-01-01T13:53:19, 2020-01-01T13:53:38, 2020-01-01T13:54:43, 2020-01-01T13:55:29, 2020-01-01T13:56:01, 2020-01-01T13:56:50, 2020-01-01T13:57:12, 2020-01-01T13:57:15, 2020-01-01T13:58:02, 2020-01-01T13:58:56, 2020-01-01T13:59:47, 2020-01-01T14:00:11, 2020-01-01T14:01:04, 2020-01-01T14:01:58, 2020-01-01T14:02:49, 2020-01-01T14:03:10, 2020-01-01T14:04:22, 2020-01-01T14:11:31, 2020-01-01T14:18:37, 2020-01-01T14:19:16, 2020-01-01T14:20:21, 2020-01-01T14:20:46, 2020-01-01T14:21:12, 2020-01-01T14:22:01, 2020-01-01T14:22:56, 2020-01-01T14:23:47, 2020-01-01T14:24:14, 2020-01-01T14:25:03, 2020-01-01T14:25:58, 2020-01-01T14:26:49, 2020-01-01T14:27:13, 2020-01-01T14:28:06, 2020-01-01T14:28:25, 2020-01-01T14:29:07, 2020-01-01T14:29:32, 2020-01-01T14:29:39, 2020-01-01T14:30:24, 2020-01-01T14:30:28, 2020-01-01T14:31:38, 2020-01-01T14:31:54, 2020-01-01T14:32:44, 2020-01-01T14:33:29, 2020-01-01T14:34:05, 2020-01-01T14:34:53, 2020-01-01T14:35:46, 2020-01-01T14:36:12, 2020-01-01T14:37:01, 2020-01-01T14:37:56, 2020-01-01T14:38:47, 2020-01-01T14:39:11, 2020-01-01T14:40:04, 2020-01-01T14:40:58, 2020-01-01T14:41:48, 2020-01-01T14:42:13, 2020-01-01T14:43:00, 2020-01-01T14:43:25, 2020-01-01T14:44:32, 2020-01-01T14:45:16, 2020-01-01T14:46:07, 2020-01-01T14:46:22, 2020-01-01T14:47:31, 2020-01-01T14:48:17, 2020-01-01T14:49:08, 2020-01-01T14:49:24, 2020-01-01T14:50:34, 2020-01-01T14:51:19, 2020-01-01T14:52:23, 2020-01-01T14:53:36, 2020-01-01T14:53:55, 2020-01-01T14:54:42, 2020-01-01T14:55:27, 2020-01-01T14:56:39, 2020-01-01T14:57:40, 2020-01-01T14:58:12, 2020-01-01T14:59:01, 2020-01-01T14:59:57, 2020-01-01T15:00:47, 2020-01-01T15:01:14, 2020-01-01T15:02:03, 2020-01-01T15:02:59, 2020-01-01T15:03:49, 2020-01-01T15:04:10, 2020-01-01T15:05:00, 2020-01-01T15:05:25, 2020-01-01T15:06:32, 2020-01-01T15:07:16, 2020-01-01T15:14:30, 2020-01-01T15:22:00, 2020-01-01T15:30:02, 2020-01-01T15:36:20, 2020-01-01T15:36:44, 2020-01-01T15:44:40, 2020-01-01T15:52:25, 2020-01-01T15:57:39, 2020-01-01T15:58:43, 2020-01-01T15:59:15, 2020-01-01T16:00:02, 2020-01-01T16:00:50, 2020-01-01T16:02:11, 2020-01-01T16:03:04, 2020-01-01T16:03:57, 2020-01-01T16:04:48, 2020-01-01T16:05:14, 2020-01-01T16:06:59, 2020-01-01T16:07:35, 2020-01-01T16:08:10, 2020-01-01T16:09:22, 2020-01-01T16:10:31, 2020-01-01T16:11:18, 2020-01-01T16:12:09, 2020-01-01T16:12:24, 2020-01-01T16:13:33, 2020-01-01T16:14:45, 2020-01-01T16:15:20, 2020-01-01T16:16:36, 2020-01-01T16:17:41, 2020-01-01T16:18:27, 2020-01-01T16:19:51, 2020-01-01T16:20:44, 2020-01-01T16:21:28, 2020-01-01T16:22:05, 2020-01-01T16:22:53, 2020-01-01T16:23:40, 2020-01-01T16:24:12, 2020-01-01T16:25:01, 2020-01-01T16:25:56, 2020-01-01T16:26:48, 2020-01-01T16:27:14, 2020-01-01T16:28:03, 2020-01-01T16:28:58, 2020-01-01T16:29:49, 2020-01-01T16:30:13, 2020-01-01T16:31:03, 2020-01-01T16:31:59, 2020-01-01T16:32:35, 2020-01-01T16:33:16, 2020-01-01T16:34:07, 2020-01-01T16:34:21, 2020-01-01T16:35:34, 2020-01-01T16:36:19, 2020-01-01T16:37:09, 2020-01-01T16:37:23, 2020-01-01T16:38:30, 2020-01-01T16:39:45, 2020-01-01T16:40:20, 2020-01-01T16:41:55, 2020-01-01T16:42:42, 2020-01-01T16:43:26, 2020-01-01T16:44:36, 2020-01-01T16:44:52, 2020-01-01T16:46:00, 2020-01-01T16:46:15, 2020-01-01T16:46:27, 2020-01-01T16:46:44, 2020-01-01T16:47:32, 2020-01-01T16:49:07, 2020-01-01T16:49:21, 2020-01-01T16:50:31, 2020-01-01T16:51:18, 2020-01-01T16:52:24, 2020-01-01T16:53:33, 2020-01-01T16:54:19, 2020-01-01T16:56:52, 2020-01-01T17:04:35, 2020-01-01T17:10:35, 2020-01-01T17:12:06, 2020-01-01T17:13:22, 2020-01-01T17:13:28, 2020-01-01T17:15:02, 2020-01-01T17:15:07, 2020-01-01T17:15:34, 2020-01-01T17:15:39, 2020-01-01T17:15:46, 2020-01-01T17:15:48, 2020-01-01T17:16:12, 2020-01-01T17:16:17, 2020-01-01T17:16:19, 2020-01-01T17:16:28, 2020-01-01T17:16:41, 2020-01-01T17:16:46, 2020-01-01T17:16:57, 2020-01-01T17:16:59, 2020-01-01T17:22:35, 2020-01-01T17:28:35, 2020-01-01T17:31:33, 2020-01-01T17:31:35, 2020-01-01T17:34:35, 2020-01-01T17:35:34, 2020-01-01T17:36:54, 2020-01-01T17:40:35, 2020-01-01T17:46:35, 2020-01-01T17:50:00, 2020-01-01T17:50:02, 2020-01-01T17:51:01, 2020-01-01T17:51:06, 2020-01-01T17:52:03, 2020-01-01T17:52:09, 2020-01-01T17:52:30, 2020-01-01T17:52:36, 2020-01-01T17:52:49, 2020-01-01T17:54:03, 2020-01-01T17:55:23, 2020-01-01T17:55:28, 2020-01-01T17:58:32, 2020-01-01T18:04:35, 2020-01-01T18:10:35, 2020-01-01T18:11:02, 2020-01-01T18:11:04, 2020-01-01T18:11:06, 2020-01-01T18:11:09, 2020-01-01T18:11:33, 2020-01-01T18:11:39, 2020-01-01T18:12:12, 2020-01-01T18:12:13, 2020-01-01T18:12:21, 2020-01-01T18:12:25, 2020-01-01T18:12:27, 2020-01-01T18:12:31, 2020-01-01T18:12:35, 2020-01-01T18:12:40, 2020-01-01T18:12:41, 2020-01-01T18:12:47, 2020-01-01T18:12:52, 2020-01-01T18:12:54, 2020-01-01T18:12:58, 2020-01-01T18:20:59, 2020-01-01T18:22:32, 2020-01-01T18:28:32, 2020-01-01T18:34:32, 2020-01-01T18:35:15, 2020-01-01T18:35:35, 2020-01-01T18:35:55, 2020-01-01T18:36:04, 2020-01-01T18:36:58, 2020-01-01T18:37:49, 2020-01-01T18:39:07, 2020-01-01T18:39:22, 2020-01-01T18:40:31, 2020-01-01T18:41:18, 2020-01-01T18:42:09, 2020-01-01T18:42:24, 2020-01-01T18:43:33, 2020-01-01T18:44:45, 2020-01-01T18:45:26, 2020-01-01T18:46:37, 2020-01-01T18:46:52, 2020-01-01T18:47:41, 2020-01-01T18:48:27, 2020-01-01T18:49:38, 2020-01-01T18:49:54, 2020-01-01T18:50:43, 2020-01-01T18:52:05, 2020-01-01T18:52:50, 2020-01-01T18:53:46, 2020-01-01T18:54:11, 2020-01-01T18:55:04, 2020-01-01T18:55:58, 2020-01-01T18:56:48, 2020-01-01T18:57:41, 2020-01-01T18:57:52, 2020-01-01T18:58:28, 2020-01-01T18:59:39, 2020-01-01T18:59:54, 2020-01-01T19:00:40, 2020-01-01T19:01:15, 2020-01-01T19:02:08, 2020-01-01T19:02:24, 2020-01-01T19:02:52, 2020-01-01T19:03:33, 2020-01-01T19:04:19, 2020-01-01T19:05:08, 2020-01-01T19:06:39, 2020-01-01T19:06:53, 2020-01-01T19:07:43, 2020-01-01T19:08:15, 2020-01-01T19:09:01, 2020-01-01T19:09:56, 2020-01-01T19:10:48, 2020-01-01T19:11:13, 2020-01-01T19:12:06, 2020-01-01T19:13:32, 2020-01-01T19:14:17, 2020-01-01T19:15:08, 2020-01-01T19:15:24, 2020-01-01T19:16:34, 2020-01-01T19:17:19, 2020-01-01T19:18:20, 2020-01-01T19:19:30, 2020-01-01T19:19:55, 2020-01-01T19:20:42, 2020-01-01T19:21:26, 2020-01-01T19:22:37, 2020-01-01T19:22:52, 2020-01-01T19:23:41, 2020-01-01T19:24:28, 2020-01-01T19:25:38, 2020-01-01T19:25:54, 2020-01-01T19:26:44, 2020-01-01T19:27:29, 2020-01-01T19:28:39, 2020-01-01T19:28:53, 2020-01-01T19:29:40, 2020-01-01T19:30:15, 2020-01-01T19:31:00, 2020-01-01T19:31:02, 2020-01-01T19:31:04, 2020-01-01T19:31:07, 2020-01-01T19:31:13, 2020-01-01T19:31:16, 2020-01-01T19:31:18, 2020-01-01T19:31:32, 2020-01-01T19:31:34, 2020-01-01T19:31:35, 2020-01-01T19:31:39, 2020-01-01T19:31:44, 2020-01-01T19:31:45, 2020-01-01T19:31:48, 2020-01-01T19:31:56, 2020-01-01T19:32:10, 2020-01-01T19:32:11, 2020-01-01T19:32:18, 2020-01-01T19:32:21, 2020-01-01T19:32:23, 2020-01-01T19:32:25, 2020-01-01T19:32:27, 2020-01-01T19:32:29, 2020-01-01T19:32:31, 2020-01-01T19:32:35, 2020-01-01T19:32:40, 2020-01-01T19:32:44, 2020-01-01T19:32:45, 2020-01-01T19:32:48, 2020-01-01T19:32:50, 2020-01-01T19:32:51, 2020-01-01T19:32:55, 2020-01-01T19:32:57, 2020-01-01T19:33:16, 2020-01-01T19:34:07, 2020-01-01T19:34:21, 2020-01-01T19:36:25, 2020-01-01T19:39:24, 2020-01-01T19:40:06, 2020-01-01T19:40:09, 2020-01-01T19:41:02, 2020-01-01T19:41:04, 2020-01-01T19:41:06, 2020-01-01T19:41:08, 2020-01-01T19:41:12, 2020-01-01T19:41:14, 2020-01-01T19:41:18, 2020-01-01T19:41:21, 2020-01-01T19:41:27, 2020-01-01T19:41:29, 2020-01-01T19:41:34, 2020-01-01T19:41:37, 2020-01-01T19:41:38, 2020-01-01T19:41:41, 2020-01-01T19:41:43, 2020-01-01T19:41:45, 2020-01-01T19:41:48, 2020-01-01T19:41:53, 2020-01-01T19:41:57, 2020-01-01T19:41:59, 2020-01-01T19:42:03, 2020-01-01T19:42:10, 2020-01-01T19:42:11, 2020-01-01T19:42:15, 2020-01-01T19:42:18, 2020-01-01T19:42:20, 2020-01-01T19:42:21, 2020-01-01T19:42:27, 2020-01-01T19:42:31, 2020-01-01T19:42:33, 2020-01-01T19:42:35, 2020-01-01T19:42:37, 2020-01-01T19:42:39, 2020-01-01T19:42:44, 2020-01-01T19:42:45, 2020-01-01T19:42:47, 2020-01-01T19:42:52, 2020-01-01T19:42:53, 2020-01-01T19:42:56, 2020-01-01T19:42:59, 2020-01-01T19:45:15, 2020-01-01T19:48:11, 2020-01-01T19:51:13, 2020-01-01T19:54:16, 2020-01-01T20:00:01, 2020-01-01T20:00:03, 2020-01-01T20:00:07, 2020-01-01T20:00:30, 2020-01-01T20:00:31, 2020-01-01T20:00:37, 2020-01-01T20:00:39, 2020-01-01T20:00:42, 2020-01-01T20:00:44, 2020-01-01T20:00:46, 2020-01-01T20:00:49, 2020-01-01T20:01:10, 2020-01-01T20:01:14, 2020-01-01T20:01:15, 2020-01-01T20:01:18, 2020-01-01T20:01:20, 2020-01-01T20:01:22, 2020-01-01T20:01:24, 2020-01-01T20:01:27, 2020-01-01T20:01:31, 2020-01-01T20:01:45, 2020-01-01T20:01:50, 2020-01-01T20:01:51, 2020-01-01T20:01:55, 2020-01-01T20:01:58, 2020-01-01T20:07:46, 2020-01-01T20:10:31, 2020-01-01T20:13:31, 2020-01-01T20:20:35, 2020-01-01T20:24:26, 2020-01-01T20:31:48, 2020-01-01T20:33:22, 2020-01-01T20:40:36, 2020-01-01T20:41:39, 2020-01-01T20:42:44, 2020-01-01T20:43:28, 2020-01-01T20:44:38, 2020-01-01T20:44:54, 2020-01-01T20:45:43, 2020-01-01T20:46:15, 2020-01-01T20:47:01, 2020-01-01T20:47:56, 2020-01-01T20:48:47, 2020-01-01T20:49:14, 2020-01-01T20:50:03, 2020-01-01T20:50:58, 2020-01-01T20:51:35, 2020-01-01T20:52:10, 2020-01-01T20:53:06, 2020-01-01T20:53:22, 2020-01-01T20:54:31, 2020-01-01T20:55:17, 2020-01-01T20:56:24, 2020-01-01T20:56:35, 2020-01-01T21:03:00, 2020-01-01T21:11:56, 2020-01-01T21:13:31, 2020-01-01T21:14:16, 2020-01-01T21:15:07, 2020-01-01T21:15:21, 2020-01-01T21:16:34, 2020-01-01T21:17:18, 2020-01-01T21:18:08, 2020-01-01T21:18:24, 2020-01-01T21:19:33, 2020-01-01T21:20:45, 2020-01-01T21:21:26, 2020-01-01T21:22:37, 2020-01-01T21:22:52, 2020-01-01T21:23:44, 2020-01-01T21:24:28, 2020-01-01T21:25:39, 2020-01-01T21:25:53, 2020-01-01T21:26:40, 2020-01-01T21:27:15, 2020-01-01T21:28:01, 2020-01-01T21:28:56, 2020-01-01T21:29:47, 2020-01-01T21:30:11, 2020-01-01T21:31:04, 2020-01-01T21:31:58, 2020-01-01T21:32:48, 2020-01-01T21:33:13, 2020-01-01T21:34:00, 2020-01-01T21:34:25, 2020-01-01T21:35:35, 2020-01-01T21:36:10, 2020-01-01T21:37:06, 2020-01-01T21:37:25, 2020-01-01T21:38:32, 2020-01-01T21:39:17, 2020-01-01T21:40:08, 2020-01-01T21:40:24, 2020-01-01T21:41:33, 2020-01-01T21:42:19, 2020-01-01T21:43:20, 2020-01-01T21:44:36, 2020-01-01T21:44:52, 2020-01-01T21:45:42, 2020-01-01T21:46:27, 2020-01-01T21:47:38, 2020-01-01T21:47:51, 2020-01-01T21:48:44, 2020-01-01T21:49:29, 2020-01-01T21:50:39, 2020-01-01T21:50:53, 2020-01-01T21:51:43, 2020-01-01T21:52:15, 2020-01-01T21:53:01, 2020-01-01T21:53:56, 2020-01-01T21:54:48, 2020-01-01T21:55:13, 2020-01-01T21:56:03, 2020-01-01T21:56:59, 2020-01-01T21:57:35, 2020-01-01T21:58:16, 2020-01-01T21:59:06, 2020-01-01T21:59:22, 2020-01-01T22:00:31, 2020-01-01T22:07:07, 2020-01-01T22:15:06, 2020-01-01T22:23:20, 2020-01-01T22:30:14, 2020-01-01T22:39:58, 2020-01-01T22:45:08, 2020-01-01T22:53:52, 2020-01-01T22:57:48, 2020-01-01T22:58:11, 2020-01-01T22:59:03, 2020-01-01T22:59:58, 2020-01-01T23:00:35, 2020-01-01T23:01:10, 2020-01-01T23:02:06, 2020-01-01T23:02:25, 2020-01-01T23:03:31, 2020-01-01T23:04:18, 2020-01-01T23:05:09, 2020-01-01T23:05:23, 2020-01-01T23:06:33, 2020-01-01T23:07:45, 2020-01-01T23:08:26, 2020-01-01T23:09:37, 2020-01-01T23:09:52, 2020-01-01T23:10:44, 2020-01-01T23:11:29, 2020-01-01T23:12:05, 2020-01-01T23:12:50, 2020-01-01T23:13:40, 2020-01-01T23:14:12, 2020-01-01T23:15:10, 2020-01-01T23:16:19, 2020-01-01T23:17:42, 2020-01-01T23:18:40, 2020-01-01T23:26:08, 2020-01-01T23:34:05, 2020-01-01T23:36:41, 2020-01-01T23:37:28, 2020-01-01T23:38:39, 2020-01-01T23:38:54, 2020-01-01T23:39:40, 2020-01-01T23:40:15, 2020-01-01T23:41:01, 2020-01-01T23:41:56, 2020-01-01T23:42:47, 2020-01-01T23:43:11, 2020-01-01T23:44:03, 2020-01-01T23:44:58, 2020-01-01T23:45:49, 2020-01-01T23:46:13, 2020-01-01T23:47:03, 2020-01-01T23:47:59, 2020-01-01T23:48:35, 2020-01-01T23:49:14, 2020-01-01T23:49:19, 2020-01-01T23:49:55, 2020-01-01T23:50:23, 2020-01-01T23:51:30, 2020-01-01T23:51:55, 2020-01-01T23:52:42, 2020-01-01T23:53:26, 2020-01-01T23:54:37, 2020-01-01T23:54:52, 2020-01-01T23:55:42, 2020-01-01T23:55:44, 2020-01-01T23:56:03, 2020-01-01T23:57:49, 2020-01-01T23:58:10, 2020-01-01T23:59:07, 2020-01-01T23:59:22" }, "geometry": { "type": "LineString", "coordinates": [ [ -99.069961, 19.566828 ], [ -99.069939, 19.566808 ], [ -99.069939, 19.566808 ], [ -99.069943, 19.566815 ], [ -99.069939, 19.566808 ], [ -99.069947, 19.566812 ], [ -99.069963, 19.566825 ], [ -99.069963, 19.566825 ], [ -99.069963, 19.566825 ], [ -99.069963, 19.566825 ], [ -99.069945, 19.566812 ], [ -99.070026, 19.566865 ], [ -99.069917, 19.566818 ], [ -99.06998, 19.566745 ], [ -99.069961, 19.566828 ], [ -99.069913, 19.566837 ], [ -99.06996, 19.566828 ], [ -99.069969, 19.566821 ], [ -99.069963, 19.566825 ], [ -99.069963, 19.566813 ], [ -99.069995, 19.566854 ], [ -99.070064, 19.566906 ], [ -99.069961, 19.566828 ], [ -99.069966, 19.566828 ], [ -99.069962, 19.566828 ], [ -99.069912, 19.566783 ], [ -99.069961, 19.566826 ], [ -99.069965, 19.566826 ], [ -99.069964, 19.566825 ], [ -99.069969, 19.566826 ], [ -99.069966, 19.566826 ], [ -99.069967, 19.566827 ], [ -99.069778, 19.566776 ], [ -99.069906, 19.56675 ], [ -99.069962, 19.566828 ], [ -99.069937, 19.566828 ], [ -99.069963, 19.566825 ], [ -99.06994, 19.566826 ], [ -99.069961, 19.566825 ], [ -99.069938, 19.566812 ], [ -99.070008, 19.566787 ], [ -99.070026, 19.566928 ], [ -99.069991, 19.566925 ], [ -99.06993, 19.566945 ], [ -99.069967, 19.566917 ], [ -99.069756, 19.564209 ], [ -99.069771, 19.564009 ], [ -99.069363, 19.5628 ], [ -99.069796, 19.56335 ], [ -99.06943, 19.557441 ], [ -99.069214, 19.558339 ], [ -99.068842, 19.560086 ], [ -99.069725, 19.554743 ], [ -99.06858, 19.553053 ], [ -99.066471, 19.551637 ], [ -99.066352, 19.549608 ], [ -99.068883, 19.546334 ], [ -99.071274, 19.542884 ], [ -99.0716, 19.542446 ], [ -99.072123, 19.54164 ], [ -99.070635, 19.540367 ], [ -99.072203, 19.536561 ], [ -99.071304, 19.538275 ], [ -99.073941, 19.535201 ], [ -99.075345, 19.533575 ], [ -99.073957, 19.531863 ], [ -99.084458, 19.525871 ], [ -99.077964, 19.529549 ], [ -99.090658, 19.522563 ], [ -99.090323, 19.522831 ], [ -99.091062, 19.52226 ], [ -99.098253, 19.519066 ], [ -99.105454, 19.510415 ], [ -99.10466, 19.510761 ], [ -99.103158, 19.511908 ], [ -99.122415, 19.489054 ], [ -99.129191, 19.480843 ], [ -99.139528, 19.469267 ], [ -99.135552, 19.47315 ], [ -99.140536, 19.468029 ], [ -99.141784, 19.467128 ], [ -99.143364, 19.467278 ], [ -99.143336, 19.467277 ], [ -99.144326, 19.464863 ], [ -99.153116, 19.463377 ], [ -99.151086, 19.463114 ], [ -99.153454, 19.463479 ], [ -99.154371, 19.463641 ], [ -99.156995, 19.465884 ], [ -99.156541, 19.465808 ], [ -99.156542, 19.465776 ], [ -99.156541, 19.465807 ], [ -99.156542, 19.465775 ], [ -99.156543, 19.465775 ], [ -99.156516, 19.465775 ], [ -99.156517, 19.465775 ], [ -99.156512, 19.465774 ], [ -99.156527, 19.465774 ], [ -99.156522, 19.465774 ], [ -99.156522, 19.465773 ], [ -99.156509, 19.465773 ], [ -99.156508, 19.465773 ], [ -99.156566, 19.465801 ], [ -99.156534, 19.465819 ], [ -99.156978, 19.466084 ], [ -99.156982, 19.468115 ], [ -99.154665, 19.468351 ], [ -99.152725, 19.468137 ], [ -99.152573, 19.468024 ], [ -99.152576, 19.468009 ], [ -99.152577, 19.468021 ], [ -99.152488, 19.468187 ], [ -99.149797, 19.467906 ], [ -99.144031, 19.467158 ], [ -99.146581, 19.467522 ], [ -99.144045, 19.467182 ], [ -99.143368, 19.46592 ], [ -99.144516, 19.464828 ], [ -99.143287, 19.465648 ], [ -99.154645, 19.463557 ], [ -99.151691, 19.463136 ], [ -99.153161, 19.463311 ], [ -99.157969, 19.464175 ], [ -99.158925, 19.46393 ], [ -99.164864, 19.447717 ], [ -99.163809, 19.456028 ], [ -99.168118, 19.439108 ], [ -99.172945, 19.431354 ], [ -99.179179, 19.416836 ], [ -99.177181, 19.424543 ], [ -99.182745, 19.41071 ], [ -99.182821, 19.410611 ], [ -99.184673, 19.401771 ], [ -99.184465, 19.405644 ], [ -99.184948, 19.398714 ], [ -99.185303, 19.396032 ], [ -99.186015, 19.38923 ], [ -99.185745, 19.391831 ], [ -99.186238, 19.386418 ], [ -99.183709, 19.386123 ], [ -99.182146, 19.391208 ], [ -99.18226, 19.390076 ], [ -99.180746, 19.397815 ], [ -99.182229, 19.399998 ], [ -99.183351, 19.402423 ], [ -99.183441, 19.40096 ], [ -99.183356, 19.402271 ], [ -99.183382, 19.402739 ], [ -99.18462, 19.402693 ], [ -99.183421, 19.403292 ], [ -99.185032, 19.398386 ], [ -99.18574, 19.392522 ], [ -99.186466, 19.386089 ], [ -99.187146, 19.380204 ], [ -99.186458, 19.385947 ], [ -99.187325, 19.378757 ], [ -99.186894, 19.371872 ], [ -99.170583, 19.358798 ], [ -99.158655, 19.357934 ], [ -99.146645, 19.357328 ], [ -99.134979, 19.354077 ], [ -99.136909, 19.356642 ], [ -99.136973, 19.346444 ], [ -99.137201, 19.34552 ], [ -99.137922, 19.341451 ], [ -99.13725, 19.345391 ], [ -99.139572, 19.341563 ], [ -99.139573, 19.341587 ], [ -99.142725, 19.342462 ], [ -99.141963, 19.341913 ], [ -99.14211, 19.342076 ], [ -99.142218, 19.34173 ], [ -99.142068, 19.342126 ], [ -99.142153, 19.342155 ], [ -99.142412, 19.341679 ], [ -99.142053, 19.341996 ], [ -99.142038, 19.341971 ], [ -99.142489, 19.341569 ], [ -99.142607, 19.34181 ], [ -99.146574, 19.342484 ], [ -99.149719, 19.342935 ], [ -99.151648, 19.34314 ], [ -99.158404, 19.343848 ], [ -99.157155, 19.343897 ], [ -99.158139, 19.343812 ], [ -99.14956, 19.342693 ], [ -99.155934, 19.343579 ], [ -99.145912, 19.342217 ], [ -99.138974, 19.341308 ], [ -99.137796, 19.341157 ], [ -99.133807, 19.34057 ], [ -99.130296, 19.339531 ], [ -99.128516, 19.339071 ], [ -99.126294, 19.342764 ], [ -99.125734, 19.345821 ], [ -99.12357, 19.345714 ], [ -99.123612, 19.345762 ], [ -99.121276, 19.345725 ], [ -99.120072, 19.347309 ], [ -99.120909, 19.352261 ], [ -99.121779, 19.355748 ], [ -99.122231, 19.360155 ], [ -99.122271, 19.361502 ], [ -99.122367, 19.363905 ], [ -99.122478, 19.369463 ], [ -99.123721, 19.369497 ], [ -99.130223, 19.360796 ], [ -99.12756, 19.36529 ], [ -99.132428, 19.361364 ], [ -99.13224, 19.362373 ], [ -99.13242, 19.361468 ], [ -99.132273, 19.362382 ], [ -99.130439, 19.360651 ], [ -99.131347, 19.358897 ], [ -99.141784, 19.357154 ], [ -99.133607, 19.35671 ], [ -99.151385, 19.357638 ], [ -99.162416, 19.358295 ], [ -99.171482, 19.359415 ], [ -99.170083, 19.358979 ], [ -99.17225, 19.358671 ], [ -99.175516, 19.35396 ], [ -99.178611, 19.351054 ], [ -99.176971, 19.35277 ], [ -99.178778, 19.350958 ], [ -99.179096, 19.350661 ], [ -99.178529, 19.351002 ], [ -99.178523, 19.350978 ], [ -99.177275, 19.352216 ], [ -99.172977, 19.356773 ], [ -99.170875, 19.361278 ], [ -99.171101, 19.364744 ], [ -99.174203, 19.365435 ], [ -99.177595, 19.366198 ], [ -99.176871, 19.371053 ], [ -99.177454, 19.368725 ], [ -99.177556, 19.377889 ], [ -99.178807, 19.373765 ], [ -99.178591, 19.373695 ], [ -99.178687, 19.374703 ], [ -99.176923, 19.379939 ], [ -99.177507, 19.385734 ], [ -99.173707, 19.385768 ], [ -99.180521, 19.385393 ], [ -99.182011, 19.384871 ], [ -99.182085, 19.384307 ], [ -99.182085, 19.384268 ], [ -99.181029, 19.384334 ], [ -99.182674, 19.385256 ], [ -99.181965, 19.393207 ], [ -99.167546, 19.44018 ], [ -99.157255, 19.464044 ], [ -99.154286, 19.463425 ], [ -99.153033, 19.463195 ], [ -99.13417, 19.474355 ], [ -99.133389, 19.475322 ], [ -99.135266, 19.473127 ], [ -99.13441, 19.474052 ], [ -99.13624, 19.47197 ], [ -99.135957, 19.472294 ], [ -99.130462, 19.478871 ], [ -99.129723, 19.479802 ], [ -99.129467, 19.480109 ], [ -99.13079, 19.47844 ], [ -99.129072, 19.480538 ], [ -99.128573, 19.48113 ], [ -99.132092, 19.476831 ], [ -99.131837, 19.477142 ], [ -99.117477, 19.488784 ], [ -99.122839, 19.486909 ], [ -99.104276, 19.510788 ], [ -99.105095, 19.510413 ], [ -99.08994, 19.510307 ], [ -99.087216, 19.512703 ], [ -99.086338, 19.512387 ], [ -99.081691, 19.510473 ], [ -99.084187, 19.521845 ], [ -99.07285, 19.542928 ], [ -99.073105, 19.542039 ], [ -99.063447, 19.553191 ], [ -99.062541, 19.553834 ], [ -99.052804, 19.566567 ], [ -99.052676, 19.567832 ], [ -99.053882, 19.563755 ], [ -99.053567, 19.564547 ], [ -99.0543, 19.562745 ], [ -99.0407, 19.59325 ], [ -99.039485, 19.598606 ], [ -99.039282, 19.599612 ], [ -99.021471, 19.633882 ], [ -98.973189, 19.703025 ], [ -98.977995, 19.687387 ], [ -98.974822, 19.686529 ], [ -98.974732, 19.686597 ], [ -98.974706, 19.686685 ], [ -98.974618, 19.686786 ], [ -98.975016, 19.686159 ], [ -98.974883, 19.686426 ], [ -98.974189, 19.687452 ], [ -98.974163, 19.687504 ], [ -98.974315, 19.687231 ], [ -98.97438, 19.68719 ], [ -98.974243, 19.687372 ], [ -98.973838, 19.687964 ], [ -98.973856, 19.687916 ], [ -98.973933, 19.687835 ], [ -98.973996, 19.687735 ], [ -98.973922, 19.687879 ], [ -98.974571, 19.686836 ], [ -98.97454, 19.686925 ], [ -98.974434, 19.687097 ], [ -98.96924, 19.688537 ], [ -98.966569, 19.694012 ], [ -98.979975, 19.679106 ], [ -98.977571, 19.672662 ], [ -98.9776, 19.67259 ], [ -98.977523, 19.67264 ], [ -98.977761, 19.672547 ], [ -98.97433, 19.670856 ], [ -98.976828, 19.672342 ], [ -98.974498, 19.670517 ], [ -98.976299, 19.670963 ], [ -98.974476, 19.670517 ], [ -98.978863, 19.672317 ], [ -98.981061, 19.674402 ], [ -98.98219, 19.677821 ], [ -98.980658, 19.676157 ], [ -98.98454, 19.677023 ], [ -98.98584, 19.676682 ], [ -98.987586, 19.677951 ], [ -98.992609, 19.679558 ], [ -98.989869, 19.678771 ], [ -98.995052, 19.680035 ], [ -98.998582, 19.678742 ], [ -99.004036, 19.668114 ], [ -99.002568, 19.673944 ], [ -99.004068, 19.668091 ], [ -99.00529, 19.65016 ], [ -99.004858, 19.657189 ], [ -99.005171, 19.646566 ], [ -99.003842, 19.641719 ], [ -99.002078, 19.635923 ], [ -99.00297, 19.638805 ], [ -99.002154, 19.63427 ], [ -99.002281, 19.629328 ], [ -99.002179, 19.632337 ], [ -99.003097, 19.626008 ], [ -99.00441, 19.621005 ], [ -99.004862, 19.621474 ], [ -99.004166, 19.621062 ], [ -99.003669, 19.619851 ], [ -99.00987, 19.610103 ], [ -99.006708, 19.614859 ], [ -99.006178, 19.615655 ], [ -99.012076, 19.606742 ], [ -99.015834, 19.601686 ], [ -99.022971, 19.590378 ], [ -99.027152, 19.584447 ], [ -99.023511, 19.589572 ], [ -99.026852, 19.583684 ], [ -99.021369, 19.576345 ], [ -99.019296, 19.573237 ], [ -99.020653, 19.575502 ], [ -99.013896, 19.564722 ], [ -99.013939, 19.553201 ], [ -99.014465, 19.529633 ], [ -99.014666, 19.518115 ], [ -99.014883, 19.506385 ], [ -99.017359, 19.488215 ], [ -99.015069, 19.495705 ], [ -99.027669, 19.487005 ], [ -99.031686, 19.48015 ], [ -99.036071, 19.472171 ], [ -99.039086, 19.457264 ], [ -99.038788, 19.463621 ], [ -99.03914, 19.457043 ], [ -99.04181, 19.451933 ], [ -99.047741, 19.440723 ], [ -99.044493, 19.446121 ], [ -99.050275, 19.436054 ], [ -99.053185, 19.429096 ], [ -99.056386, 19.417871 ], [ -99.055215, 19.423424 ], [ -99.056558, 19.416184 ], [ -99.056928, 19.412817 ], [ -99.057535, 19.407233 ], [ -99.057016, 19.412048 ], [ -99.058016, 19.4026 ], [ -99.058556, 19.39642 ], [ -99.060143, 19.38775 ], [ -99.06005, 19.3882 ], [ -99.060095, 19.387982 ], [ -99.060185, 19.38752 ], [ -99.059701, 19.390252 ], [ -99.059721, 19.390216 ], [ -99.05973, 19.390167 ], [ -99.059897, 19.389202 ], [ -99.059915, 19.389021 ], [ -99.059889, 19.389298 ], [ -99.060041, 19.388424 ], [ -99.059751, 19.38991 ], [ -99.05975, 19.390052 ], [ -99.059837, 19.389477 ], [ -99.059703, 19.390306 ], [ -99.060343, 19.386621 ], [ -99.060341, 19.386623 ], [ -99.060342, 19.386623 ], [ -99.060341, 19.386611 ], [ -99.060342, 19.386624 ], [ -99.060311, 19.386664 ], [ -99.060346, 19.386621 ], [ -99.060316, 19.386606 ], [ -99.060342, 19.38662 ], [ -99.060342, 19.38662 ], [ -99.060342, 19.38662 ], [ -99.060342, 19.386621 ], [ -99.060342, 19.386622 ], [ -99.060342, 19.38662 ], [ -99.060272, 19.386832 ], [ -99.060264, 19.387014 ], [ -99.060218, 19.387177 ], [ -99.060301, 19.386748 ], [ -99.060672, 19.38441 ], [ -99.060072, 19.376924 ], [ -99.060729, 19.379191 ], [ -99.05987, 19.375942 ], [ -99.059767, 19.353026 ], [ -99.061947, 19.342715 ], [ -99.062205, 19.342399 ], [ -99.064454, 19.338235 ], [ -99.064483, 19.338044 ], [ -99.06447, 19.337833 ], [ -99.064476, 19.337567 ], [ -99.063531, 19.34075 ], [ -99.063653, 19.340574 ], [ -99.063981, 19.340193 ], [ -99.062917, 19.341502 ], [ -99.063258, 19.341081 ], [ -99.063408, 19.340904 ], [ -99.06447, 19.338989 ], [ -99.064462, 19.338699 ], [ -99.064465, 19.338526 ], [ -99.064216, 19.339888 ], [ -99.064346, 19.339711 ], [ -99.064098, 19.340045 ], [ -99.064438, 19.339427 ], [ -99.062496, 19.342037 ], [ -99.062643, 19.341857 ], [ -99.06273, 19.341715 ], [ -99.064505, 19.335431 ], [ -99.064478, 19.337287 ], [ -99.064476, 19.337287 ], [ -99.064476, 19.337287 ], [ -99.064478, 19.337287 ], [ -99.064476, 19.337289 ], [ -99.064472, 19.337271 ], [ -99.064476, 19.337287 ], [ -99.064486, 19.336943 ], [ -99.064472, 19.336751 ], [ -99.06449, 19.337075 ], [ -99.064489, 19.336421 ], [ -99.064473, 19.336161 ], [ -99.064478, 19.337289 ], [ -99.064478, 19.337289 ], [ -99.064479, 19.337241 ], [ -99.06447, 19.337335 ], [ -99.064488, 19.337255 ], [ -99.064485, 19.337287 ], [ -99.064472, 19.337273 ], [ -99.073361, 19.321594 ], [ -99.071634, 19.315056 ], [ -99.064548, 19.305809 ], [ -99.062412, 19.295728 ], [ -99.074883, 19.293497 ], [ -99.075027, 19.293458 ], [ -99.075094, 19.293457 ], [ -99.074349, 19.293647 ], [ -99.074327, 19.293641 ], [ -99.074453, 19.293596 ], [ -99.074608, 19.293554 ], [ -99.073652, 19.293843 ], [ -99.073748, 19.293807 ], [ -99.07394, 19.293736 ], [ -99.07419, 19.293672 ], [ -99.077143, 19.29294 ], [ -99.077053, 19.292955 ], [ -99.076909, 19.293023 ], [ -99.077239, 19.292963 ], [ -99.076523, 19.293109 ], [ -99.076139, 19.293176 ], [ -99.076349, 19.293138 ], [ -99.076671, 19.293082 ], [ -99.077955, 19.293437 ], [ -99.07732, 19.292996 ], [ -99.075645, 19.293308 ], [ -99.075392, 19.293387 ], [ -99.075231, 19.29343 ], [ -99.075897, 19.293243 ], [ -99.105138, 19.293613 ], [ -99.139815, 19.28239 ], [ -99.162884, 19.301449 ], [ -99.219762, 19.312263 ], [ -99.217236, 19.322643 ], [ -99.217221, 19.322656 ], [ -99.217221, 19.322656 ], [ -99.217312, 19.322676 ], [ -99.217193, 19.323102 ], [ -99.212876, 19.326304 ], [ -99.210186, 19.331065 ], [ -99.203043, 19.333129 ], [ -99.208471, 19.331788 ], [ -99.202761, 19.33372 ], [ -99.202748, 19.333719 ], [ -99.202737, 19.333743 ], [ -99.202735, 19.33372 ], [ -99.202737, 19.333742 ], [ -99.202738, 19.333741 ], [ -99.202762, 19.333744 ], [ -99.202738, 19.333745 ], [ -99.202761, 19.333747 ], [ -99.202761, 19.333747 ], [ -99.202763, 19.333745 ], [ -99.202762, 19.333745 ], [ -99.202777, 19.333719 ], [ -99.202826, 19.333743 ], [ -99.20282, 19.333746 ], [ -99.202805, 19.333745 ], [ -99.202789, 19.333735 ], [ -99.202784, 19.333761 ], [ -99.203113, 19.334082 ], [ -99.207366, 19.332444 ], [ -99.209789, 19.331401 ], [ -99.207697, 19.332376 ], [ -99.210625, 19.331674 ], [ -99.210486, 19.331097 ], [ -99.206583, 19.331045 ], [ -99.210374, 19.331146 ], [ -99.207993, 19.327626 ], [ -99.21052, 19.325101 ], [ -99.212865, 19.323879 ], [ -99.212024, 19.327566 ], [ -99.214046, 19.32456 ], [ -99.211016, 19.329439 ], [ -99.210294, 19.330963 ], [ -99.20364, 19.33908 ], [ -99.208679, 19.334024 ], [ -99.202075, 19.34667 ], [ -99.199891, 19.354459 ], [ -99.190721, 19.366425 ], [ -99.193558, 19.359189 ], [ -99.191701, 19.372467 ], [ -99.191457, 19.377937 ], [ -99.189379, 19.38914 ], [ -99.190801, 19.384725 ], [ -99.189368, 19.389163 ], [ -99.188799, 19.391354 ], [ -99.191975, 19.402818 ], [ -99.189572, 19.397134 ], [ -99.191395, 19.401539 ], [ -99.190017, 19.401511 ], [ -99.188212, 19.402164 ], [ -99.188733, 19.401967 ], [ -99.186888, 19.402936 ], [ -99.185146, 19.406131 ], [ -99.184766, 19.406407 ], [ -99.184738, 19.406425 ], [ -99.184768, 19.406396 ], [ -99.184769, 19.406392 ], [ -99.183307, 19.407399 ], [ -99.176493, 19.405148 ], [ -99.177958, 19.405645 ], [ -99.172438, 19.403861 ], [ -99.171964, 19.403677 ], [ -99.170245, 19.401039 ], [ -99.169649, 19.402873 ], [ -99.171662, 19.396733 ], [ -99.173508, 19.396492 ], [ -99.171831, 19.398307 ], [ -99.173068, 19.397689 ], [ -99.171799, 19.398321 ], [ -99.171784, 19.3983 ], [ -99.171769, 19.398278 ], [ -99.171735, 19.398293 ], [ -99.171757, 19.398292 ], [ -99.171808, 19.398341 ], [ -99.17182, 19.39834 ], [ -99.171809, 19.398342 ], [ -99.17182, 19.39834 ], [ -99.171822, 19.398341 ], [ -99.171824, 19.398342 ], [ -99.171825, 19.398342 ], [ -99.171828, 19.398341 ], [ -99.171955, 19.398323 ], [ -99.172377, 19.397127 ], [ -99.172506, 19.397009 ], [ -99.172674, 19.3969 ], [ -99.172597, 19.396946 ], [ -99.172311, 19.396814 ], [ -99.17227, 19.396851 ], [ -99.172905, 19.39656 ], [ -99.172637, 19.39831 ], [ -99.170002, 19.39921 ], [ -99.170795, 19.398352 ], [ -99.1701, 19.399612 ], [ -99.170656, 19.401921 ], [ -99.171628, 19.405649 ], [ -99.171576, 19.405646 ], [ -99.17195, 19.407173 ], [ -99.171531, 19.408975 ], [ -99.167479, 19.411763 ], [ -99.168909, 19.409661 ], [ -99.167153, 19.412755 ], [ -99.166677, 19.412761 ], [ -99.167202, 19.411713 ], [ -99.167333, 19.411718 ], [ -99.16733, 19.411717 ], [ -99.167332, 19.411719 ], [ -99.167332, 19.411717 ], [ -99.16733, 19.411741 ], [ -99.167331, 19.41172 ], [ -99.167316, 19.411774 ], [ -99.166779, 19.411701 ], [ -99.166846, 19.411999 ], [ -99.166835, 19.412007 ], [ -99.166837, 19.412003 ], [ -99.166892, 19.412036 ], [ -99.16691, 19.412036 ], [ -99.167257, 19.411764 ], [ -99.167211, 19.412729 ], [ -99.167229, 19.412719 ], [ -99.16921, 19.414924 ], [ -99.167228, 19.412938 ], [ -99.16991, 19.415719 ], [ -99.170985, 19.417225 ], [ -99.173207, 19.420165 ], [ -99.17148, 19.417883 ], [ -99.1738, 19.420882 ], [ -99.173815, 19.420875 ], [ -99.17513, 19.427444 ], [ -99.17503, 19.422469 ], [ -99.170332, 19.435226 ], [ -99.166631, 19.442069 ], [ -99.163886, 19.455309 ], [ -99.164577, 19.448583 ], [ -99.16031, 19.462038 ], [ -99.153735, 19.463316 ], [ -99.152706, 19.463183 ], [ -99.157811, 19.464086 ], [ -99.144709, 19.464444 ], [ -99.138806, 19.46827 ], [ -99.14131, 19.465417 ], [ -99.138851, 19.468332 ], [ -99.138864, 19.468315 ], [ -99.138882, 19.468327 ], [ -99.138869, 19.468317 ], [ -99.138881, 19.468327 ], [ -99.138881, 19.468327 ], [ -99.138891, 19.468328 ], [ -99.138893, 19.468329 ], [ -99.138891, 19.468327 ], [ -99.13888, 19.468329 ], [ -99.138891, 19.468329 ] ] } },
{ "type": "Feature", "properties": { "device_id": "a0cf9d6408786295fd6db044451991cf3e7b50ac4ebfa67cdd391b55aa022fec", "timestamps": "2020-01-01T16:52:25, 2020-01-01T18:01:56" }, "geometry": { "type": "LineString", "coordinates": [ [ -99.145709, 19.46608 ], [ -99.14579, 19.46575 ] ] } },
{ "type": "Feature", "properties": { "device_id": "d92eff63aea5ef2a05e0163e1435f232e93b8a829a6284b2fd20b64ac00cd5a8", "timestamps": "2020-01-01T13:12:11, 2020-01-01T16:14:56, 2020-01-01T16:15:55, 2020-01-01T16:16:24, 2020-01-01T16:16:43, 2020-01-01T16:19:19, 2020-01-01T16:19:36, 2020-01-01T16:19:43, 2020-01-01T16:58:38, 2020-01-01T16:58:54, 2020-01-01T16:59:03, 2020-01-01T16:59:14, 2020-01-01T16:59:32, 2020-01-01T16:59:47, 2020-01-01T17:00:14, 2020-01-01T17:00:24, 2020-01-01T17:00:50, 2020-01-01T17:01:29, 2020-01-01T17:01:41, 2020-01-01T17:02:05, 2020-01-01T17:02:23, 2020-01-01T17:04:24, 2020-01-01T17:10:37, 2020-01-01T17:10:46, 2020-01-01T17:10:56, 2020-01-01T17:12:57, 2020-01-01T17:13:14, 2020-01-01T17:15:19, 2020-01-01T17:15:29, 2020-01-01T19:00:36, 2020-01-01T19:01:01" }, "geometry": { "type": "LineString", "coordinates": [ [ -99.145216, 19.466163 ], [ -99.145225, 19.466225 ], [ -99.145202, 19.466255 ], [ -99.145163, 19.466365 ], [ -99.145225, 19.466224 ], [ -99.145177, 19.466292 ], [ -99.145177, 19.466292 ], [ -99.145226, 19.466224 ], [ -99.145119, 19.466589 ], [ -99.145225, 19.466241 ], [ -99.145225, 19.466241 ], [ -99.145225, 19.466231 ], [ -99.145363, 19.466368 ], [ -99.145363, 19.466368 ], [ -99.145296, 19.466409 ], [ -99.145296, 19.466409 ], [ -99.14516, 19.46633 ], [ -99.145226, 19.466439 ], [ -99.145226, 19.466439 ], [ -99.14522, 19.466295 ], [ -99.145184, 19.466378 ], [ -99.145223, 19.466446 ], [ -99.145223, 19.466447 ], [ -99.145223, 19.466447 ], [ -99.14521, 19.466245 ], [ -99.145224, 19.466224 ], [ -99.145235, 19.466224 ], [ -99.145226, 19.466225 ], [ -99.145226, 19.466225 ], [ -99.199577, 19.661935 ], [ -99.199312, 19.665417 ] ] } },
{ "type": "Feature", "properties": { "device_id": "e65ad26f0c9ecae52715a50b062cbd0eb1691efd9e83aec204265afb9630d429", "timestamps": "2020-01-01T06:53:40, 2020-01-01T06:58:33, 2020-01-01T07:18:32, 2020-01-01T07:59:14, 2020-01-01T08:20:59, 2020-01-01T08:39:00, 2020-01-01T08:59:51, 2020-01-01T09:40:10, 2020-01-01T09:40:16, 2020-01-01T10:01:23, 2020-01-01T10:42:46, 2020-01-01T11:01:36, 2020-01-01T11:21:42, 2020-01-01T11:41:04, 2020-01-01T12:21:34, 2020-01-01T12:42:54, 2020-01-01T13:20:36, 2020-01-01T14:22:57, 2020-01-01T14:41:00, 2020-01-01T15:02:56, 2020-01-01T16:03:40, 2020-01-01T16:42:47, 2020-01-01T17:24:54, 2020-01-01T17:44:07, 2020-01-01T18:12:20, 2020-01-01T18:32:09, 2020-01-01T18:53:23, 2020-01-01T19:14:23, 2020-01-01T19:40:43, 2020-01-01T19:48:10, 2020-01-01T19:51:02, 2020-01-01T19:51:31, 2020-01-01T19:53:11, 2020-01-01T19:54:01, 2020-01-01T19:56:38, 2020-01-01T20:16:25, 2020-01-01T20:19:12, 2020-01-01T20:20:01, 2020-01-01T20:20:57, 2020-01-01T20:22:38, 2020-01-01T20:23:43, 2020-01-01T20:24:29, 2020-01-01T20:25:53, 2020-01-01T20:26:43, 2020-01-01T20:27:29, 2020-01-01T20:28:39, 2020-01-01T20:28:53, 2020-01-01T20:29:43, 2020-01-01T20:30:29, 2020-01-01T20:31:39, 2020-01-01T20:31:53, 2020-01-01T20:32:43, 2020-01-01T20:34:39, 2020-01-01T20:34:53, 2020-01-01T20:35:43, 2020-01-01T20:36:29, 2020-01-01T20:48:23, 2020-01-01T20:53:23, 2020-01-01T20:58:20, 2020-01-01T20:59:54, 2020-01-01T21:02:47, 2020-01-01T21:03:14, 2020-01-01T21:04:04, 2020-01-01T21:04:58, 2020-01-01T21:05:48, 2020-01-01T21:06:14, 2020-01-01T21:07:58, 2020-01-01T21:08:03, 2020-01-01T21:08:04, 2020-01-01T21:11:00, 2020-01-01T21:11:25, 2020-01-01T21:12:35, 2020-01-01T21:13:10, 2020-01-01T21:14:00, 2020-01-01T21:14:25, 2020-01-01T21:15:32, 2020-01-01T21:16:10, 2020-01-01T21:17:25, 2020-01-01T21:20:03, 2020-01-01T21:20:58, 2020-01-01T21:22:43, 2020-01-01T21:23:28, 2020-01-01T21:24:13, 2020-01-01T21:25:00, 2020-01-01T21:25:25, 2020-01-01T21:26:35, 2020-01-01T21:27:42, 2020-01-01T21:29:37, 2020-01-01T21:29:51, 2020-01-01T21:31:27, 2020-01-01T21:34:27, 2020-01-01T21:35:51, 2020-01-01T21:38:18, 2020-01-01T21:39:09, 2020-01-01T21:39:23, 2020-01-01T21:40:33, 2020-01-01T21:42:09, 2020-01-01T21:42:23, 2020-01-01T21:43:07, 2020-01-01T21:45:48, 2020-01-01T21:46:47, 2020-01-01T21:48:04, 2020-01-01T21:48:58, 2020-01-01T21:50:14, 2020-01-01T21:51:09, 2020-01-01T22:06:45, 2020-01-01T22:19:13, 2020-01-01T22:39:26, 2020-01-01T23:00:52, 2020-01-01T23:20:26, 2020-01-01T23:47:06, 2020-01-01T23:48:25, 2020-01-01T23:53:21, 2020-01-01T23:59:33" }, "geometry": { "type": "LineString", "coordinates": [ [ -99.15746, 19.431811 ], [ -99.144567, 19.434906 ], [ -99.144948, 19.433918 ], [ -99.144902, 19.433985 ], [ -99.144915, 19.434113 ], [ -99.144961, 19.433928 ], [ -99.144918, 19.434024 ], [ -99.144919, 19.434044 ], [ -99.144918, 19.434028 ], [ -99.144914, 19.434029 ], [ -99.144948, 19.434144 ], [ -99.144918, 19.43406 ], [ -99.14491, 19.434041 ], [ -99.144857, 19.433964 ], [ -99.144846, 19.433866 ], [ -99.144947, 19.434172 ], [ -99.144948, 19.434147 ], [ -99.144937, 19.434184 ], [ -99.144921, 19.433974 ], [ -99.144925, 19.433904 ], [ -99.144864, 19.433838 ], [ -99.145024, 19.434016 ], [ -99.144919, 19.434061 ], [ -99.144922, 19.434035 ], [ -99.14027, 19.434327 ], [ -99.140478, 19.434311 ], [ -99.140236, 19.434329 ], [ -99.140222, 19.434308 ], [ -99.14311, 19.434568 ], [ -99.141478, 19.43455 ], [ -99.139594, 19.434609 ], [ -99.13959, 19.434609 ], [ -99.136073, 19.434157 ], [ -99.133793, 19.433977 ], [ -99.133905, 19.434733 ], [ -99.133862, 19.434541 ], [ -99.136228, 19.435425 ], [ -99.138504, 19.435704 ], [ -99.137959, 19.435696 ], [ -99.140289, 19.436109 ], [ -99.143645, 19.436655 ], [ -99.146158, 19.437294 ], [ -99.146946, 19.437521 ], [ -99.149277, 19.435954 ], [ -99.151747, 19.435759 ], [ -99.154763, 19.436694 ], [ -99.15284, 19.435921 ], [ -99.154603, 19.435585 ], [ -99.154542, 19.434698 ], [ -99.15661, 19.432223 ], [ -99.155185, 19.433198 ], [ -99.158577, 19.431298 ], [ -99.162524, 19.429594 ], [ -99.159523, 19.430993 ], [ -99.162838, 19.429295 ], [ -99.166307, 19.42751 ], [ -99.179517, 19.427601 ], [ -99.188338, 19.431484 ], [ -99.194229, 19.431582 ], [ -99.194454, 19.431623 ], [ -99.201755, 19.432932 ], [ -99.201575, 19.434549 ], [ -99.206447, 19.435377 ], [ -99.202817, 19.434852 ], [ -99.206899, 19.435514 ], [ -99.206758, 19.436496 ], [ -99.206064, 19.438182 ], [ -99.205513, 19.438431 ], [ -99.205513, 19.438431 ], [ -99.198878, 19.438174 ], [ -99.202618, 19.43838 ], [ -99.19735, 19.43668 ], [ -99.197435, 19.434334 ], [ -99.197108, 19.430188 ], [ -99.197608, 19.432072 ], [ -99.197171, 19.429265 ], [ -99.19755, 19.426973 ], [ -99.197226, 19.426486 ], [ -99.190196, 19.42545 ], [ -99.194164, 19.426026 ], [ -99.187442, 19.424974 ], [ -99.18528, 19.42461 ], [ -99.185029, 19.424594 ], [ -99.176078, 19.423307 ], [ -99.180445, 19.423907 ], [ -99.173077, 19.42444 ], [ -99.172836, 19.42454 ], [ -99.169589, 19.41928 ], [ -99.170229, 19.422145 ], [ -99.1668, 19.419844 ], [ -99.165583, 19.422906 ], [ -99.167136, 19.426007 ], [ -99.167043, 19.427293 ], [ -99.164686, 19.428412 ], [ -99.165362, 19.427958 ], [ -99.161121, 19.430012 ], [ -99.15681, 19.431884 ], [ -99.159525, 19.430826 ], [ -99.156557, 19.431884 ], [ -99.154331, 19.433016 ], [ -99.154252, 19.433237 ], [ -99.150087, 19.4353 ], [ -99.153138, 19.433859 ], [ -99.14667, 19.435144 ], [ -99.144259, 19.434736 ], [ -99.144823, 19.433423 ], [ -99.14189, 19.432125 ], [ -99.14135, 19.431483 ], [ -99.141377, 19.431446 ], [ -99.141318, 19.431356 ], [ -99.141163, 19.434711 ], [ -99.141165, 19.434711 ], [ -99.137664, 19.461324 ], [ -99.144917, 19.466455 ] ] } },
{ "type": "Feature", "properties": { "device_id": "2070fc474564d74adba058f2b4d9aff12c51763cc049d29439eef63fe5197fab", "timestamps": "2020-01-01T06:09:27, 2020-01-01T06:32:18, 2020-01-01T08:38:47, 2020-01-01T08:38:55, 2020-01-01T08:39:21, 2020-01-01T08:39:35, 2020-01-01T08:47:22, 2020-01-01T08:47:41, 2020-01-01T08:48:04, 2020-01-01T08:48:10, 2020-01-01T08:48:52, 2020-01-01T08:49:06, 2020-01-01T08:49:16, 2020-01-01T08:49:38, 2020-01-01T08:49:47, 2020-01-01T08:50:04, 2020-01-01T08:52:18, 2020-01-01T08:52:28, 2020-01-01T08:52:51, 2020-01-01T08:53:07, 2020-01-01T08:53:45, 2020-01-01T10:48:37, 2020-01-01T13:12:15, 2020-01-01T13:12:31, 2020-01-01T13:13:07, 2020-01-01T13:13:29, 2020-01-01T13:14:01, 2020-01-01T13:14:22, 2020-01-01T13:14:40, 2020-01-01T14:26:34, 2020-01-01T14:26:52, 2020-01-01T15:30:00, 2020-01-01T15:52:06, 2020-01-01T16:30:54, 2020-01-01T16:31:04, 2020-01-01T16:31:42, 2020-01-01T16:32:08, 2020-01-01T16:32:36, 2020-01-01T16:32:49, 2020-01-01T16:33:31, 2020-01-01T16:33:50, 2020-01-01T16:33:59, 2020-01-01T16:34:22, 2020-01-01T16:35:31, 2020-01-01T16:35:57, 2020-01-01T16:36:24, 2020-01-01T16:36:41, 2020-01-01T18:21:10, 2020-01-01T18:21:20, 2020-01-01T18:21:53, 2020-01-01T18:22:56, 2020-01-01T18:47:18, 2020-01-01T18:54:23, 2020-01-01T19:29:49, 2020-01-01T19:30:02, 2020-01-01T19:30:27, 2020-01-01T21:20:45, 2020-01-01T22:46:10, 2020-01-01T22:56:28, 2020-01-01T22:56:36, 2020-01-01T22:56:45, 2020-01-01T22:57:13, 2020-01-01T22:58:03, 2020-01-01T22:59:39, 2020-01-01T23:06:57" }, "geometry": { "type": "LineString", "coordinates": [ [ -99.164632, 19.429064 ], [ -99.164267, 19.429051 ], [ -99.143981, 19.464295 ], [ -99.14398, 19.464294 ], [ -99.143981, 19.464295 ], [ -99.143981, 19.464295 ], [ -99.14399, 19.46459 ], [ -99.143991, 19.46459 ], [ -99.14399, 19.46459 ], [ -99.14399, 19.46459 ], [ -99.144126, 19.464755 ], [ -99.144126, 19.464755 ], [ -99.144126, 19.464755 ], [ -99.143934, 19.46446 ], [ -99.143934, 19.46446 ], [ -99.143934, 19.46446 ], [ -99.144748, 19.465179 ], [ -99.144748, 19.465179 ], [ -99.143951, 19.464595 ], [ -99.144195, 19.464822 ], [ -99.143955, 19.464599 ], [ -99.143842, 19.464448 ], [ -99.144052, 19.463586 ], [ -99.144052, 19.463585 ], [ -99.144064, 19.464564 ], [ -99.144064, 19.464564 ], [ -99.144064, 19.464564 ], [ -99.144063, 19.464563 ], [ -99.144064, 19.464564 ], [ -99.143842, 19.464448 ], [ -99.143842, 19.464449 ], [ -99.143989, 19.464517 ], [ -99.142881, 19.467565 ], [ -99.142898, 19.467572 ], [ -99.142898, 19.467572 ], [ -99.142898, 19.467572 ], [ -99.142898, 19.467572 ], [ -99.142898, 19.467572 ], [ -99.142898, 19.467572 ], [ -99.142898, 19.467572 ], [ -99.142898, 19.467572 ], [ -99.142898, 19.467572 ], [ -99.142898, 19.467572 ], [ -99.142898, 19.467572 ], [ -99.142898, 19.467572 ], [ -99.142898, 19.467572 ], [ -99.142898, 19.467572 ], [ -99.142924, 19.467524 ], [ -99.142924, 19.467524 ], [ -99.142901, 19.467551 ], [ -99.142901, 19.467551 ], [ -99.142889, 19.467575 ], [ -99.142859, 19.467572 ], [ -99.14288, 19.46756 ], [ -99.14288, 19.46756 ], [ -99.142871, 19.467576 ], [ -99.144122, 19.467605 ], [ -99.138875, 19.441039 ], [ -99.139562, 19.442861 ], [ -99.139562, 19.442861 ], [ -99.139562, 19.442861 ], [ -99.138857, 19.441209 ], [ -99.139562, 19.442861 ], [ -99.139562, 19.442861 ], [ -99.137908, 19.441419 ] ] } },
{ "type": "Feature", "properties": { "device_id": "15eb21909731ba84161db84125fc34a6f0f2f29e4a93a832db9c899e814a8377", "timestamps": "2020-01-01T10:17:26, 2020-01-01T10:22:15, 2020-01-01T10:22:20, 2020-01-01T10:23:40, 2020-01-01T10:23:59, 2020-01-01T10:25:16, 2020-01-01T10:26:39, 2020-01-01T10:27:56, 2020-01-01T10:29:13, 2020-01-01T10:30:39, 2020-01-01T10:31:04, 2020-01-01T10:31:51, 2020-01-01T10:31:53, 2020-01-01T10:31:56, 2020-01-01T10:41:22, 2020-01-01T10:47:24, 2020-01-01T11:13:58, 2020-01-01T11:21:44, 2020-01-01T11:22:55, 2020-01-01T11:23:57, 2020-01-01T11:25:29, 2020-01-01T11:26:31, 2020-01-01T11:27:32, 2020-01-01T11:28:33, 2020-01-01T11:29:35, 2020-01-01T11:30:36, 2020-01-01T11:31:37, 2020-01-01T11:32:38, 2020-01-01T11:33:40, 2020-01-01T11:34:41, 2020-01-01T11:35:42, 2020-01-01T11:36:43, 2020-01-01T11:37:44, 2020-01-01T11:38:45, 2020-01-01T11:39:46, 2020-01-01T11:40:47, 2020-01-01T11:42:40, 2020-01-01T11:42:47, 2020-01-01T11:43:51, 2020-01-01T11:44:53, 2020-01-01T11:45:54, 2020-01-01T11:46:54, 2020-01-01T11:47:55, 2020-01-01T11:48:08, 2020-01-01T11:48:56, 2020-01-01T11:48:58, 2020-01-01T11:49:58, 2020-01-01T11:50:59, 2020-01-01T11:52:00, 2020-01-01T11:53:01, 2020-01-01T11:53:54, 2020-01-01T11:53:57, 2020-01-01T11:54:41, 2020-01-01T11:54:50, 2020-01-01T11:55:53, 2020-01-01T11:56:54, 2020-01-01T11:57:56, 2020-01-01T11:58:58, 2020-01-01T11:59:59, 2020-01-01T12:01:00, 2020-01-01T12:02:01, 2020-01-01T12:02:34, 2020-01-01T12:03:38, 2020-01-01T12:04:37, 2020-01-01T12:06:19, 2020-01-01T12:07:21, 2020-01-01T12:08:22, 2020-01-01T12:09:24, 2020-01-01T12:10:25, 2020-01-01T12:11:26, 2020-01-01T12:12:27, 2020-01-01T12:13:29, 2020-01-01T12:14:30, 2020-01-01T12:15:31, 2020-01-01T12:17:32, 2020-01-01T12:18:33, 2020-01-01T12:20:34, 2020-01-01T12:21:37, 2020-01-01T12:22:10, 2020-01-01T12:24:11, 2020-01-01T12:26:12, 2020-01-01T12:27:14, 2020-01-01T12:29:19, 2020-01-01T12:30:16, 2020-01-01T12:30:18, 2020-01-01T12:30:22, 2020-01-01T12:30:28, 2020-01-01T12:31:23, 2020-01-01T12:32:23, 2020-01-01T12:35:30, 2020-01-01T12:36:41, 2020-01-01T12:39:07, 2020-01-01T12:39:57, 2020-01-01T12:39:58, 2020-01-01T12:40:02, 2020-01-01T12:40:16, 2020-01-01T12:40:23, 2020-01-01T12:40:51, 2020-01-01T12:40:52, 2020-01-01T12:40:53, 2020-01-01T12:44:14, 2020-01-01T12:44:32, 2020-01-01T12:50:43, 2020-01-01T12:50:51, 2020-01-01T13:37:41, 2020-01-01T14:08:46, 2020-01-01T14:39:06, 2020-01-01T15:01:36, 2020-01-01T15:01:44, 2020-01-01T15:06:33, 2020-01-01T15:06:44, 2020-01-01T15:21:41, 2020-01-01T15:22:02, 2020-01-01T15:22:11, 2020-01-01T15:22:18, 2020-01-01T15:22:25, 2020-01-01T15:22:35, 2020-01-01T15:22:54, 2020-01-01T15:22:57, 2020-01-01T15:23:06, 2020-01-01T15:23:17, 2020-01-01T15:23:28, 2020-01-01T15:23:38, 2020-01-01T15:23:49, 2020-01-01T15:24:08, 2020-01-01T15:24:10, 2020-01-01T15:24:21, 2020-01-01T15:24:31, 2020-01-01T15:24:42, 2020-01-01T15:24:53, 2020-01-01T15:25:04, 2020-01-01T15:25:14, 2020-01-01T15:25:24, 2020-01-01T15:25:35, 2020-01-01T15:25:46, 2020-01-01T15:25:56, 2020-01-01T15:26:07, 2020-01-01T15:26:17, 2020-01-01T15:26:28, 2020-01-01T15:26:38, 2020-01-01T15:26:48, 2020-01-01T15:26:59, 2020-01-01T15:27:09, 2020-01-01T15:27:20, 2020-01-01T15:27:30, 2020-01-01T15:27:47, 2020-01-01T15:27:59, 2020-01-01T15:28:05, 2020-01-01T15:28:13, 2020-01-01T15:28:23, 2020-01-01T15:28:34, 2020-01-01T15:28:44, 2020-01-01T15:28:55, 2020-01-01T15:29:05, 2020-01-01T15:29:16, 2020-01-01T15:29:26, 2020-01-01T15:29:37, 2020-01-01T15:29:48, 2020-01-01T15:30:08, 2020-01-01T15:30:10, 2020-01-01T15:30:21, 2020-01-01T15:30:31, 2020-01-01T15:30:46, 2020-01-01T15:42:34, 2020-01-01T15:42:43, 2020-01-01T15:43:21, 2020-01-01T16:13:24, 2020-01-01T16:43:28, 2020-01-01T16:45:20, 2020-01-01T16:45:29, 2020-01-01T17:20:11, 2020-01-01T17:50:14, 2020-01-01T18:00:40, 2020-01-01T18:22:55, 2020-01-01T18:52:58, 2020-01-01T19:07:06, 2020-01-01T19:07:56, 2020-01-01T19:58:24, 2020-01-01T19:58:34, 2020-01-01T19:58:54, 2020-01-01T19:59:00, 2020-01-01T20:13:14, 2020-01-01T20:13:23, 2020-01-01T20:14:13, 2020-01-01T20:14:19, 2020-01-01T20:14:23, 2020-01-01T20:14:29, 2020-01-01T20:15:11, 2020-01-01T20:15:12, 2020-01-01T20:15:22, 2020-01-01T20:16:11, 2020-01-01T20:16:15, 2020-01-01T20:16:22, 2020-01-01T20:17:04, 2020-01-01T20:17:18, 2020-01-01T20:17:28, 2020-01-01T20:17:38, 2020-01-01T20:19:05, 2020-01-01T20:19:34, 2020-01-01T20:19:43, 2020-01-01T20:20:33, 2020-01-01T20:20:43, 2020-01-01T20:20:44, 2020-01-01T20:21:11, 2020-01-01T20:21:22, 2020-01-01T20:21:37, 2020-01-01T20:21:47, 2020-01-01T20:21:59, 2020-01-01T20:22:08, 2020-01-01T20:22:58, 2020-01-01T20:23:08, 2020-01-01T20:23:56, 2020-01-01T20:24:10, 2020-01-01T20:24:14, 2020-01-01T20:24:23, 2020-01-01T20:25:05, 2020-01-01T20:25:50, 2020-01-01T20:25:54, 2020-01-01T20:26:25, 2020-01-01T20:26:58, 2020-01-01T20:27:37, 2020-01-01T20:27:45, 2020-01-01T20:27:54, 2020-01-01T20:27:59, 2020-01-01T20:28:21, 2020-01-01T20:28:26, 2020-01-01T20:28:46, 2020-01-01T20:29:08, 2020-01-01T20:29:12, 2020-01-01T20:29:21, 2020-01-01T20:29:22, 2020-01-01T20:29:36, 2020-01-01T20:29:43, 2020-01-01T20:29:46, 2020-01-01T20:29:52, 2020-01-01T20:29:59, 2020-01-01T20:30:09, 2020-01-01T20:30:14, 2020-01-01T20:30:23, 2020-01-01T20:30:26, 2020-01-01T20:30:34, 2020-01-01T20:30:45, 2020-01-01T20:30:57, 2020-01-01T20:31:01, 2020-01-01T20:31:05, 2020-01-01T20:31:06, 2020-01-01T20:31:16, 2020-01-01T20:31:32, 2020-01-01T20:31:39, 2020-01-01T20:31:49, 2020-01-01T20:31:50, 2020-01-01T20:31:57, 2020-01-01T20:32:06, 2020-01-01T20:32:18, 2020-01-01T20:32:20, 2020-01-01T20:32:35, 2020-01-01T20:32:48, 2020-01-01T20:32:53, 2020-01-01T20:33:03, 2020-01-01T20:33:17, 2020-01-01T20:33:24, 2020-01-01T20:33:35, 2020-01-01T20:33:50, 2020-01-01T20:33:56, 2020-01-01T20:34:05, 2020-01-01T20:34:06, 2020-01-01T20:34:07, 2020-01-01T20:34:10, 2020-01-01T20:34:28, 2020-01-01T20:34:30, 2020-01-01T20:34:35, 2020-01-01T20:34:38, 2020-01-01T20:34:47, 2020-01-01T20:34:51, 2020-01-01T20:34:55, 2020-01-01T20:35:02, 2020-01-01T20:35:05, 2020-01-01T20:35:15, 2020-01-01T20:35:30, 2020-01-01T20:35:35, 2020-01-01T20:35:44, 2020-01-01T20:35:45, 2020-01-01T20:35:48, 2020-01-01T20:36:04, 2020-01-01T20:36:18, 2020-01-01T20:36:26, 2020-01-01T20:36:31, 2020-01-01T20:36:33, 2020-01-01T20:36:40, 2020-01-01T20:36:42, 2020-01-01T20:36:44, 2020-01-01T20:36:53, 2020-01-01T20:37:03, 2020-01-01T20:37:13, 2020-01-01T20:37:29, 2020-01-01T20:37:30, 2020-01-01T20:37:41, 2020-01-01T20:37:42, 2020-01-01T20:37:44, 2020-01-01T20:37:45, 2020-01-01T20:37:55, 2020-01-01T20:38:06, 2020-01-01T20:38:17, 2020-01-01T20:38:28, 2020-01-01T20:38:41, 2020-01-01T20:38:49, 2020-01-01T20:39:00, 2020-01-01T20:39:10, 2020-01-01T20:39:35, 2020-01-01T20:39:40, 2020-01-01T20:40:09, 2020-01-01T20:40:10, 2020-01-01T20:40:29, 2020-01-01T20:40:39, 2020-01-01T20:40:49, 2020-01-01T20:40:58, 2020-01-01T20:40:59, 2020-01-01T20:41:10, 2020-01-01T20:41:30, 2020-01-01T20:41:50, 2020-01-01T20:42:11, 2020-01-01T20:42:32, 2020-01-01T20:42:52, 2020-01-01T20:43:12, 2020-01-01T20:43:33, 2020-01-01T20:43:47, 2020-01-01T20:43:48, 2020-01-01T20:43:53, 2020-01-01T20:44:13, 2020-01-01T20:44:34, 2020-01-01T20:44:36, 2020-01-01T20:44:43, 2020-01-01T20:44:55, 2020-01-01T20:45:14, 2020-01-01T20:45:35, 2020-01-01T20:45:56, 2020-01-01T20:46:15, 2020-01-01T20:46:34, 2020-01-01T20:46:37, 2020-01-01T20:46:57, 2020-01-01T20:47:17, 2020-01-01T20:47:21, 2020-01-01T20:47:27, 2020-01-01T20:47:37, 2020-01-01T20:48:38, 2020-01-01T20:48:58, 2020-01-01T20:49:18, 2020-01-01T20:49:40, 2020-01-01T20:49:59, 2020-01-01T20:50:19, 2020-01-01T20:50:40, 2020-01-01T20:51:00, 2020-01-01T20:51:21, 2020-01-01T20:51:41, 2020-01-01T20:52:01, 2020-01-01T20:52:21, 2020-01-01T20:52:36, 2020-01-01T20:52:43, 2020-01-01T20:52:46, 2020-01-01T20:53:03, 2020-01-01T20:53:24, 2020-01-01T20:53:44, 2020-01-01T20:54:05, 2020-01-01T20:54:30, 2020-01-01T20:54:36, 2020-01-01T20:54:46, 2020-01-01T20:54:53, 2020-01-01T20:55:01, 2020-01-01T20:55:11, 2020-01-01T20:55:14, 2020-01-01T20:55:19, 2020-01-01T20:55:21, 2020-01-01T20:55:41, 2020-01-01T20:55:51, 2020-01-01T20:56:11, 2020-01-01T20:56:21, 2020-01-01T20:56:26, 2020-01-01T20:56:36, 2020-01-01T20:56:47, 2020-01-01T20:57:01, 2020-01-01T20:57:17, 2020-01-01T20:57:26, 2020-01-01T20:57:41, 2020-01-01T20:57:48, 2020-01-01T20:57:55, 2020-01-01T20:58:12, 2020-01-01T20:58:17, 2020-01-01T20:58:27, 2020-01-01T20:58:37, 2020-01-01T20:58:53, 2020-01-01T20:59:01, 2020-01-01T20:59:17, 2020-01-01T20:59:23, 2020-01-01T20:59:42, 2020-01-01T20:59:52, 2020-01-01T20:59:57, 2020-01-01T20:59:58, 2020-01-01T21:00:01, 2020-01-01T21:00:03, 2020-01-01T21:00:18, 2020-01-01T21:00:33, 2020-01-01T21:00:52, 2020-01-01T21:00:53, 2020-01-01T21:01:03, 2020-01-01T21:01:09, 2020-01-01T21:01:33, 2020-01-01T21:01:43, 2020-01-01T21:01:56, 2020-01-01T21:01:58, 2020-01-01T21:02:13, 2020-01-01T21:02:29, 2020-01-01T21:02:38, 2020-01-01T21:02:45, 2020-01-01T21:03:09, 2020-01-01T21:03:14, 2020-01-01T21:03:31, 2020-01-01T21:03:52, 2020-01-01T21:04:11, 2020-01-01T21:04:31, 2020-01-01T21:04:52, 2020-01-01T21:05:12, 2020-01-01T21:05:32, 2020-01-01T21:05:40, 2020-01-01T21:05:51, 2020-01-01T21:06:01, 2020-01-01T21:06:02, 2020-01-01T21:06:04, 2020-01-01T21:06:16, 2020-01-01T21:06:22, 2020-01-01T21:06:42, 2020-01-01T21:06:47, 2020-01-01T21:06:58, 2020-01-01T21:07:13, 2020-01-01T21:07:29, 2020-01-01T21:07:51, 2020-01-01T21:08:05, 2020-01-01T21:08:10, 2020-01-01T21:08:31, 2020-01-01T21:08:50, 2020-01-01T21:08:52, 2020-01-01T21:08:58, 2020-01-01T21:09:12, 2020-01-01T21:09:32, 2020-01-01T21:09:53, 2020-01-01T21:10:13, 2020-01-01T21:10:33, 2020-01-01T21:10:56, 2020-01-01T21:11:16, 2020-01-01T21:11:36, 2020-01-01T21:11:57, 2020-01-01T21:12:17, 2020-01-01T21:12:37, 2020-01-01T21:12:58, 2020-01-01T21:13:19, 2020-01-01T21:13:38, 2020-01-01T21:13:59, 2020-01-01T21:14:11, 2020-01-01T21:14:20, 2020-01-01T21:14:21, 2020-01-01T21:14:22, 2020-01-01T21:14:40, 2020-01-01T21:15:00, 2020-01-01T21:15:13, 2020-01-01T21:15:18, 2020-01-01T21:15:19, 2020-01-01T21:15:20, 2020-01-01T21:15:24, 2020-01-01T21:15:32, 2020-01-01T21:15:46, 2020-01-01T21:16:02, 2020-01-01T21:16:25, 2020-01-01T21:16:45, 2020-01-01T21:17:04, 2020-01-01T21:17:24, 2020-01-01T21:17:45, 2020-01-01T21:18:05, 2020-01-01T21:18:25, 2020-01-01T21:18:45, 2020-01-01T21:19:06, 2020-01-01T21:19:26, 2020-01-01T21:19:46, 2020-01-01T21:20:07, 2020-01-01T21:20:27, 2020-01-01T21:20:47, 2020-01-01T21:21:08, 2020-01-01T21:21:28, 2020-01-01T21:21:48, 2020-01-01T21:22:09, 2020-01-01T21:22:29, 2020-01-01T21:22:49, 2020-01-01T21:23:10, 2020-01-01T21:23:30, 2020-01-01T21:23:51, 2020-01-01T21:24:12, 2020-01-01T21:24:32, 2020-01-01T21:24:52, 2020-01-01T21:25:06, 2020-01-01T21:25:13, 2020-01-01T21:25:33, 2020-01-01T21:25:53, 2020-01-01T21:25:56, 2020-01-01T21:25:57, 2020-01-01T21:26:15, 2020-01-01T21:26:35, 2020-01-01T21:26:55, 2020-01-01T21:27:16, 2020-01-01T21:27:36, 2020-01-01T21:27:56, 2020-01-01T21:28:17, 2020-01-01T21:28:37, 2020-01-01T21:28:57, 2020-01-01T21:29:18, 2020-01-01T21:29:38, 2020-01-01T21:29:58, 2020-01-01T21:30:19, 2020-01-01T21:30:40, 2020-01-01T21:30:59, 2020-01-01T21:31:20, 2020-01-01T21:31:41, 2020-01-01T21:32:01, 2020-01-01T21:32:22, 2020-01-01T21:32:42, 2020-01-01T21:33:02, 2020-01-01T21:33:22, 2020-01-01T21:33:43, 2020-01-01T21:34:04, 2020-01-01T21:34:23, 2020-01-01T21:34:44, 2020-01-01T21:35:05, 2020-01-01T21:35:17, 2020-01-01T21:35:38, 2020-01-01T21:35:58, 2020-01-01T21:36:18, 2020-01-01T21:36:39, 2020-01-01T21:37:00, 2020-01-01T21:37:21, 2020-01-01T21:37:43, 2020-01-01T21:38:03, 2020-01-01T21:38:23, 2020-01-01T21:38:44, 2020-01-01T21:39:04, 2020-01-01T21:39:24, 2020-01-01T21:39:45, 2020-01-01T21:40:05, 2020-01-01T21:40:10, 2020-01-01T21:40:24, 2020-01-01T21:40:25, 2020-01-01T21:40:46, 2020-01-01T21:41:06, 2020-01-01T21:41:26, 2020-01-01T21:41:47, 2020-01-01T21:42:08, 2020-01-01T21:42:28, 2020-01-01T21:42:50, 2020-01-01T21:43:09, 2020-01-01T21:43:29, 2020-01-01T21:43:50, 2020-01-01T21:44:11, 2020-01-01T21:44:31, 2020-01-01T21:44:52, 2020-01-01T21:45:12, 2020-01-01T21:45:32, 2020-01-01T21:45:53, 2020-01-01T21:46:13, 2020-01-01T21:46:33, 2020-01-01T21:46:54, 2020-01-01T21:47:14, 2020-01-01T21:47:34, 2020-01-01T21:47:55, 2020-01-01T21:48:06, 2020-01-01T21:48:16, 2020-01-01T21:48:33, 2020-01-01T21:48:35, 2020-01-01T21:48:44, 2020-01-01T21:48:55, 2020-01-01T21:49:17, 2020-01-01T21:49:36, 2020-01-01T21:49:57, 2020-01-01T21:50:18, 2020-01-01T21:50:37, 2020-01-01T21:50:58, 2020-01-01T21:51:19, 2020-01-01T21:51:41, 2020-01-01T21:52:02, 2020-01-01T21:52:22, 2020-01-01T21:52:42, 2020-01-01T21:53:03, 2020-01-01T21:53:23, 2020-01-01T21:53:43, 2020-01-01T21:54:04, 2020-01-01T21:54:25, 2020-01-01T21:54:44, 2020-01-01T21:55:05, 2020-01-01T21:55:26, 2020-01-01T21:55:45, 2020-01-01T21:56:06, 2020-01-01T21:56:27, 2020-01-01T21:56:46, 2020-01-01T21:57:07, 2020-01-01T21:57:28, 2020-01-01T21:57:47, 2020-01-01T21:58:08, 2020-01-01T21:58:29, 2020-01-01T21:58:48, 2020-01-01T21:59:09, 2020-01-01T21:59:30, 2020-01-01T21:59:50, 2020-01-01T22:00:11, 2020-01-01T22:00:31, 2020-01-01T22:00:51, 2020-01-01T22:01:12, 2020-01-01T22:01:38, 2020-01-01T22:01:58, 2020-01-01T22:02:19, 2020-01-01T22:02:39, 2020-01-01T22:02:58, 2020-01-01T22:03:19, 2020-01-01T22:03:37, 2020-01-01T22:03:40, 2020-01-01T22:03:47, 2020-01-01T22:03:59, 2020-01-01T22:04:21, 2020-01-01T22:04:41, 2020-01-01T22:05:01, 2020-01-01T22:05:21, 2020-01-01T22:05:36, 2020-01-01T22:05:49" }, "geometry": { "type": "LineString", "coordinates": [ [ -99.256302, 19.578947 ], [ -99.256152, 19.578969 ], [ -99.256163, 19.578958 ], [ -99.256152, 19.578969 ], [ -99.256152, 19.578969 ], [ -99.256152, 19.578969 ], [ -99.256152, 19.578969 ], [ -99.256152, 19.578969 ], [ -99.256152, 19.578969 ], [ -99.256216, 19.57896 ], [ -99.25616, 19.57896 ], [ -99.256163, 19.578958 ], [ -99.256163, 19.578958 ], [ -99.256192, 19.578967 ], [ -99.256302, 19.578947 ], [ -99.256148, 19.578975 ], [ -99.255791, 19.578982 ], [ -99.256171, 19.578415 ], [ -99.258231, 19.576625 ], [ -99.255926, 19.572691 ], [ -99.252014, 19.566445 ], [ -99.250776, 19.562642 ], [ -99.248975, 19.559551 ], [ -99.245351, 19.557051 ], [ -99.240645, 19.551331 ], [ -99.23445, 19.544111 ], [ -99.228505, 19.539049 ], [ -99.22486, 19.531404 ], [ -99.223823, 19.52847 ], [ -99.228686, 19.520919 ], [ -99.23641, 19.510847 ], [ -99.237387, 19.500162 ], [ -99.236215, 19.488652 ], [ -99.231466, 19.480002 ], [ -99.228773, 19.472143 ], [ -99.224304, 19.464234 ], [ -99.216382, 19.453513 ], [ -99.215502, 19.452807 ], [ -99.206047, 19.447765 ], [ -99.197038, 19.443425 ], [ -99.188382, 19.438975 ], [ -99.179413, 19.436225 ], [ -99.171073, 19.433634 ], [ -99.16638, 19.442899 ], [ -99.16639, 19.442898 ], [ -99.16639, 19.44289 ], [ -99.163937, 19.452878 ], [ -99.160115, 19.462595 ], [ -99.146596, 19.463788 ], [ -99.13803, 19.46535 ], [ -99.128273, 19.46197 ], [ -99.127778, 19.461677 ], [ -99.119507, 19.458798 ], [ -99.117768, 19.458162 ], [ -99.106969, 19.45198 ], [ -99.096208, 19.451115 ], [ -99.086804, 19.444666 ], [ -99.086743, 19.436065 ], [ -99.091789, 19.428508 ], [ -99.089517, 19.424848 ], [ -99.08107, 19.422318 ], [ -99.077427, 19.416806 ], [ -99.06702, 19.41341 ], [ -99.066471, 19.413588 ], [ -99.066112, 19.416942 ], [ -99.065817, 19.419623 ], [ -99.065647, 19.419539 ], [ -99.065071, 19.419509 ], [ -99.065091, 19.419508 ], [ -99.065069, 19.419508 ], [ -99.065043, 19.419505 ], [ -99.065079, 19.419501 ], [ -99.065081, 19.4195 ], [ -99.065033, 19.419494 ], [ -99.065075, 19.419521 ], [ -99.065073, 19.419509 ], [ -99.065062, 19.419508 ], [ -99.065179, 19.419522 ], [ -99.065189, 19.419543 ], [ -99.06516, 19.419547 ], [ -99.065182, 19.41955 ], [ -99.065143, 19.419544 ], [ -99.065183, 19.419529 ], [ -99.065091, 19.419507 ], [ -99.065091, 19.419507 ], [ -99.065177, 19.419546 ], [ -99.065091, 19.419508 ], [ -99.065152, 19.41954 ], [ -99.06518, 19.419548 ], [ -99.065188, 19.419529 ], [ -99.065178, 19.419544 ], [ -99.065091, 19.419507 ], [ -99.065091, 19.419508 ], [ -99.06506, 19.419504 ], [ -99.065091, 19.419508 ], [ -99.065076, 19.419496 ], [ -99.065071, 19.419463 ], [ -99.065091, 19.419507 ], [ -99.065091, 19.419507 ], [ -99.065091, 19.419507 ], [ -99.065105, 19.419582 ], [ -99.0651, 19.419558 ], [ -99.065093, 19.419618 ], [ -99.065103, 19.419613 ], [ -99.065141, 19.419534 ], [ -99.065103, 19.419539 ], [ -99.065108, 19.41953 ], [ -99.065052, 19.419548 ], [ -99.065052, 19.419512 ], [ -99.06515, 19.41953 ], [ -99.065131, 19.419545 ], [ -99.065147, 19.419526 ], [ -99.06511, 19.419555 ], [ -99.06511, 19.41956 ], [ -99.065112, 19.419563 ], [ -99.065115, 19.419567 ], [ -99.065115, 19.419567 ], [ -99.065115, 19.419567 ], [ -99.065115, 19.419567 ], [ -99.065115, 19.419567 ], [ -99.065115, 19.419567 ], [ -99.065115, 19.419567 ], [ -99.065115, 19.419567 ], [ -99.065115, 19.419567 ], [ -99.065115, 19.419567 ], [ -99.065115, 19.419567 ], [ -99.065115, 19.419567 ], [ -99.065115, 19.419567 ], [ -99.065115, 19.419567 ], [ -99.065115, 19.419567 ], [ -99.065115, 19.419567 ], [ -99.065115, 19.419567 ], [ -99.065115, 19.419567 ], [ -99.065115, 19.419567 ], [ -99.065115, 19.419567 ], [ -99.065115, 19.419567 ], [ -99.065115, 19.419567 ], [ -99.065115, 19.419567 ], [ -99.065115, 19.419567 ], [ -99.065115, 19.419567 ], [ -99.065115, 19.419567 ], [ -99.065115, 19.419567 ], [ -99.065115, 19.419567 ], [ -99.065115, 19.419567 ], [ -99.065115, 19.419567 ], [ -99.065115, 19.419567 ], [ -99.065115, 19.419567 ], [ -99.065115, 19.419567 ], [ -99.065115, 19.419567 ], [ -99.065115, 19.419567 ], [ -99.065115, 19.419567 ], [ -99.065115, 19.419567 ], [ -99.065115, 19.419567 ], [ -99.065115, 19.419567 ], [ -99.065115, 19.419567 ], [ -99.065115, 19.419567 ], [ -99.065115, 19.419567 ], [ -99.065115, 19.419567 ], [ -99.065115, 19.419567 ], [ -99.065115, 19.419567 ], [ -99.065115, 19.419567 ], [ -99.065115, 19.419567 ], [ -99.065115, 19.419567 ], [ -99.06515, 19.41953 ], [ -99.065131, 19.419545 ], [ -99.065117, 19.419532 ], [ -99.065101, 19.419529 ], [ -99.065104, 19.419528 ], [ -99.065132, 19.419525 ], [ -99.065118, 19.41953 ], [ -99.065089, 19.419508 ], [ -99.065073, 19.419512 ], [ -99.06509, 19.419518 ], [ -99.065091, 19.419516 ], [ -99.065088, 19.419507 ], [ -99.06509, 19.4195 ], [ -99.065079, 19.419507 ], [ -99.065118, 19.419495 ], [ -99.065118, 19.419495 ], [ -99.065047, 19.419443 ], [ -99.06507, 19.419582 ], [ -99.064607, 19.419297 ], [ -99.06461, 19.41929 ], [ -99.065275, 19.41939 ], [ -99.065275, 19.41939 ], [ -99.065275, 19.41939 ], [ -99.06529, 19.41937 ], [ -99.067091, 19.419361 ], [ -99.067091, 19.419361 ], [ -99.0671, 19.41935 ], [ -99.06834, 19.416751 ], [ -99.06834, 19.416751 ], [ -99.06835, 19.41676 ], [ -99.06856, 19.41426 ], [ -99.06999, 19.414442 ], [ -99.06998, 19.41443 ], [ -99.074677, 19.415601 ], [ -99.078599, 19.417665 ], [ -99.078599, 19.417665 ], [ -99.0786, 19.41765 ], [ -99.08706, 19.42371 ], [ -99.087065, 19.423726 ], [ -99.087065, 19.423726 ], [ -99.09185, 19.42677 ], [ -99.09183, 19.426784 ], [ -99.09088, 19.42978 ], [ -99.090886, 19.429775 ], [ -99.09183, 19.426784 ], [ -99.086191, 19.437846 ], [ -99.0862, 19.43783 ], [ -99.087261, 19.446149 ], [ -99.08726, 19.44613 ], [ -99.090816, 19.449639 ], [ -99.090816, 19.449639 ], [ -99.09083, 19.44964 ], [ -99.09543, 19.45186 ], [ -99.095413, 19.451858 ], [ -99.095413, 19.451858 ], [ -99.108251, 19.452478 ], [ -99.108251, 19.452478 ], [ -99.11822, 19.45845 ], [ -99.11942, 19.458853 ], [ -99.120965, 19.459328 ], [ -99.121865, 19.45963 ], [ -99.12536, 19.460787 ], [ -99.126158, 19.461048 ], [ -99.129138, 19.462397 ], [ -99.12788, 19.46164 ], [ -99.13229, 19.46426 ], [ -99.132279, 19.464255 ], [ -99.132279, 19.464255 ], [ -99.138203, 19.465101 ], [ -99.139015, 19.465135 ], [ -99.13821, 19.4651 ], [ -99.14072, 19.465303 ], [ -99.12789, 19.461635 ], [ -99.146874, 19.464121 ], [ -99.14279, 19.46552 ], [ -99.142774, 19.465518 ], [ -99.142774, 19.465518 ], [ -99.146003, 19.464337 ], [ -99.14706, 19.464105 ], [ -99.14689, 19.46411 ], [ -99.14712, 19.46467 ], [ -99.147258, 19.46468 ], [ -99.147325, 19.464688 ], [ -99.147435, 19.464713 ], [ -99.147435, 19.464713 ], [ -99.147435, 19.464713 ], [ -99.147435, 19.464713 ], [ -99.147435, 19.464713 ], [ -99.147435, 19.464713 ], [ -99.147435, 19.464713 ], [ -99.147435, 19.464713 ], [ -99.147435, 19.464713 ], [ -99.147435, 19.464713 ], [ -99.1474, 19.464623 ], [ -99.1474, 19.464623 ], [ -99.1474, 19.464623 ], [ -99.1474, 19.464623 ], [ -99.1474, 19.464623 ], [ -99.1474, 19.464623 ], [ -99.147375, 19.46474 ], [ -99.147375, 19.46474 ], [ -99.147436, 19.464727 ], [ -99.147315, 19.464775 ], [ -99.147303, 19.464775 ], [ -99.147262, 19.464772 ], [ -99.146985, 19.464712 ], [ -99.146985, 19.464712 ], [ -99.146985, 19.464712 ], [ -99.147436, 19.464727 ], [ -99.146807, 19.464672 ], [ -99.146712, 19.464723 ], [ -99.14667, 19.464728 ], [ -99.146758, 19.464692 ], [ -99.146538, 19.464732 ], [ -99.146407, 19.464833 ], [ -99.146758, 19.464692 ], [ -99.146368, 19.464835 ], [ -99.146275, 19.46481 ], [ -99.14677, 19.46469 ], [ -99.146257, 19.464823 ], [ -99.145988, 19.46474 ], [ -99.145915, 19.464722 ], [ -99.145772, 19.464837 ], [ -99.146078, 19.464805 ], [ -99.146078, 19.464805 ], [ -99.145755, 19.464998 ], [ -99.145752, 19.465007 ], [ -99.14609, 19.4648 ], [ -99.145768, 19.46514 ], [ -99.145777, 19.46528 ], [ -99.145817, 19.465455 ], [ -99.145812, 19.465617 ], [ -99.1458, 19.46538 ], [ -99.145665, 19.46565 ], [ -99.145798, 19.465372 ], [ -99.145593, 19.465668 ], [ -99.145798, 19.465372 ], [ -99.145447, 19.465765 ], [ -99.145282, 19.4658 ], [ -99.145273, 19.465913 ], [ -99.145098, 19.465927 ], [ -99.144757, 19.46589 ], [ -99.144573, 19.465803 ], [ -99.144215, 19.46551 ], [ -99.144213, 19.465515 ], [ -99.144603, 19.46583 ], [ -99.14461, 19.46581 ], [ -99.14461, 19.46581 ], [ -99.144603, 19.46583 ], [ -99.143996, 19.465356 ], [ -99.143996, 19.465356 ], [ -99.144101, 19.465409 ], [ -99.144603, 19.46583 ], [ -99.144603, 19.46583 ], [ -99.144225, 19.465332 ], [ -99.144191, 19.465322 ], [ -99.144207, 19.465315 ], [ -99.144208, 19.465333 ], [ -99.144227, 19.465331 ], [ -99.144214, 19.46533 ], [ -99.144214, 19.46533 ], [ -99.144214, 19.46533 ], [ -99.143995, 19.465365 ], [ -99.143995, 19.465365 ], [ -99.144205, 19.465332 ], [ -99.144105, 19.465277 ], [ -99.144118, 19.465421 ], [ -99.143995, 19.465365 ], [ -99.143995, 19.465365 ], [ -99.144174, 19.465369 ], [ -99.144217, 19.465337 ], [ -99.144234, 19.46531 ], [ -99.144362, 19.465266 ], [ -99.144526, 19.465181 ], [ -99.143995, 19.465365 ], [ -99.144526, 19.465181 ], [ -99.14448, 19.465186 ], [ -99.143995, 19.465365 ], [ -99.143995, 19.465365 ], [ -99.143996, 19.465356 ], [ -99.14448, 19.465186 ], [ -99.14448, 19.465186 ], [ -99.144526, 19.465181 ], [ -99.144526, 19.465181 ], [ -99.14439, 19.465571 ], [ -99.14439, 19.465571 ], [ -99.14439, 19.465571 ], [ -99.14439, 19.465571 ], [ -99.144235, 19.465322 ], [ -99.144214, 19.46533 ], [ -99.144228, 19.465331 ], [ -99.144235, 19.465323 ], [ -99.144212, 19.465281 ], [ -99.143996, 19.465356 ], [ -99.14416, 19.465361 ], [ -99.143995, 19.465365 ], [ -99.144191, 19.465346 ], [ -99.144191, 19.465346 ], [ -99.14416, 19.465361 ], [ -99.144214, 19.46533 ], [ -99.144221, 19.46529 ], [ -99.144224, 19.465314 ], [ -99.144212, 19.465307 ], [ -99.143995, 19.465365 ], [ -99.144214, 19.46533 ], [ -99.144224, 19.465312 ], [ -99.143995, 19.465365 ], [ -99.143995, 19.465365 ], [ -99.144224, 19.465312 ], [ -99.144222, 19.465311 ], [ -99.144214, 19.46533 ], [ -99.144118, 19.465421 ], [ -99.144214, 19.46533 ], [ -99.144118, 19.465421 ], [ -99.144214, 19.46533 ], [ -99.144214, 19.46533 ], [ -99.144118, 19.465421 ], [ -99.144118, 19.465421 ], [ -99.144118, 19.465421 ], [ -99.144118, 19.465421 ], [ -99.144118, 19.465421 ], [ -99.143995, 19.465365 ], [ -99.144214, 19.46533 ], [ -99.144214, 19.46533 ], [ -99.144214, 19.46533 ], [ -99.144214, 19.46533 ], [ -99.144118, 19.465421 ], [ -99.143995, 19.465365 ], [ -99.144232, 19.465318 ], [ -99.144147, 19.465387 ], [ -99.144214, 19.46533 ], [ -99.143996, 19.465356 ], [ -99.144163, 19.465395 ], [ -99.143995, 19.465365 ], [ -99.143996, 19.465356 ], [ -99.144216, 19.465327 ], [ -99.144217, 19.465328 ], [ -99.144214, 19.46533 ], [ -99.143995, 19.465365 ], [ -99.144218, 19.465306 ], [ -99.144204, 19.465298 ], [ -99.144152, 19.46528 ], [ -99.144233, 19.465312 ], [ -99.144214, 19.46533 ], [ -99.143995, 19.465365 ], [ -99.14423, 19.46532 ], [ -99.144203, 19.465317 ], [ -99.14421, 19.465332 ], [ -99.144205, 19.46533 ], [ -99.144228, 19.465313 ], [ -99.1442, 19.465354 ], [ -99.14423, 19.465333 ], [ -99.144232, 19.465319 ], [ -99.144354, 19.465493 ], [ -99.144192, 19.465301 ], [ -99.144208, 19.46533 ], [ -99.144118, 19.465421 ], [ -99.144212, 19.465308 ], [ -99.14421, 19.465332 ], [ -99.143995, 19.465365 ], [ -99.144218, 19.465325 ], [ -99.14422, 19.465337 ], [ -99.143995, 19.465365 ], [ -99.143995, 19.465365 ], [ -99.144211, 19.465332 ], [ -99.144211, 19.465332 ], [ -99.144191, 19.465356 ], [ -99.144184, 19.465327 ], [ -99.144192, 19.46533 ], [ -99.144191, 19.465327 ], [ -99.144155, 19.465375 ], [ -99.144154, 19.465374 ], [ -99.143996, 19.465356 ], [ -99.1442, 19.465354 ], [ -99.144183, 19.465355 ], [ -99.143995, 19.465365 ], [ -99.1442, 19.465342 ], [ -99.143995, 19.465365 ], [ -99.144234, 19.465303 ], [ -99.144179, 19.465363 ], [ -99.14425, 19.465314 ], [ -99.144222, 19.465312 ], [ -99.144219, 19.465332 ], [ -99.144187, 19.465305 ], [ -99.144171, 19.465313 ], [ -99.144223, 19.465314 ], [ -99.144129, 19.465292 ], [ -99.144211, 19.465324 ], [ -99.144214, 19.46533 ], [ -99.144222, 19.465325 ], [ -99.144238, 19.465335 ], [ -99.144201, 19.465287 ], [ -99.144187, 19.465306 ], [ -99.143995, 19.465365 ], [ -99.143995, 19.465365 ], [ -99.144197, 19.465372 ], [ -99.143996, 19.465356 ], [ -99.144107, 19.46537 ], [ -99.144219, 19.465338 ], [ -99.143996, 19.465356 ], [ -99.143995, 19.465365 ], [ -99.143995, 19.465365 ], [ -99.144212, 19.46533 ], [ -99.143995, 19.465365 ], [ -99.144224, 19.465343 ], [ -99.144214, 19.46533 ], [ -99.14422, 19.465337 ], [ -99.144217, 19.465329 ], [ -99.144217, 19.465329 ], [ -99.144216, 19.465338 ], [ -99.144217, 19.465339 ], [ -99.14422, 19.465337 ], [ -99.144177, 19.465366 ], [ -99.144217, 19.465329 ], [ -99.144221, 19.465309 ], [ -99.144199, 19.465327 ], [ -99.144201, 19.465331 ], [ -99.144201, 19.465331 ], [ -99.144217, 19.465337 ], [ -99.144191, 19.465359 ], [ -99.144204, 19.465331 ], [ -99.144188, 19.465361 ], [ -99.144204, 19.465336 ], [ -99.144215, 19.465339 ], [ -99.144189, 19.465347 ], [ -99.14419, 19.465372 ], [ -99.144168, 19.465374 ], [ -99.144192, 19.465348 ], [ -99.14422, 19.465339 ], [ -99.144197, 19.465335 ], [ -99.144215, 19.465331 ], [ -99.144202, 19.465318 ], [ -99.144218, 19.465339 ], [ -99.143996, 19.465356 ], [ -99.144194, 19.465334 ], [ -99.144216, 19.465338 ], [ -99.144186, 19.465317 ], [ -99.143995, 19.465365 ], [ -99.143995, 19.465365 ], [ -99.144183, 19.46529 ], [ -99.144212, 19.465303 ], [ -99.14416, 19.465361 ], [ -99.14416, 19.465361 ], [ -99.144167, 19.465308 ], [ -99.144149, 19.465318 ], [ -99.144214, 19.46533 ], [ -99.144207, 19.465328 ], [ -99.144171, 19.465394 ], [ -99.144219, 19.465332 ], [ -99.144118, 19.465421 ], [ -99.144222, 19.465312 ], [ -99.144214, 19.46533 ], [ -99.144241, 19.465298 ], [ -99.144218, 19.46529 ], [ -99.144232, 19.465322 ], [ -99.144206, 19.465294 ], [ -99.144208, 19.465296 ], [ -99.144214, 19.46531 ], [ -99.144226, 19.465316 ], [ -99.144229, 19.465325 ], [ -99.144216, 19.465296 ], [ -99.144212, 19.465308 ], [ -99.144214, 19.46533 ], [ -99.144175, 19.465364 ], [ -99.144175, 19.465364 ], [ -99.144191, 19.465346 ], [ -99.144118, 19.465421 ], [ -99.144118, 19.465421 ], [ -99.144214, 19.46533 ], [ -99.144227, 19.465344 ], [ -99.144222, 19.465311 ], [ -99.144222, 19.465312 ], [ -99.144211, 19.465349 ], [ -99.144191, 19.465315 ], [ -99.144191, 19.465301 ], [ -99.144146, 19.465319 ], [ -99.144229, 19.465313 ], [ -99.144221, 19.465311 ], [ -99.144188, 19.465296 ], [ -99.144136, 19.465379 ], [ -99.144175, 19.465372 ], [ -99.143996, 19.465356 ], [ -99.143995, 19.465365 ], [ -99.144131, 19.465429 ], [ -99.144148, 19.465384 ], [ -99.144143, 19.465395 ], [ -99.144121, 19.465412 ], [ -99.144172, 19.465271 ], [ -99.144216, 19.46528 ], [ -99.144231, 19.465276 ], [ -99.144214, 19.46533 ], [ -99.144214, 19.46533 ], [ -99.144161, 19.465291 ], [ -99.144221, 19.465292 ], [ -99.144233, 19.465315 ], [ -99.144191, 19.465322 ], [ -99.144094, 19.465335 ], [ -99.144172, 19.465319 ], [ -99.144169, 19.465318 ], [ -99.144178, 19.465326 ], [ -99.144189, 19.465324 ], [ -99.144207, 19.465311 ], [ -99.144211, 19.465304 ], [ -99.144219, 19.465332 ], [ -99.144219, 19.465332 ], [ -99.144204, 19.465329 ], [ -99.143995, 19.465365 ], [ -99.144181, 19.465312 ], [ -99.143995, 19.465365 ], [ -99.144163, 19.46532 ], [ -99.143996, 19.465356 ], [ -99.144205, 19.465309 ], [ -99.144139, 19.465375 ], [ -99.144179, 19.465331 ], [ -99.144192, 19.465325 ], [ -99.14422, 19.465338 ], [ -99.144159, 19.465386 ], [ -99.144215, 19.465309 ], [ -99.144182, 19.465312 ], [ -99.144224, 19.465315 ], [ -99.144169, 19.465349 ], [ -99.144171, 19.465394 ], [ -99.144171, 19.465373 ], [ -99.144171, 19.465373 ], [ -99.144098, 19.465432 ], [ -99.144132, 19.46538 ], [ -99.144149, 19.465379 ], [ -99.144207, 19.465328 ], [ -99.144165, 19.465326 ], [ -99.14416, 19.46536 ], [ -99.144137, 19.465417 ], [ -99.144118, 19.46541 ], [ -99.144123, 19.465412 ], [ -99.144134, 19.465419 ], [ -99.144123, 19.4654 ], [ -99.144162, 19.465384 ], [ -99.144225, 19.46529 ], [ -99.144239, 19.465274 ], [ -99.144155, 19.465387 ], [ -99.144132, 19.465412 ], [ -99.144132, 19.465412 ], [ -99.144132, 19.465412 ], [ -99.14421, 19.465303 ], [ -99.14421, 19.465303 ], [ -99.14416, 19.465316 ], [ -99.144191, 19.465314 ], [ -99.144097, 19.46542 ], [ -99.144091, 19.465415 ], [ -99.144241, 19.465334 ], [ -99.144158, 19.465402 ], [ -99.144147, 19.465387 ], [ -99.144214, 19.46533 ], [ -99.144097, 19.465366 ], [ -99.144096, 19.465349 ], [ -99.143995, 19.465365 ], [ -99.144129, 19.465339 ], [ -99.143996, 19.465356 ], [ -99.144133, 19.465319 ], [ -99.144094, 19.465377 ], [ -99.14418, 19.465311 ], [ -99.144197, 19.46532 ], [ -99.144223, 19.465322 ], [ -99.144207, 19.465344 ], [ -99.144209, 19.465328 ] ] } },
{ "type": "Feature", "properties": { "device_id": "6cb1e04d9fc2eaf3182f91ed1d76cfcecf6e1cdc1f5e2ccd7f1e8ab640b0c838", "timestamps": "2020-01-01T09:48:05, 2020-01-01T15:55:32, 2020-01-01T15:55:41, 2020-01-01T16:06:03, 2020-01-01T16:07:55, 2020-01-01T16:09:14, 2020-01-01T16:11:02, 2020-01-01T16:12:18, 2020-01-01T16:13:01, 2020-01-01T16:14:50, 2020-01-01T16:14:53, 2020-01-01T16:15:28, 2020-01-01T16:16:46, 2020-01-01T16:17:24, 2020-01-01T16:18:50, 2020-01-01T16:52:34, 2020-01-01T16:53:26, 2020-01-01T16:54:10, 2020-01-01T16:56:38, 2020-01-01T16:56:53, 2020-01-01T16:56:59, 2020-01-01T16:57:14, 2020-01-01T16:57:29, 2020-01-01T16:59:20, 2020-01-01T16:59:57, 2020-01-01T17:01:12, 2020-01-01T17:07:10, 2020-01-01T17:08:23, 2020-01-01T17:19:00, 2020-01-01T17:20:01, 2020-01-01T17:20:02, 2020-01-01T17:25:49, 2020-01-01T17:28:05, 2020-01-01T17:28:32, 2020-01-01T17:29:19, 2020-01-01T17:29:40, 2020-01-01T17:30:03, 2020-01-01T17:30:54, 2020-01-01T17:31:03, 2020-01-01T17:32:18, 2020-01-01T17:32:23, 2020-01-01T17:33:56, 2020-01-01T18:39:05, 2020-01-01T18:40:55, 2020-01-01T19:34:59, 2020-01-01T19:40:53, 2020-01-01T19:42:28, 2020-01-01T19:44:48, 2020-01-01T19:47:32, 2020-01-01T19:47:33, 2020-01-01T19:48:41, 2020-01-01T19:48:42, 2020-01-01T19:49:28, 2020-01-01T19:49:29, 2020-01-01T19:52:40, 2020-01-01T19:56:10, 2020-01-01T19:56:11, 2020-01-01T19:57:34, 2020-01-01T19:57:35, 2020-01-01T19:58:52, 2020-01-01T19:58:53, 2020-01-01T19:58:56, 2020-01-01T19:59:51, 2020-01-01T19:59:52, 2020-01-01T20:05:57, 2020-01-01T20:10:58, 2020-01-01T20:10:59, 2020-01-01T20:11:57, 2020-01-01T20:11:59, 2020-01-01T20:13:13, 2020-01-01T20:13:45, 2020-01-01T20:14:04, 2020-01-01T20:14:07, 2020-01-01T20:14:32, 2020-01-01T20:15:10, 2020-01-01T20:15:14, 2020-01-01T20:18:25, 2020-01-01T20:18:56, 2020-01-01T20:20:41, 2020-01-01T20:20:43, 2020-01-01T20:21:28, 2020-01-01T20:22:52, 2020-01-01T20:23:58, 2020-01-01T20:24:00, 2020-01-01T20:25:17, 2020-01-01T20:25:27, 2020-01-01T20:27:25, 2020-01-01T20:27:56, 2020-01-01T20:28:30, 2020-01-01T20:28:33, 2020-01-01T20:30:06, 2020-01-01T20:30:11, 2020-01-01T20:30:47, 2020-01-01T20:31:33, 2020-01-01T20:31:38, 2020-01-01T20:31:53, 2020-01-01T20:31:55, 2020-01-01T20:35:13, 2020-01-01T20:39:00, 2020-01-01T20:39:01, 2020-01-01T20:40:04, 2020-01-01T20:40:36, 2020-01-01T20:47:35, 2020-01-01T20:47:41, 2020-01-01T20:48:23, 2020-01-01T20:49:01, 2020-01-01T20:49:37, 2020-01-01T20:51:36, 2020-01-01T20:53:57, 2020-01-01T20:56:41, 2020-01-01T20:56:46, 2020-01-01T20:57:50, 2020-01-01T20:57:59, 2020-01-01T20:58:51, 2020-01-01T20:58:58, 2020-01-01T20:59:52, 2020-01-01T21:04:23, 2020-01-01T21:06:18, 2020-01-01T21:10:12, 2020-01-01T21:10:43, 2020-01-01T21:14:35, 2020-01-01T21:17:20, 2020-01-01T21:18:23, 2020-01-01T21:18:59, 2020-01-01T21:19:03, 2020-01-01T21:19:23, 2020-01-01T21:19:59, 2020-01-01T21:20:34, 2020-01-01T21:21:15, 2020-01-01T22:55:15, 2020-01-01T23:00:01, 2020-01-01T23:00:38, 2020-01-01T23:02:43, 2020-01-01T23:02:47, 2020-01-01T23:05:04, 2020-01-01T23:05:23, 2020-01-01T23:05:27, 2020-01-01T23:05:37, 2020-01-01T23:06:14, 2020-01-01T23:06:40, 2020-01-01T23:10:20, 2020-01-01T23:10:39, 2020-01-01T23:12:40, 2020-01-01T23:23:15, 2020-01-01T23:27:32, 2020-01-01T23:33:27, 2020-01-01T23:35:21, 2020-01-01T23:36:16, 2020-01-01T23:37:26, 2020-01-01T23:37:35, 2020-01-01T23:38:13, 2020-01-01T23:38:51, 2020-01-01T23:41:21, 2020-01-01T23:41:23, 2020-01-01T23:42:12, 2020-01-01T23:42:15, 2020-01-01T23:43:12, 2020-01-01T23:43:14, 2020-01-01T23:44:40, 2020-01-01T23:44:58" }, "geometry": { "type": "LineString", "coordinates": [ [ -99.145841, 19.466079 ], [ -98.752496, 19.703309 ], [ -98.752496, 19.703309 ], [ -98.752496, 19.703309 ], [ -98.752496, 19.703309 ], [ -98.866205, 19.68425 ], [ -98.87014, 19.685077 ], [ -98.87014, 19.685077 ], [ -98.870922, 19.683008 ], [ -98.870922, 19.683008 ], [ -98.870922, 19.683008 ], [ -98.870922, 19.683008 ], [ -98.870922, 19.683008 ], [ -98.870922, 19.683008 ], [ -98.870922, 19.683008 ], [ -98.901148, 19.672682 ], [ -98.901148, 19.672682 ], [ -98.901148, 19.672682 ], [ -98.901148, 19.672682 ], [ -98.901148, 19.672682 ], [ -98.901148, 19.672682 ], [ -98.901148, 19.672682 ], [ -98.901148, 19.672682 ], [ -98.901148, 19.672682 ], [ -98.901148, 19.672682 ], [ -98.901148, 19.672682 ], [ -98.901148, 19.672682 ], [ -98.901148, 19.672682 ], [ -98.901148, 19.672682 ], [ -98.901148, 19.672682 ], [ -98.901148, 19.672682 ], [ -98.901148, 19.672682 ], [ -98.901148, 19.672682 ], [ -98.901148, 19.672682 ], [ -98.901148, 19.672682 ], [ -98.901148, 19.672682 ], [ -98.901148, 19.672682 ], [ -98.901148, 19.672682 ], [ -98.901148, 19.672682 ], [ -98.901148, 19.672682 ], [ -98.901148, 19.672682 ], [ -98.901148, 19.672682 ], [ -98.903216, 19.668099 ], [ -98.903216, 19.668099 ], [ -99.144649, 19.467646 ], [ -99.145813, 19.466599 ], [ -99.145813, 19.466599 ], [ -99.145813, 19.466599 ], [ -99.145813, 19.466599 ], [ -99.145813, 19.466599 ], [ -99.145813, 19.466599 ], [ -99.145813, 19.466599 ], [ -99.145813, 19.466599 ], [ -99.145813, 19.466599 ], [ -99.145813, 19.466599 ], [ -99.145846, 19.465919 ], [ -99.145846, 19.465919 ], [ -99.145846, 19.465919 ], [ -99.145846, 19.465919 ], [ -99.145846, 19.465919 ], [ -99.145846, 19.465919 ], [ -99.145846, 19.465919 ], [ -99.145846, 19.465919 ], [ -99.145846, 19.465919 ], [ -99.145846, 19.465919 ], [ -99.145846, 19.465919 ], [ -99.145846, 19.465919 ], [ -99.145846, 19.465919 ], [ -99.145841, 19.465905 ], [ -99.145841, 19.466079 ], [ -99.145841, 19.466079 ], [ -99.145847, 19.466602 ], [ -99.145847, 19.466602 ], [ -99.145841, 19.466079 ], [ -99.145847, 19.466602 ], [ -99.145847, 19.466602 ], [ -99.145847, 19.466602 ], [ -99.145847, 19.466602 ], [ -99.145847, 19.466602 ], [ -99.145847, 19.466602 ], [ -99.145847, 19.466602 ], [ -99.145847, 19.466602 ], [ -99.145847, 19.466602 ], [ -99.145847, 19.466602 ], [ -99.145847, 19.466602 ], [ -99.145847, 19.466602 ], [ -99.145847, 19.466602 ], [ -99.145847, 19.466602 ], [ -99.145847, 19.466602 ], [ -99.145847, 19.466602 ], [ -99.145754, 19.465947 ], [ -99.145754, 19.465947 ], [ -99.145754, 19.465947 ], [ -99.145754, 19.465947 ], [ -99.145271, 19.466212 ], [ -99.145754, 19.465947 ], [ -99.145754, 19.465947 ], [ -99.14538, 19.466553 ], [ -99.14538, 19.466553 ], [ -99.14538, 19.466553 ], [ -99.14538, 19.466553 ], [ -99.14538, 19.466553 ], [ -99.14538, 19.466553 ], [ -99.14538, 19.466553 ], [ -99.14538, 19.466553 ], [ -99.14538, 19.466553 ], [ -99.14538, 19.466553 ], [ -99.14538, 19.466553 ], [ -99.14538, 19.466553 ], [ -99.14538, 19.466553 ], [ -99.14538, 19.466553 ], [ -99.14538, 19.466553 ], [ -99.14538, 19.466553 ], [ -99.14538, 19.466553 ], [ -99.14538, 19.466553 ], [ -99.14538, 19.466553 ], [ -99.14538, 19.466553 ], [ -99.14538, 19.466553 ], [ -99.14538, 19.466553 ], [ -99.14538, 19.466553 ], [ -99.14538, 19.466553 ], [ -99.14538, 19.466553 ], [ -99.14538, 19.466553 ], [ -99.14538, 19.466553 ], [ -99.14538, 19.466553 ], [ -99.14538, 19.466553 ], [ -99.14538, 19.466553 ], [ -99.14538, 19.466553 ], [ -99.14538, 19.466553 ], [ -99.145931, 19.466881 ], [ -99.145941, 19.467526 ], [ -99.145941, 19.467526 ], [ -99.145941, 19.467526 ], [ -99.145941, 19.467526 ], [ -99.145832, 19.466092 ], [ -99.145941, 19.467526 ], [ -99.145941, 19.467526 ], [ -99.145832, 19.466092 ], [ -99.145832, 19.466092 ], [ -99.145832, 19.466092 ], [ -99.145832, 19.466092 ], [ -99.145832, 19.466092 ], [ -99.145832, 19.466092 ], [ -99.144761, 19.467762 ], [ -99.144761, 19.467762 ], [ -99.144761, 19.467762 ], [ -99.144761, 19.467762 ], [ -99.144761, 19.467762 ], [ -99.144761, 19.467762 ], [ -99.144761, 19.467762 ], [ -99.144062, 19.467245 ], [ -99.144761, 19.467762 ], [ -99.145303, 19.463726 ], [ -99.145303, 19.463726 ], [ -99.142519, 19.463636 ], [ -99.142519, 19.463636 ], [ -99.142519, 19.463636 ], [ -99.142519, 19.463636 ], [ -99.142519, 19.463636 ], [ -99.142519, 19.463636 ] ] } },
{ "type": "Feature", "properties": { "device_id": "89c3ecfa7b7fea8865fc96f0d9b50691fc46f56bcb4339bc7b260edbeb4fca63", "timestamps": "2020-01-01T09:05:18, 2020-01-01T09:05:38, 2020-01-01T09:06:06, 2020-01-01T09:06:22, 2020-01-01T09:10:41, 2020-01-01T09:11:07, 2020-01-01T09:12:11, 2020-01-01T09:13:37, 2020-01-01T09:16:32, 2020-01-01T09:22:41, 2020-01-01T09:35:56, 2020-01-01T09:36:33, 2020-01-01T09:44:53, 2020-01-01T09:45:29, 2020-01-01T10:17:32, 2020-01-01T10:19:50, 2020-01-01T15:39:41, 2020-01-01T16:10:19, 2020-01-01T16:10:29, 2020-01-01T16:46:59, 2020-01-01T16:47:04, 2020-01-01T18:47:58, 2020-01-01T18:51:49, 2020-01-01T19:08:47, 2020-01-01T19:08:57, 2020-01-01T20:49:05, 2020-01-01T21:08:44, 2020-01-01T21:09:09, 2020-01-01T22:51:33, 2020-01-01T22:51:52, 2020-01-01T22:52:20, 2020-01-01T22:57:10, 2020-01-01T22:57:19" }, "geometry": { "type": "LineString", "coordinates": [ [ -99.069071, 19.450417 ], [ -99.06902, 19.450301 ], [ -99.069078, 19.450418 ], [ -99.069078, 19.450418 ], [ -99.069067, 19.450414 ], [ -99.069067, 19.450413 ], [ -99.069, 19.450295 ], [ -99.06908, 19.450416 ], [ -99.069074, 19.450413 ], [ -99.069035, 19.450416 ], [ -99.069046, 19.450409 ], [ -99.069088, 19.450414 ], [ -99.220391, 19.675887 ], [ -99.220391, 19.675887 ], [ -99.06905, 19.45039 ], [ -99.069052, 19.450415 ], [ -99.069079, 19.450418 ], [ -99.043413, 19.481003 ], [ -99.043424, 19.481004 ], [ -99.06908, 19.45041 ], [ -99.06905, 19.450385 ], [ -99.14358, 19.46574 ], [ -99.14931, 19.48188 ], [ -99.15253, 19.48806 ], [ -99.152982, 19.488261 ], [ -99.152455, 19.488043 ], [ -99.13216, 19.46998 ], [ -99.13216, 19.46998 ], [ -99.069107, 19.450391 ], [ -99.069072, 19.450404 ], [ -99.069072, 19.450404 ], [ -99.069082, 19.450408 ], [ -99.069107, 19.450391 ] ] } },
{ "type": "Feature", "properties": { "device_id": "a5c9428f760a81ed2a5c30c877171d405a92b382dda3a82e9016a2bc13939ee2", "timestamps": "2020-01-01T13:21:38, 2020-01-01T13:21:48, 2020-01-01T13:22:01, 2020-01-01T13:22:52, 2020-01-01T13:44:09, 2020-01-01T13:44:59, 2020-01-01T13:46:57, 2020-01-01T17:10:04, 2020-01-01T17:10:53, 2020-01-01T17:24:10, 2020-01-01T17:24:25, 2020-01-01T17:26:37, 2020-01-01T17:26:47" }, "geometry": { "type": "LineString", "coordinates": [ [ -99.107826, 19.332204 ], [ -99.10782, 19.3322 ], [ -99.10782, 19.3322 ], [ -99.107826, 19.332204 ], [ -99.164863, 19.370436 ], [ -99.16486, 19.370439 ], [ -99.151267, 19.420162 ], [ -99.145218, 19.465895 ], [ -99.145229, 19.46589 ], [ -99.145229, 19.46589 ], [ -99.145218, 19.465895 ], [ -99.145218, 19.465895 ], [ -99.145229, 19.46589 ] ] } },
{ "type": "Feature", "properties": { "device_id": "3c688a5e62f39bb09525c6088a57fa02d85dc5e3486dc74b5ce168b50d0f54b1", "timestamps": "2020-01-01T06:03:30, 2020-01-01T07:25:03, 2020-01-01T07:46:13, 2020-01-01T08:25:14, 2020-01-01T08:46:11, 2020-01-01T09:06:31, 2020-01-01T09:26:56, 2020-01-01T10:06:01, 2020-01-01T11:07:15, 2020-01-01T12:26:29, 2020-01-01T12:46:35, 2020-01-01T13:25:00, 2020-01-01T13:46:28, 2020-01-01T14:06:22, 2020-01-01T14:12:43, 2020-01-01T14:17:40, 2020-01-01T14:34:45, 2020-01-01T14:39:37, 2020-01-01T14:59:54, 2020-01-01T15:39:24, 2020-01-01T17:17:32, 2020-01-01T17:58:15, 2020-01-01T18:59:21, 2020-01-01T19:20:52, 2020-01-01T19:40:59, 2020-01-01T20:00:59, 2020-01-01T20:20:01, 2020-01-01T20:41:41, 2020-01-01T21:00:36, 2020-01-01T21:39:16, 2020-01-01T21:55:38, 2020-01-01T22:01:54, 2020-01-01T22:21:12, 2020-01-01T22:41:44, 2020-01-01T23:01:02, 2020-01-01T23:43:40" }, "geometry": { "type": "LineString", "coordinates": [ [ -99.143877, 19.46504 ], [ -99.143725, 19.46512 ], [ -99.14371, 19.465091 ], [ -99.143696, 19.46506 ], [ -99.143655, 19.465061 ], [ -99.143724, 19.465002 ], [ -99.143878, 19.465491 ], [ -99.143869, 19.46562 ], [ -99.1436, 19.465035 ], [ -99.143804, 19.465604 ], [ -99.143747, 19.46553 ], [ -99.143835, 19.4654 ], [ -99.14384, 19.465415 ], [ -99.144298, 19.468106 ], [ -99.148693, 19.463446 ], [ -99.17662, 19.425404 ], [ -99.142343, 19.336754 ], [ -99.133905, 19.319561 ], [ -99.134146, 19.322297 ], [ -99.133762, 19.320081 ], [ -99.133832, 19.320065 ], [ -99.133656, 19.320035 ], [ -99.133554, 19.319916 ], [ -99.133614, 19.319966 ], [ -99.13367, 19.319885 ], [ -99.133603, 19.319999 ], [ -99.133853, 19.320388 ], [ -99.13382, 19.319955 ], [ -99.133666, 19.319997 ], [ -99.133592, 19.319943 ], [ -99.129301, 19.31799 ], [ -99.123902, 19.316986 ], [ -99.123291, 19.317211 ], [ -99.123227, 19.317439 ], [ -99.123411, 19.31727 ], [ -99.123222, 19.317305 ] ] } },
{ "type": "Feature", "properties": { "device_id": "0b395c913d904b36eb8e5aca4fa434dff8deb49b73421ae2d4e5d5071b06fb96", "timestamps": "2020-01-01T07:48:47, 2020-01-01T07:53:00, 2020-01-01T08:13:41, 2020-01-01T08:13:42, 2020-01-01T08:18:16, 2020-01-01T08:26:26, 2020-01-01T08:37:39, 2020-01-01T08:38:14, 2020-01-01T08:38:43, 2020-01-01T08:47:06, 2020-01-01T08:49:59, 2020-01-01T10:54:29, 2020-01-01T10:54:30, 2020-01-01T11:12:04, 2020-01-01T20:25:27, 2020-01-01T20:27:00, 2020-01-01T20:27:33, 2020-01-01T20:27:44, 2020-01-01T20:27:55, 2020-01-01T21:34:00, 2020-01-01T21:34:44, 2020-01-01T21:34:55" }, "geometry": { "type": "LineString", "coordinates": [ [ -99.15438, 19.48865 ], [ -99.15438, 19.48865 ], [ -99.15426, 19.48875 ], [ -99.15426, 19.48875 ], [ -99.15434, 19.4887 ], [ -99.15434, 19.4887 ], [ -99.15421, 19.4888 ], [ -99.15421, 19.4888 ], [ -99.15421, 19.4888 ], [ -99.15421, 19.4888 ], [ -99.15421, 19.48875 ], [ -99.152452, 19.482412 ], [ -99.152452, 19.482412 ], [ -99.15254, 19.48244 ], [ -99.15439, 19.48875 ], [ -99.15462, 19.48902 ], [ -99.154573, 19.488622 ], [ -99.15459, 19.48861 ], [ -99.154621, 19.489017 ], [ -99.14339, 19.46561 ], [ -99.143389, 19.46561 ], [ -99.143375, 19.46562 ] ] } },
{ "type": "Feature", "properties": { "device_id": "2507199c778d2857c658c6079165b14191c29d21309aeebaa629c50ef232b992", "timestamps": "2020-01-01T06:25:09, 2020-01-01T06:46:23, 2020-01-01T07:05:04, 2020-01-01T07:10:14, 2020-01-01T07:10:34, 2020-01-01T07:10:54, 2020-01-01T07:11:54, 2020-01-01T07:30:22, 2020-01-01T07:50:34, 2020-01-01T08:10:32, 2020-01-01T08:31:18, 2020-01-01T08:52:51, 2020-01-01T09:27:53, 2020-01-01T09:31:09, 2020-01-01T09:37:53, 2020-01-01T09:42:56, 2020-01-01T09:43:05, 2020-01-01T09:44:46, 2020-01-01T09:45:12, 2020-01-01T09:46:02, 2020-01-01T09:46:56, 2020-01-01T09:47:46, 2020-01-01T09:48:12, 2020-01-01T09:49:02, 2020-01-01T09:49:56, 2020-01-01T09:50:46, 2020-01-01T09:51:12, 2020-01-01T09:52:02, 2020-01-01T09:52:56, 2020-01-01T09:53:46, 2020-01-01T09:54:12, 2020-01-01T09:55:02, 2020-01-01T09:55:56, 2020-01-01T09:56:46, 2020-01-01T09:57:12, 2020-01-01T09:58:02, 2020-01-01T09:58:56, 2020-01-01T09:59:46, 2020-01-01T10:00:12, 2020-01-01T10:01:02, 2020-01-01T10:01:56, 2020-01-01T10:02:46, 2020-01-01T10:03:12, 2020-01-01T10:04:02, 2020-01-01T10:04:56, 2020-01-01T10:05:46, 2020-01-01T10:06:12, 2020-01-01T10:07:02, 2020-01-01T10:07:58, 2020-01-01T10:09:10, 2020-01-01T10:11:53, 2020-01-01T10:11:54, 2020-01-01T10:18:06, 2020-01-01T10:18:53, 2020-01-01T10:38:23, 2020-01-01T11:38:52, 2020-01-01T12:58:04, 2020-01-01T13:18:56, 2020-01-01T13:58:45, 2020-01-01T14:45:11, 2020-01-01T14:45:34, 2020-01-01T14:45:50, 2020-01-01T14:45:53, 2020-01-01T14:46:14, 2020-01-01T14:46:54, 2020-01-01T14:48:30, 2020-01-01T15:01:13, 2020-01-01T15:01:31, 2020-01-01T15:02:12, 2020-01-01T15:02:54, 2020-01-01T15:08:15, 2020-01-01T15:08:35, 2020-01-01T15:21:16, 2020-01-01T15:38:52, 2020-01-01T15:58:36, 2020-01-01T17:17:30, 2020-01-01T17:37:54, 2020-01-01T17:54:03, 2020-01-01T17:54:54, 2020-01-01T17:54:55, 2020-01-01T18:16:13, 2020-01-01T18:36:59, 2020-01-01T18:56:49, 2020-01-01T19:16:03, 2020-01-01T19:36:06, 2020-01-01T19:41:43, 2020-01-01T20:01:31, 2020-01-01T20:04:18, 2020-01-01T20:05:09, 2020-01-01T20:05:23, 2020-01-01T20:06:33, 2020-01-01T20:07:19, 2020-01-01T20:08:09, 2020-01-01T20:08:23, 2020-01-01T20:09:33, 2020-01-01T20:10:19, 2020-01-01T20:11:09, 2020-01-01T20:11:23, 2020-01-01T20:12:33, 2020-01-01T20:15:23, 2020-01-01T20:17:45, 2020-01-01T20:18:04, 2020-01-01T20:20:26, 2020-01-01T20:22:09, 2020-01-01T20:22:41, 2020-01-01T20:30:45, 2020-01-01T20:31:05, 2020-01-01T20:31:48, 2020-01-01T20:42:09, 2020-01-01T20:56:25, 2020-01-01T21:08:22, 2020-01-01T21:11:28, 2020-01-01T21:22:16, 2020-01-01T21:22:35, 2020-01-01T21:23:40, 2020-01-01T21:24:12, 2020-01-01T21:25:02, 2020-01-01T21:25:56, 2020-01-01T21:26:46, 2020-01-01T21:27:12, 2020-01-01T21:28:57, 2020-01-01T21:29:41, 2020-01-01T21:31:36, 2020-01-01T21:32:44, 2020-01-01T21:33:27, 2020-01-01T21:34:51, 2020-01-01T21:35:41, 2020-01-01T21:36:27, 2020-01-01T21:37:37, 2020-01-01T21:37:54, 2020-01-01T21:38:41, 2020-01-01T21:39:27, 2020-01-01T21:42:35, 2020-01-01T21:43:51, 2020-01-01T21:44:41, 2020-01-01T21:45:27, 2020-01-01T21:46:59, 2020-01-01T21:49:39, 2020-01-01T22:10:24, 2020-01-01T23:09:16, 2020-01-01T23:09:18, 2020-01-01T23:29:02" }, "geometry": { "type": "LineString", "coordinates": [ [ -99.178005, 19.539195 ], [ -99.177848, 19.539286 ], [ -99.177975, 19.539338 ], [ -99.17787, 19.539406 ], [ -99.177928, 19.539427 ], [ -99.177994, 19.539409 ], [ -99.177892, 19.53955 ], [ -99.177798, 19.53938 ], [ -99.177957, 19.539344 ], [ -99.177971, 19.539421 ], [ -99.177958, 19.539288 ], [ -99.177912, 19.539392 ], [ -99.181176, 19.53863 ], [ -99.16513, 19.520024 ], [ -99.154424, 19.495574 ], [ -99.143915, 19.467661 ], [ -99.144149, 19.465002 ], [ -99.150551, 19.462996 ], [ -99.15862, 19.463978 ], [ -99.164554, 19.448762 ], [ -99.163443, 19.457515 ], [ -99.167265, 19.440964 ], [ -99.170733, 19.434823 ], [ -99.177954, 19.422315 ], [ -99.174592, 19.428466 ], [ -99.179873, 19.415673 ], [ -99.182203, 19.411762 ], [ -99.186182, 19.412775 ], [ -99.18309, 19.411726 ], [ -99.188321, 19.413594 ], [ -99.19033, 19.41271 ], [ -99.203549, 19.405612 ], [ -99.196757, 19.409427 ], [ -99.209139, 19.401217 ], [ -99.216609, 19.398225 ], [ -99.230742, 19.395061 ], [ -99.222809, 19.396174 ], [ -99.237896, 19.393569 ], [ -99.24155, 19.387936 ], [ -99.255749, 19.380495 ], [ -99.247991, 19.385775 ], [ -99.262904, 19.37517 ], [ -99.269966, 19.373331 ], [ -99.278818, 19.364201 ], [ -99.271817, 19.36699 ], [ -99.279378, 19.367569 ], [ -99.278147, 19.371287 ], [ -99.282869, 19.368988 ], [ -99.279542, 19.367772 ], [ -99.282875, 19.368179 ], [ -99.282706, 19.368088 ], [ -99.282706, 19.368088 ], [ -99.282715, 19.368227 ], [ -99.282572, 19.368064 ], [ -99.282409, 19.368021 ], [ -99.282621, 19.36807 ], [ -99.282383, 19.368209 ], [ -99.2825, 19.368153 ], [ -99.282481, 19.368237 ], [ -99.282526, 19.368141 ], [ -99.282369, 19.368111 ], [ -99.282431, 19.368128 ], [ -99.282434, 19.368129 ], [ -99.282453, 19.368139 ], [ -99.282543, 19.368151 ], [ -99.282453, 19.36816 ], [ -99.282481, 19.368118 ], [ -99.282564, 19.368099 ], [ -99.282426, 19.368178 ], [ -99.282415, 19.368126 ], [ -99.282414, 19.36811 ], [ -99.28251, 19.368105 ], [ -99.282477, 19.368163 ], [ -99.282469, 19.368184 ], [ -99.282489, 19.368141 ], [ -99.282235, 19.367892 ], [ -99.28241, 19.368039 ], [ -99.282403, 19.368031 ], [ -99.282404, 19.368041 ], [ -99.282404, 19.368042 ], [ -99.282384, 19.368009 ], [ -99.282319, 19.368028 ], [ -99.28223, 19.368089 ], [ -99.282441, 19.367971 ], [ -99.282354, 19.368071 ], [ -99.282405, 19.368177 ], [ -99.282563, 19.368114 ], [ -99.283552, 19.364966 ], [ -99.281079, 19.362655 ], [ -99.280519, 19.365581 ], [ -99.278463, 19.359247 ], [ -99.277171, 19.356672 ], [ -99.268519, 19.362089 ], [ -99.273037, 19.359391 ], [ -99.267059, 19.361227 ], [ -99.267179, 19.359109 ], [ -99.270942, 19.356239 ], [ -99.268954, 19.357367 ], [ -99.26778, 19.357684 ], [ -99.266913, 19.358544 ], [ -99.266335, 19.358968 ], [ -99.266557, 19.358854 ], [ -99.266803, 19.358927 ], [ -99.267729, 19.359087 ], [ -99.267495, 19.358979 ], [ -99.271038, 19.357187 ], [ -99.271906, 19.356823 ], [ -99.271623, 19.356515 ], [ -99.271834, 19.356132 ], [ -99.271358, 19.357587 ], [ -99.269764, 19.357264 ], [ -99.267878, 19.360031 ], [ -99.267129, 19.361727 ], [ -99.267559, 19.361166 ], [ -99.267802, 19.361039 ], [ -99.269932, 19.360125 ], [ -99.275662, 19.356446 ], [ -99.272842, 19.358331 ], [ -99.277457, 19.358394 ], [ -99.27927, 19.360028 ], [ -99.279502, 19.360286 ], [ -99.279701, 19.360418 ], [ -99.280173, 19.36104 ], [ -99.278765, 19.363428 ], [ -99.279198, 19.367234 ], [ -99.278554, 19.370813 ], [ -99.277393, 19.374083 ], [ -99.276865, 19.378263 ], [ -99.278773, 19.38736 ], [ -99.278869, 19.382684 ], [ -99.280121, 19.393114 ], [ -99.282656, 19.396607 ], [ -99.284361, 19.398335 ], [ -99.283942, 19.398554 ], [ -99.283708, 19.398444 ], [ -99.283067, 19.398395 ], [ -99.282826, 19.398731 ], [ -99.282782, 19.398563 ], [ -99.282802, 19.398489 ], [ -99.28336, 19.398359 ], [ -99.283481, 19.398407 ], [ -99.282717, 19.398537 ] ] } },
{ "type": "Feature", "properties": { "device_id": "1ae035cfd78a44edb9709e27a8d82c114cc04a34bc7197030729d5593aa645c4", "timestamps": "2020-01-01T15:04:29, 2020-01-01T16:21:28, 2020-01-01T16:32:06" }, "geometry": { "type": "LineString", "coordinates": [ [ -99.14429, 19.46529 ], [ -99.14429, 19.4653 ], [ -99.14428, 19.4653 ] ] } },
{ "type": "Feature", "properties": { "device_id": "0a3f80ebf4d04ef32c10cc5e180c9c109923726d8c8288ff925e20b0d0a98542", "timestamps": "2020-01-01T06:22:29, 2020-01-01T06:41:36, 2020-01-01T06:53:17, 2020-01-01T06:59:30, 2020-01-01T07:18:37, 2020-01-01T07:58:13, 2020-01-01T08:18:33, 2020-01-01T09:00:06, 2020-01-01T09:20:30, 2020-01-01T10:01:51, 2020-01-01T10:21:07, 2020-01-01T11:01:52, 2020-01-01T11:21:28, 2020-01-01T12:01:38, 2020-01-01T13:02:28, 2020-01-01T14:23:28, 2020-01-01T14:44:26, 2020-01-01T15:24:09, 2020-01-01T16:05:34, 2020-01-01T16:26:21, 2020-01-01T16:46:35, 2020-01-01T17:46:07, 2020-01-01T18:02:09, 2020-01-01T18:22:29, 2020-01-01T18:42:23, 2020-01-01T19:23:05, 2020-01-01T19:44:26, 2020-01-01T19:47:14, 2020-01-01T19:52:03, 2020-01-01T19:52:47, 2020-01-01T19:53:35, 2020-01-01T19:55:25, 2020-01-01T19:56:18, 2020-01-01T20:15:45, 2020-01-01T20:22:00, 2020-01-01T20:23:35, 2020-01-01T20:24:10, 2020-01-01T20:25:25, 2020-01-01T20:26:35, 2020-01-01T20:27:10, 2020-01-01T20:28:00, 2020-01-01T20:29:35, 2020-01-01T20:30:10, 2020-01-01T20:31:25, 2020-01-01T20:32:35, 2020-01-01T20:34:00, 2020-01-01T20:34:25, 2020-01-01T20:35:35, 2020-01-01T20:36:10, 2020-01-01T20:37:00, 2020-01-01T20:41:09, 2020-01-01T20:42:33, 2020-01-01T20:43:19, 2020-01-01T20:44:23, 2020-01-01T20:45:33, 2020-01-01T20:46:19, 2020-01-01T20:47:09, 2020-01-01T20:49:19, 2020-01-01T20:50:09, 2020-01-01T20:50:23, 2020-01-01T20:51:33, 2020-01-01T20:53:23, 2020-01-01T20:54:37, 2020-01-01T20:56:28, 2020-01-01T20:57:38, 2020-01-01T20:57:54, 2020-01-01T20:59:28, 2020-01-01T21:00:54, 2020-01-01T21:01:44, 2020-01-01T21:02:28, 2020-01-01T21:03:38, 2020-01-01T21:03:54, 2020-01-01T21:04:44, 2020-01-01T21:06:38, 2020-01-01T21:06:54, 2020-01-01T21:07:44, 2020-01-01T21:08:28, 2020-01-01T21:10:07, 2020-01-01T21:11:31, 2020-01-01T21:12:18, 2020-01-01T21:13:07, 2020-01-01T21:13:21, 2020-01-01T21:14:31, 2020-01-01T21:15:17, 2020-01-01T21:16:21, 2020-01-01T21:17:31, 2020-01-01T21:20:01, 2020-01-01T21:20:56, 2020-01-01T21:22:43, 2020-01-01T21:41:25, 2020-01-01T21:51:31, 2020-01-01T21:54:25, 2020-01-01T22:13:48, 2020-01-01T22:33:53, 2020-01-01T22:52:26, 2020-01-01T23:12:23, 2020-01-01T23:31:41, 2020-01-01T23:48:27, 2020-01-01T23:50:36, 2020-01-01T23:51:41, 2020-01-01T23:52:27, 2020-01-01T23:53:37, 2020-01-01T23:54:41, 2020-01-01T23:55:27, 2020-01-01T23:56:36, 2020-01-01T23:56:51, 2020-01-01T23:58:44" }, "geometry": { "type": "LineString", "coordinates": [ [ -99.164807, 19.428124 ], [ -99.163068, 19.425908 ], [ -99.157765, 19.431387 ], [ -99.144853, 19.434173 ], [ -99.144909, 19.434045 ], [ -99.144929, 19.434013 ], [ -99.144921, 19.434174 ], [ -99.144912, 19.433968 ], [ -99.144927, 19.434011 ], [ -99.144915, 19.434021 ], [ -99.144915, 19.434011 ], [ -99.144905, 19.434089 ], [ -99.144925, 19.434005 ], [ -99.14492, 19.434044 ], [ -99.144901, 19.434148 ], [ -99.144895, 19.434113 ], [ -99.144918, 19.433991 ], [ -99.144943, 19.434135 ], [ -99.144875, 19.433929 ], [ -99.144981, 19.433885 ], [ -99.144963, 19.433831 ], [ -99.144916, 19.434229 ], [ -99.140307, 19.434281 ], [ -99.140177, 19.434213 ], [ -99.140312, 19.434155 ], [ -99.140202, 19.434261 ], [ -99.144149, 19.434814 ], [ -99.144465, 19.434855 ], [ -99.137845, 19.434614 ], [ -99.138293, 19.434504 ], [ -99.134904, 19.434081 ], [ -99.133967, 19.434134 ], [ -99.133893, 19.434841 ], [ -99.133829, 19.434742 ], [ -99.140566, 19.435957 ], [ -99.144025, 19.436665 ], [ -99.146428, 19.437405 ], [ -99.147324, 19.437135 ], [ -99.149479, 19.435881 ], [ -99.152289, 19.435813 ], [ -99.155089, 19.436835 ], [ -99.154651, 19.435541 ], [ -99.154607, 19.434229 ], [ -99.155124, 19.433016 ], [ -99.15905, 19.431199 ], [ -99.162605, 19.429378 ], [ -99.159709, 19.430753 ], [ -99.163067, 19.42917 ], [ -99.166647, 19.427491 ], [ -99.167698, 19.427379 ], [ -99.167287, 19.427093 ], [ -99.167909, 19.425951 ], [ -99.169627, 19.426088 ], [ -99.171793, 19.425218 ], [ -99.175066, 19.423549 ], [ -99.178058, 19.424098 ], [ -99.178858, 19.426021 ], [ -99.180972, 19.431345 ], [ -99.183695, 19.431384 ], [ -99.181538, 19.431343 ], [ -99.185411, 19.431448 ], [ -99.188052, 19.431488 ], [ -99.189908, 19.431522 ], [ -99.191254, 19.43167 ], [ -99.193306, 19.431545 ], [ -99.192527, 19.431535 ], [ -99.195271, 19.431621 ], [ -99.196405, 19.431742 ], [ -99.199925, 19.431999 ], [ -99.201252, 19.43212 ], [ -99.202126, 19.434765 ], [ -99.201394, 19.434374 ], [ -99.205026, 19.435124 ], [ -99.206204, 19.437762 ], [ -99.20704, 19.435687 ], [ -99.205554, 19.43845 ], [ -99.205328, 19.438439 ], [ -99.203943, 19.438542 ], [ -99.200576, 19.438235 ], [ -99.197348, 19.43785 ], [ -99.197478, 19.432868 ], [ -99.19739, 19.435083 ], [ -99.197275, 19.430668 ], [ -99.196921, 19.429699 ], [ -99.197382, 19.427574 ], [ -99.194358, 19.426005 ], [ -99.190125, 19.425357 ], [ -99.194142, 19.425981 ], [ -99.187738, 19.425002 ], [ -99.159928, 19.430567 ], [ -99.144257, 19.434789 ], [ -99.145131, 19.434226 ], [ -99.142931, 19.433042 ], [ -99.141416, 19.431175 ], [ -99.141371, 19.431291 ], [ -99.141344, 19.431374 ], [ -99.141346, 19.431376 ], [ -99.140449, 19.436436 ], [ -99.138264, 19.450626 ], [ -99.138154, 19.455544 ], [ -99.137639, 19.46108 ], [ -99.137521, 19.464563 ], [ -99.140637, 19.465339 ], [ -99.145247, 19.464483 ], [ -99.145756, 19.466458 ], [ -99.145899, 19.465436 ], [ -99.145557, 19.466562 ] ] } },
{ "type": "Feature", "properties": { "device_id": "26999f90cb35dfd36c9f17070425dffbbadc2266ed0d082c66f8369a09f4c714", "timestamps": "2020-01-01T20:05:32, 2020-01-01T22:19:49" }, "geometry": { "type": "LineString", "coordinates": [ [ -99.14547, 19.46581 ], [ -99.14543, 19.46584 ] ] } },
{ "type": "Feature", "properties": { "device_id": "9a2e76536aa968da886ee50576fef9ad7e60672d079738e151c653fe773f52d4", "timestamps": "2020-01-01T21:33:06, 2020-01-01T21:33:07, 2020-01-01T22:52:13, 2020-01-01T23:34:31, 2020-01-01T23:34:32, 2020-01-01T23:34:33, 2020-01-01T23:59:19, 2020-01-01T23:59:20, 2020-01-01T23:59:21" }, "geometry": { "type": "LineString", "coordinates": [ [ -99.144732, 19.465278 ], [ -99.14474, 19.46527 ], [ -99.1448, 19.46446 ], [ -99.144743, 19.464326 ], [ -99.14475, 19.46432 ], [ -99.144743, 19.464326 ], [ -99.145075, 19.464234 ], [ -99.145079, 19.46423 ], [ -99.14508, 19.46423 ] ] } },
{ "type": "Feature", "properties": { "device_id": "c7b256e13906951a1074320c557100ea986eaf516a65cec9f8ab63ead34775d2", "timestamps": "2020-01-01T06:07:12, 2020-01-01T06:07:21, 2020-01-01T06:08:09, 2020-01-01T06:08:23, 2020-01-01T06:08:57, 2020-01-01T07:08:33, 2020-01-01T07:08:44, 2020-01-01T07:09:19, 2020-01-01T07:09:29, 2020-01-01T07:10:04, 2020-01-01T07:10:42, 2020-01-01T07:11:47, 2020-01-01T07:12:01, 2020-01-01T07:15:10, 2020-01-01T07:15:25, 2020-01-01T07:20:22, 2020-01-01T16:14:40, 2020-01-01T16:18:14, 2020-01-01T17:36:45, 2020-01-01T17:37:08, 2020-01-01T17:38:15, 2020-01-01T17:39:39, 2020-01-01T17:42:25, 2020-01-01T17:54:29, 2020-01-01T18:41:53, 2020-01-01T18:42:16, 2020-01-01T18:42:59, 2020-01-01T18:55:51, 2020-01-01T18:55:59, 2020-01-01T18:56:09, 2020-01-01T18:56:26, 2020-01-01T19:13:51, 2020-01-01T19:57:46, 2020-01-01T19:58:29, 2020-01-01T20:02:22, 2020-01-01T20:33:21, 2020-01-01T22:52:23, 2020-01-01T22:52:32, 2020-01-01T22:52:50, 2020-01-01T22:53:22, 2020-01-01T22:53:27, 2020-01-01T22:53:43, 2020-01-01T22:53:56, 2020-01-01T22:54:10, 2020-01-01T22:54:28, 2020-01-01T22:54:43, 2020-01-01T22:57:05, 2020-01-01T23:39:44, 2020-01-01T23:40:07" }, "geometry": { "type": "LineString", "coordinates": [ [ -99.21423, 19.66892 ], [ -99.214219, 19.668918 ], [ -99.093615, 19.505024 ], [ -99.21423, 19.66892 ], [ -99.093615, 19.505024 ], [ -99.21423, 19.66892 ], [ -99.214219, 19.668918 ], [ -99.214219, 19.668918 ], [ -99.21423, 19.66892 ], [ -99.21423, 19.66892 ], [ -99.093651, 19.505065 ], [ -99.21423, 19.66892 ], [ -99.21423, 19.66892 ], [ -99.21423, 19.66892 ], [ -99.214219, 19.668918 ], [ -99.21423, 19.66892 ], [ -99.093568, 19.50501 ], [ -99.093572, 19.504987 ], [ -99.093586, 19.505027 ], [ -99.09354, 19.505002 ], [ -99.093541, 19.505003 ], [ -99.09354, 19.505002 ], [ -99.093541, 19.505003 ], [ -99.09354, 19.505002 ], [ -99.09357, 19.505011 ], [ -99.093614, 19.505024 ], [ -99.093498, 19.504883 ], [ -99.093565, 19.50501 ], [ -99.093569, 19.505 ], [ -99.093569, 19.505 ], [ -99.093569, 19.505 ], [ -99.093549, 19.504997 ], [ -99.093549, 19.504997 ], [ -99.093548, 19.504996 ], [ -99.143517, 19.46749 ], [ -99.144964, 19.465048 ], [ -99.144959, 19.465051 ], [ -99.144958, 19.46505 ], [ -99.144959, 19.465051 ], [ -99.144959, 19.465051 ], [ -99.144958, 19.46505 ], [ -99.144959, 19.465051 ], [ -99.144958, 19.46505 ], [ -99.144959, 19.465051 ], [ -99.144958, 19.46505 ], [ -99.144958, 19.46505 ], [ -99.144959, 19.465051 ], [ -99.144959, 19.465051 ], [ -99.144959, 19.465051 ] ] } },
{ "type": "Feature", "properties": { "device_id": "de3c03cd3f0edeee4d227856b2d28566c4808e049f0e359c1a382c29e9513aec", "timestamps": "2020-01-01T12:05:47, 2020-01-01T12:05:49, 2020-01-01T22:57:01, 2020-01-01T22:58:21, 2020-01-01T23:25:48" }, "geometry": { "type": "LineString", "coordinates": [ [ -99.143896, 19.465266 ], [ -99.143896, 19.465266 ], [ -99.063479, 19.49781 ], [ -99.063479, 19.49781 ], [ -99.06349, 19.49781 ] ] } },
{ "type": "Feature", "properties": { "device_id": "31c0431e85e7a46220cd1541af4c97a1c05fc72d4974f6cb28ed8762b39f59f5", "timestamps": "2020-01-01T06:00:37, 2020-01-01T06:00:47, 2020-01-01T06:15:30, 2020-01-01T06:15:45, 2020-01-01T06:31:06, 2020-01-01T06:31:56, 2020-01-01T06:45:36, 2020-01-01T06:45:46, 2020-01-01T07:00:37, 2020-01-01T07:00:47, 2020-01-01T07:15:37, 2020-01-01T07:15:47, 2020-01-01T07:30:36, 2020-01-01T07:30:46, 2020-01-01T10:58:34, 2020-01-01T10:58:43, 2020-01-01T11:13:36, 2020-01-01T11:13:46, 2020-01-01T11:28:37, 2020-01-01T11:28:47, 2020-01-01T11:38:33, 2020-01-01T11:38:36, 2020-01-01T11:38:44, 2020-01-01T11:53:36, 2020-01-01T11:53:46, 2020-01-01T12:08:37, 2020-01-01T12:08:47, 2020-01-01T12:23:39, 2020-01-01T12:23:49, 2020-01-01T12:44:38, 2020-01-01T12:44:48, 2020-01-01T13:10:37, 2020-01-01T13:10:47, 2020-01-01T13:13:33, 2020-01-01T13:13:44, 2020-01-01T13:38:37, 2020-01-01T13:38:47, 2020-01-01T13:43:36, 2020-01-01T13:43:46, 2020-01-01T13:58:31, 2020-01-01T13:58:42, 2020-01-01T14:13:33, 2020-01-01T14:13:44, 2020-01-01T14:25:34, 2020-01-01T14:25:43, 2020-01-01T14:31:32, 2020-01-01T14:31:41, 2020-01-01T14:31:42, 2020-01-01T14:58:32, 2020-01-01T14:58:41, 2020-01-01T15:13:35, 2020-01-01T15:13:40, 2020-01-01T15:31:13, 2020-01-01T15:31:24, 2020-01-01T16:31:18, 2020-01-01T16:31:19, 2020-01-01T16:31:28, 2020-01-01T16:58:37, 2020-01-01T16:58:47, 2020-01-01T17:13:37, 2020-01-01T17:13:47, 2020-01-01T17:18:51, 2020-01-01T17:18:57, 2020-01-01T17:19:13, 2020-01-01T17:19:23, 2020-01-01T17:19:24, 2020-01-01T17:20:30, 2020-01-01T17:20:36, 2020-01-01T17:20:46, 2020-01-01T17:43:37, 2020-01-01T17:43:47, 2020-01-01T17:58:34, 2020-01-01T17:58:43, 2020-01-01T17:59:31, 2020-01-01T17:59:42, 2020-01-01T17:59:47, 2020-01-01T18:00:18, 2020-01-01T18:00:28, 2020-01-01T18:02:09, 2020-01-01T18:02:59, 2020-01-01T18:13:39, 2020-01-01T18:13:49, 2020-01-01T18:37:11, 2020-01-01T18:37:22, 2020-01-01T18:41:06, 2020-01-01T18:41:56, 2020-01-01T18:42:32, 2020-01-01T18:42:41, 2020-01-01T18:42:47, 2020-01-01T18:42:49, 2020-01-01T18:42:51, 2020-01-01T18:43:36, 2020-01-01T18:43:46, 2020-01-01T18:46:00, 2020-01-01T18:46:05, 2020-01-01T18:47:31, 2020-01-01T18:47:42, 2020-01-01T18:47:44, 2020-01-01T19:34:12, 2020-01-01T19:34:15, 2020-01-01T19:34:20, 2020-01-01T19:36:17, 2020-01-01T19:36:27, 2020-01-01T19:36:29, 2020-01-01T19:37:17, 2020-01-01T19:37:27, 2020-01-01T19:39:16, 2020-01-01T19:39:26, 2020-01-01T19:40:13, 2020-01-01T19:40:24, 2020-01-01T19:40:31, 2020-01-01T19:40:42, 2020-01-01T19:40:48, 2020-01-01T19:41:05, 2020-01-01T19:41:32, 2020-01-01T19:41:37, 2020-01-01T19:41:38, 2020-01-01T19:41:47, 2020-01-01T19:41:50, 2020-01-01T19:42:12, 2020-01-01T19:42:16, 2020-01-01T19:43:22, 2020-01-01T19:43:59, 2020-01-01T19:44:07, 2020-01-01T19:44:24, 2020-01-01T19:44:31, 2020-01-01T19:44:38, 2020-01-01T19:44:42, 2020-01-01T19:44:57, 2020-01-01T19:49:03, 2020-01-01T19:49:54, 2020-01-01T20:04:05, 2020-01-01T20:04:50, 2020-01-01T20:19:06, 2020-01-01T20:19:56, 2020-01-01T20:26:19, 2020-01-01T20:26:29, 2020-01-01T20:26:30, 2020-01-01T20:26:45, 2020-01-01T20:28:37, 2020-01-01T20:28:47, 2020-01-01T21:13:34, 2020-01-01T21:13:43, 2020-01-01T21:32:33, 2020-01-01T21:32:44, 2020-01-01T22:35:11, 2020-01-01T22:35:22, 2020-01-01T22:57:03, 2020-01-01T22:57:54, 2020-01-01T23:14:14, 2020-01-01T23:14:23, 2020-01-01T23:26:34, 2020-01-01T23:26:43" }, "geometry": { "type": "LineString", "coordinates": [ [ -99.145178, 19.464243 ], [ -99.14519, 19.46423 ], [ -99.145094, 19.464797 ], [ -99.1451, 19.46479 ], [ -99.14488, 19.46473 ], [ -99.144884, 19.464749 ], [ -99.145039, 19.464765 ], [ -99.14505, 19.46475 ], [ -99.144957, 19.464526 ], [ -99.14497, 19.46451 ], [ -99.145101, 19.464668 ], [ -99.14511, 19.46465 ], [ -99.144993, 19.464715 ], [ -99.144992, 19.464724 ], [ -99.14496, 19.46471 ], [ -99.144967, 19.464727 ], [ -99.14496, 19.46471 ], [ -99.144967, 19.464727 ], [ -99.14496, 19.46471 ], [ -99.144967, 19.464727 ], [ -99.144967, 19.464727 ], [ -99.144967, 19.464727 ], [ -99.14496, 19.46471 ], [ -99.144967, 19.464727 ], [ -99.14496, 19.46471 ], [ -99.144967, 19.464727 ], [ -99.14496, 19.46471 ], [ -99.144967, 19.464727 ], [ -99.14496, 19.46471 ], [ -99.14496, 19.46471 ], [ -99.144967, 19.464727 ], [ -99.144967, 19.464727 ], [ -99.14496, 19.46471 ], [ -99.145127, 19.46481 ], [ -99.14512, 19.46482 ], [ -99.145127, 19.46481 ], [ -99.14512, 19.46482 ], [ -99.14509, 19.46503 ], [ -99.145075, 19.465042 ], [ -99.145075, 19.465042 ], [ -99.14509, 19.46503 ], [ -99.14311, 19.465831 ], [ -99.14313, 19.46584 ], [ -99.14313, 19.46584 ], [ -99.14311, 19.465831 ], [ -99.14313, 19.46584 ], [ -99.14311, 19.465831 ], [ -99.14311, 19.465831 ], [ -99.144705, 19.464353 ], [ -99.14471, 19.46436 ], [ -99.145052, 19.464912 ], [ -99.14507, 19.46492 ], [ -99.145116, 19.465242 ], [ -99.14513, 19.46523 ], [ -99.145116, 19.465242 ], [ -99.145116, 19.465242 ], [ -99.14513, 19.46523 ], [ -99.14513, 19.46483 ], [ -99.145114, 19.464849 ], [ -99.145147, 19.464988 ], [ -99.14514, 19.46497 ], [ -99.145147, 19.464988 ], [ -99.145147, 19.464988 ], [ -99.14514, 19.46497 ], [ -99.145147, 19.464988 ], [ -99.145147, 19.464988 ], [ -99.144997, 19.464624 ], [ -99.144997, 19.464624 ], [ -99.144998, 19.464613 ], [ -99.14479, 19.4644 ], [ -99.144773, 19.464401 ], [ -99.14504, 19.464439 ], [ -99.14504, 19.46444 ], [ -99.14504, 19.46444 ], [ -99.14504, 19.464439 ], [ -99.14504, 19.464439 ], [ -99.14504, 19.46444 ], [ -99.14504, 19.464439 ], [ -99.14504, 19.464439 ], [ -99.14504, 19.46444 ], [ -99.14463, 19.46453 ], [ -99.144616, 19.464542 ], [ -99.14463, 19.46453 ], [ -99.144616, 19.464542 ], [ -99.144616, 19.464542 ], [ -99.14463, 19.46453 ], [ -99.144616, 19.464542 ], [ -99.14463, 19.46453 ], [ -99.144616, 19.464542 ], [ -99.144616, 19.464542 ], [ -99.144616, 19.464542 ], [ -99.14494, 19.46435 ], [ -99.144944, 19.464366 ], [ -99.144944, 19.464366 ], [ -99.144944, 19.464366 ], [ -99.14494, 19.46435 ], [ -99.144944, 19.464366 ], [ -99.144944, 19.464366 ], [ -99.144944, 19.464366 ], [ -99.14494, 19.46435 ], [ -99.144944, 19.464366 ], [ -99.14451, 19.46439 ], [ -99.144504, 19.464396 ], [ -99.144504, 19.464396 ], [ -99.14451, 19.46439 ], [ -99.144504, 19.464396 ], [ -99.14495, 19.464272 ], [ -99.14497, 19.46428 ], [ -99.14497, 19.46428 ], [ -99.14495, 19.464272 ], [ -99.14485, 19.46442 ], [ -99.14484, 19.464411 ], [ -99.14484, 19.464411 ], [ -99.144867, 19.464933 ], [ -99.14484, 19.464411 ], [ -99.14485, 19.46442 ], [ -99.144867, 19.464933 ], [ -99.14484, 19.464411 ], [ -99.14486, 19.46494 ], [ -99.144867, 19.464933 ], [ -99.144867, 19.464933 ], [ -99.144867, 19.464933 ], [ -99.144867, 19.464933 ], [ -99.14486, 19.46494 ], [ -99.144867, 19.464933 ], [ -99.145229, 19.46502 ], [ -99.145229, 19.46502 ], [ -99.14522, 19.46502 ], [ -99.144867, 19.464933 ], [ -99.14522, 19.46502 ], [ -99.145229, 19.46502 ], [ -99.14488, 19.46436 ], [ -99.144888, 19.464354 ], [ -99.14488, 19.46436 ], [ -99.144888, 19.464354 ], [ -99.144888, 19.464354 ], [ -99.14488, 19.46436 ], [ -99.14473, 19.46431 ], [ -99.144716, 19.46433 ], [ -99.14503, 19.46443 ], [ -99.145014, 19.464442 ], [ -99.14503, 19.46443 ], [ -99.145014, 19.464442 ], [ -99.14522, 19.4649 ], [ -99.145221, 19.464902 ], [ -99.14512, 19.4649 ], [ -99.145128, 19.464904 ], [ -99.14486, 19.46437 ], [ -99.14486, 19.464381 ], [ -99.14486, 19.46437 ], [ -99.14486, 19.464381 ], [ -99.143329, 19.466385 ], [ -99.14332, 19.46637 ] ] } },
{ "type": "Feature", "properties": { "device_id": "0a26eb6d282c62de53dd0411277f54e65cf183427962e2ab4f183a5ae9a1bfaa", "timestamps": "2020-01-01T06:24:35, 2020-01-01T06:24:40, 2020-01-01T06:27:05, 2020-01-01T06:27:50, 2020-01-01T06:38:34, 2020-01-01T06:38:35, 2020-01-01T06:38:40, 2020-01-01T06:38:43, 2020-01-01T07:03:05, 2020-01-01T07:03:50, 2020-01-01T12:22:11, 2020-01-01T12:22:18, 2020-01-01T12:22:22, 2020-01-01T12:22:28, 2020-01-01T12:25:38, 2020-01-01T12:25:48, 2020-01-01T14:02:01, 2020-01-01T14:02:07, 2020-01-01T14:02:38, 2020-01-01T14:02:48, 2020-01-01T14:02:52, 2020-01-01T14:02:57, 2020-01-01T14:23:04, 2020-01-01T14:23:53, 2020-01-01T14:34:19, 2020-01-01T14:34:29, 2020-01-01T14:37:15, 2020-01-01T14:37:20, 2020-01-01T14:38:08, 2020-01-01T14:38:58, 2020-01-01T14:45:02, 2020-01-01T14:45:51, 2020-01-01T14:53:36, 2020-01-01T14:53:46, 2020-01-01T14:54:09, 2020-01-01T14:54:59, 2020-01-01T14:55:17, 2020-01-01T14:55:27, 2020-01-01T15:17:34, 2020-01-01T15:17:43, 2020-01-01T15:19:34, 2020-01-01T15:19:43, 2020-01-01T16:10:14, 2020-01-01T16:10:23, 2020-01-01T16:10:37, 2020-01-01T16:10:47, 2020-01-01T16:16:02, 2020-01-01T16:16:51, 2020-01-01T17:33:12, 2020-01-01T17:33:21, 2020-01-01T17:33:30, 2020-01-01T17:33:45, 2020-01-01T18:14:11, 2020-01-01T18:14:22, 2020-01-01T18:14:34, 2020-01-01T18:14:43, 2020-01-01T18:18:39, 2020-01-01T18:18:49, 2020-01-01T18:19:16, 2020-01-01T18:19:26, 2020-01-01T18:58:13, 2020-01-01T18:58:24, 2020-01-01T18:58:34, 2020-01-01T18:58:43, 2020-01-01T19:29:12, 2020-01-01T19:29:21, 2020-01-01T19:44:37, 2020-01-01T19:44:47, 2020-01-01T19:45:19, 2020-01-01T19:45:29, 2020-01-01T19:46:17, 2020-01-01T19:46:27, 2020-01-01T20:01:08, 2020-01-01T20:01:39, 2020-01-01T20:01:49, 2020-01-01T20:01:58, 2020-01-01T20:13:32, 2020-01-01T20:13:34, 2020-01-01T20:13:41, 2020-01-01T20:13:43, 2020-01-01T20:14:01, 2020-01-01T20:14:08, 2020-01-01T20:14:52, 2020-01-01T20:14:58, 2020-01-01T20:15:06, 2020-01-01T20:15:56, 2020-01-01T20:16:36, 2020-01-01T20:16:46, 2020-01-01T20:19:08, 2020-01-01T20:19:19, 2020-01-01T20:19:29, 2020-01-01T20:19:31, 2020-01-01T20:19:42, 2020-01-01T20:19:58, 2020-01-01T20:29:34, 2020-01-01T20:29:43, 2020-01-01T20:40:10, 2020-01-01T20:40:25, 2020-01-01T20:48:12, 2020-01-01T20:48:21, 2020-01-01T20:56:12, 2020-01-01T20:56:21, 2020-01-01T21:08:17, 2020-01-01T21:08:27, 2020-01-01T21:08:38, 2020-01-01T21:08:48, 2020-01-01T21:09:12, 2020-01-01T21:09:21, 2020-01-01T21:11:34, 2020-01-01T21:11:43, 2020-01-01T21:24:10, 2020-01-01T21:24:25, 2020-01-01T21:35:02, 2020-01-01T21:35:19, 2020-01-01T21:35:29, 2020-01-01T21:35:51, 2020-01-01T21:36:19, 2020-01-01T21:36:29, 2020-01-01T21:40:31, 2020-01-01T21:40:32, 2020-01-01T21:40:41, 2020-01-01T21:40:42, 2020-01-01T21:42:17, 2020-01-01T21:42:27, 2020-01-01T21:42:34, 2020-01-01T21:42:43, 2020-01-01T21:46:02, 2020-01-01T21:46:16, 2020-01-01T21:46:26, 2020-01-01T21:46:36, 2020-01-01T21:46:46, 2020-01-01T21:46:51, 2020-01-01T21:50:06, 2020-01-01T21:50:09, 2020-01-01T21:50:56, 2020-01-01T21:50:59, 2020-01-01T21:51:01, 2020-01-01T21:51:37, 2020-01-01T21:51:47, 2020-01-01T21:51:52, 2020-01-01T21:52:12, 2020-01-01T21:52:18, 2020-01-01T21:52:21, 2020-01-01T21:52:28, 2020-01-01T21:54:01, 2020-01-01T21:54:12, 2020-01-01T21:54:21, 2020-01-01T21:54:52, 2020-01-01T22:02:03, 2020-01-01T22:02:54, 2020-01-01T22:03:05, 2020-01-01T22:03:50, 2020-01-01T22:04:07, 2020-01-01T22:04:17, 2020-01-01T22:04:27, 2020-01-01T22:04:57, 2020-01-01T22:12:01, 2020-01-01T22:12:09, 2020-01-01T22:12:52, 2020-01-01T22:12:59, 2020-01-01T22:49:19, 2020-01-01T22:49:29, 2020-01-01T22:49:37, 2020-01-01T22:49:47, 2020-01-01T22:51:10, 2020-01-01T22:51:25, 2020-01-01T22:53:05, 2020-01-01T22:53:50, 2020-01-01T22:54:06, 2020-01-01T22:54:08, 2020-01-01T22:54:56, 2020-01-01T22:54:58, 2020-01-01T23:01:11, 2020-01-01T23:01:22, 2020-01-01T23:18:19, 2020-01-01T23:18:29, 2020-01-01T23:18:33, 2020-01-01T23:18:44, 2020-01-01T23:41:07, 2020-01-01T23:41:32, 2020-01-01T23:41:41, 2020-01-01T23:41:57" }, "geometry": { "type": "LineString", "coordinates": [ [ -99.05409, 19.45217 ], [ -99.054073, 19.452179 ], [ -99.054716, 19.451937 ], [ -99.05473, 19.45194 ], [ -99.054073, 19.452179 ], [ -99.0541, 19.452155 ], [ -99.0541, 19.45216 ], [ -99.05409, 19.45217 ], [ -99.05409, 19.45217 ], [ -99.054073, 19.452179 ], [ -99.05438, 19.45198 ], [ -99.053991, 19.45218 ], [ -99.054386, 19.451978 ], [ -99.053992, 19.45217 ], [ -99.054073, 19.452179 ], [ -99.05409, 19.45217 ], [ -99.14575, 19.46653 ], [ -99.14587, 19.4664 ], [ -99.14588, 19.4664 ], [ -99.145881, 19.466403 ], [ -99.145735, 19.466531 ], [ -99.145853, 19.4664 ], [ -99.145863, 19.466544 ], [ -99.14586, 19.46653 ], [ -99.145735, 19.466531 ], [ -99.14575, 19.46653 ], [ -99.145868, 19.466628 ], [ -99.14586, 19.46661 ], [ -99.14588, 19.46659 ], [ -99.145885, 19.466592 ], [ -99.145735, 19.466531 ], [ -99.14575, 19.46653 ], [ -99.14575, 19.46653 ], [ -99.145735, 19.466531 ], [ -99.14586, 19.46653 ], [ -99.145863, 19.466544 ], [ -99.145735, 19.466531 ], [ -99.14575, 19.46653 ], [ -99.14575, 19.46653 ], [ -99.145735, 19.466531 ], [ -99.14586, 19.46644 ], [ -99.145867, 19.466437 ], [ -99.14586, 19.46653 ], [ -99.145863, 19.466544 ], [ -99.14575, 19.46653 ], [ -99.145735, 19.466531 ], [ -99.14573, 19.46648 ], [ -99.14574, 19.466473 ], [ -99.14588, 19.4665 ], [ -99.145881, 19.466509 ], [ -99.145735, 19.466531 ], [ -99.14575, 19.46653 ], [ -99.145863, 19.466544 ], [ -99.14586, 19.46653 ], [ -99.145735, 19.466531 ], [ -99.14575, 19.46653 ], [ -99.145735, 19.466531 ], [ -99.14575, 19.46653 ], [ -99.145705, 19.46646 ], [ -99.14571, 19.46644 ], [ -99.14575, 19.46653 ], [ -99.145735, 19.466531 ], [ -99.145867, 19.466437 ], [ -99.14586, 19.46644 ], [ -99.145735, 19.466531 ], [ -99.14575, 19.46653 ], [ -99.14586, 19.46644 ], [ -99.145867, 19.466437 ], [ -99.14586, 19.4665 ], [ -99.145865, 19.466501 ], [ -99.145735, 19.466531 ], [ -99.14575, 19.46653 ], [ -99.14573, 19.46648 ], [ -99.14575, 19.46653 ], [ -99.145735, 19.466531 ], [ -99.14574, 19.466473 ], [ -99.145836, 19.466359 ], [ -99.145722, 19.46652 ], [ -99.14585, 19.46636 ], [ -99.14572, 19.46651 ], [ -99.14569, 19.46654 ], [ -99.145735, 19.466531 ], [ -99.145676, 19.466533 ], [ -99.14575, 19.46653 ], [ -99.14575, 19.466539 ], [ -99.145735, 19.466531 ], [ -99.14575, 19.466539 ], [ -99.145735, 19.466531 ], [ -99.14577, 19.46657 ], [ -99.14585, 19.46642 ], [ -99.145836, 19.466441 ], [ -99.14575, 19.46653 ], [ -99.145735, 19.466531 ], [ -99.145757, 19.466588 ], [ -99.14575, 19.46653 ], [ -99.145735, 19.466531 ], [ -99.14575, 19.46653 ], [ -99.145735, 19.466531 ], [ -99.14586, 19.4665 ], [ -99.145865, 19.466501 ], [ -99.145746, 19.466542 ], [ -99.145735, 19.466531 ], [ -99.14575, 19.46653 ], [ -99.145735, 19.466531 ], [ -99.145844, 19.466429 ], [ -99.14584, 19.46641 ], [ -99.14579, 19.46636 ], [ -99.145777, 19.46635 ], [ -99.14556, 19.46659 ], [ -99.145562, 19.466597 ], [ -99.14575, 19.46653 ], [ -99.145735, 19.466531 ], [ -99.14575, 19.46653 ], [ -99.145883, 19.466359 ], [ -99.14588, 19.46636 ], [ -99.145735, 19.466531 ], [ -99.14575, 19.46653 ], [ -99.145735, 19.466531 ], [ -99.145867, 19.466437 ], [ -99.14587, 19.46634 ], [ -99.145853, 19.466367 ], [ -99.14586, 19.46644 ], [ -99.145867, 19.466437 ], [ -99.14586, 19.46644 ], [ -99.14575, 19.46653 ], [ -99.145735, 19.466531 ], [ -99.14584, 19.46652 ], [ -99.145735, 19.466531 ], [ -99.14575, 19.46653 ], [ -99.14585, 19.46632 ], [ -99.145834, 19.466316 ], [ -99.14583, 19.466518 ], [ -99.14575, 19.46653 ], [ -99.14586, 19.46632 ], [ -99.145735, 19.466531 ], [ -99.145866, 19.466346 ], [ -99.145765, 19.466508 ], [ -99.14576, 19.46652 ], [ -99.145762, 19.466545 ], [ -99.14576, 19.4665 ], [ -99.145836, 19.466601 ], [ -99.145886, 19.466358 ], [ -99.14585, 19.4666 ], [ -99.14588, 19.46636 ], [ -99.14586, 19.4665 ], [ -99.14575, 19.46653 ], [ -99.145735, 19.466531 ], [ -99.145865, 19.466501 ], [ -99.145745, 19.466477 ], [ -99.14574, 19.46648 ], [ -99.145639, 19.466525 ], [ -99.14565, 19.46651 ], [ -99.14575, 19.46652 ], [ -99.14573, 19.46648 ], [ -99.14574, 19.466473 ], [ -99.14576, 19.46653 ], [ -99.145882, 19.466315 ], [ -99.14586, 19.46644 ], [ -99.14588, 19.46632 ], [ -99.145867, 19.466437 ], [ -99.145735, 19.466531 ], [ -99.14575, 19.46653 ], [ -99.14586, 19.46644 ], [ -99.145867, 19.466437 ], [ -99.145735, 19.466531 ], [ -99.14575, 19.46653 ], [ -99.145863, 19.466544 ], [ -99.14586, 19.46653 ], [ -99.14586, 19.4665 ], [ -99.145735, 19.466531 ], [ -99.145865, 19.466501 ], [ -99.14575, 19.46653 ], [ -99.14585, 19.46644 ], [ -99.14586, 19.466434 ], [ -99.14586, 19.46644 ], [ -99.145867, 19.466437 ], [ -99.14575, 19.46653 ], [ -99.145735, 19.466531 ], [ -99.145735, 19.466531 ], [ -99.1459, 19.466402 ], [ -99.1459, 19.466401 ], [ -99.14575, 19.46653 ] ] } },
{ "type": "Feature", "properties": { "device_id": "7b5a9970cd592ffb695bf5da75f8c4c743785c9eeca5c50e12423a3b01277bcb", "timestamps": "2020-01-01T06:09:06, 2020-01-01T06:20:51, 2020-01-01T06:29:01, 2020-01-01T06:40:56, 2020-01-01T06:50:10, 2020-01-01T06:50:15, 2020-01-01T06:50:20, 2020-01-01T06:50:24, 2020-01-01T07:00:28, 2020-01-01T07:10:11, 2020-01-01T07:20:11, 2020-01-01T07:30:29, 2020-01-01T07:40:13, 2020-01-01T07:50:43, 2020-01-01T08:00:40, 2020-01-01T08:10:41, 2020-01-01T08:20:45, 2020-01-01T08:30:19, 2020-01-01T08:40:23, 2020-01-01T08:50:17, 2020-01-01T09:00:05, 2020-01-01T09:11:57, 2020-01-01T09:21:24, 2020-01-01T09:31:27, 2020-01-01T09:41:20, 2020-01-01T09:51:12, 2020-01-01T10:01:16, 2020-01-01T10:11:13, 2020-01-01T10:21:43, 2020-01-01T10:31:32, 2020-01-01T10:41:31, 2020-01-01T10:51:35, 2020-01-01T11:01:05, 2020-01-01T11:11:00, 2020-01-01T11:21:09, 2020-01-01T11:32:53, 2020-01-01T11:42:51, 2020-01-01T11:52:26, 2020-01-01T12:02:26, 2020-01-01T12:12:47, 2020-01-01T12:22:14, 2020-01-01T12:32:17, 2020-01-01T12:42:30, 2020-01-01T12:52:32, 2020-01-01T12:52:33, 2020-01-01T12:52:40, 2020-01-01T12:52:48, 2020-01-01T13:02:30, 2020-01-01T13:12:35, 2020-01-01T13:22:16, 2020-01-01T13:32:45, 2020-01-01T13:42:41, 2020-01-01T13:52:44, 2020-01-01T14:02:11, 2020-01-01T14:12:30, 2020-01-01T14:22:08, 2020-01-01T14:33:58, 2020-01-01T14:43:58, 2020-01-01T14:53:57, 2020-01-01T15:02:00, 2020-01-01T15:12:43, 2020-01-01T15:22:13, 2020-01-01T15:33:57, 2020-01-01T15:44:52, 2020-01-01T15:53:57, 2020-01-01T16:02:39, 2020-01-01T16:12:38, 2020-01-01T16:33:19, 2020-01-01T16:43:28, 2020-01-01T16:44:43, 2020-01-01T16:44:48, 2020-01-01T16:54:36, 2020-01-01T17:01:24, 2020-01-01T17:06:19, 2020-01-01T17:09:28, 2020-01-01T17:14:02, 2020-01-01T17:19:39, 2020-01-01T17:24:34, 2020-01-01T17:28:55, 2020-01-01T17:34:29, 2020-01-01T17:38:13, 2020-01-01T17:38:29, 2020-01-01T17:39:15, 2020-01-01T17:43:03, 2020-01-01T17:54:31, 2020-01-01T18:07:43, 2020-01-01T18:17:27, 2020-01-01T18:27:52, 2020-01-01T18:36:04, 2020-01-01T18:39:01, 2020-01-01T18:39:33, 2020-01-01T18:39:36, 2020-01-01T19:19:39, 2020-01-01T19:30:42, 2020-01-01T19:40:38, 2020-01-01T19:51:20, 2020-01-01T20:01:14, 2020-01-01T20:14:15, 2020-01-01T20:27:16, 2020-01-01T20:39:15, 2020-01-01T20:49:29, 2020-01-01T21:01:19, 2020-01-01T21:11:21, 2020-01-01T21:21:23, 2020-01-01T21:32:50, 2020-01-01T21:44:29, 2020-01-01T21:54:29, 2020-01-01T22:04:54, 2020-01-01T22:14:29, 2020-01-01T22:24:29, 2020-01-01T22:34:12, 2020-01-01T22:44:36, 2020-01-01T22:54:05, 2020-01-01T22:59:13, 2020-01-01T23:04:45, 2020-01-01T23:12:43, 2020-01-01T23:22:01, 2020-01-01T23:39:28, 2020-01-01T23:44:29, 2020-01-01T23:49:28, 2020-01-01T23:54:12, 2020-01-01T23:57:37" }, "geometry": { "type": "LineString", "coordinates": [ [ -98.91402, 19.431034 ], [ -98.914022, 19.431034 ], [ -98.914026, 19.431037 ], [ -98.914027, 19.431038 ], [ -98.914008, 19.431035 ], [ -98.914022, 19.431037 ], [ -98.914022, 19.431036 ], [ -98.914026, 19.431037 ], [ -98.914026, 19.431039 ], [ -98.914021, 19.431036 ], [ -98.914024, 19.431038 ], [ -98.914021, 19.431036 ], [ -98.914021, 19.431036 ], [ -98.914026, 19.431037 ], [ -98.914024, 19.431038 ], [ -98.914024, 19.431038 ], [ -98.914026, 19.431037 ], [ -98.914025, 19.431038 ], [ -98.914021, 19.431035 ], [ -98.914023, 19.431037 ], [ -98.914021, 19.431036 ], [ -98.914026, 19.431038 ], [ -98.914027, 19.431038 ], [ -98.914021, 19.431036 ], [ -98.914026, 19.431038 ], [ -98.914024, 19.431038 ], [ -98.914021, 19.431036 ], [ -98.914006, 19.431032 ], [ -98.914005, 19.431033 ], [ -98.914021, 19.431035 ], [ -98.91402, 19.431034 ], [ -98.914025, 19.431038 ], [ -98.914023, 19.431037 ], [ -98.914025, 19.431038 ], [ -98.914026, 19.431038 ], [ -98.914004, 19.431037 ], [ -98.914003, 19.431036 ], [ -98.914, 19.431034 ], [ -98.914023, 19.431038 ], [ -98.914021, 19.431036 ], [ -98.914027, 19.431037 ], [ -98.914005, 19.431033 ], [ -98.91401, 19.431034 ], [ -98.914002, 19.431064 ], [ -98.913933, 19.43107 ], [ -98.914009, 19.431035 ], [ -98.91402, 19.431034 ], [ -98.914025, 19.431038 ], [ -98.914027, 19.431038 ], [ -98.914021, 19.431036 ], [ -98.914023, 19.431037 ], [ -98.914027, 19.431038 ], [ -98.914024, 19.431038 ], [ -98.914024, 19.431038 ], [ -98.913994, 19.431049 ], [ -98.914021, 19.431036 ], [ -98.913979, 19.431045 ], [ -98.914021, 19.431036 ], [ -98.914025, 19.431039 ], [ -98.914025, 19.431037 ], [ -98.914021, 19.431036 ], [ -98.914026, 19.431036 ], [ -98.914022, 19.431033 ], [ -98.914025, 19.431038 ], [ -98.914022, 19.431036 ], [ -98.914025, 19.431039 ], [ -98.914081, 19.431035 ], [ -98.914026, 19.431039 ], [ -98.914023, 19.431034 ], [ -98.914006, 19.431046 ], [ -98.914126, 19.430981 ], [ -98.914029, 19.431046 ], [ -98.914493, 19.429882 ], [ -98.909863, 19.429697 ], [ -98.910005, 19.428993 ], [ -98.910366, 19.429324 ], [ -98.910543, 19.42933 ], [ -98.910263, 19.42887 ], [ -98.90993, 19.429526 ], [ -98.901583, 19.434193 ], [ -98.904153, 19.433245 ], [ -98.904208, 19.433389 ], [ -98.906182, 19.432749 ], [ -98.914434, 19.429878 ], [ -98.914026, 19.431037 ], [ -98.914029, 19.431039 ], [ -98.914028, 19.431039 ], [ -98.914027, 19.431035 ], [ -98.914025, 19.431034 ], [ -98.914023, 19.431034 ], [ -98.914026, 19.431036 ], [ -98.914026, 19.431033 ], [ -98.914021, 19.431036 ], [ -98.914025, 19.431036 ], [ -98.914026, 19.431037 ], [ -98.914002, 19.431031 ], [ -98.914021, 19.431036 ], [ -98.914021, 19.431036 ], [ -98.914021, 19.431036 ], [ -98.914021, 19.431036 ], [ -98.914021, 19.431036 ], [ -98.914021, 19.431036 ], [ -98.914021, 19.431036 ], [ -98.914021, 19.431036 ], [ -98.914021, 19.431036 ], [ -98.914021, 19.431036 ], [ -98.914021, 19.431036 ], [ -98.914021, 19.431036 ], [ -98.914021, 19.431036 ], [ -98.914021, 19.431036 ], [ -98.914021, 19.431036 ], [ -98.914028, 19.431036 ], [ -98.908986, 19.429846 ], [ -98.90349, 19.44253 ], [ -98.894735, 19.441647 ], [ -98.893182, 19.47949 ], [ -98.965622, 19.483623 ], [ -99.092432, 19.451505 ], [ -99.103295, 19.450996 ], [ -99.136505, 19.465124 ], [ -99.145833, 19.465864 ], [ -99.14543, 19.466238 ] ] } },
{ "type": "Feature", "properties": { "device_id": "0b6325e1d77f32f9ce79627eae98c0a2463a4429d1f95b0ce033c0eb262df2b0", "timestamps": "2020-01-01T06:05:29, 2020-01-01T06:10:18, 2020-01-01T06:15:46, 2020-01-01T06:54:01, 2020-01-01T06:55:13, 2020-01-01T07:06:18, 2020-01-01T07:18:26, 2020-01-01T07:26:14, 2020-01-01T07:31:14, 2020-01-01T07:42:15, 2020-01-01T07:47:30, 2020-01-01T07:53:56, 2020-01-01T07:59:56, 2020-01-01T08:07:11, 2020-01-01T08:12:41, 2020-01-01T08:17:49, 2020-01-01T08:22:49, 2020-01-01T08:27:49, 2020-01-01T08:32:49, 2020-01-01T08:37:31, 2020-01-01T08:42:31, 2020-01-01T08:47:00, 2020-01-01T08:47:06, 2020-01-01T14:25:32, 2020-01-01T14:31:33, 2020-01-01T14:39:13, 2020-01-01T15:10:20, 2020-01-01T15:31:02, 2020-01-01T15:47:28, 2020-01-01T15:58:16, 2020-01-01T16:03:18, 2020-01-01T16:28:42, 2020-01-01T16:53:07, 2020-01-01T17:05:36, 2020-01-01T17:10:37, 2020-01-01T17:15:39, 2020-01-01T17:20:05, 2020-01-01T17:28:58, 2020-01-01T17:34:39, 2020-01-01T17:40:05, 2020-01-01T17:46:05, 2020-01-01T18:00:06, 2020-01-01T18:06:59, 2020-01-01T18:49:45, 2020-01-01T18:54:42, 2020-01-01T18:59:38, 2020-01-01T19:05:52, 2020-01-01T19:10:51, 2020-01-01T19:20:50, 2020-01-01T19:25:56, 2020-01-01T19:30:56, 2020-01-01T19:40:06, 2020-01-01T19:46:53, 2020-01-01T19:51:53, 2020-01-01T19:58:15, 2020-01-01T20:03:34, 2020-01-01T20:08:30, 2020-01-01T20:18:37, 2020-01-01T20:23:38, 2020-01-01T20:29:17, 2020-01-01T20:39:33, 2020-01-01T20:51:50, 2020-01-01T20:56:23, 2020-01-01T21:01:20, 2020-01-01T21:06:27, 2020-01-01T21:19:24, 2020-01-01T21:25:21, 2020-01-01T21:37:24, 2020-01-01T21:42:14, 2020-01-01T21:47:13, 2020-01-01T21:53:31, 2020-01-01T21:58:34, 2020-01-01T22:03:02, 2020-01-01T22:12:59, 2020-01-01T22:26:47, 2020-01-01T22:31:47, 2020-01-01T22:36:35, 2020-01-01T22:41:35, 2020-01-01T22:46:32, 2020-01-01T22:51:31, 2020-01-01T22:58:44, 2020-01-01T23:04:22, 2020-01-01T23:09:23, 2020-01-01T23:19:24, 2020-01-01T23:24:14, 2020-01-01T23:29:49, 2020-01-01T23:35:50, 2020-01-01T23:40:56, 2020-01-01T23:45:44, 2020-01-01T23:51:55, 2020-01-01T23:55:07" }, "geometry": { "type": "LineString", "coordinates": [ [ -99.144109, 19.465462 ], [ -99.144389, 19.465545 ], [ -99.144109, 19.465462 ], [ -99.144205, 19.465451 ], [ -99.144205, 19.465451 ], [ -99.144109, 19.465462 ], [ -99.144354, 19.46553 ], [ -99.144196, 19.465464 ], [ -99.144196, 19.465464 ], [ -99.144125, 19.465441 ], [ -99.144125, 19.465441 ], [ -99.144392, 19.465475 ], [ -99.144392, 19.465475 ], [ -99.144109, 19.465462 ], [ -99.144271, 19.465384 ], [ -99.144271, 19.465384 ], [ -99.144109, 19.465462 ], [ -99.144109, 19.465462 ], [ -99.144271, 19.465384 ], [ -99.144109, 19.465462 ], [ -99.144271, 19.465384 ], [ -99.144271, 19.465384 ], [ -99.144271, 19.465384 ], [ -99.144554, 19.465194 ], [ -99.144588, 19.465201 ], [ -99.144588, 19.465201 ], [ -99.144708, 19.465187 ], [ -99.144674, 19.46514 ], [ -99.144553, 19.465195 ], [ -99.144587, 19.465208 ], [ -99.144587, 19.465208 ], [ -99.14459, 19.465242 ], [ -99.144715, 19.465431 ], [ -99.144603, 19.465235 ], [ -99.144737, 19.465189 ], [ -99.144566, 19.465208 ], [ -99.144538, 19.465273 ], [ -99.144587, 19.465235 ], [ -99.144681, 19.465373 ], [ -99.144916, 19.46558 ], [ -99.144588, 19.465241 ], [ -99.144578, 19.465205 ], [ -99.144606, 19.465191 ], [ -99.144502, 19.465211 ], [ -99.144586, 19.465205 ], [ -99.144577, 19.465201 ], [ -99.144737, 19.465189 ], [ -99.144651, 19.465184 ], [ -99.144747, 19.465165 ], [ -99.144535, 19.46519 ], [ -99.14449, 19.465177 ], [ -99.144539, 19.465117 ], [ -99.144539, 19.465117 ], [ -99.144539, 19.465117 ], [ -99.14469, 19.465198 ], [ -99.144729, 19.465176 ], [ -99.144737, 19.465189 ], [ -99.144615, 19.465214 ], [ -99.144695, 19.46519 ], [ -99.144695, 19.46519 ], [ -99.144584, 19.465134 ], [ -99.143841, 19.465649 ], [ -99.144453, 19.468236 ], [ -99.14451, 19.468374 ], [ -99.143881, 19.467292 ], [ -99.145353, 19.462522 ], [ -99.14546, 19.462415 ], [ -99.145401, 19.462415 ], [ -99.145312, 19.462452 ], [ -99.119759, 19.458723 ], [ -99.112246, 19.453794 ], [ -99.112164, 19.453757 ], [ -99.112218, 19.45379 ], [ -99.091816, 19.428609 ], [ -99.109295, 19.366179 ], [ -99.113259, 19.335234 ], [ -99.11565, 19.316163 ], [ -99.116509, 19.316948 ], [ -99.116528, 19.316866 ], [ -99.116552, 19.316862 ], [ -99.116527, 19.316864 ], [ -99.116389, 19.316854 ], [ -99.116461, 19.316869 ], [ -99.116536, 19.316857 ], [ -99.116532, 19.316881 ], [ -99.116496, 19.316859 ], [ -99.116496, 19.316881 ], [ -99.116532, 19.316881 ], [ -99.116489, 19.316884 ], [ -99.116532, 19.316881 ], [ -99.116532, 19.316881 ] ] } },
{ "type": "Feature", "properties": { "device_id": "5fbea5e4d243e91538764b365605bf36912db791667e5b5e565c77c995c0e165", "timestamps": "2020-01-01T11:59:03, 2020-01-01T11:59:54, 2020-01-01T17:45:35, 2020-01-01T17:45:40, 2020-01-01T18:04:30, 2020-01-01T18:04:45" }, "geometry": { "type": "LineString", "coordinates": [ [ -99.14371, 19.46556 ], [ -99.143707, 19.465556 ], [ -99.14375, 19.46547 ], [ -99.143739, 19.465483 ], [ -99.14379, 19.46548 ], [ -99.143776, 19.465494 ] ] } },
{ "type": "Feature", "properties": { "device_id": "0d54934f9115a7556fa5c3946ea9a502861eab74f8b12c931e7ecb2c6d661cb9", "timestamps": "2020-01-01T13:13:08, 2020-01-01T13:13:58, 2020-01-01T22:09:16, 2020-01-01T22:09:26" }, "geometry": { "type": "LineString", "coordinates": [ [ -99.14493, 19.465745 ], [ -99.14494, 19.46573 ], [ -99.00193, 19.59777 ], [ -99.001916, 19.597786 ] ] } },
{ "type": "Feature", "properties": { "device_id": "b51c8e14d38538d404815b5f85742f9288ba7a14e019e7b532123de09f703648", "timestamps": "2020-01-01T06:33:52, 2020-01-01T06:48:28, 2020-01-01T07:35:21, 2020-01-01T07:46:00, 2020-01-01T08:02:15, 2020-01-01T08:17:11, 2020-01-01T08:26:57, 2020-01-01T08:41:46, 2020-01-01T09:49:00, 2020-01-01T10:04:03, 2020-01-01T10:19:00, 2020-01-01T10:34:00, 2020-01-01T10:49:00, 2020-01-01T11:04:06, 2020-01-01T11:19:06, 2020-01-01T11:34:07, 2020-01-01T11:49:07, 2020-01-01T12:04:08, 2020-01-01T12:40:43, 2020-01-01T13:18:22, 2020-01-01T13:48:48, 2020-01-01T14:03:49, 2020-01-01T14:18:49, 2020-01-01T14:33:33, 2020-01-01T14:36:29, 2020-01-01T14:51:16, 2020-01-01T15:06:17, 2020-01-01T15:21:18, 2020-01-01T15:36:19, 2020-01-01T15:51:45, 2020-01-01T16:06:42, 2020-01-01T16:21:41, 2020-01-01T16:36:44, 2020-01-01T16:52:03, 2020-01-01T17:12:01, 2020-01-01T17:27:01, 2020-01-01T17:42:03, 2020-01-01T19:09:17, 2020-01-01T19:10:51, 2020-01-01T19:10:55, 2020-01-01T19:18:12, 2020-01-01T19:19:35, 2020-01-01T19:19:47, 2020-01-01T19:20:31, 2020-01-01T19:21:15, 2020-01-01T19:21:18, 2020-01-01T19:21:29, 2020-01-01T19:21:52, 2020-01-01T19:22:13, 2020-01-01T19:22:14, 2020-01-01T19:23:15, 2020-01-01T19:25:02, 2020-01-01T19:25:24, 2020-01-01T19:25:46, 2020-01-01T19:25:56, 2020-01-01T19:26:22, 2020-01-01T19:32:29, 2020-01-01T19:45:02, 2020-01-01T19:45:31, 2020-01-01T19:46:48, 2020-01-01T19:50:20, 2020-01-01T19:50:24, 2020-01-01T19:59:41, 2020-01-01T20:19:57, 2020-01-01T21:11:14, 2020-01-01T21:15:04, 2020-01-01T21:31:19, 2020-01-01T21:46:45, 2020-01-01T22:01:42, 2020-01-01T22:16:41, 2020-01-01T22:31:44, 2020-01-01T22:46:43, 2020-01-01T23:01:40, 2020-01-01T23:16:46, 2020-01-01T23:31:47, 2020-01-01T23:54:24" }, "geometry": { "type": "LineString", "coordinates": [ [ -99.208343, 19.509026 ], [ -99.208343, 19.509026 ], [ -99.208343, 19.509026 ], [ -99.208343, 19.509026 ], [ -99.208343, 19.509026 ], [ -99.208343, 19.509026 ], [ -99.208326, 19.509031 ], [ -99.208326, 19.509031 ], [ -99.208326, 19.509031 ], [ -99.208326, 19.509031 ], [ -99.208326, 19.509031 ], [ -99.208326, 19.509031 ], [ -99.208326, 19.509031 ], [ -99.208326, 19.509031 ], [ -99.208326, 19.509031 ], [ -99.208326, 19.509031 ], [ -99.208326, 19.509031 ], [ -99.208326, 19.509031 ], [ -99.208326, 19.509031 ], [ -99.208326, 19.509031 ], [ -99.208326, 19.509031 ], [ -99.208326, 19.509031 ], [ -99.208326, 19.509031 ], [ -99.208326, 19.50905 ], [ -99.208324, 19.50903 ], [ -99.208324, 19.50903 ], [ -99.208324, 19.50903 ], [ -99.208324, 19.50903 ], [ -99.208324, 19.50903 ], [ -99.208324, 19.50903 ], [ -99.208324, 19.50903 ], [ -99.208324, 19.50903 ], [ -99.208324, 19.50903 ], [ -99.208324, 19.50903 ], [ -99.208324, 19.50903 ], [ -99.208324, 19.50903 ], [ -99.208324, 19.50903 ], [ -99.144538, 19.467654 ], [ -99.144001, 19.467714 ], [ -99.144538, 19.467654 ], [ -99.14463, 19.467401 ], [ -99.14438, 19.467582 ], [ -99.14463, 19.467401 ], [ -99.14438, 19.467582 ], [ -99.144253, 19.467446 ], [ -99.143441, 19.467091 ], [ -99.144253, 19.467446 ], [ -99.14438, 19.467582 ], [ -99.1437, 19.466105 ], [ -99.1437, 19.466105 ], [ -99.1437, 19.466105 ], [ -99.159388, 19.468712 ], [ -99.152851, 19.463486 ], [ -99.152851, 19.463486 ], [ -99.152851, 19.463486 ], [ -99.159388, 19.468712 ], [ -99.175916, 19.470465 ], [ -99.202085, 19.510778 ], [ -99.196733, 19.512737 ], [ -99.206128, 19.509069 ], [ -99.208309, 19.509071 ], [ -99.208309, 19.509071 ], [ -99.208309, 19.509071 ], [ -99.208315, 19.509097 ], [ -99.208315, 19.509097 ], [ -99.208315, 19.509049 ], [ -99.208315, 19.509049 ], [ -99.208315, 19.509049 ], [ -99.208315, 19.509049 ], [ -99.208315, 19.509049 ], [ -99.208315, 19.509049 ], [ -99.208315, 19.509049 ], [ -99.208315, 19.509049 ], [ -99.208315, 19.509049 ], [ -99.208315, 19.509049 ], [ -99.208315, 19.509049 ] ] } },
{ "type": "Feature", "properties": { "device_id": "69728c2692669a306da668828720d7cc57ccb724d167e348d1a612a0d4b1fc2e", "timestamps": "2020-01-01T06:00:00, 2020-01-01T06:00:55, 2020-01-01T06:07:20, 2020-01-01T06:11:09, 2020-01-01T06:11:59, 2020-01-01T06:12:00, 2020-01-01T06:12:55, 2020-01-01T06:17:18, 2020-01-01T06:17:26, 2020-01-01T06:17:30, 2020-01-01T06:17:45, 2020-01-01T06:19:05, 2020-01-01T06:19:50, 2020-01-01T06:20:31, 2020-01-01T06:20:32, 2020-01-01T06:20:41, 2020-01-01T06:21:20, 2020-01-01T06:21:24, 2020-01-01T06:21:41, 2020-01-01T06:22:08, 2020-01-01T06:22:11, 2020-01-01T06:22:47, 2020-01-01T06:22:50, 2020-01-01T06:22:58, 2020-01-01T06:23:31, 2020-01-01T06:23:42, 2020-01-01T06:24:17, 2020-01-01T06:25:23, 2020-01-01T06:25:26, 2020-01-01T06:26:29, 2020-01-01T06:26:41, 2020-01-01T06:27:01, 2020-01-01T06:27:13, 2020-01-01T06:27:23, 2020-01-01T06:27:24, 2020-01-01T06:28:30, 2020-01-01T06:28:32, 2020-01-01T06:29:10, 2020-01-01T06:29:20, 2020-01-01T06:29:25, 2020-01-01T06:29:56, 2020-01-01T06:29:59, 2020-01-01T06:30:30, 2020-01-01T06:30:45, 2020-01-01T06:31:22, 2020-01-01T06:31:25, 2020-01-01T06:32:32, 2020-01-01T06:38:18, 2020-01-01T06:38:28, 2020-01-01T06:38:51, 2020-01-01T07:06:58, 2020-01-01T07:07:18, 2020-01-01T07:08:16, 2020-01-01T07:08:22, 2020-01-01T07:08:26, 2020-01-01T07:09:38, 2020-01-01T07:09:44, 2020-01-01T07:09:48, 2020-01-01T07:11:10, 2020-01-01T07:11:12, 2020-01-01T07:11:25, 2020-01-01T07:12:07, 2020-01-01T07:12:08, 2020-01-01T07:12:58, 2020-01-01T07:13:04, 2020-01-01T07:13:42, 2020-01-01T07:13:53, 2020-01-01T07:15:05, 2020-01-01T07:15:37, 2020-01-01T07:15:38, 2020-01-01T07:16:48, 2020-01-01T07:16:49, 2020-01-01T07:17:08, 2020-01-01T07:18:18, 2020-01-01T07:18:19, 2020-01-01T07:18:39, 2020-01-01T07:19:02, 2020-01-01T07:19:05, 2020-01-01T07:19:51, 2020-01-01T07:21:00, 2020-01-01T07:21:03, 2020-01-01T07:21:55, 2020-01-01T07:23:19, 2020-01-01T07:23:29, 2020-01-01T07:23:58, 2020-01-01T07:24:28, 2020-01-01T07:24:31, 2020-01-01T07:27:09, 2020-01-01T07:27:59, 2020-01-01T07:28:14, 2020-01-01T07:28:23, 2020-01-01T07:28:55, 2020-01-01T07:30:01, 2020-01-01T07:30:02, 2020-01-01T07:30:51, 2020-01-01T07:31:51, 2020-01-01T07:32:33, 2020-01-01T07:34:08, 2020-01-01T07:34:15, 2020-01-01T07:34:26, 2020-01-01T07:34:58, 2020-01-01T07:35:18, 2020-01-01T07:37:38, 2020-01-01T07:39:57, 2020-01-01T07:47:02, 2020-01-01T07:52:18, 2020-01-01T07:56:13, 2020-01-01T07:56:24, 2020-01-01T08:06:04, 2020-01-01T08:07:04, 2020-01-01T08:07:30, 2020-01-01T08:11:10, 2020-01-01T08:11:25, 2020-01-01T08:15:33, 2020-01-01T08:15:44, 2020-01-01T08:39:42, 2020-01-01T08:39:48, 2020-01-01T08:39:53, 2020-01-01T08:40:08, 2020-01-01T08:40:10, 2020-01-01T08:40:25, 2020-01-01T08:47:05, 2020-01-01T08:47:50, 2020-01-01T09:09:30, 2020-01-01T09:09:37, 2020-01-01T09:09:47, 2020-01-01T09:10:42, 2020-01-01T09:37:22, 2020-01-01T09:37:46, 2020-01-01T10:07:06, 2020-01-01T10:07:53, 2020-01-01T10:08:01, 2020-01-01T10:26:21, 2020-01-01T11:20:06, 2020-01-01T11:20:33, 2020-01-01T11:20:44, 2020-01-01T11:20:49, 2020-01-01T11:20:57, 2020-01-01T11:21:08, 2020-01-01T11:21:58, 2020-01-01T11:25:35, 2020-01-01T11:25:40, 2020-01-01T15:57:40, 2020-01-01T16:12:42, 2020-01-01T17:06:05, 2020-01-01T17:41:34, 2020-01-01T18:11:09, 2020-01-01T18:11:13, 2020-01-01T18:11:24, 2020-01-01T18:11:35, 2020-01-01T18:11:59, 2020-01-01T18:26:09, 2020-01-01T18:26:59, 2020-01-01T18:27:33, 2020-01-01T18:27:43, 2020-01-01T18:27:44, 2020-01-01T18:36:22, 2020-01-01T18:41:05, 2020-01-01T18:41:15, 2020-01-01T18:41:20, 2020-01-01T18:41:24, 2020-01-01T20:59:29, 2020-01-01T22:01:02, 2020-01-01T22:05:52, 2020-01-01T22:29:46, 2020-01-01T22:39:49, 2020-01-01T22:52:19, 2020-01-01T23:24:46, 2020-01-01T23:34:11, 2020-01-01T23:34:14, 2020-01-01T23:34:22, 2020-01-01T23:34:23, 2020-01-01T23:41:13, 2020-01-01T23:41:21, 2020-01-01T23:41:24, 2020-01-01T23:42:07, 2020-01-01T23:42:57, 2020-01-01T23:43:47, 2020-01-01T23:44:38, 2020-01-01T23:44:48, 2020-01-01T23:46:03, 2020-01-01T23:46:54" }, "geometry": { "type": "LineString", "coordinates": [ [ -99.14378, 19.46521 ], [ -99.14378, 19.465221 ], [ -99.143455, 19.465118 ], [ -99.143464, 19.465129 ], [ -99.14346, 19.46511 ], [ -99.14346, 19.46511 ], [ -99.143464, 19.465129 ], [ -99.143784, 19.465242 ], [ -99.143775, 19.465231 ], [ -99.14378, 19.46523 ], [ -99.143784, 19.465242 ], [ -99.143784, 19.465242 ], [ -99.14378, 19.46523 ], [ -99.143784, 19.465242 ], [ -99.143784, 19.465242 ], [ -99.14378, 19.46523 ], [ -99.143784, 19.465242 ], [ -99.143784, 19.465242 ], [ -99.143784, 19.465242 ], [ -99.14378, 19.46523 ], [ -99.143784, 19.465242 ], [ -99.143367, 19.464401 ], [ -99.143784, 19.465242 ], [ -99.143784, 19.465242 ], [ -99.143356, 19.464401 ], [ -99.143367, 19.464401 ], [ -99.143356, 19.464401 ], [ -99.143356, 19.464401 ], [ -99.143356, 19.464401 ], [ -99.143356, 19.464401 ], [ -99.143356, 19.464401 ], [ -99.143356, 19.464401 ], [ -99.143356, 19.464401 ], [ -99.143356, 19.464401 ], [ -99.143356, 19.464401 ], [ -99.143356, 19.464401 ], [ -99.143356, 19.464401 ], [ -99.14337, 19.4644 ], [ -99.143356, 19.464401 ], [ -99.143356, 19.464401 ], [ -99.143356, 19.464401 ], [ -99.143356, 19.464401 ], [ -99.14337, 19.4644 ], [ -99.143356, 19.464401 ], [ -99.143356, 19.464401 ], [ -99.143356, 19.464401 ], [ -99.143356, 19.464401 ], [ -99.143367, 19.464401 ], [ -99.143356, 19.464401 ], [ -99.143367, 19.464401 ], [ -99.053057, 19.546725 ], [ -99.053723, 19.545937 ], [ -99.05306, 19.54672 ], [ -99.053068, 19.546714 ], [ -99.053068, 19.546714 ], [ -99.04865, 19.55144 ], [ -99.04863, 19.55143 ], [ -99.04863, 19.55143 ], [ -99.04865, 19.55144 ], [ -99.04863, 19.55143 ], [ -99.04863, 19.55143 ], [ -99.04863, 19.55143 ], [ -99.04863, 19.55143 ], [ -99.04865, 19.55144 ], [ -99.037208, 19.551583 ], [ -99.037207, 19.551572 ], [ -99.037207, 19.551572 ], [ -99.037208, 19.551583 ], [ -99.037208, 19.551583 ], [ -99.037208, 19.551583 ], [ -99.037208, 19.551583 ], [ -99.037208, 19.551583 ], [ -99.037208, 19.551583 ], [ -99.037208, 19.551583 ], [ -99.037208, 19.551583 ], [ -99.037208, 19.551583 ], [ -99.037208, 19.551583 ], [ -99.037208, 19.551583 ], [ -99.037207, 19.551572 ], [ -99.037208, 19.551583 ], [ -99.037208, 19.551583 ], [ -99.037207, 19.551572 ], [ -99.037208, 19.551583 ], [ -99.037207, 19.551572 ], [ -99.037207, 19.551572 ], [ -99.044203, 19.568924 ], [ -99.045745, 19.569597 ], [ -99.043811, 19.568909 ], [ -99.04383, 19.5689 ], [ -99.04383, 19.5689 ], [ -99.043811, 19.568909 ], [ -99.043811, 19.568909 ], [ -99.045734, 19.569598 ], [ -99.045734, 19.569598 ], [ -99.04575, 19.56959 ], [ -99.045734, 19.569598 ], [ -99.045734, 19.569598 ], [ -99.04575, 19.56959 ], [ -99.046859, 19.572425 ], [ -99.046869, 19.572416 ], [ -99.045734, 19.569598 ], [ -99.047539, 19.572853 ], [ -99.047059, 19.5733 ], [ -99.047099, 19.57323 ], [ -99.047006, 19.573315 ], [ -99.047129, 19.573265 ], [ -99.047099, 19.57324 ], [ -99.0471, 19.57323 ], [ -99.047174, 19.573342 ], [ -99.047234, 19.57298 ], [ -99.046994, 19.573316 ], [ -99.047099, 19.57324 ], [ -99.0471, 19.57323 ], [ -99.0471, 19.57323 ], [ -99.047099, 19.57324 ], [ -99.046985, 19.573322 ], [ -99.046995, 19.573327 ], [ -99.047055, 19.57335 ], [ -99.047, 19.57332 ], [ -99.0471, 19.57323 ], [ -99.047099, 19.57324 ], [ -99.047099, 19.57324 ], [ -99.0471, 19.57323 ], [ -99.047094, 19.573339 ], [ -99.047094, 19.573339 ], [ -99.047118, 19.573287 ], [ -99.047099, 19.573312 ], [ -99.047131, 19.57338 ], [ -99.047053, 19.573356 ], [ -99.047084, 19.573382 ], [ -99.047045, 19.573339 ], [ -99.047035, 19.573348 ], [ -99.047125, 19.573348 ], [ -99.047167, 19.573339 ], [ -99.047099, 19.57324 ], [ -99.0471, 19.57323 ], [ -99.047158, 19.573349 ], [ -99.047131, 19.573319 ], [ -99.04706, 19.573342 ], [ -99.047055, 19.573341 ], [ -99.047099, 19.57324 ], [ -99.0471, 19.57323 ], [ -99.046835, 19.573295 ], [ -99.046971, 19.573322 ], [ -99.04303, 19.572029 ], [ -99.032081, 19.553877 ], [ -99.03209, 19.55391 ], [ -99.032055, 19.553848 ], [ -99.032064, 19.553837 ], [ -99.032085, 19.553911 ], [ -99.032074, 19.553922 ], [ -99.03209, 19.55391 ], [ -99.032074, 19.553922 ], [ -99.03209, 19.55391 ], [ -99.032074, 19.553922 ], [ -99.032074, 19.553922 ], [ -99.0321, 19.55394 ], [ -99.032064, 19.5539 ], [ -99.03209, 19.55391 ], [ -99.032074, 19.553922 ], [ -99.032074, 19.553922 ], [ -99.125173, 19.63251 ], [ -99.125182, 19.63252 ], [ -99.125182, 19.63252 ], [ -99.125196, 19.632503 ], [ -99.125196, 19.632503 ], [ -99.124203, 19.632711 ], [ -99.12469, 19.632236 ], [ -99.123286, 19.632265 ], [ -99.12328, 19.63225 ], [ -99.123286, 19.632265 ], [ -99.123286, 19.632265 ], [ -99.12328, 19.63225 ], [ -99.123286, 19.632265 ], [ -99.123286, 19.632265 ], [ -99.12328, 19.63225 ], [ -99.123286, 19.632265 ], [ -99.094963, 19.632649 ], [ -99.094963, 19.632649 ], [ -99.09496, 19.63263 ], [ -99.09496, 19.63263 ], [ -99.094963, 19.632649 ] ] } },
{ "type": "Feature", "properties": { "device_id": "b67aa3e69a56fb8c8f5f1341787ae1f92562fe2d748c83b5d70c32f797d67420", "timestamps": "2020-01-01T18:34:01, 2020-01-01T18:34:52, 2020-01-01T18:58:35, 2020-01-01T18:58:40, 2020-01-01T19:01:01, 2020-01-01T19:01:52, 2020-01-01T19:39:09, 2020-01-01T19:39:59, 2020-01-01T19:41:11, 2020-01-01T19:41:22, 2020-01-01T19:42:16, 2020-01-01T19:42:26, 2020-01-01T19:44:39, 2020-01-01T19:44:49, 2020-01-01T19:49:10, 2020-01-01T19:49:25, 2020-01-01T21:59:35, 2020-01-01T21:59:40, 2020-01-01T22:12:38, 2020-01-01T22:12:48, 2020-01-01T22:29:04, 2020-01-01T22:29:17, 2020-01-01T22:29:27, 2020-01-01T22:29:53, 2020-01-01T22:30:32, 2020-01-01T22:30:41, 2020-01-01T22:31:31, 2020-01-01T22:31:42, 2020-01-01T22:32:34, 2020-01-01T22:32:43, 2020-01-01T22:34:06, 2020-01-01T22:34:16, 2020-01-01T22:34:26, 2020-01-01T22:34:56, 2020-01-01T22:35:38, 2020-01-01T22:35:48, 2020-01-01T22:37:12, 2020-01-01T22:37:21, 2020-01-01T22:38:13, 2020-01-01T22:38:24, 2020-01-01T22:39:17, 2020-01-01T22:39:27, 2020-01-01T22:39:30, 2020-01-01T22:39:45, 2020-01-01T22:44:01, 2020-01-01T22:44:52, 2020-01-01T22:47:06, 2020-01-01T22:47:56, 2020-01-01T22:50:34, 2020-01-01T22:50:43, 2020-01-01T22:52:39, 2020-01-01T22:52:49, 2020-01-01T22:53:38, 2020-01-01T22:53:48, 2020-01-01T22:54:35, 2020-01-01T22:54:40, 2020-01-01T22:55:02, 2020-01-01T22:55:51, 2020-01-01T22:56:32, 2020-01-01T22:56:38, 2020-01-01T22:56:41, 2020-01-01T22:56:48, 2020-01-01T22:58:17, 2020-01-01T22:58:27, 2020-01-01T22:59:32, 2020-01-01T22:59:41, 2020-01-01T23:00:10, 2020-01-01T23:00:25, 2020-01-01T23:01:13, 2020-01-01T23:01:24, 2020-01-01T23:01:30, 2020-01-01T23:01:45, 2020-01-01T23:02:05, 2020-01-01T23:02:50, 2020-01-01T23:03:03, 2020-01-01T23:03:54, 2020-01-01T23:04:30, 2020-01-01T23:04:45, 2020-01-01T23:06:39, 2020-01-01T23:06:49, 2020-01-01T23:10:16, 2020-01-01T23:10:26, 2020-01-01T23:11:32, 2020-01-01T23:11:41, 2020-01-01T23:15:01, 2020-01-01T23:15:52, 2020-01-01T23:17:16, 2020-01-01T23:17:26, 2020-01-01T23:22:18, 2020-01-01T23:22:28, 2020-01-01T23:27:02, 2020-01-01T23:27:19, 2020-01-01T23:27:29, 2020-01-01T23:27:51, 2020-01-01T23:42:04, 2020-01-01T23:42:53, 2020-01-01T23:43:15, 2020-01-01T23:43:20, 2020-01-01T23:52:33, 2020-01-01T23:52:44, 2020-01-01T23:57:02, 2020-01-01T23:57:51" }, "geometry": { "type": "LineString", "coordinates": [ [ -99.144905, 19.464656 ], [ -99.14491, 19.46465 ], [ -99.144142, 19.465405 ], [ -99.14414, 19.46539 ], [ -99.14354, 19.46458 ], [ -99.143545, 19.464576 ], [ -99.143931, 19.464966 ], [ -99.14395, 19.46495 ], [ -99.144028, 19.465262 ], [ -99.14402, 19.46525 ], [ -99.144109, 19.465464 ], [ -99.14411, 19.46545 ], [ -99.14405, 19.46498 ], [ -99.144036, 19.46497 ], [ -99.14399, 19.464944 ], [ -99.14399, 19.46492 ], [ -98.99639, 19.37249 ], [ -98.996371, 19.372505 ], [ -98.99634, 19.372456 ], [ -98.99633, 19.37246 ], [ -98.996279, 19.372368 ], [ -98.99634, 19.372455 ], [ -98.99633, 19.37246 ], [ -98.99629, 19.37235 ], [ -98.996279, 19.372368 ], [ -98.99629, 19.37235 ], [ -98.996279, 19.372368 ], [ -98.99629, 19.37235 ], [ -98.996279, 19.372368 ], [ -98.99629, 19.37235 ], [ -98.99629, 19.37235 ], [ -98.99634, 19.372456 ], [ -98.99633, 19.37246 ], [ -98.996279, 19.372368 ], [ -98.99629, 19.37235 ], [ -98.996279, 19.372368 ], [ -98.99629, 19.37235 ], [ -98.996279, 19.372368 ], [ -98.99629, 19.37235 ], [ -98.996279, 19.372368 ], [ -98.996279, 19.372368 ], [ -98.99629, 19.37235 ], [ -98.99633, 19.37246 ], [ -98.99634, 19.372456 ], [ -98.99629, 19.37235 ], [ -98.996279, 19.372368 ], [ -98.996319, 19.372455 ], [ -98.99633, 19.37246 ], [ -98.99633, 19.37246 ], [ -98.996319, 19.372455 ], [ -98.99629, 19.37235 ], [ -98.996279, 19.372368 ], [ -98.99629, 19.37235 ], [ -98.996279, 19.372368 ], [ -98.99629, 19.37235 ], [ -98.996279, 19.372368 ], [ -98.996279, 19.372368 ], [ -98.99629, 19.37235 ], [ -98.99629, 19.37235 ], [ -98.99633, 19.37246 ], [ -98.996279, 19.372368 ], [ -98.996319, 19.372458 ], [ -98.99629, 19.37235 ], [ -98.996279, 19.372368 ], [ -98.996279, 19.372368 ], [ -98.99629, 19.37235 ], [ -98.99629, 19.37235 ], [ -98.996279, 19.372368 ], [ -98.996279, 19.372368 ], [ -98.99629, 19.37235 ], [ -98.99637, 19.37247 ], [ -98.996359, 19.372474 ], [ -98.99629, 19.37235 ], [ -98.996279, 19.372368 ], [ -98.99629, 19.37235 ], [ -98.996279, 19.372368 ], [ -98.99629, 19.37235 ], [ -98.996279, 19.372368 ], [ -98.99645, 19.37244 ], [ -98.996435, 19.372432 ], [ -98.996279, 19.372368 ], [ -98.99629, 19.37235 ], [ -98.99645, 19.37244 ], [ -98.996435, 19.372432 ], [ -98.99629, 19.37235 ], [ -98.996279, 19.372368 ], [ -98.996386, 19.372462 ], [ -98.99638, 19.37245 ], [ -98.996279, 19.372368 ], [ -98.99629, 19.37235 ], [ -98.996279, 19.372368 ], [ -98.9964, 19.37244 ], [ -98.9964, 19.37243 ], [ -98.99629, 19.37235 ], [ -98.9964, 19.37243 ], [ -98.996391, 19.372443 ], [ -98.996279, 19.372368 ], [ -98.99629, 19.37235 ], [ -98.996407, 19.372479 ], [ -98.99641, 19.37247 ], [ -98.99648, 19.37248 ], [ -98.996482, 19.37249 ] ] } },
{ "type": "Feature", "properties": { "device_id": "0536939c748aa9b44641ee7dd069f18fe6ab5ac335a80f52e0410d3a7f8797a6", "timestamps": "2020-01-01T06:44:56, 2020-01-01T08:30:17, 2020-01-01T10:12:20, 2020-01-01T11:15:22, 2020-01-01T13:39:35, 2020-01-01T14:45:31, 2020-01-01T15:45:15, 2020-01-01T16:59:40, 2020-01-01T17:59:58" }, "geometry": { "type": "LineString", "coordinates": [ [ -99.070954, 19.669321 ], [ -99.070954, 19.669321 ], [ -99.070954, 19.669321 ], [ -99.070954, 19.669321 ], [ -99.144972, 19.465511 ], [ -99.144972, 19.465511 ], [ -99.144972, 19.465511 ], [ -99.144972, 19.465511 ], [ -99.144972, 19.465511 ] ] } },
{ "type": "Feature", "properties": { "device_id": "5f7c0145523332d340d5726f96028e8f018545898ef326b198f0b1ecdf9f756a", "timestamps": "2020-01-01T06:45:35, 2020-01-01T06:45:40, 2020-01-01T06:47:36, 2020-01-01T06:47:46, 2020-01-01T07:36:17, 2020-01-01T07:36:27, 2020-01-01T14:00:34, 2020-01-01T14:00:43, 2020-01-01T16:52:02, 2020-01-01T16:52:51, 2020-01-01T18:51:11, 2020-01-01T18:51:22, 2020-01-01T19:55:19, 2020-01-01T19:55:29, 2020-01-01T21:01:10, 2020-01-01T21:01:25" }, "geometry": { "type": "LineString", "coordinates": [ [ -99.150477, 19.521422 ], [ -99.15049, 19.5214 ], [ -99.15049, 19.5214 ], [ -99.150477, 19.521422 ], [ -99.150477, 19.521422 ], [ -99.15049, 19.5214 ], [ -99.150477, 19.521422 ], [ -99.15049, 19.5214 ], [ -99.14445, 19.46696 ], [ -99.144438, 19.466952 ], [ -99.15049, 19.5214 ], [ -99.150477, 19.521422 ], [ -99.150477, 19.521422 ], [ -99.15049, 19.5214 ], [ -99.150477, 19.521422 ], [ -99.15049, 19.5214 ] ] } },
{ "type": "Feature", "properties": { "device_id": "5e69f97adee58a71f82dfbbbde5cbdec84f7930848d180f94f75c0febb3bdbea", "timestamps": "2020-01-01T07:56:09, 2020-01-01T07:56:57, 2020-01-01T10:05:41, 2020-01-01T10:05:43, 2020-01-01T10:05:58, 2020-01-01T10:21:36, 2020-01-01T10:54:56, 2020-01-01T10:54:58, 2020-01-01T11:34:43, 2020-01-01T11:43:36, 2020-01-01T11:43:38, 2020-01-01T15:24:30, 2020-01-01T20:52:04, 2020-01-01T22:10:57, 2020-01-01T22:14:48, 2020-01-01T22:48:15, 2020-01-01T22:57:49, 2020-01-01T23:01:43, 2020-01-01T23:04:46, 2020-01-01T23:17:12, 2020-01-01T23:17:13, 2020-01-01T23:17:14, 2020-01-01T23:19:40, 2020-01-01T23:19:41, 2020-01-01T23:35:48, 2020-01-01T23:36:14, 2020-01-01T23:36:16, 2020-01-01T23:36:17, 2020-01-01T23:58:20, 2020-01-01T23:58:22" }, "geometry": { "type": "LineString", "coordinates": [ [ -99.145449, 19.4665 ], [ -99.145442, 19.466505 ], [ -99.14545, 19.4665 ], [ -99.145442, 19.466505 ], [ -99.145442, 19.466505 ], [ -99.14545, 19.4665 ], [ -99.14545, 19.4665 ], [ -99.145442, 19.466505 ], [ -99.14891, 19.46375 ], [ -99.14891, 19.46375 ], [ -99.14891, 19.46375 ], [ -99.07018, 19.55105 ], [ -98.99028, 19.61283 ], [ -98.9875, 19.61475 ], [ -98.987497, 19.61475 ], [ -98.9875, 19.61475 ], [ -98.987499, 19.61474 ], [ -98.9875, 19.61474 ], [ -98.987499, 19.61474 ], [ -98.98751, 19.6147 ], [ -98.98751, 19.614709 ], [ -98.98751, 19.614709 ], [ -98.9875, 19.61482 ], [ -98.987491, 19.614825 ], [ -98.987499, 19.61482 ], [ -98.987499, 19.61482 ], [ -98.987499, 19.61482 ], [ -98.987499, 19.61482 ], [ -98.9875, 19.61474 ], [ -98.987499, 19.61474 ] ] } },
{ "type": "Feature", "properties": { "device_id": "af60f0eb2219dc0df0fa72d59f259ddb7d437cd99be627118ccab43bba65ad84", "timestamps": "2020-01-01T07:02:03, 2020-01-01T07:02:22, 2020-01-01T07:03:34, 2020-01-01T07:03:43, 2020-01-01T11:14:01, 2020-01-01T11:14:26, 2020-01-01T11:45:33, 2020-01-01T11:45:44, 2020-01-01T13:14:06, 2020-01-01T13:14:56, 2020-01-01T16:22:06, 2020-01-01T16:22:56, 2020-01-01T16:23:05, 2020-01-01T16:23:50, 2020-01-01T16:25:17, 2020-01-01T16:25:27, 2020-01-01T16:25:36, 2020-01-01T16:25:46, 2020-01-01T16:26:00, 2020-01-01T16:26:17, 2020-01-01T16:26:27, 2020-01-01T16:26:55, 2020-01-01T17:49:17, 2020-01-01T17:49:27, 2020-01-01T19:21:01, 2020-01-01T19:21:30, 2020-01-01T19:21:45, 2020-01-01T19:21:52" }, "geometry": { "type": "LineString", "coordinates": [ [ -99.06828, 19.327637 ], [ -99.04768, 19.33231 ], [ -99.04774, 19.33214 ], [ -99.047742, 19.332164 ], [ -99.06495, 19.32333 ], [ -99.04768, 19.3323 ], [ -99.04774, 19.33214 ], [ -99.047742, 19.332164 ], [ -99.14434, 19.46583 ], [ -99.14433, 19.46584 ], [ -99.14504, 19.4659 ], [ -99.145044, 19.465901 ], [ -99.14515, 19.46597 ], [ -99.14516, 19.465986 ], [ -99.14508, 19.46599 ], [ -99.145083, 19.465992 ], [ -99.14502, 19.46583 ], [ -99.145023, 19.465845 ], [ -99.145218, 19.465895 ], [ -99.14519, 19.46597 ], [ -99.145175, 19.465983 ], [ -99.14523, 19.46589 ], [ -99.144997, 19.46583 ], [ -99.144998, 19.46584 ], [ -99.14503, 19.46589 ], [ -99.14523, 19.46589 ], [ -99.145218, 19.465895 ], [ -99.14504, 19.465898 ] ] } },
{ "type": "Feature", "properties": { "device_id": "222b08382e45de764ae7e7af3af7a7e01001dde0e25c86df8dfc96e0d7840be2", "timestamps": "2020-01-01T06:04:08, 2020-01-01T06:11:54, 2020-01-01T06:17:24, 2020-01-01T06:35:13, 2020-01-01T06:41:16, 2020-01-01T06:51:42, 2020-01-01T06:56:41, 2020-01-01T07:01:41, 2020-01-01T07:06:38, 2020-01-01T07:12:13, 2020-01-01T07:18:21, 2020-01-01T07:23:21, 2020-01-01T07:32:28, 2020-01-01T07:44:36, 2020-01-01T07:51:27, 2020-01-01T07:57:27, 2020-01-01T08:08:41, 2020-01-01T08:14:44, 2020-01-01T08:20:47, 2020-01-01T08:26:37, 2020-01-01T08:32:39, 2020-01-01T08:38:01, 2020-01-01T08:44:08, 2020-01-01T08:51:54, 2020-01-01T08:57:25, 2020-01-01T09:03:28, 2020-01-01T09:09:11, 2020-01-01T09:17:18, 2020-01-01T09:22:45, 2020-01-01T09:27:44, 2020-01-01T09:33:46, 2020-01-01T09:39:48, 2020-01-01T09:51:31, 2020-01-01T09:57:36, 2020-01-01T10:04:25, 2020-01-01T10:10:41, 2020-01-01T10:16:04, 2020-01-01T10:22:00, 2020-01-01T10:34:09, 2020-01-01T10:41:53, 2020-01-01T10:47:56, 2020-01-01T10:53:58, 2020-01-01T10:59:24, 2020-01-01T11:05:20, 2020-01-01T18:52:24, 2020-01-01T18:58:14, 2020-01-01T19:04:16, 2020-01-01T19:46:22, 2020-01-01T19:51:49, 2020-01-01T19:57:32, 2020-01-01T20:03:20, 2020-01-01T20:21:17, 2020-01-01T20:29:24, 2020-01-01T20:35:04, 2020-01-01T20:41:09, 2020-01-01T20:54:12, 2020-01-01T21:00:42, 2020-01-01T21:18:33, 2020-01-01T21:24:37, 2020-01-01T21:30:02, 2020-01-01T21:43:25, 2020-01-01T21:49:24, 2020-01-01T21:55:18, 2020-01-01T22:01:49, 2020-01-01T22:07:36, 2020-01-01T22:13:41, 2020-01-01T22:32:46" }, "geometry": { "type": "LineString", "coordinates": [ [ -99.177271, 19.692496 ], [ -99.177237, 19.692583 ], [ -99.177447, 19.692408 ], [ -99.177334, 19.692465 ], [ -99.177319, 19.692404 ], [ -99.177263, 19.692457 ], [ -99.177254, 19.692448 ], [ -99.17732, 19.692408 ], [ -99.177348, 19.692429 ], [ -99.177313, 19.692466 ], [ -99.177333, 19.692484 ], [ -99.177364, 19.6924 ], [ -99.177338, 19.692423 ], [ -99.17726, 19.692518 ], [ -99.17739, 19.692398 ], [ -99.177237, 19.692583 ], [ -99.17735, 19.692418 ], [ -99.177237, 19.692583 ], [ -99.177307, 19.692474 ], [ -99.17731, 19.692501 ], [ -99.177403, 19.6925 ], [ -99.177328, 19.692322 ], [ -99.177313, 19.692441 ], [ -99.177273, 19.692546 ], [ -99.177233, 19.6925 ], [ -99.18976, 19.697832 ], [ -99.184875, 19.697168 ], [ -99.184876, 19.69715 ], [ -99.184875, 19.697169 ], [ -99.184908, 19.697108 ], [ -99.184878, 19.697169 ], [ -99.184898, 19.697222 ], [ -99.184876, 19.69717 ], [ -99.184876, 19.69717 ], [ -99.184875, 19.69717 ], [ -99.184878, 19.69715 ], [ -99.184876, 19.697168 ], [ -99.184874, 19.697153 ], [ -99.184918, 19.697068 ], [ -99.184875, 19.697168 ], [ -99.184876, 19.697169 ], [ -99.184874, 19.697152 ], [ -99.184876, 19.697168 ], [ -99.184879, 19.697168 ], [ -99.18489, 19.697167 ], [ -99.184879, 19.697168 ], [ -99.185037, 19.697036 ], [ -99.184876, 19.697152 ], [ -99.184872, 19.697153 ], [ -99.184871, 19.697157 ], [ -99.184824, 19.697254 ], [ -99.184778, 19.697071 ], [ -99.184792, 19.697072 ], [ -99.184778, 19.697072 ], [ -99.184791, 19.697115 ], [ -99.206193, 19.709549 ], [ -99.206139, 19.710844 ], [ -99.184215, 19.551115 ], [ -99.163794, 19.518724 ], [ -99.152834, 19.491 ], [ -99.106946, 19.451797 ], [ -99.09417, 19.4243 ], [ -99.095645, 19.421114 ], [ -99.144388, 19.46542 ], [ -99.03101, 19.381722 ], [ -98.978306, 19.343656 ], [ -98.796546, 19.317234 ] ] } },
{ "type": "Feature", "properties": { "device_id": "1c568098c8f518b28bb77b77e28fb7c89177d8ae3ea5c14001c64b83eb1fbb60", "timestamps": "2020-01-01T07:08:47, 2020-01-01T07:09:42, 2020-01-01T07:15:50, 2020-01-01T07:16:19, 2020-01-01T07:16:54, 2020-01-01T07:17:04, 2020-01-01T07:18:32, 2020-01-01T07:22:12, 2020-01-01T07:22:57, 2020-01-01T07:24:03, 2020-01-01T07:26:06, 2020-01-01T07:29:48, 2020-01-01T07:42:00, 2020-01-01T07:43:19, 2020-01-01T07:52:21, 2020-01-01T07:52:57, 2020-01-01T07:53:32, 2020-01-01T07:54:07, 2020-01-01T07:55:25, 2020-01-01T07:56:09, 2020-01-01T07:56:29, 2020-01-01T07:57:24, 2020-01-01T07:59:09, 2020-01-01T08:02:05, 2020-01-01T08:07:53, 2020-01-01T08:18:40, 2020-01-01T08:40:18, 2020-01-01T09:23:25, 2020-01-01T09:48:19, 2020-01-01T22:37:15, 2020-01-01T22:50:36, 2020-01-01T23:00:53, 2020-01-01T23:32:32, 2020-01-01T23:32:33, 2020-01-01T23:33:31, 2020-01-01T23:33:53, 2020-01-01T23:34:32, 2020-01-01T23:34:43, 2020-01-01T23:34:49, 2020-01-01T23:35:09, 2020-01-01T23:35:33, 2020-01-01T23:35:55, 2020-01-01T23:36:25, 2020-01-01T23:36:51, 2020-01-01T23:37:25, 2020-01-01T23:37:30, 2020-01-01T23:39:44, 2020-01-01T23:40:17, 2020-01-01T23:41:24, 2020-01-01T23:41:42" }, "geometry": { "type": "LineString", "coordinates": [ [ -99.131707, 19.491262 ], [ -99.131713, 19.49128 ], [ -99.131715, 19.491278 ], [ -99.131715, 19.491292 ], [ -99.131715, 19.491292 ], [ -99.131715, 19.491294 ], [ -99.131701, 19.491273 ], [ -99.131702, 19.491271 ], [ -99.131703, 19.491271 ], [ -99.131704, 19.491271 ], [ -99.13171, 19.491276 ], [ -99.131698, 19.491247 ], [ -99.131652, 19.491254 ], [ -99.131654, 19.491252 ], [ -99.131638, 19.491275 ], [ -99.131653, 19.491253 ], [ -99.131655, 19.491255 ], [ -99.131652, 19.491254 ], [ -99.13163, 19.491271 ], [ -99.13165, 19.491253 ], [ -99.13165, 19.491253 ], [ -99.131653, 19.491239 ], [ -99.131682, 19.491247 ], [ -99.131642, 19.491281 ], [ -99.131642, 19.491281 ], [ -99.131642, 19.491281 ], [ -99.131642, 19.491281 ], [ -99.131642, 19.491281 ], [ -99.144109, 19.465453 ], [ -99.144109, 19.465453 ], [ -99.144109, 19.465453 ], [ -99.144109, 19.465452 ], [ -99.144109, 19.465452 ], [ -99.144109, 19.465452 ], [ -99.14411, 19.46545 ], [ -99.144109, 19.465453 ], [ -99.144109, 19.465452 ], [ -99.144109, 19.465453 ], [ -99.144109, 19.465452 ], [ -99.144109, 19.465452 ], [ -99.144115, 19.465456 ], [ -99.144122, 19.465441 ], [ -99.144123, 19.465442 ], [ -99.144109, 19.465453 ], [ -99.144109, 19.465453 ], [ -99.144109, 19.465452 ], [ -99.144109, 19.465453 ], [ -99.144109, 19.465453 ], [ -99.144109, 19.465452 ], [ -99.144109, 19.465453 ] ] } },
{ "type": "Feature", "properties": { "device_id": "5fc01dda85e85dccd916f0ca91aed1b1fb4d176e8a2559eb21a10e16d2454aa4", "timestamps": "2020-01-01T06:13:23, 2020-01-01T06:26:40, 2020-01-01T06:38:15, 2020-01-01T06:48:45, 2020-01-01T07:00:21, 2020-01-01T07:10:00, 2020-01-01T07:21:32, 2020-01-01T07:32:39, 2020-01-01T07:42:06, 2020-01-01T08:01:09, 2020-01-01T08:12:39, 2020-01-01T08:12:44, 2020-01-01T08:12:48, 2020-01-01T08:26:54, 2020-01-01T08:37:40, 2020-01-01T08:48:50, 2020-01-01T08:58:19, 2020-01-01T09:10:06, 2020-01-01T09:10:15, 2020-01-01T09:10:43, 2020-01-01T09:11:00, 2020-01-01T09:11:28, 2020-01-01T09:12:27, 2020-01-01T09:12:32, 2020-01-01T09:23:13, 2020-01-01T09:23:27, 2020-01-01T09:25:08, 2020-01-01T09:25:27, 2020-01-01T09:40:20, 2020-01-01T09:49:55, 2020-01-01T09:50:12, 2020-01-01T10:00:10, 2020-01-01T10:10:49, 2020-01-01T10:14:02, 2020-01-01T10:16:12, 2020-01-01T10:17:02, 2020-01-01T10:17:50, 2020-01-01T10:18:47, 2020-01-01T10:19:11, 2020-01-01T10:20:04, 2020-01-01T10:20:57, 2020-01-01T10:21:33, 2020-01-01T10:23:00, 2020-01-01T10:23:25, 2020-01-01T10:24:32, 2020-01-01T10:25:17, 2020-01-01T10:26:08, 2020-01-01T10:26:24, 2020-01-01T10:28:19, 2020-01-01T10:29:20, 2020-01-01T10:30:00, 2020-01-01T10:30:01, 2020-01-01T10:30:08, 2020-01-01T10:30:13, 2020-01-01T10:30:17, 2020-01-01T10:30:19, 2020-01-01T10:30:21, 2020-01-01T10:30:24, 2020-01-01T10:30:26, 2020-01-01T10:30:28, 2020-01-01T10:30:31, 2020-01-01T10:30:33, 2020-01-01T10:30:37, 2020-01-01T10:30:39, 2020-01-01T10:30:42, 2020-01-01T10:30:44, 2020-01-01T10:30:46, 2020-01-01T10:30:49, 2020-01-01T10:30:55, 2020-01-01T10:30:58, 2020-01-01T10:31:01, 2020-01-01T10:31:06, 2020-01-01T10:31:07, 2020-01-01T10:31:14, 2020-01-01T10:31:15, 2020-01-01T10:31:17, 2020-01-01T10:31:20, 2020-01-01T10:31:21, 2020-01-01T10:31:27, 2020-01-01T10:31:33, 2020-01-01T10:31:37, 2020-01-01T10:31:39, 2020-01-01T10:31:43, 2020-01-01T10:31:45, 2020-01-01T10:31:47, 2020-01-01T10:31:48, 2020-01-01T10:31:54, 2020-01-01T10:31:55, 2020-01-01T10:31:57, 2020-01-01T10:31:59, 2020-01-01T10:32:04, 2020-01-01T10:32:05, 2020-01-01T10:32:08, 2020-01-01T10:32:13, 2020-01-01T10:32:17, 2020-01-01T10:32:22, 2020-01-01T10:32:23, 2020-01-01T10:32:25, 2020-01-01T10:32:27, 2020-01-01T10:32:29, 2020-01-01T10:32:32, 2020-01-01T10:32:34, 2020-01-01T10:32:38, 2020-01-01T10:32:41, 2020-01-01T10:32:45, 2020-01-01T10:32:47, 2020-01-01T10:32:49, 2020-01-01T10:32:53, 2020-01-01T10:32:55, 2020-01-01T10:32:57, 2020-01-01T10:33:15, 2020-01-01T10:33:18, 2020-01-01T10:33:23, 2020-01-01T10:33:25, 2020-01-01T10:33:28, 2020-01-01T10:33:50, 2020-01-01T10:33:54, 2020-01-01T10:33:55, 2020-01-01T10:33:58, 2020-01-01T10:36:54, 2020-01-01T10:38:07, 2020-01-01T10:38:10, 2020-01-01T10:38:11, 2020-01-01T10:38:19, 2020-01-01T10:38:22, 2020-01-01T10:38:24, 2020-01-01T10:38:26, 2020-01-01T10:38:28, 2020-01-01T10:38:41, 2020-01-01T10:39:00, 2020-01-01T10:39:02, 2020-01-01T10:39:04, 2020-01-01T10:39:09, 2020-01-01T10:39:14, 2020-01-01T10:39:17, 2020-01-01T10:39:19, 2020-01-01T10:39:20, 2020-01-01T10:39:22, 2020-01-01T10:39:24, 2020-01-01T10:39:27, 2020-01-01T10:39:30, 2020-01-01T10:39:34, 2020-01-01T10:39:39, 2020-01-01T10:39:41, 2020-01-01T10:39:49, 2020-01-01T10:39:55, 2020-01-01T10:39:58, 2020-01-01T10:40:12, 2020-01-01T10:40:14, 2020-01-01T10:40:17, 2020-01-01T10:40:24, 2020-01-01T10:40:27, 2020-01-01T10:40:45, 2020-01-01T10:40:52, 2020-01-01T10:40:54, 2020-01-01T10:40:57, 2020-01-01T10:40:59, 2020-01-01T10:43:12, 2020-01-01T10:55:18, 2020-01-01T11:14:02, 2020-01-01T11:33:08, 2020-01-01T13:54:54, 2020-01-01T14:05:39, 2020-01-01T14:17:55, 2020-01-01T14:26:05, 2020-01-01T14:43:23, 2020-01-01T15:00:41, 2020-01-01T15:17:41, 2020-01-01T15:32:22, 2020-01-01T15:32:24, 2020-01-01T15:32:26, 2020-01-01T15:32:29, 2020-01-01T15:51:11, 2020-01-01T16:10:10, 2020-01-01T16:25:57, 2020-01-01T16:44:25, 2020-01-01T17:00:51, 2020-01-01T17:10:04, 2020-01-01T17:23:44, 2020-01-01T17:38:19, 2020-01-01T17:44:07, 2020-01-01T17:44:36, 2020-01-01T17:44:37, 2020-01-01T17:55:44, 2020-01-01T18:01:40, 2020-01-01T18:06:51, 2020-01-01T18:16:54, 2020-01-01T18:24:50, 2020-01-01T18:34:53, 2020-01-01T18:43:19, 2020-01-01T18:48:10, 2020-01-01T18:48:11, 2020-01-01T18:48:17, 2020-01-01T18:52:02, 2020-01-01T19:02:41, 2020-01-01T19:05:06, 2020-01-01T19:15:30, 2020-01-01T19:16:28, 2020-01-01T19:16:32, 2020-01-01T19:16:50, 2020-01-01T19:16:58, 2020-01-01T19:19:43, 2020-01-01T19:20:28, 2020-01-01T19:21:05, 2020-01-01T19:21:53, 2020-01-01T19:22:40, 2020-01-01T19:23:12, 2020-01-01T19:24:04, 2020-01-01T19:24:57, 2020-01-01T19:25:48, 2020-01-01T19:26:14, 2020-01-01T19:27:03, 2020-01-01T19:27:59, 2020-01-01T19:28:49, 2020-01-01T19:29:13, 2020-01-01T19:30:00, 2020-01-01T19:30:25, 2020-01-01T19:31:32, 2020-01-01T19:32:16, 2020-01-01T19:33:07, 2020-01-01T19:33:21, 2020-01-01T19:44:48, 2020-01-01T19:53:37, 2020-01-01T20:12:39, 2020-01-01T20:24:47, 2020-01-01T20:35:08, 2020-01-01T20:46:22, 2020-01-01T21:02:29, 2020-01-01T21:12:44, 2020-01-01T21:15:39, 2020-01-01T21:26:08, 2020-01-01T21:26:51, 2020-01-01T21:27:34, 2020-01-01T21:28:19, 2020-01-01T21:29:09, 2020-01-01T21:29:23, 2020-01-01T21:30:30, 2020-01-01T21:31:45, 2020-01-01T21:32:26, 2020-01-01T21:33:38, 2020-01-01T21:33:51, 2020-01-01T21:34:43, 2020-01-01T21:35:15, 2020-01-01T21:36:02, 2020-01-01T21:36:50, 2020-01-01T21:38:10, 2020-01-01T21:39:00, 2020-01-01T21:39:25, 2020-01-01T21:40:35, 2020-01-01T21:41:17, 2020-01-01T21:42:06, 2020-01-01T21:42:22, 2020-01-01T21:43:30, 2020-01-01T21:44:18, 2020-01-01T21:45:09, 2020-01-01T21:45:24, 2020-01-01T21:46:20, 2020-01-01T21:46:41, 2020-01-01T21:46:43, 2020-01-01T21:47:29, 2020-01-01T21:48:05, 2020-01-01T21:48:53, 2020-01-01T21:49:35, 2020-01-01T21:50:18, 2020-01-01T21:51:01, 2020-01-01T21:51:22, 2020-01-01T21:51:36, 2020-01-01T21:52:25, 2020-01-01T22:02:16, 2020-01-01T22:09:09, 2020-01-01T22:09:38, 2020-01-01T22:20:45, 2020-01-01T22:30:40, 2020-01-01T22:41:25, 2020-01-01T22:51:37, 2020-01-01T23:01:03, 2020-01-01T23:12:46, 2020-01-01T23:24:53, 2020-01-01T23:35:55, 2020-01-01T23:45:23, 2020-01-01T23:56:09" }, "geometry": { "type": "LineString", "coordinates": [ [ -99.121754, 19.314697 ], [ -99.121758, 19.314692 ], [ -99.121754, 19.314698 ], [ -99.121781, 19.314701 ], [ -99.121754, 19.314693 ], [ -99.121756, 19.314696 ], [ -99.121782, 19.314678 ], [ -99.12209, 19.314616 ], [ -99.122093, 19.314643 ], [ -99.121718, 19.31463 ], [ -99.121754, 19.314675 ], [ -99.121828, 19.314614 ], [ -99.121784, 19.31468 ], [ -99.121753, 19.314692 ], [ -99.121727, 19.314602 ], [ -99.121767, 19.314675 ], [ -99.121709, 19.314589 ], [ -99.121943, 19.314552 ], [ -99.121709, 19.314568 ], [ -99.121778, 19.31457 ], [ -99.121706, 19.314535 ], [ -99.121721, 19.314579 ], [ -99.121915, 19.314551 ], [ -99.121709, 19.314557 ], [ -99.121717, 19.314517 ], [ -99.121739, 19.314518 ], [ -99.121714, 19.31456 ], [ -99.121746, 19.31456 ], [ -99.121759, 19.314724 ], [ -99.135344, 19.410005 ], [ -99.121726, 19.314593 ], [ -99.121758, 19.314714 ], [ -99.121881, 19.314651 ], [ -99.1221, 19.315105 ], [ -99.124544, 19.31558 ], [ -99.133937, 19.322668 ], [ -99.129657, 19.318338 ], [ -99.13676, 19.328104 ], [ -99.136781, 19.329756 ], [ -99.141478, 19.335351 ], [ -99.13936, 19.33204 ], [ -99.143673, 19.34216 ], [ -99.141913, 19.367339 ], [ -99.143327, 19.359147 ], [ -99.140613, 19.375933 ], [ -99.139348, 19.384442 ], [ -99.13667, 19.401524 ], [ -99.13808, 19.392988 ], [ -99.134023, 19.418435 ], [ -99.134418, 19.425426 ], [ -99.139449, 19.42657 ], [ -99.139098, 19.426511 ], [ -99.139776, 19.42657 ], [ -99.137085, 19.426302 ], [ -99.137071, 19.426308 ], [ -99.137076, 19.426305 ], [ -99.136878, 19.426217 ], [ -99.136957, 19.426248 ], [ -99.137041, 19.426266 ], [ -99.137066, 19.426258 ], [ -99.137963, 19.426427 ], [ -99.138183, 19.426446 ], [ -99.138502, 19.426469 ], [ -99.13875, 19.426473 ], [ -99.137122, 19.426305 ], [ -99.137174, 19.426327 ], [ -99.137391, 19.426338 ], [ -99.137662, 19.42639 ], [ -99.135958, 19.426211 ], [ -99.136722, 19.426224 ], [ -99.141491, 19.430276 ], [ -99.14143, 19.430589 ], [ -99.141417, 19.430658 ], [ -99.141903, 19.427559 ], [ -99.142022, 19.42724 ], [ -99.141775, 19.428079 ], [ -99.141859, 19.426916 ], [ -99.141592, 19.426826 ], [ -99.141959, 19.427003 ], [ -99.141531, 19.429919 ], [ -99.141518, 19.430039 ], [ -99.141521, 19.43013 ], [ -99.141667, 19.42903 ], [ -99.141742, 19.428501 ], [ -99.141608, 19.429417 ], [ -99.1416, 19.429518 ], [ -99.140492, 19.426633 ], [ -99.140031, 19.426609 ], [ -99.141061, 19.426709 ], [ -99.141278, 19.426715 ], [ -99.140309, 19.437837 ], [ -99.140385, 19.437417 ], [ -99.140207, 19.438581 ], [ -99.140936, 19.434073 ], [ -99.140837, 19.434462 ], [ -99.141183, 19.432374 ], [ -99.141126, 19.43278 ], [ -99.1412, 19.432246 ], [ -99.141086, 19.433158 ], [ -99.141035, 19.433441 ], [ -99.140582, 19.436257 ], [ -99.140541, 19.436527 ], [ -99.14043, 19.437165 ], [ -99.140745, 19.435077 ], [ -99.140786, 19.43482 ], [ -99.140654, 19.435617 ], [ -99.140625, 19.436026 ], [ -99.141343, 19.431433 ], [ -99.141371, 19.430951 ], [ -99.141285, 19.431843 ], [ -99.13972, 19.441934 ], [ -99.139474, 19.443385 ], [ -99.139883, 19.440968 ], [ -99.139914, 19.440335 ], [ -99.139779, 19.441608 ], [ -99.14002, 19.439609 ], [ -99.140086, 19.439323 ], [ -99.140165, 19.43888 ], [ -99.139952, 19.440066 ], [ -99.137523, 19.458525 ], [ -99.143585, 19.467854 ], [ -99.143497, 19.466893 ], [ -99.143544, 19.466839 ], [ -99.143438, 19.466951 ], [ -99.143328, 19.467074 ], [ -99.143741, 19.466624 ], [ -99.143659, 19.466701 ], [ -99.143621, 19.466756 ], [ -99.143433, 19.46699 ], [ -99.142732, 19.470379 ], [ -99.143003, 19.470357 ], [ -99.142844, 19.470358 ], [ -99.142627, 19.470376 ], [ -99.144611, 19.470418 ], [ -99.14451, 19.470437 ], [ -99.144423, 19.470431 ], [ -99.144444, 19.469975 ], [ -99.144248, 19.469566 ], [ -99.144332, 19.469786 ], [ -99.14451, 19.470155 ], [ -99.143442, 19.470383 ], [ -99.143522, 19.470378 ], [ -99.143169, 19.470351 ], [ -99.144276, 19.470444 ], [ -99.143745, 19.470409 ], [ -99.143716, 19.468253 ], [ -99.144081, 19.469216 ], [ -99.141305, 19.470343 ], [ -99.141298, 19.470277 ], [ -99.141053, 19.470304 ], [ -99.141865, 19.470331 ], [ -99.141581, 19.470346 ], [ -99.141072, 19.470307 ], [ -99.142477, 19.470374 ], [ -99.142312, 19.470378 ], [ -99.142063, 19.470369 ], [ -99.141973, 19.470361 ], [ -99.140295, 19.469855 ], [ -99.140287, 19.469834 ], [ -99.14026, 19.469851 ], [ -99.140423, 19.470043 ], [ -99.140289, 19.46986 ], [ -99.140259, 19.469883 ], [ -99.14028, 19.469851 ], [ -99.140288, 19.46986 ], [ -99.14028, 19.469851 ], [ -99.140274, 19.469814 ], [ -99.140281, 19.469853 ], [ -99.14026, 19.469868 ], [ -99.140383, 19.469866 ], [ -99.140478, 19.469844 ], [ -99.140305, 19.46988 ], [ -99.140288, 19.469858 ], [ -99.140277, 19.469851 ], [ -99.140296, 19.469884 ], [ -99.140287, 19.46988 ], [ -99.140292, 19.469854 ], [ -99.140376, 19.469894 ], [ -99.140173, 19.469882 ], [ -99.139649, 19.46846 ], [ -99.143195, 19.454998 ], [ -99.143245, 19.455054 ], [ -99.143245, 19.455054 ], [ -99.156149, 19.40659 ], [ -99.167901, 19.406495 ], [ -99.166811, 19.410359 ], [ -99.166791, 19.410185 ], [ -99.167292, 19.410074 ], [ -99.161642, 19.42664 ], [ -99.15298, 19.447449 ], [ -99.138906, 19.468841 ], [ -99.138944, 19.468777 ], [ -99.138899, 19.468846 ], [ -99.14027, 19.469859 ], [ -99.140375, 19.469877 ], [ -99.139788, 19.469363 ], [ -99.140551, 19.468043 ], [ -99.141315, 19.467072 ], [ -99.143017, 19.467139 ], [ -99.140962, 19.467546 ], [ -99.141058, 19.467356 ], [ -99.153551, 19.463376 ], [ -99.160471, 19.461854 ], [ -99.164504, 19.44937 ], [ -99.163856, 19.455609 ], [ -99.165798, 19.444027 ], [ -99.164959, 19.4426 ], [ -99.167818, 19.438692 ], [ -99.16594, 19.439185 ], [ -99.167807, 19.438681 ], [ -99.167791, 19.438679 ], [ -99.167771, 19.438668 ], [ -99.167757, 19.438708 ], [ -99.167773, 19.438615 ], [ -99.167791, 19.438625 ], [ -99.167722, 19.438597 ], [ -99.167761, 19.438618 ], [ -99.167741, 19.438643 ], [ -99.167736, 19.438618 ], [ -99.167675, 19.43874 ], [ -99.16766, 19.438722 ], [ -99.167711, 19.438816 ], [ -99.167724, 19.438819 ], [ -99.167726, 19.438818 ], [ -99.167724, 19.438819 ], [ -99.16774, 19.438842 ], [ -99.167719, 19.438845 ], [ -99.167726, 19.438818 ], [ -99.167756, 19.438835 ], [ -99.168291, 19.438343 ], [ -99.165556, 19.4436 ], [ -99.168125, 19.43835 ], [ -99.164495, 19.448159 ], [ -99.164149, 19.449672 ], [ -99.164009, 19.453106 ], [ -99.164081, 19.450807 ], [ -99.163339, 19.456546 ], [ -99.162916, 19.4588 ], [ -99.160342, 19.461774 ], [ -99.155463, 19.463869 ], [ -99.156783, 19.463797 ], [ -99.158194, 19.464377 ], [ -99.161495, 19.460753 ], [ -99.159159, 19.463373 ], [ -99.161758, 19.460336 ], [ -99.159238, 19.466913 ], [ -99.156669, 19.468619 ], [ -99.158933, 19.468899 ], [ -99.154641, 19.468424 ], [ -99.152917, 19.468225 ], [ -99.149248, 19.46791 ], [ -99.150801, 19.468034 ], [ -99.147027, 19.467605 ], [ -99.144046, 19.467225 ], [ -99.144704, 19.470512 ], [ -99.143741, 19.467939 ], [ -99.143835, 19.47043 ], [ -99.142917, 19.47038 ], [ -99.142819, 19.470373 ], [ -99.140825, 19.47033 ], [ -99.140248, 19.469879 ], [ -99.140253, 19.470059 ], [ -99.14025, 19.469877 ], [ -99.140221, 19.469787 ], [ -99.139937, 19.469167 ], [ -99.140276, 19.469321 ], [ -99.13994, 19.469203 ], [ -99.139977, 19.469246 ], [ -99.140295, 19.469887 ], [ -99.140258, 19.469853 ], [ -99.140282, 19.469868 ], [ -99.140276, 19.469853 ], [ -99.140272, 19.469859 ], [ -99.140285, 19.469853 ], [ -99.140282, 19.469855 ], [ -99.140293, 19.469854 ], [ -99.140275, 19.469859 ], [ -99.140242, 19.469924 ], [ -99.140289, 19.469858 ], [ -99.140297, 19.469854 ], [ -99.140274, 19.469852 ] ] } },
{ "type": "Feature", "properties": { "device_id": "2393125764fa78fcb6dafafa2e34fb159d87883412a1cdc811e64125335cc499", "timestamps": "2020-01-01T06:03:38, 2020-01-01T06:17:45, 2020-01-01T06:33:32, 2020-01-01T06:52:07, 2020-01-01T07:12:18, 2020-01-01T07:33:42, 2020-01-01T07:51:18, 2020-01-01T07:54:06, 2020-01-01T08:07:12, 2020-01-01T08:17:45, 2020-01-01T08:32:40, 2020-01-01T08:47:35, 2020-01-01T09:06:12, 2020-01-01T09:53:40, 2020-01-01T10:12:33, 2020-01-01T10:40:38, 2020-01-01T11:00:11, 2020-01-01T11:38:09, 2020-01-01T12:19:27, 2020-01-01T12:38:39, 2020-01-01T12:57:05, 2020-01-01T13:16:00, 2020-01-01T13:30:53, 2020-01-01T13:40:22, 2020-01-01T13:55:53, 2020-01-01T14:05:54, 2020-01-01T14:17:15, 2020-01-01T14:27:18, 2020-01-01T14:42:43, 2020-01-01T15:00:26, 2020-01-01T16:07:40, 2020-01-01T16:08:30, 2020-01-01T16:19:33, 2020-01-01T16:30:00, 2020-01-01T16:30:39, 2020-01-01T16:33:02, 2020-01-01T16:37:56, 2020-01-01T16:40:23, 2020-01-01T16:43:13, 2020-01-01T17:07:06, 2020-01-01T17:22:16, 2020-01-01T17:32:04, 2020-01-01T17:49:47, 2020-01-01T18:00:26, 2020-01-01T18:23:49, 2020-01-01T18:43:39, 2020-01-01T19:04:49, 2020-01-01T19:22:54, 2020-01-01T19:41:50, 2020-01-01T19:52:55, 2020-01-01T20:02:52, 2020-01-01T20:05:46, 2020-01-01T20:09:50, 2020-01-01T20:12:00, 2020-01-01T20:31:07, 2020-01-01T20:32:57, 2020-01-01T20:37:29, 2020-01-01T20:43:51, 2020-01-01T20:44:54, 2020-01-01T20:47:25, 2020-01-01T20:50:46, 2020-01-01T20:53:38, 2020-01-01T21:06:09, 2020-01-01T21:17:29, 2020-01-01T21:27:12, 2020-01-01T21:37:49, 2020-01-01T21:46:14, 2020-01-01T21:56:34, 2020-01-01T22:07:01, 2020-01-01T22:07:33, 2020-01-01T22:18:52, 2020-01-01T22:27:02, 2020-01-01T22:37:39, 2020-01-01T22:47:53, 2020-01-01T22:57:22, 2020-01-01T23:07:45, 2020-01-01T23:17:05, 2020-01-01T23:30:26, 2020-01-01T23:40:26, 2020-01-01T23:51:02" }, "geometry": { "type": "LineString", "coordinates": [ [ -99.173177, 19.484872 ], [ -99.173192, 19.484899 ], [ -99.173191, 19.484905 ], [ -99.17316, 19.484901 ], [ -99.173194, 19.484871 ], [ -99.173194, 19.484871 ], [ -99.173194, 19.484871 ], [ -99.173194, 19.484871 ], [ -99.173199, 19.484909 ], [ -99.17321, 19.484897 ], [ -99.17321, 19.484897 ], [ -99.173196, 19.484884 ], [ -99.173196, 19.484884 ], [ -99.173249, 19.484884 ], [ -99.173249, 19.484884 ], [ -99.173249, 19.484884 ], [ -99.173249, 19.484884 ], [ -99.173249, 19.484884 ], [ -99.173249, 19.484884 ], [ -99.173249, 19.484884 ], [ -99.173249, 19.484884 ], [ -99.173249, 19.484884 ], [ -99.173229, 19.484866 ], [ -99.173209, 19.484856 ], [ -99.173216, 19.484856 ], [ -99.173219, 19.484855 ], [ -99.173219, 19.484855 ], [ -99.173219, 19.484858 ], [ -99.173245, 19.484885 ], [ -99.17323, 19.484886 ], [ -99.173224, 19.484935 ], [ -99.173247, 19.484937 ], [ -99.173174, 19.48487 ], [ -99.173787, 19.487082 ], [ -99.173729, 19.486906 ], [ -99.166835, 19.490029 ], [ -99.15441, 19.484369 ], [ -99.146864, 19.475839 ], [ -99.144005, 19.467442 ], [ -99.14462, 19.466803 ], [ -99.144769, 19.466566 ], [ -99.144552, 19.466694 ], [ -99.144665, 19.46682 ], [ -99.144675, 19.467076 ], [ -99.144685, 19.467108 ], [ -99.14463, 19.467017 ], [ -99.144687, 19.467031 ], [ -99.144679, 19.467037 ], [ -99.144741, 19.466956 ], [ -99.144631, 19.467111 ], [ -99.14465, 19.466886 ], [ -99.14504, 19.466155 ], [ -99.143115, 19.46637 ], [ -99.144, 19.467674 ], [ -99.147124, 19.473361 ], [ -99.148282, 19.473337 ], [ -99.161956, 19.472889 ], [ -99.166049, 19.471408 ], [ -99.17496, 19.475057 ], [ -99.174453, 19.480997 ], [ -99.172714, 19.485247 ], [ -99.173171, 19.484874 ], [ -99.173218, 19.484954 ], [ -99.173174, 19.48487 ], [ -99.17323, 19.484943 ], [ -99.173228, 19.484941 ], [ -99.173209, 19.484908 ], [ -99.173217, 19.484956 ], [ -99.173198, 19.484923 ], [ -99.173173, 19.48489 ], [ -99.173198, 19.484923 ], [ -99.173243, 19.484934 ], [ -99.173247, 19.484931 ], [ -99.173212, 19.484967 ], [ -99.173215, 19.484945 ], [ -99.173229, 19.484937 ], [ -99.17321, 19.484935 ], [ -99.173203, 19.484931 ], [ -99.173221, 19.484902 ], [ -99.173221, 19.484902 ] ] } },
{ "type": "Feature", "properties": { "device_id": "e8e7a41ad416237ddde6a002a90841ea5bcb1b959e758ee6c445a44230e16d3a", "timestamps": "2020-01-01T06:03:09, 2020-01-01T06:08:09, 2020-01-01T06:16:26, 2020-01-01T06:26:40, 2020-01-01T06:31:03, 2020-01-01T06:37:52, 2020-01-01T06:42:23, 2020-01-01T06:47:27, 2020-01-01T06:53:55, 2020-01-01T06:59:07, 2020-01-01T07:06:15, 2020-01-01T07:10:41, 2020-01-01T07:11:15, 2020-01-01T07:18:28, 2020-01-01T08:05:46, 2020-01-01T09:07:00, 2020-01-01T09:12:17, 2020-01-01T09:14:18, 2020-01-01T09:22:52, 2020-01-01T09:27:51, 2020-01-01T09:32:59, 2020-01-01T09:42:28, 2020-01-01T09:47:17, 2020-01-01T09:52:40, 2020-01-01T09:57:34, 2020-01-01T10:02:02, 2020-01-01T10:17:15, 2020-01-01T10:22:11, 2020-01-01T10:27:41, 2020-01-01T10:32:35, 2020-01-01T10:42:01, 2020-01-01T10:47:06, 2020-01-01T10:52:09, 2020-01-01T10:58:56, 2020-01-01T11:06:13, 2020-01-01T11:14:20, 2020-01-01T11:24:20, 2020-01-01T11:29:26, 2020-01-01T11:34:13, 2020-01-01T11:35:22, 2020-01-01T11:39:13, 2020-01-01T11:44:13, 2020-01-01T11:49:13, 2020-01-01T11:54:13, 2020-01-01T12:09:15, 2020-01-01T12:14:15, 2020-01-01T12:19:41, 2020-01-01T12:31:33, 2020-01-01T12:37:01, 2020-01-01T12:44:01, 2020-01-01T13:07:06, 2020-01-01T13:14:36, 2020-01-01T13:33:06, 2020-01-01T13:42:57, 2020-01-01T13:48:16, 2020-01-01T14:03:40, 2020-01-01T14:11:46, 2020-01-01T14:23:52, 2020-01-01T14:34:10, 2020-01-01T14:41:41, 2020-01-01T14:54:15, 2020-01-01T15:04:19, 2020-01-01T15:11:40, 2020-01-01T15:14:21, 2020-01-01T15:26:48, 2020-01-01T15:32:50, 2020-01-01T15:38:21, 2020-01-01T15:51:20, 2020-01-01T15:57:15, 2020-01-01T16:03:19, 2020-01-01T16:13:52, 2020-01-01T16:18:23, 2020-01-01T16:25:51, 2020-01-01T16:34:52, 2020-01-01T16:40:16, 2020-01-01T16:46:49, 2020-01-01T17:24:18, 2020-01-01T17:35:13, 2020-01-01T17:40:30, 2020-01-01T17:50:38, 2020-01-01T18:03:56, 2020-01-01T18:15:57, 2020-01-01T18:20:58, 2020-01-01T18:27:47, 2020-01-01T18:42:55, 2020-01-01T18:47:59, 2020-01-01T18:52:31, 2020-01-01T18:58:25, 2020-01-01T19:04:22, 2020-01-01T19:12:39, 2020-01-01T19:18:12, 2020-01-01T19:24:24, 2020-01-01T19:29:28, 2020-01-01T19:34:14, 2020-01-01T19:50:27, 2020-01-01T19:56:26, 2020-01-01T20:10:25, 2020-01-01T20:18:07, 2020-01-01T20:20:15, 2020-01-01T20:24:59, 2020-01-01T20:32:51, 2020-01-01T20:38:46, 2020-01-01T20:43:05, 2020-01-01T21:15:17, 2020-01-01T21:24:07, 2020-01-01T21:28:51, 2020-01-01T21:34:52, 2020-01-01T21:39:01, 2020-01-01T21:46:56, 2020-01-01T21:52:38, 2020-01-01T21:52:52, 2020-01-01T21:58:07, 2020-01-01T22:05:50, 2020-01-01T22:11:20, 2020-01-01T22:16:29, 2020-01-01T22:23:29, 2020-01-01T22:30:18, 2020-01-01T22:35:47, 2020-01-01T22:50:57, 2020-01-01T22:56:43, 2020-01-01T23:00:48, 2020-01-01T23:02:47, 2020-01-01T23:18:16, 2020-01-01T23:19:17, 2020-01-01T23:20:23, 2020-01-01T23:26:14, 2020-01-01T23:38:44, 2020-01-01T23:44:31, 2020-01-01T23:48:34, 2020-01-01T23:50:54, 2020-01-01T23:57:29" }, "geometry": { "type": "LineString", "coordinates": [ [ -99.167758, 19.605731 ], [ -99.167758, 19.605731 ], [ -99.167758, 19.605731 ], [ -99.167759, 19.605697 ], [ -99.167759, 19.605697 ], [ -99.167759, 19.605697 ], [ -99.167759, 19.605697 ], [ -99.167759, 19.605697 ], [ -99.167759, 19.605697 ], [ -99.167759, 19.605697 ], [ -99.167759, 19.605697 ], [ -99.167759, 19.605697 ], [ -99.167759, 19.605697 ], [ -99.16776, 19.605701 ], [ -99.167758, 19.605701 ], [ -99.167759, 19.605732 ], [ -99.167732, 19.605634 ], [ -99.167732, 19.605634 ], [ -99.167738, 19.60564 ], [ -99.167738, 19.60564 ], [ -99.167738, 19.60564 ], [ -99.167738, 19.60564 ], [ -99.167738, 19.60564 ], [ -99.167738, 19.60564 ], [ -99.167738, 19.60564 ], [ -99.167738, 19.60564 ], [ -99.167738, 19.60564 ], [ -99.167738, 19.60564 ], [ -99.167738, 19.60564 ], [ -99.167738, 19.60564 ], [ -99.167738, 19.60564 ], [ -99.167738, 19.60564 ], [ -99.167738, 19.60564 ], [ -99.167738, 19.60564 ], [ -99.167769, 19.605635 ], [ -99.167799, 19.605695 ], [ -99.167757, 19.605747 ], [ -99.167757, 19.605747 ], [ -99.167757, 19.605747 ], [ -99.167757, 19.605747 ], [ -99.167757, 19.605747 ], [ -99.167757, 19.605747 ], [ -99.167757, 19.605747 ], [ -99.167757, 19.605747 ], [ -99.167759, 19.605738 ], [ -99.167759, 19.605738 ], [ -99.16911, 19.605814 ], [ -99.185167, 19.555886 ], [ -99.161286, 19.514387 ], [ -99.144185, 19.468889 ], [ -99.145839, 19.46659 ], [ -99.145839, 19.46659 ], [ -99.144809, 19.466891 ], [ -99.145168, 19.466591 ], [ -99.145839, 19.46659 ], [ -99.145168, 19.466591 ], [ -99.145095, 19.466514 ], [ -99.14424, 19.467553 ], [ -99.145255, 19.467891 ], [ -99.144792, 19.468267 ], [ -99.145839, 19.46659 ], [ -99.145792, 19.466234 ], [ -99.145839, 19.46659 ], [ -99.145839, 19.46659 ], [ -99.145839, 19.46659 ], [ -99.145839, 19.46659 ], [ -99.145839, 19.46659 ], [ -99.144795, 19.46758 ], [ -99.145839, 19.46659 ], [ -99.145839, 19.46659 ], [ -99.145839, 19.46659 ], [ -99.146834, 19.467739 ], [ -99.146053, 19.467028 ], [ -99.145431, 19.466885 ], [ -99.145861, 19.467427 ], [ -99.145839, 19.46659 ], [ -99.145131, 19.466394 ], [ -99.145168, 19.466591 ], [ -99.145168, 19.466591 ], [ -99.145215, 19.466211 ], [ -99.145168, 19.466591 ], [ -99.145168, 19.466591 ], [ -99.145132, 19.466472 ], [ -99.145409, 19.466563 ], [ -99.145181, 19.466242 ], [ -99.145664, 19.466523 ], [ -99.145664, 19.466523 ], [ -99.145664, 19.466523 ], [ -99.145664, 19.466523 ], [ -99.145664, 19.466523 ], [ -99.145664, 19.466523 ], [ -99.145664, 19.466523 ], [ -99.145664, 19.466523 ], [ -99.145664, 19.466523 ], [ -99.14579, 19.466856 ], [ -99.145232, 19.466881 ], [ -99.145168, 19.466591 ], [ -99.145116, 19.46637 ], [ -99.145402, 19.466978 ], [ -99.145511, 19.466592 ], [ -99.145341, 19.467292 ], [ -99.145839, 19.46659 ], [ -99.145839, 19.46659 ], [ -99.143966, 19.467874 ], [ -99.139464, 19.468632 ], [ -99.131879, 19.477487 ], [ -99.124782, 19.483287 ], [ -99.106886, 19.482501 ], [ -99.106836, 19.482207 ], [ -99.106638, 19.481464 ], [ -99.106942, 19.482463 ], [ -99.086073, 19.472387 ], [ -99.086076, 19.472409 ], [ -99.086076, 19.472409 ], [ -99.086076, 19.472409 ], [ -99.086076, 19.472409 ], [ -99.086078, 19.472409 ], [ -99.086078, 19.472409 ], [ -99.08619, 19.47244 ], [ -99.112948, 19.487647 ], [ -99.127499, 19.48212 ], [ -99.127499, 19.48212 ], [ -99.152925, 19.455935 ], [ -99.162729, 19.470318 ], [ -99.164899, 19.476479 ], [ -99.183743, 19.536653 ], [ -99.178416, 19.64614 ], [ -99.17649, 19.666551 ], [ -99.175111, 19.666107 ], [ -99.175411, 19.66603 ], [ -99.17533, 19.666349 ] ] } },
{ "type": "Feature", "properties": { "device_id": "e57612d6d0a1d45d75e0efcdad7cbb919e49c6597317d629d28ed842a893d780", "timestamps": "2020-01-01T11:13:15, 2020-01-01T11:23:45, 2020-01-01T11:26:54" }, "geometry": { "type": "LineString", "coordinates": [ [ -99.14537, 19.465836 ], [ -99.14537, 19.465836 ], [ -99.14537, 19.465836 ] ] } },
{ "type": "Feature", "properties": { "device_id": "7a9f2b2469844f4a25e5ab5a5019bf5bee0e4fac970d8772e184fd400f592b94", "timestamps": "2020-01-01T06:00:41, 2020-01-01T06:01:28, 2020-01-01T06:02:38, 2020-01-01T06:02:54, 2020-01-01T06:03:44, 2020-01-01T06:04:28, 2020-01-01T06:05:38, 2020-01-01T06:05:54, 2020-01-01T06:06:43, 2020-01-01T06:07:29, 2020-01-01T06:08:05, 2020-01-01T06:08:50, 2020-01-01T06:09:46, 2020-01-01T06:10:24, 2020-01-01T06:10:26, 2020-01-01T06:10:50, 2020-01-01T06:19:30, 2020-01-01T06:29:44, 2020-01-01T06:42:25, 2020-01-01T06:55:01, 2020-01-01T07:13:25, 2020-01-01T07:30:50, 2020-01-01T07:42:10, 2020-01-01T07:53:24, 2020-01-01T08:12:57, 2020-01-01T08:27:37, 2020-01-01T08:48:49, 2020-01-01T09:11:25, 2020-01-01T09:31:28, 2020-01-01T09:32:12, 2020-01-01T09:41:41, 2020-01-01T10:05:57, 2020-01-01T10:15:17, 2020-01-01T10:25:20, 2020-01-01T10:41:45, 2020-01-01T10:51:06, 2020-01-01T11:02:52, 2020-01-01T11:12:22, 2020-01-01T11:23:44, 2020-01-01T11:35:50, 2020-01-01T11:45:40, 2020-01-01T11:55:49, 2020-01-01T12:08:52, 2020-01-01T12:17:08, 2020-01-01T12:17:21, 2020-01-01T12:17:57, 2020-01-01T12:18:34, 2020-01-01T12:19:19, 2020-01-01T12:20:23, 2020-01-01T12:21:36, 2020-01-01T12:21:55, 2020-01-01T12:22:42, 2020-01-01T12:23:26, 2020-01-01T12:24:38, 2020-01-01T12:24:51, 2020-01-01T12:25:43, 2020-01-01T12:26:29, 2020-01-01T12:27:05, 2020-01-01T12:27:53, 2020-01-01T12:28:40, 2020-01-01T12:33:31, 2020-01-01T12:34:16, 2020-01-01T12:36:39, 2020-01-01T12:36:53, 2020-01-01T12:37:43, 2020-01-01T12:39:28, 2020-01-01T12:45:50, 2020-01-01T12:45:53, 2020-01-01T13:04:04, 2020-01-01T13:14:26, 2020-01-01T13:15:05, 2020-01-01T13:27:03, 2020-01-01T13:47:34, 2020-01-01T14:04:03, 2020-01-01T14:20:47, 2020-01-01T14:31:03, 2020-01-01T14:50:08, 2020-01-01T15:01:31, 2020-01-01T15:45:02, 2020-01-01T15:56:54, 2020-01-01T16:17:55, 2020-01-01T16:50:51, 2020-01-01T17:01:23, 2020-01-01T17:11:58, 2020-01-01T17:21:21, 2020-01-01T17:31:47, 2020-01-01T17:47:23, 2020-01-01T17:55:41, 2020-01-01T18:01:39, 2020-01-01T18:13:42, 2020-01-01T18:25:49, 2020-01-01T18:37:42, 2020-01-01T18:48:34, 2020-01-01T18:48:46, 2020-01-01T18:59:50, 2020-01-01T19:09:58, 2020-01-01T19:19:39, 2020-01-01T19:39:49, 2020-01-01T19:50:36, 2020-01-01T20:01:42, 2020-01-01T20:12:14, 2020-01-01T20:24:36, 2020-01-01T20:37:42, 2020-01-01T21:11:57, 2020-01-01T21:15:45, 2020-01-01T21:20:53, 2020-01-01T21:24:07, 2020-01-01T21:25:34, 2020-01-01T21:26:17, 2020-01-01T21:27:07, 2020-01-01T21:27:21, 2020-01-01T21:28:31, 2020-01-01T21:29:17, 2020-01-01T21:30:08, 2020-01-01T21:30:21, 2020-01-01T21:31:34, 2020-01-01T21:32:18, 2020-01-01T21:33:08, 2020-01-01T21:33:24, 2020-01-01T21:34:34, 2020-01-01T21:35:18, 2020-01-01T21:36:08, 2020-01-01T21:36:24, 2020-01-01T21:37:33, 2020-01-01T21:38:19, 2020-01-01T21:39:23, 2020-01-01T21:39:36, 2020-01-01T21:40:36, 2020-01-01T21:40:52, 2020-01-01T21:41:42, 2020-01-01T21:42:26, 2020-01-01T21:43:37, 2020-01-01T21:43:51, 2020-01-01T21:54:56, 2020-01-01T22:05:06, 2020-01-01T22:16:23, 2020-01-01T22:26:19, 2020-01-01T22:36:19, 2020-01-01T22:46:26, 2020-01-01T22:58:54, 2020-01-01T23:08:53, 2020-01-01T23:18:44, 2020-01-01T23:27:04, 2020-01-01T23:46:13" }, "geometry": { "type": "LineString", "coordinates": [ [ -99.202278, 19.477918 ], [ -99.20218, 19.477957 ], [ -99.202239, 19.477942 ], [ -99.202169, 19.477965 ], [ -99.202239, 19.477985 ], [ -99.202229, 19.478023 ], [ -99.202222, 19.47794 ], [ -99.202289, 19.477957 ], [ -99.202235, 19.477931 ], [ -99.202283, 19.477938 ], [ -99.202246, 19.477957 ], [ -99.202287, 19.477964 ], [ -99.202236, 19.477905 ], [ -99.202225, 19.477939 ], [ -99.202218, 19.477953 ], [ -99.202224, 19.477935 ], [ -99.202242, 19.477929 ], [ -99.202219, 19.477902 ], [ -99.202211, 19.477908 ], [ -99.202221, 19.477896 ], [ -99.202222, 19.477895 ], [ -99.202214, 19.477907 ], [ -99.202204, 19.477893 ], [ -99.202256, 19.477966 ], [ -99.202205, 19.477904 ], [ -99.202223, 19.47788 ], [ -99.202229, 19.477904 ], [ -99.202315, 19.47786 ], [ -99.202315, 19.47786 ], [ -99.202315, 19.47786 ], [ -99.202206, 19.477905 ], [ -99.202224, 19.477875 ], [ -99.202262, 19.477917 ], [ -99.202238, 19.477927 ], [ -99.202252, 19.47793 ], [ -99.202283, 19.47795 ], [ -99.202253, 19.477963 ], [ -99.202251, 19.47793 ], [ -99.202221, 19.477887 ], [ -99.2022, 19.47789 ], [ -99.202205, 19.477903 ], [ -99.2022, 19.477879 ], [ -99.202204, 19.477887 ], [ -99.193182, 19.477556 ], [ -99.197023, 19.477093 ], [ -99.197857, 19.477227 ], [ -99.190115, 19.478397 ], [ -99.184678, 19.477748 ], [ -99.180308, 19.472291 ], [ -99.169475, 19.470385 ], [ -99.176032, 19.468428 ], [ -99.164426, 19.472028 ], [ -99.159405, 19.473539 ], [ -99.15429, 19.473331 ], [ -99.154569, 19.473387 ], [ -99.152759, 19.473206 ], [ -99.151052, 19.473088 ], [ -99.145949, 19.47263 ], [ -99.149245, 19.473198 ], [ -99.144411, 19.468848 ], [ -99.144533, 19.468192 ], [ -99.144543, 19.468208 ], [ -99.144563, 19.468224 ], [ -99.144524, 19.468196 ], [ -99.14453, 19.468154 ], [ -99.144664, 19.468152 ], [ -99.144131, 19.468551 ], [ -99.144131, 19.468551 ], [ -99.133673, 19.468206 ], [ -99.144318, 19.467285 ], [ -99.144639, 19.467122 ], [ -99.144429, 19.467607 ], [ -99.144584, 19.467238 ], [ -99.144556, 19.467086 ], [ -99.143776, 19.46773 ], [ -99.144337, 19.467519 ], [ -99.144631, 19.467111 ], [ -99.144581, 19.467166 ], [ -99.144471, 19.466886 ], [ -99.144651, 19.466018 ], [ -99.144455, 19.467349 ], [ -99.144631, 19.467111 ], [ -99.144607, 19.467134 ], [ -99.144633, 19.467113 ], [ -99.144253, 19.467009 ], [ -99.14454, 19.467026 ], [ -99.144104, 19.467372 ], [ -99.144795, 19.46758 ], [ -99.144631, 19.467111 ], [ -99.144458, 19.467574 ], [ -99.144634, 19.467123 ], [ -99.144546, 19.467112 ], [ -99.144648, 19.467097 ], [ -99.14442, 19.467499 ], [ -99.144314, 19.467377 ], [ -99.144578, 19.467526 ], [ -99.144665, 19.46709 ], [ -99.144355, 19.46698 ], [ -99.144586, 19.467248 ], [ -99.14461, 19.467285 ], [ -99.144433, 19.467508 ], [ -99.144481, 19.467661 ], [ -99.144621, 19.467108 ], [ -99.145124, 19.467113 ], [ -99.143925, 19.46771 ], [ -99.144605, 19.468218 ], [ -99.143597, 19.466763 ], [ -99.143875, 19.464906 ], [ -99.149599, 19.463364 ], [ -99.153356, 19.463473 ], [ -99.153356, 19.463473 ], [ -99.158132, 19.464338 ], [ -99.160658, 19.461749 ], [ -99.171325, 19.462378 ], [ -99.165243, 19.459976 ], [ -99.175202, 19.467352 ], [ -99.175967, 19.468012 ], [ -99.176589, 19.468264 ], [ -99.175967, 19.468012 ], [ -99.182401, 19.468909 ], [ -99.186034, 19.469552 ], [ -99.190434, 19.471867 ], [ -99.188659, 19.46983 ], [ -99.192068, 19.473669 ], [ -99.194755, 19.474484 ], [ -99.19751, 19.474995 ], [ -99.199551, 19.475531 ], [ -99.199696, 19.477821 ], [ -99.200083, 19.476136 ], [ -99.199713, 19.477825 ], [ -99.202542, 19.478497 ], [ -99.202178, 19.477996 ], [ -99.202198, 19.477965 ], [ -99.202229, 19.477904 ], [ -99.2022, 19.477893 ], [ -99.202195, 19.4779 ], [ -99.202192, 19.477923 ], [ -99.202194, 19.477898 ], [ -99.202194, 19.477901 ], [ -99.202292, 19.478029 ], [ -99.202307, 19.478018 ], [ -99.202291, 19.478042 ], [ -99.202343, 19.478037 ], [ -99.202303, 19.478024 ] ] } },
{ "type": "Feature", "properties": { "device_id": "48a43503f46b5822783553b09fd6b0304632acd1d7faff51c9799eaf890ea6b2", "timestamps": "2020-01-01T06:00:46, 2020-01-01T06:09:23, 2020-01-01T06:21:41, 2020-01-01T06:39:11, 2020-01-01T06:39:15, 2020-01-01T06:49:15, 2020-01-01T06:59:36, 2020-01-01T07:15:48, 2020-01-01T07:35:49, 2020-01-01T07:53:26, 2020-01-01T08:13:07, 2020-01-01T08:25:48, 2020-01-01T08:34:01, 2020-01-01T08:44:12, 2020-01-01T08:54:11, 2020-01-01T09:01:16, 2020-01-01T09:11:00, 2020-01-01T09:25:47, 2020-01-01T09:36:57, 2020-01-01T09:45:27, 2020-01-01T09:55:57, 2020-01-01T10:04:05, 2020-01-01T10:14:19, 2020-01-01T10:16:52, 2020-01-01T10:19:18, 2020-01-01T10:29:16, 2020-01-01T10:39:16, 2020-01-01T10:59:50, 2020-01-01T11:19:14, 2020-01-01T11:39:14, 2020-01-01T11:59:11, 2020-01-01T12:19:57, 2020-01-01T12:29:59, 2020-01-01T12:40:07, 2020-01-01T12:41:53, 2020-01-01T12:51:59, 2020-01-01T13:00:37, 2020-01-01T13:12:28, 2020-01-01T13:27:11, 2020-01-01T13:37:50, 2020-01-01T13:47:34, 2020-01-01T13:59:41, 2020-01-01T13:59:48, 2020-01-01T14:19:48, 2020-01-01T14:19:49, 2020-01-01T14:29:17, 2020-01-01T14:50:51, 2020-01-01T14:50:52, 2020-01-01T15:04:28" }, "geometry": { "type": "LineString", "coordinates": [ [ -99.145356, 19.465751 ], [ -99.145795, 19.466005 ], [ -99.145474, 19.466119 ], [ -99.145481, 19.466125 ], [ -99.145484, 19.466129 ], [ -99.145485, 19.466109 ], [ -99.145235, 19.466066 ], [ -99.145488, 19.466107 ], [ -99.145485, 19.466109 ], [ -99.145269, 19.465852 ], [ -99.14548, 19.466124 ], [ -99.145499, 19.466097 ], [ -99.145353, 19.466078 ], [ -99.145795, 19.465928 ], [ -99.145431, 19.463918 ], [ -99.145454, 19.466121 ], [ -99.14545, 19.4661 ], [ -99.14549, 19.466112 ], [ -99.145492, 19.466112 ], [ -99.145484, 19.466129 ], [ -99.145478, 19.466116 ], [ -99.145476, 19.466109 ], [ -99.145715, 19.466244 ], [ -99.145174, 19.466074 ], [ -99.145793, 19.465956 ], [ -99.145582, 19.466016 ], [ -99.145517, 19.466056 ], [ -99.145566, 19.466033 ], [ -99.145503, 19.466034 ], [ -99.145548, 19.466098 ], [ -99.145502, 19.466051 ], [ -99.145495, 19.466116 ], [ -99.145517, 19.466147 ], [ -99.145287, 19.466029 ], [ -99.145253, 19.466048 ], [ -99.145257, 19.466063 ], [ -99.145216, 19.466028 ], [ -99.145421, 19.466024 ], [ -99.145265, 19.466008 ], [ -99.145235, 19.466038 ], [ -99.145476, 19.466119 ], [ -99.145707, 19.466081 ], [ -99.145722, 19.466084 ], [ -99.145725, 19.466099 ], [ -99.145727, 19.4661 ], [ -99.1457, 19.466022 ], [ -99.145612, 19.46606 ], [ -99.145728, 19.465973 ], [ -99.145744, 19.46647 ] ] } },
{ "type": "Feature", "properties": { "device_id": "c26998dec9fce9eaee9099cde2630f04e4795f5c011dfa842ef129d5105adf6d", "timestamps": "2020-01-01T06:04:26, 2020-01-01T06:14:10, 2020-01-01T06:24:12, 2020-01-01T06:29:11, 2020-01-01T06:29:21, 2020-01-01T06:39:44, 2020-01-01T06:52:52, 2020-01-01T06:52:59, 2020-01-01T07:03:10, 2020-01-01T07:14:24, 2020-01-01T07:25:18, 2020-01-01T07:36:21, 2020-01-01T07:46:53, 2020-01-01T08:00:50, 2020-01-01T08:10:20, 2020-01-01T08:20:24, 2020-01-01T08:39:29, 2020-01-01T08:54:49, 2020-01-01T09:10:34, 2020-01-01T09:30:49, 2020-01-01T09:51:22, 2020-01-01T10:11:25, 2020-01-01T10:31:21, 2020-01-01T10:31:31, 2020-01-01T10:51:26, 2020-01-01T11:11:25, 2020-01-01T11:31:16, 2020-01-01T12:11:55, 2020-01-01T12:31:28, 2020-01-01T12:51:25, 2020-01-01T13:11:25, 2020-01-01T13:31:17, 2020-01-01T13:51:29, 2020-01-01T13:51:39, 2020-01-01T14:11:44, 2020-01-01T14:31:25, 2020-01-01T14:51:25, 2020-01-01T15:06:00, 2020-01-01T15:16:30, 2020-01-01T15:27:48, 2020-01-01T15:38:24, 2020-01-01T15:42:26, 2020-01-01T15:42:29, 2020-01-01T15:52:46, 2020-01-01T16:02:40, 2020-01-01T16:12:33, 2020-01-01T16:22:15, 2020-01-01T16:32:21, 2020-01-01T16:42:27, 2020-01-01T16:53:27, 2020-01-01T17:03:51, 2020-01-01T17:16:56, 2020-01-01T17:26:24, 2020-01-01T17:41:07, 2020-01-01T17:51:30, 2020-01-01T18:01:49, 2020-01-01T18:03:24, 2020-01-01T18:36:28, 2020-01-01T18:56:15, 2020-01-01T19:05:09, 2020-01-01T19:16:34, 2020-01-01T19:19:04, 2020-01-01T19:19:16, 2020-01-01T19:19:44, 2020-01-01T19:20:49, 2020-01-01T19:21:13, 2020-01-01T19:22:00, 2020-01-01T19:22:59, 2020-01-01T19:23:35, 2020-01-01T19:24:03, 2020-01-01T19:24:16, 2020-01-01T19:25:09, 2020-01-01T19:25:23, 2020-01-01T19:26:30, 2020-01-01T19:27:45, 2020-01-01T19:28:26, 2020-01-01T19:29:37, 2020-01-01T19:30:44, 2020-01-01T19:31:29, 2020-01-01T19:32:05, 2020-01-01T19:32:53, 2020-01-01T19:33:46, 2020-01-01T19:34:11, 2020-01-01T19:35:26, 2020-01-01T19:35:57, 2020-01-01T19:36:38, 2020-01-01T19:36:51, 2020-01-01T19:37:08, 2020-01-01T19:37:21, 2020-01-01T19:38:33, 2020-01-01T19:39:42, 2020-01-01T19:40:16, 2020-01-01T19:41:24, 2020-01-01T19:45:33, 2020-01-01T19:52:32, 2020-01-01T20:09:22, 2020-01-01T20:28:15, 2020-01-01T20:38:28, 2020-01-01T20:48:44, 2020-01-01T21:00:35, 2020-01-01T21:15:04, 2020-01-01T21:15:34, 2020-01-01T21:35:23, 2020-01-01T21:40:34, 2020-01-01T21:40:38, 2020-01-01T21:45:32, 2020-01-01T21:56:19, 2020-01-01T22:12:16, 2020-01-01T22:27:09, 2020-01-01T22:44:22, 2020-01-01T23:04:13, 2020-01-01T23:16:56, 2020-01-01T23:28:06, 2020-01-01T23:43:51, 2020-01-01T23:53:14, 2020-01-01T23:53:23, 2020-01-01T23:53:34, 2020-01-01T23:53:44" }, "geometry": { "type": "LineString", "coordinates": [ [ -99.068534, 19.499611 ], [ -99.068533, 19.499611 ], [ -99.068567, 19.499551 ], [ -99.06856, 19.499568 ], [ -99.068545, 19.499596 ], [ -99.068531, 19.499614 ], [ -99.068509, 19.499666 ], [ -99.06852, 19.499598 ], [ -99.068546, 19.499591 ], [ -99.068565, 19.499552 ], [ -99.068533, 19.499568 ], [ -99.068566, 19.499598 ], [ -99.06853, 19.499608 ], [ -99.068536, 19.49957 ], [ -99.068547, 19.499596 ], [ -99.068518, 19.499567 ], [ -99.068533, 19.499569 ], [ -99.06854, 19.499567 ], [ -99.068565, 19.499554 ], [ -99.068577, 19.499551 ], [ -99.068577, 19.499551 ], [ -99.068577, 19.499551 ], [ -99.068527, 19.499587 ], [ -99.068527, 19.499587 ], [ -99.068527, 19.499587 ], [ -99.068527, 19.499587 ], [ -99.068527, 19.499587 ], [ -99.06842, 19.499336 ], [ -99.06842, 19.499336 ], [ -99.06842, 19.499336 ], [ -99.06842, 19.499336 ], [ -99.06842, 19.499336 ], [ -99.06842, 19.499336 ], [ -99.06842, 19.499336 ], [ -99.06842, 19.499336 ], [ -99.06842, 19.499336 ], [ -99.06842, 19.499336 ], [ -99.068532, 19.499607 ], [ -99.068548, 19.499553 ], [ -99.068519, 19.499552 ], [ -99.068545, 19.499622 ], [ -99.068531, 19.499626 ], [ -99.068612, 19.499576 ], [ -99.068551, 19.499576 ], [ -99.068528, 19.499584 ], [ -99.068516, 19.499588 ], [ -99.068545, 19.499556 ], [ -99.068534, 19.499566 ], [ -99.06855, 19.499566 ], [ -99.068559, 19.499572 ], [ -99.068537, 19.499573 ], [ -99.068537, 19.499573 ], [ -99.068541, 19.499576 ], [ -99.068514, 19.499625 ], [ -99.068532, 19.499611 ], [ -99.068542, 19.499599 ], [ -99.06855, 19.499551 ], [ -99.068533, 19.499593 ], [ -99.06855, 19.499584 ], [ -99.068535, 19.499555 ], [ -99.068519, 19.499601 ], [ -99.070637, 19.498621 ], [ -99.069812, 19.499203 ], [ -99.070015, 19.498912 ], [ -99.071835, 19.500559 ], [ -99.073021, 19.500538 ], [ -99.073333, 19.501924 ], [ -99.07411, 19.500843 ], [ -99.074263, 19.502314 ], [ -99.084815, 19.507008 ], [ -99.080423, 19.50506 ], [ -99.094449, 19.511 ], [ -99.08748, 19.508101 ], [ -99.100907, 19.514824 ], [ -99.102642, 19.51292 ], [ -99.107182, 19.508819 ], [ -99.118842, 19.499154 ], [ -99.120623, 19.491911 ], [ -99.124925, 19.486125 ], [ -99.134434, 19.474542 ], [ -99.129516, 19.480458 ], [ -99.139222, 19.469575 ], [ -99.140589, 19.467955 ], [ -99.143109, 19.467303 ], [ -99.142306, 19.46718 ], [ -99.144111, 19.467461 ], [ -99.143353, 19.467344 ], [ -99.146492, 19.469302 ], [ -99.146315, 19.467741 ], [ -99.144388, 19.468715 ], [ -99.144533, 19.468208 ], [ -99.144518, 19.468331 ], [ -99.144772, 19.468239 ], [ -99.14429, 19.468117 ], [ -99.144476, 19.465799 ], [ -99.144422, 19.465273 ], [ -99.144627, 19.465324 ], [ -99.144599, 19.46527 ], [ -99.14456, 19.465196 ], [ -99.144555, 19.465194 ], [ -99.144804, 19.468273 ], [ -99.144762, 19.468273 ], [ -99.144847, 19.467901 ], [ -99.14361, 19.465766 ], [ -99.143643, 19.465719 ], [ -99.144569, 19.465202 ], [ -99.144518, 19.465204 ], [ -99.144569, 19.465201 ], [ -99.144535, 19.465171 ], [ -99.144539, 19.465192 ], [ -99.144475, 19.465219 ], [ -99.144534, 19.465102 ], [ -99.144502, 19.465163 ], [ -99.144551, 19.465193 ], [ -99.144554, 19.465194 ], [ -99.144559, 19.465199 ], [ -99.144558, 19.465215 ], [ -99.144593, 19.465277 ] ] } },
{ "type": "Feature", "properties": { "device_id": "6958e4e1b66da7ade9e51f3a69be40fbda0cbca29d929e6c95ae44bf0fce7e75", "timestamps": "2020-01-01T06:12:14, 2020-01-01T06:22:48, 2020-01-01T06:36:24, 2020-01-01T06:49:27, 2020-01-01T06:59:14, 2020-01-01T07:09:49, 2020-01-01T07:19:35, 2020-01-01T07:29:10, 2020-01-01T07:38:04, 2020-01-01T07:48:38, 2020-01-01T08:30:58, 2020-01-01T08:44:52, 2020-01-01T08:54:59, 2020-01-01T09:09:51, 2020-01-01T09:18:02, 2020-01-01T09:30:51, 2020-01-01T09:40:55, 2020-01-01T09:50:55, 2020-01-01T10:04:54, 2020-01-01T10:15:13, 2020-01-01T10:25:45, 2020-01-01T10:36:24, 2020-01-01T10:46:53, 2020-01-01T10:56:58, 2020-01-01T11:07:31, 2020-01-01T11:07:48, 2020-01-01T11:22:40, 2020-01-01T11:41:47, 2020-01-01T12:00:11, 2020-01-01T12:15:53, 2020-01-01T12:25:06, 2020-01-01T19:26:08, 2020-01-01T19:27:44, 2020-01-01T19:37:12, 2020-01-01T19:59:04, 2020-01-01T20:19:10, 2020-01-01T21:05:09, 2020-01-01T21:06:55, 2020-01-01T21:08:47, 2020-01-01T21:14:11, 2020-01-01T21:21:11, 2020-01-01T21:21:16, 2020-01-01T21:21:19, 2020-01-01T21:25:48, 2020-01-01T21:28:31, 2020-01-01T21:41:05, 2020-01-01T21:54:21, 2020-01-01T22:05:30, 2020-01-01T22:21:14, 2020-01-01T22:34:13, 2020-01-01T22:37:35, 2020-01-01T22:38:09, 2020-01-01T22:38:45, 2020-01-01T22:39:28, 2020-01-01T22:40:05, 2020-01-01T22:40:53, 2020-01-01T22:41:47, 2020-01-01T22:42:11, 2020-01-01T22:43:03, 2020-01-01T22:43:58, 2020-01-01T22:44:49, 2020-01-01T22:45:10, 2020-01-01T22:46:00, 2020-01-01T22:46:25, 2020-01-01T22:47:32, 2020-01-01T22:48:17, 2020-01-01T22:49:07, 2020-01-01T22:50:34, 2020-01-01T22:51:18, 2020-01-01T22:52:09, 2020-01-01T22:52:24, 2020-01-01T22:53:33, 2020-01-01T22:54:45, 2020-01-01T22:55:20, 2020-01-01T22:56:36, 2020-01-01T22:56:52, 2020-01-01T22:57:44, 2020-01-01T22:58:29, 2020-01-01T22:59:38, 2020-01-01T23:00:38, 2020-01-01T23:01:43, 2020-01-01T23:02:15, 2020-01-01T23:03:02, 2020-01-01T23:03:50, 2020-01-01T23:04:46, 2020-01-01T23:05:12, 2020-01-01T23:06:27, 2020-01-01T23:07:15, 2020-01-01T23:08:05, 2020-01-01T23:08:53, 2020-01-01T23:09:40, 2020-01-01T23:10:15, 2020-01-01T23:11:02, 2020-01-01T23:11:56, 2020-01-01T23:12:47, 2020-01-01T23:13:11, 2020-01-01T23:25:58, 2020-01-01T23:36:09, 2020-01-01T23:56:52" }, "geometry": { "type": "LineString", "coordinates": [ [ -99.020053, 19.539749 ], [ -99.020053, 19.539749 ], [ -99.020053, 19.539749 ], [ -99.020053, 19.539749 ], [ -99.020068, 19.539749 ], [ -99.020068, 19.539749 ], [ -99.020053, 19.539749 ], [ -99.020069, 19.539749 ], [ -99.020053, 19.539749 ], [ -99.020053, 19.539749 ], [ -99.156323, 19.458005 ], [ -99.156295, 19.45802 ], [ -99.156288, 19.458021 ], [ -99.156286, 19.458021 ], [ -99.156296, 19.458004 ], [ -99.156297, 19.458004 ], [ -99.15629, 19.45801 ], [ -99.156295, 19.458007 ], [ -99.156287, 19.45801 ], [ -99.156296, 19.458004 ], [ -99.15629, 19.458006 ], [ -99.156294, 19.458003 ], [ -99.156293, 19.458005 ], [ -99.156296, 19.458006 ], [ -99.156311, 19.45804 ], [ -99.156328, 19.458002 ], [ -99.156311, 19.45804 ], [ -99.156311, 19.45804 ], [ -99.156293, 19.458007 ], [ -99.156297, 19.458005 ], [ -99.156306, 19.458029 ], [ -99.144901, 19.466932 ], [ -99.144901, 19.466932 ], [ -99.144901, 19.466932 ], [ -99.144901, 19.466932 ], [ -99.144901, 19.466933 ], [ -99.145844, 19.466452 ], [ -99.145843, 19.466476 ], [ -99.145874, 19.465592 ], [ -99.146076, 19.464144 ], [ -99.153791, 19.46278 ], [ -99.153856, 19.462471 ], [ -99.153908, 19.462151 ], [ -99.154616, 19.458456 ], [ -99.156302, 19.458024 ], [ -99.156296, 19.458025 ], [ -99.156287, 19.458009 ], [ -99.156295, 19.458006 ], [ -99.156329, 19.458028 ], [ -99.156175, 19.458273 ], [ -99.153732, 19.463125 ], [ -99.142533, 19.463435 ], [ -99.146064, 19.463939 ], [ -99.140455, 19.465299 ], [ -99.125982, 19.460934 ], [ -99.132247, 19.464249 ], [ -99.119033, 19.458646 ], [ -99.112806, 19.454315 ], [ -99.098178, 19.450408 ], [ -99.105915, 19.451467 ], [ -99.092064, 19.45037 ], [ -99.09243, 19.447873 ], [ -99.093449, 19.445169 ], [ -99.093243, 19.445736 ], [ -99.093673, 19.444485 ], [ -99.094631, 19.441927 ], [ -99.092553, 19.441745 ], [ -99.08536, 19.446972 ], [ -99.078021, 19.451621 ], [ -99.063626, 19.46089 ], [ -99.070684, 19.456888 ], [ -99.058001, 19.465105 ], [ -99.05445, 19.47323 ], [ -99.050904, 19.480924 ], [ -99.045006, 19.494522 ], [ -99.047808, 19.487905 ], [ -99.040804, 19.503675 ], [ -99.037126, 19.512442 ], [ -99.029647, 19.529436 ], [ -99.026712, 19.53709 ], [ -99.023534, 19.542479 ], [ -99.020136, 19.540545 ], [ -99.020308, 19.539694 ], [ -99.020835, 19.538299 ], [ -99.020194, 19.539845 ], [ -99.020231, 19.539764 ], [ -99.020056, 19.539749 ], [ -99.020068, 19.539749 ], [ -99.020221, 19.539762 ], [ -99.020068, 19.539749 ], [ -99.020208, 19.539764 ], [ -99.020204, 19.539764 ], [ -99.020202, 19.539764 ], [ -99.020205, 19.539764 ], [ -99.020197, 19.539765 ], [ -99.020197, 19.539765 ], [ -99.020053, 19.539749 ], [ -99.020053, 19.539749 ], [ -99.020053, 19.539749 ] ] } },
{ "type": "Feature", "properties": { "device_id": "ec2f1a6582ecfafe356143d9ffed66b79539fda2adac2b5d3a32727d295c49aa", "timestamps": "2020-01-01T06:47:36, 2020-01-01T06:47:46, 2020-01-01T06:59:34, 2020-01-01T06:59:43, 2020-01-01T07:39:39, 2020-01-01T07:39:49, 2020-01-01T08:01:16, 2020-01-01T08:01:26, 2020-01-01T15:07:14, 2020-01-01T15:07:23, 2020-01-01T16:08:14, 2020-01-01T16:08:23, 2020-01-01T17:09:02, 2020-01-01T17:09:51, 2020-01-01T18:10:04, 2020-01-01T18:10:53, 2020-01-01T18:23:07, 2020-01-01T18:23:57, 2020-01-01T19:09:11, 2020-01-01T19:09:22, 2020-01-01T19:12:34, 2020-01-01T19:12:43, 2020-01-01T20:04:06, 2020-01-01T20:04:56, 2020-01-01T20:19:02, 2020-01-01T20:19:51, 2020-01-01T20:59:30, 2020-01-01T20:59:45, 2020-01-01T21:20:38, 2020-01-01T21:20:48" }, "geometry": { "type": "LineString", "coordinates": [ [ -99.102919, 19.27165 ], [ -99.102925, 19.271665 ], [ -99.102925, 19.271665 ], [ -99.102919, 19.27165 ], [ -99.102919, 19.27165 ], [ -99.102925, 19.271665 ], [ -99.102925, 19.271665 ], [ -99.102919, 19.27165 ], [ -99.145169, 19.466529 ], [ -99.145152, 19.466549 ], [ -99.145169, 19.466529 ], [ -99.145152, 19.466549 ], [ -99.145152, 19.466549 ], [ -99.145169, 19.466529 ], [ -99.145152, 19.466549 ], [ -99.145169, 19.466529 ], [ -99.145169, 19.466529 ], [ -99.145152, 19.466549 ], [ -99.145152, 19.466549 ], [ -99.145169, 19.466529 ], [ -99.145152, 19.466549 ], [ -99.145169, 19.466529 ], [ -99.145152, 19.466549 ], [ -99.145169, 19.466529 ], [ -99.145152, 19.466549 ], [ -99.145169, 19.466529 ], [ -99.145169, 19.466529 ], [ -99.145152, 19.466549 ], [ -99.145152, 19.466549 ], [ -99.145169, 19.466529 ] ] } },
{ "type": "Feature", "properties": { "device_id": "8d6dfdffab20fd747a0294e8944bd8502e73bbcd7f9a10420ac53facff656f55", "timestamps": "2020-01-01T09:10:08, 2020-01-01T09:19:34, 2020-01-01T09:19:35, 2020-01-01T09:38:36, 2020-01-01T09:49:57, 2020-01-01T09:59:44, 2020-01-01T10:19:35, 2020-01-01T10:22:03, 2020-01-01T10:23:49, 2020-01-01T10:24:13, 2020-01-01T10:25:00, 2020-01-01T10:25:59, 2020-01-01T10:26:35, 2020-01-01T10:27:10, 2020-01-01T10:28:07, 2020-01-01T10:28:24, 2020-01-01T10:29:31, 2020-01-01T10:30:18, 2020-01-01T10:31:08, 2020-01-01T10:31:24, 2020-01-01T10:32:36, 2020-01-01T10:33:45, 2020-01-01T10:34:20, 2020-01-01T10:35:37, 2020-01-01T10:35:52, 2020-01-01T10:36:44, 2020-01-01T10:37:29, 2020-01-01T10:38:39, 2020-01-01T10:38:53, 2020-01-01T10:39:46, 2020-01-01T10:40:12, 2020-01-01T10:41:02, 2020-01-01T10:41:56, 2020-01-01T10:42:47, 2020-01-01T10:43:14, 2020-01-01T10:44:03, 2020-01-01T10:44:58, 2020-01-01T10:45:49, 2020-01-01T10:46:13, 2020-01-01T10:47:59, 2020-01-01T10:48:36, 2020-01-01T10:48:52, 2020-01-01T10:49:41, 2020-01-01T10:50:06, 2020-01-01T10:50:25, 2020-01-01T10:50:53, 2020-01-01T10:51:32, 2020-01-01T10:52:16, 2020-01-01T10:53:09, 2020-01-01T10:53:21, 2020-01-01T10:56:01, 2020-01-01T11:10:56, 2020-01-01T11:30:53, 2020-01-01T11:31:42, 2020-01-01T11:50:43, 2020-01-01T12:01:54, 2020-01-01T12:12:22, 2020-01-01T12:29:48, 2020-01-01T12:48:34, 2020-01-01T13:09:23, 2020-01-01T13:48:42, 2020-01-01T13:54:14, 2020-01-01T14:14:40, 2020-01-01T14:14:46, 2020-01-01T14:35:31, 2020-01-01T14:55:46, 2020-01-01T14:55:47, 2020-01-01T15:15:05, 2020-01-01T15:36:48, 2020-01-01T18:29:18, 2020-01-01T18:33:55, 2020-01-01T18:51:11, 2020-01-01T19:06:13, 2020-01-01T19:21:38, 2020-01-01T19:33:56, 2020-01-01T19:47:17, 2020-01-01T19:57:59, 2020-01-01T20:07:17, 2020-01-01T20:18:00, 2020-01-01T20:28:14, 2020-01-01T20:39:55, 2020-01-01T20:54:03, 2020-01-01T21:14:54, 2020-01-01T21:33:24, 2020-01-01T21:52:10, 2020-01-01T21:52:14, 2020-01-01T22:09:17, 2020-01-01T22:25:08, 2020-01-01T22:46:29, 2020-01-01T23:04:01, 2020-01-01T23:04:07, 2020-01-01T23:04:19, 2020-01-01T23:15:17, 2020-01-01T23:25:09, 2020-01-01T23:36:15, 2020-01-01T23:46:28, 2020-01-01T23:57:37, 2020-01-01T23:59:55" }, "geometry": { "type": "LineString", "coordinates": [ [ -99.110732, 19.326893 ], [ -99.110751, 19.32691 ], [ -99.110768, 19.326922 ], [ -99.110732, 19.326894 ], [ -99.110733, 19.326892 ], [ -99.110784, 19.326903 ], [ -99.11074, 19.326878 ], [ -99.11188, 19.326383 ], [ -99.113419, 19.326425 ], [ -99.113532, 19.3274 ], [ -99.113227, 19.331829 ], [ -99.113586, 19.3274 ], [ -99.112802, 19.337071 ], [ -99.112404, 19.342909 ], [ -99.110679, 19.35105 ], [ -99.111134, 19.348635 ], [ -99.111425, 19.356222 ], [ -99.109997, 19.362268 ], [ -99.107625, 19.36994 ], [ -99.10936, 19.365161 ], [ -99.102896, 19.371628 ], [ -99.102671, 19.372018 ], [ -99.10137, 19.376964 ], [ -99.101087, 19.378034 ], [ -99.101193, 19.377587 ], [ -99.101076, 19.378031 ], [ -99.100875, 19.380144 ], [ -99.099946, 19.388769 ], [ -99.100551, 19.382325 ], [ -99.098936, 19.395424 ], [ -99.097985, 19.402542 ], [ -99.098168, 19.41548 ], [ -99.097014, 19.409228 ], [ -99.095212, 19.421698 ], [ -99.09147, 19.428525 ], [ -99.085251, 19.441258 ], [ -99.087414, 19.434896 ], [ -99.088989, 19.447962 ], [ -99.094708, 19.451897 ], [ -99.101783, 19.450196 ], [ -99.115972, 19.457325 ], [ -99.109921, 19.453193 ], [ -99.123433, 19.460232 ], [ -99.130902, 19.464568 ], [ -99.129287, 19.462626 ], [ -99.12847, 19.462086 ], [ -99.130633, 19.464432 ], [ -99.130987, 19.464589 ], [ -99.130988, 19.464613 ], [ -99.130985, 19.464589 ], [ -99.130583, 19.464854 ], [ -99.130583, 19.464854 ], [ -99.13057, 19.464864 ], [ -99.130531, 19.46483 ], [ -99.130558, 19.464839 ], [ -99.130559, 19.46485 ], [ -99.130557, 19.46483 ], [ -99.130591, 19.464886 ], [ -99.130559, 19.46485 ], [ -99.130558, 19.46485 ], [ -99.130558, 19.46485 ], [ -99.130558, 19.46485 ], [ -99.130558, 19.46485 ], [ -99.130558, 19.46485 ], [ -99.130558, 19.46485 ], [ -99.130558, 19.46485 ], [ -99.130558, 19.46485 ], [ -99.130558, 19.46485 ], [ -99.130558, 19.46485 ], [ -99.13053, 19.46483 ], [ -99.13053, 19.46483 ], [ -99.13053, 19.46483 ], [ -99.130551, 19.464815 ], [ -99.130551, 19.464815 ], [ -99.130588, 19.464865 ], [ -99.130586, 19.464865 ], [ -99.130589, 19.464861 ], [ -99.130558, 19.46483 ], [ -99.130584, 19.464864 ], [ -99.130586, 19.464862 ], [ -99.130559, 19.46485 ], [ -99.130573, 19.464882 ], [ -99.130585, 19.464852 ], [ -99.130572, 19.464881 ], [ -99.130581, 19.464886 ], [ -99.130579, 19.464859 ], [ -99.130586, 19.464863 ], [ -99.130579, 19.464883 ], [ -99.130572, 19.464883 ], [ -99.130579, 19.464884 ], [ -99.130578, 19.464883 ], [ -99.130572, 19.464883 ], [ -99.130588, 19.464855 ], [ -99.130588, 19.464855 ], [ -99.130602, 19.464859 ], [ -99.130534, 19.464863 ], [ -99.143417, 19.465271 ], [ -99.142542, 19.465594 ] ] } },
{ "type": "Feature", "properties": { "device_id": "d40e1510dcc1011b2d815a41c1d6715ab02989c9b54de4ef89c7a0641bb1b2fd", "timestamps": "2020-01-01T06:00:15, 2020-01-01T06:04:18, 2020-01-01T06:11:19, 2020-01-01T06:18:08, 2020-01-01T06:25:08, 2020-01-01T06:34:22, 2020-01-01T06:38:55, 2020-01-01T06:46:21, 2020-01-01T06:54:21, 2020-01-01T07:01:24, 2020-01-01T07:03:32, 2020-01-01T07:10:46, 2020-01-01T07:14:23, 2020-01-01T07:22:26, 2020-01-01T07:29:07, 2020-01-01T07:37:49, 2020-01-01T07:46:15, 2020-01-01T07:51:43, 2020-01-01T07:53:52, 2020-01-01T07:54:12, 2020-01-01T08:02:11, 2020-01-01T08:10:14, 2020-01-01T08:18:13, 2020-01-01T08:19:10, 2020-01-01T08:22:29, 2020-01-01T08:30:10, 2020-01-01T08:38:16, 2020-01-01T08:45:16, 2020-01-01T08:58:45, 2020-01-01T09:04:35, 2020-01-01T09:06:45, 2020-01-01T09:08:52, 2020-01-01T09:15:44, 2020-01-01T09:22:44, 2020-01-01T09:29:08, 2020-01-01T09:34:40, 2020-01-01T09:42:46, 2020-01-01T09:50:47, 2020-01-01T09:59:48, 2020-01-01T10:06:49, 2020-01-01T10:14:35, 2020-01-01T10:19:45, 2020-01-01T10:22:35, 2020-01-01T10:23:51, 2020-01-01T10:31:00, 2020-01-01T10:41:34, 2020-01-01T10:48:30, 2020-01-01T10:49:05, 2020-01-01T10:50:49, 2020-01-01T10:58:37, 2020-01-01T11:10:38, 2020-01-01T11:18:05, 2020-01-01T11:26:02, 2020-01-01T11:29:47, 2020-01-01T11:34:02, 2020-01-01T11:38:54, 2020-01-01T11:46:04, 2020-01-01T11:54:03, 2020-01-01T12:02:00, 2020-01-01T12:02:59, 2020-01-01T12:05:54, 2020-01-01T12:10:12, 2020-01-01T12:19:02, 2020-01-01T12:30:06, 2020-01-01T12:37:06, 2020-01-01T12:39:47, 2020-01-01T12:45:52, 2020-01-01T12:53:50, 2020-01-01T13:01:31, 2020-01-01T13:08:31, 2020-01-01T13:12:49, 2020-01-01T13:16:30, 2020-01-01T13:20:26, 2020-01-01T13:23:03, 2020-01-01T13:30:09, 2020-01-01T13:39:01, 2020-01-01T13:47:04, 2020-01-01T13:49:48, 2020-01-01T13:55:03, 2020-01-01T14:07:07, 2020-01-01T14:08:56, 2020-01-01T14:20:26, 2020-01-01T14:22:18, 2020-01-01T14:31:02, 2020-01-01T14:35:19, 2020-01-01T14:35:32, 2020-01-01T14:45:23, 2020-01-01T14:52:19, 2020-01-01T15:03:51, 2020-01-01T15:04:34, 2020-01-01T15:11:03, 2020-01-01T15:20:45, 2020-01-01T15:23:57, 2020-01-01T15:31:10, 2020-01-01T15:38:10, 2020-01-01T15:45:39, 2020-01-01T15:50:31, 2020-01-01T15:59:06, 2020-01-01T16:07:59, 2020-01-01T16:13:34, 2020-01-01T16:14:49, 2020-01-01T16:21:06, 2020-01-01T16:29:58, 2020-01-01T16:37:08, 2020-01-01T16:38:58, 2020-01-01T16:45:11, 2020-01-01T16:49:57, 2020-01-01T16:57:58, 2020-01-01T17:05:00, 2020-01-01T17:05:03, 2020-01-01T17:14:25, 2020-01-01T17:22:08, 2020-01-01T17:24:36, 2020-01-01T17:32:06, 2020-01-01T17:42:07, 2020-01-01T17:50:50, 2020-01-01T17:53:59, 2020-01-01T17:54:43, 2020-01-01T18:04:48, 2020-01-01T18:11:33, 2020-01-01T18:21:59, 2020-01-01T18:25:37, 2020-01-01T18:38:09, 2020-01-01T18:40:21, 2020-01-01T18:47:20, 2020-01-01T19:08:22, 2020-01-01T19:13:12, 2020-01-01T19:15:13, 2020-01-01T19:36:10, 2020-01-01T19:43:44, 2020-01-01T19:50:29, 2020-01-01T19:57:40, 2020-01-01T20:05:52, 2020-01-01T20:12:56, 2020-01-01T20:19:58, 2020-01-01T20:24:15, 2020-01-01T20:28:28, 2020-01-01T20:35:31, 2020-01-01T20:43:55, 2020-01-01T20:51:31, 2020-01-01T20:58:01, 2020-01-01T21:03:11, 2020-01-01T21:20:16, 2020-01-01T21:27:18, 2020-01-01T21:34:19, 2020-01-01T21:34:39, 2020-01-01T21:45:01, 2020-01-01T22:00:53, 2020-01-01T22:06:00, 2020-01-01T22:07:41, 2020-01-01T22:14:18, 2020-01-01T22:23:48, 2020-01-01T22:32:02, 2020-01-01T22:45:15, 2020-01-01T22:46:22, 2020-01-01T22:53:20, 2020-01-01T22:53:26, 2020-01-01T23:00:01, 2020-01-01T23:07:01, 2020-01-01T23:18:46, 2020-01-01T23:22:24, 2020-01-01T23:24:34, 2020-01-01T23:30:58, 2020-01-01T23:37:59, 2020-01-01T23:44:59, 2020-01-01T23:51:13, 2020-01-01T23:58:18" }, "geometry": { "type": "LineString", "coordinates": [ [ -99.14, 19.46 ], [ -99.145608, 19.466211 ], [ -99.145608, 19.466211 ], [ -99.145608, 19.466211 ], [ -99.145608, 19.466211 ], [ -99.145524, 19.466247 ], [ -99.145524, 19.466247 ], [ -99.145524, 19.466247 ], [ -99.145524, 19.466247 ], [ -99.145524, 19.466247 ], [ -99.145524, 19.466247 ], [ -99.14, 19.46 ], [ -99.145524, 19.466247 ], [ -99.145524, 19.466247 ], [ -99.145524, 19.466247 ], [ -99.145524, 19.466247 ], [ -99.145632, 19.466253 ], [ -99.14, 19.46 ], [ -99.145632, 19.466253 ], [ -99.145632, 19.466253 ], [ -99.145632, 19.466253 ], [ -99.145632, 19.466253 ], [ -99.145632, 19.466253 ], [ -99.145632, 19.466253 ], [ -99.14, 19.46 ], [ -99.145632, 19.466253 ], [ -99.145632, 19.466253 ], [ -99.145632, 19.466253 ], [ -99.145558, 19.466069 ], [ -99.14, 19.46 ], [ -99.145558, 19.466069 ], [ -99.145558, 19.466069 ], [ -99.145558, 19.466069 ], [ -99.145558, 19.466069 ], [ -99.145558, 19.466069 ], [ -99.14, 19.46 ], [ -99.145558, 19.466069 ], [ -99.145558, 19.466069 ], [ -99.145549, 19.466196 ], [ -99.145549, 19.466196 ], [ -99.145549, 19.466196 ], [ -99.14, 19.46 ], [ -99.145549, 19.466196 ], [ -99.145549, 19.466196 ], [ -99.145549, 19.466196 ], [ -99.145549, 19.466196 ], [ -99.145549, 19.466196 ], [ -99.145549, 19.466196 ], [ -99.14, 19.46 ], [ -99.145549, 19.466196 ], [ -99.145632, 19.466148 ], [ -99.145632, 19.466148 ], [ -99.145632, 19.466148 ], [ -99.14, 19.46 ], [ -99.145632, 19.466148 ], [ -99.145632, 19.466148 ], [ -99.145555, 19.466093 ], [ -99.145555, 19.466093 ], [ -99.145555, 19.466093 ], [ -99.14, 19.46 ], [ -99.145555, 19.466093 ], [ -99.145578, 19.466208 ], [ -99.145578, 19.466208 ], [ -99.145578, 19.466208 ], [ -99.145578, 19.466208 ], [ -99.14, 19.46 ], [ -99.145578, 19.466208 ], [ -99.145569, 19.466241 ], [ -99.145687, 19.466323 ], [ -99.145456, 19.466244 ], [ -99.14, 19.46 ], [ -99.145456, 19.466244 ], [ -99.145456, 19.466244 ], [ -99.145456, 19.466244 ], [ -99.145456, 19.466244 ], [ -99.145507, 19.466116 ], [ -99.145507, 19.466116 ], [ -99.14, 19.46 ], [ -99.145507, 19.466116 ], [ -99.145543, 19.46616 ], [ -99.145543, 19.46616 ], [ -99.145543, 19.46616 ], [ -99.14, 19.46 ], [ -99.145746, 19.466113 ], [ -99.145746, 19.466113 ], [ -99.145746, 19.466113 ], [ -99.145746, 19.466113 ], [ -99.145746, 19.466113 ], [ -99.145517, 19.466394 ], [ -99.14, 19.46 ], [ -99.145517, 19.466394 ], [ -99.145517, 19.466394 ], [ -99.145557, 19.46618 ], [ -99.145557, 19.46618 ], [ -99.145557, 19.46618 ], [ -99.145557, 19.46618 ], [ -99.145402, 19.466197 ], [ -99.145402, 19.466197 ], [ -99.145402, 19.466197 ], [ -99.14, 19.46 ], [ -99.145603, 19.466182 ], [ -99.145603, 19.466182 ], [ -99.145603, 19.466182 ], [ -99.145603, 19.466182 ], [ -99.145603, 19.466182 ], [ -99.14, 19.46 ], [ -99.145527, 19.466259 ], [ -99.145527, 19.466259 ], [ -99.145527, 19.466259 ], [ -99.145527, 19.466259 ], [ -99.145658, 19.46636 ], [ -99.145658, 19.46636 ], [ -99.14, 19.46 ], [ -99.145658, 19.46636 ], [ -99.145458, 19.466308 ], [ -99.145553, 19.46622 ], [ -99.145553, 19.46622 ], [ -99.14, 19.46 ], [ -99.145553, 19.46622 ], [ -99.145553, 19.46622 ], [ -99.145649, 19.466144 ], [ -99.145823, 19.466158 ], [ -99.14, 19.46 ], [ -99.145829, 19.466292 ], [ -99.145604, 19.466464 ], [ -99.145998, 19.466491 ], [ -99.14, 19.46 ], [ -99.145246, 19.46612 ], [ -99.145367, 19.466457 ], [ -99.145276, 19.466453 ], [ -99.14, 19.46 ], [ -99.145577, 19.466513 ], [ -99.146075, 19.465684 ], [ -99.149595, 19.465907 ], [ -99.150592, 19.464087 ], [ -99.15, 19.46 ], [ -99.153383, 19.463469 ], [ -99.153093, 19.463499 ], [ -99.148432, 19.463956 ], [ -99.145844, 19.466393 ], [ -99.145294, 19.466451 ], [ -99.14, 19.46 ], [ -99.145166, 19.466577 ], [ -99.145163, 19.46661 ], [ -99.14, 19.46 ], [ -99.145172, 19.466553 ], [ -99.145365, 19.466421 ], [ -99.145236, 19.466304 ], [ -99.145236, 19.466304 ], [ -99.145236, 19.466304 ], [ -99.14, 19.46 ], [ -99.145432, 19.466399 ], [ -99.145468, 19.466341 ], [ -99.14, 19.46 ], [ -99.145468, 19.466341 ], [ -99.145402, 19.466392 ], [ -99.145402, 19.466392 ], [ -99.145402, 19.466392 ], [ -99.145402, 19.466392 ], [ -99.14584, 19.466398 ], [ -99.145344, 19.466463 ], [ -99.14, 19.46 ], [ -99.145519, 19.466431 ], [ -99.145498, 19.466407 ], [ -99.145525, 19.466422 ], [ -99.145415, 19.466417 ], [ -99.145417, 19.46633 ] ] } },
{ "type": "Feature", "properties": { "device_id": "e5da9fff48a5ebf81d1d9a74fa80f7a26371fc830d6cf42f931fb3416babf917", "timestamps": "2020-01-01T07:19:19, 2020-01-01T07:28:52, 2020-01-01T07:51:17, 2020-01-01T07:52:06, 2020-01-01T07:52:51, 2020-01-01T14:29:22, 2020-01-01T14:30:10, 2020-01-01T14:30:59, 2020-01-01T14:31:45, 2020-01-01T14:32:32, 2020-01-01T14:33:16, 2020-01-01T14:34:00, 2020-01-01T14:34:44, 2020-01-01T14:36:11, 2020-01-01T14:37:44, 2020-01-01T14:40:52, 2020-01-01T14:42:18, 2020-01-01T14:46:19, 2020-01-01T14:50:50, 2020-01-01T14:57:36, 2020-01-01T14:58:06, 2020-01-01T14:58:42, 2020-01-01T15:04:13, 2020-01-01T15:04:45, 2020-01-01T16:04:06, 2020-01-01T16:12:07, 2020-01-01T16:14:39, 2020-01-01T16:15:20, 2020-01-01T16:16:09, 2020-01-01T16:16:51, 2020-01-01T16:17:22, 2020-01-01T16:18:12, 2020-01-01T16:18:32, 2020-01-01T16:19:11, 2020-01-01T16:23:47, 2020-01-01T16:23:55, 2020-01-01T16:40:38, 2020-01-01T16:42:39, 2020-01-01T16:54:24, 2020-01-01T16:56:18, 2020-01-01T16:59:20, 2020-01-01T17:02:34, 2020-01-01T17:07:27, 2020-01-01T18:02:07, 2020-01-01T18:02:18, 2020-01-01T18:26:37, 2020-01-01T18:27:26, 2020-01-01T18:28:11, 2020-01-01T18:28:56, 2020-01-01T18:29:48, 2020-01-01T18:30:33, 2020-01-01T18:31:22, 2020-01-01T18:32:08, 2020-01-01T18:32:55, 2020-01-01T18:33:40, 2020-01-01T18:34:24, 2020-01-01T18:35:10, 2020-01-01T18:36:00, 2020-01-01T18:36:45, 2020-01-01T18:37:32, 2020-01-01T18:38:18, 2020-01-01T18:39:06, 2020-01-01T18:39:55, 2020-01-01T18:40:41, 2020-01-01T18:41:25, 2020-01-01T18:42:15, 2020-01-01T18:43:03, 2020-01-01T18:43:51, 2020-01-01T18:46:14, 2020-01-01T18:46:59, 2020-01-01T18:47:45, 2020-01-01T18:48:32, 2020-01-01T18:49:23, 2020-01-01T18:50:08, 2020-01-01T18:50:54, 2020-01-01T18:52:24, 2020-01-01T18:53:10, 2020-01-01T18:53:56, 2020-01-01T18:54:45, 2020-01-01T18:55:35, 2020-01-01T18:56:23, 2020-01-01T18:57:09, 2020-01-01T19:10:59, 2020-01-01T19:18:26" }, "geometry": { "type": "LineString", "coordinates": [ [ -99.12141, 19.49044 ], [ -99.162252, 19.459486 ], [ -99.191969, 19.369408 ], [ -99.190952, 19.363576 ], [ -99.193466, 19.359306 ], [ -99.144376, 19.465567 ], [ -99.144398, 19.465563 ], [ -99.144398, 19.465563 ], [ -99.144398, 19.465563 ], [ -99.144398, 19.465563 ], [ -99.144398, 19.465563 ], [ -99.144398, 19.465563 ], [ -99.144398, 19.465563 ], [ -99.144398, 19.465563 ], [ -99.144398, 19.465563 ], [ -99.144375, 19.465559 ], [ -99.144375, 19.465559 ], [ -99.144375, 19.465559 ], [ -99.144617, 19.464374 ], [ -99.145614, 19.465098 ], [ -99.144616, 19.464373 ], [ -99.144697, 19.465874 ], [ -99.144268, 19.465468 ], [ -99.143781, 19.465459 ], [ -99.144391, 19.465564 ], [ -99.144359, 19.465601 ], [ -99.14485, 19.465529 ], [ -99.145293, 19.465486 ], [ -99.145293, 19.465486 ], [ -99.145312, 19.465445 ], [ -99.145196, 19.465477 ], [ -99.145188, 19.465463 ], [ -99.145145, 19.465498 ], [ -99.145021, 19.465432 ], [ -99.14436, 19.465599 ], [ -99.145234, 19.465387 ], [ -99.145294, 19.46537 ], [ -99.144544, 19.465506 ], [ -99.144366, 19.465611 ], [ -99.144366, 19.465611 ], [ -99.144316, 19.465625 ], [ -99.144352, 19.465616 ], [ -99.144352, 19.465616 ], [ -99.144392, 19.465567 ], [ -99.144392, 19.465567 ], [ -99.144387, 19.465558 ], [ -99.144387, 19.465558 ], [ -99.144387, 19.465558 ], [ -99.144387, 19.465558 ], [ -99.144387, 19.465558 ], [ -99.144387, 19.465558 ], [ -99.144373, 19.465549 ], [ -99.144373, 19.465549 ], [ -99.144373, 19.465549 ], [ -99.144373, 19.465549 ], [ -99.144373, 19.465549 ], [ -99.144373, 19.465549 ], [ -99.144373, 19.465549 ], [ -99.144373, 19.465549 ], [ -99.144373, 19.465549 ], [ -99.144373, 19.465549 ], [ -99.144373, 19.465549 ], [ -99.144373, 19.465549 ], [ -99.144373, 19.465549 ], [ -99.144362, 19.465603 ], [ -99.144362, 19.465603 ], [ -99.144362, 19.465603 ], [ -99.144362, 19.465603 ], [ -99.144362, 19.465603 ], [ -99.144362, 19.465603 ], [ -99.144362, 19.465603 ], [ -99.144362, 19.465603 ], [ -99.144362, 19.465603 ], [ -99.144362, 19.465603 ], [ -99.144362, 19.465603 ], [ -99.144466, 19.465632 ], [ -99.144466, 19.465632 ], [ -99.144466, 19.465632 ], [ -99.144466, 19.465632 ], [ -99.144466, 19.465632 ], [ -99.144466, 19.465632 ], [ -99.144466, 19.465632 ], [ -99.144465, 19.465632 ], [ -99.144465, 19.465632 ] ] } },
{ "type": "Feature", "properties": { "device_id": "6a2c48b4061748a7830d8caf3314fa7ff22c5a80c75ac36d2ac6b4bd19f1e082", "timestamps": "2020-01-01T06:04:56, 2020-01-01T06:10:22, 2020-01-01T06:16:10, 2020-01-01T06:22:10, 2020-01-01T06:28:10, 2020-01-01T06:34:10, 2020-01-01T07:19:13, 2020-01-01T07:54:59, 2020-01-01T08:00:59, 2020-01-01T08:07:07, 2020-01-01T08:13:04, 2020-01-01T08:19:31, 2020-01-01T08:26:23, 2020-01-01T09:21:02, 2020-01-01T09:21:08, 2020-01-01T09:22:22, 2020-01-01T11:15:01, 2020-01-01T11:22:46, 2020-01-01T13:30:52, 2020-01-01T16:09:05, 2020-01-01T16:09:27, 2020-01-01T16:09:37, 2020-01-01T16:10:51, 2020-01-01T16:18:03, 2020-01-01T16:26:36, 2020-01-01T16:33:30, 2020-01-01T16:40:21, 2020-01-01T18:27:49, 2020-01-01T18:33:06, 2020-01-01T19:14:46, 2020-01-01T19:49:13, 2020-01-01T20:05:31, 2020-01-01T20:11:05, 2020-01-01T20:21:09, 2020-01-01T20:27:54, 2020-01-01T20:33:18, 2020-01-01T22:55:13, 2020-01-01T23:02:20, 2020-01-01T23:08:14, 2020-01-01T23:14:17" }, "geometry": { "type": "LineString", "coordinates": [ [ -98.935588, 19.286351 ], [ -98.935588, 19.286351 ], [ -98.935588, 19.286351 ], [ -98.935588, 19.286351 ], [ -98.935588, 19.286351 ], [ -98.935588, 19.286351 ], [ -98.935602, 19.28635 ], [ -98.953775, 19.264085 ], [ -98.953775, 19.264085 ], [ -98.953775, 19.264085 ], [ -98.953775, 19.264085 ], [ -98.953775, 19.264085 ], [ -98.953775, 19.264085 ], [ -98.953775, 19.264085 ], [ -98.953775, 19.264085 ], [ -98.953775, 19.264085 ], [ -98.953775, 19.264085 ], [ -98.953775, 19.264085 ], [ -98.953775, 19.264085 ], [ -98.953774, 19.264083 ], [ -98.953787, 19.264121 ], [ -98.953774, 19.264083 ], [ -98.953775, 19.264085 ], [ -98.953775, 19.264085 ], [ -98.953775, 19.264085 ], [ -98.953775, 19.264085 ], [ -98.953775, 19.264085 ], [ -98.942303, 19.278078 ], [ -98.943736, 19.293666 ], [ -99.115402, 19.457047 ], [ -99.144772, 19.466749 ], [ -99.145001, 19.466347 ], [ -99.145213, 19.466565 ], [ -99.145168, 19.466591 ], [ -99.145405, 19.466562 ], [ -99.145468, 19.466541 ], [ -99.03093, 19.382466 ], [ -98.976864, 19.340686 ], [ -98.947852, 19.306869 ], [ -98.944025, 19.293674 ] ] } },
{ "type": "Feature", "properties": { "device_id": "465bf0be3784975f6a7e32028a838b3cb58a4d8288c5cc9276e44a6b37e860c0", "timestamps": "2020-01-01T21:13:47, 2020-01-01T21:15:48, 2020-01-01T21:16:32, 2020-01-01T21:16:57, 2020-01-01T21:17:09, 2020-01-01T21:17:20, 2020-01-01T21:18:04, 2020-01-01T21:19:08, 2020-01-01T21:19:56, 2020-01-01T21:20:12, 2020-01-01T21:20:26, 2020-01-01T21:20:49, 2020-01-01T21:21:11, 2020-01-01T21:21:33, 2020-01-01T21:21:47, 2020-01-01T21:21:58, 2020-01-01T21:22:08, 2020-01-01T21:22:21, 2020-01-01T21:23:04, 2020-01-01T21:23:17, 2020-01-01T21:23:29, 2020-01-01T21:23:40, 2020-01-01T21:24:00, 2020-01-01T21:25:25, 2020-01-01T21:25:39, 2020-01-01T21:26:06, 2020-01-01T21:26:43, 2020-01-01T21:26:59, 2020-01-01T21:27:33, 2020-01-01T21:27:45, 2020-01-01T21:27:57, 2020-01-01T21:28:09, 2020-01-01T21:28:46, 2020-01-01T21:28:53" }, "geometry": { "type": "LineString", "coordinates": [ [ -99.144289, 19.465323 ], [ -99.144288, 19.465322 ], [ -99.144289, 19.465323 ], [ -99.144288, 19.465322 ], [ -99.144288, 19.465322 ], [ -99.144288, 19.465322 ], [ -99.144289, 19.465323 ], [ -99.144288, 19.465322 ], [ -99.144289, 19.465323 ], [ -99.144288, 19.465322 ], [ -99.144289, 19.465323 ], [ -99.144289, 19.465323 ], [ -99.144289, 19.465323 ], [ -99.144289, 19.465323 ], [ -99.144289, 19.465323 ], [ -99.144289, 19.465323 ], [ -99.144288, 19.465322 ], [ -99.144288, 19.465322 ], [ -99.144289, 19.465323 ], [ -99.144289, 19.465323 ], [ -99.144288, 19.465322 ], [ -99.144289, 19.465323 ], [ -99.144288, 19.465322 ], [ -99.144289, 19.465323 ], [ -99.144288, 19.465322 ], [ -99.144289, 19.465323 ], [ -99.144289, 19.465323 ], [ -99.144289, 19.465323 ], [ -99.144289, 19.465323 ], [ -99.144289, 19.465323 ], [ -99.144288, 19.465322 ], [ -99.144289, 19.465323 ], [ -99.144288, 19.465322 ], [ -99.144289, 19.465323 ] ] } },
{ "type": "Feature", "properties": { "device_id": "cf6c7f59c0c5d469762179ef43250bc7841c0ce7e4108331a9b851bd075f9642", "timestamps": "2020-01-01T06:33:20, 2020-01-01T06:34:39, 2020-01-01T06:48:47, 2020-01-01T07:02:21, 2020-01-01T07:45:50, 2020-01-01T07:58:24, 2020-01-01T07:58:26, 2020-01-01T08:13:02, 2020-01-01T08:16:14, 2020-01-01T08:28:58, 2020-01-01T08:42:09, 2020-01-01T08:48:56, 2020-01-01T08:58:56, 2020-01-01T09:10:56, 2020-01-01T09:22:43, 2020-01-01T10:05:53, 2020-01-01T10:53:59, 2020-01-01T10:55:49, 2020-01-01T11:08:57, 2020-01-01T11:11:22, 2020-01-01T11:20:10, 2020-01-01T12:01:31, 2020-01-01T12:04:56, 2020-01-01T12:18:56, 2020-01-01T12:30:42, 2020-01-01T12:30:44, 2020-01-01T12:43:57, 2020-01-01T12:46:34, 2020-01-01T12:57:39, 2020-01-01T13:50:01, 2020-01-01T13:53:55, 2020-01-01T14:05:17, 2020-01-01T15:24:57, 2020-01-01T15:36:48, 2020-01-01T15:48:35, 2020-01-01T16:03:40, 2020-01-01T16:20:06, 2020-01-01T16:20:56, 2020-01-01T16:26:22, 2020-01-01T16:28:24, 2020-01-01T16:29:19, 2020-01-01T16:29:29, 2020-01-01T16:29:30, 2020-01-01T16:29:45, 2020-01-01T16:34:30, 2020-01-01T16:34:45, 2020-01-01T16:40:00, 2020-01-01T16:53:14, 2020-01-01T16:57:12, 2020-01-01T16:57:15, 2020-01-01T16:57:21, 2020-01-01T17:05:41, 2020-01-01T17:18:25, 2020-01-01T17:32:50, 2020-01-01T17:44:57, 2020-01-01T17:57:00, 2020-01-01T19:06:51, 2020-01-01T19:18:41, 2020-01-01T19:30:03, 2020-01-01T19:30:06, 2020-01-01T19:45:39, 2020-01-01T19:47:03, 2020-01-01T19:59:57, 2020-01-01T20:03:38, 2020-01-01T20:12:16, 2020-01-01T21:09:25, 2020-01-01T21:09:26, 2020-01-01T21:26:13, 2020-01-01T21:26:17, 2020-01-01T21:39:58, 2020-01-01T22:24:08, 2020-01-01T22:41:01, 2020-01-01T22:49:56, 2020-01-01T22:55:51, 2020-01-01T23:01:13, 2020-01-01T23:01:24, 2020-01-01T23:11:36, 2020-01-01T23:24:25, 2020-01-01T23:39:21, 2020-01-01T23:39:28, 2020-01-01T23:53:23, 2020-01-01T23:53:27" }, "geometry": { "type": "LineString", "coordinates": [ [ -99.162988, 19.52611 ], [ -99.162991, 19.52612 ], [ -99.162991, 19.52612 ], [ -99.162953, 19.526122 ], [ -99.162968, 19.526102 ], [ -99.162964, 19.526099 ], [ -99.162964, 19.526099 ], [ -99.162896, 19.526051 ], [ -99.162896, 19.526051 ], [ -99.162967, 19.526099 ], [ -99.162955, 19.526121 ], [ -99.162955, 19.526122 ], [ -99.162977, 19.526112 ], [ -99.162959, 19.526122 ], [ -99.162965, 19.526098 ], [ -99.162977, 19.526112 ], [ -99.162977, 19.526112 ], [ -99.162977, 19.526112 ], [ -99.162954, 19.52612 ], [ -99.162954, 19.52612 ], [ -99.162967, 19.5261 ], [ -99.162989, 19.526111 ], [ -99.162989, 19.526111 ], [ -99.162987, 19.526113 ], [ -99.162987, 19.52611 ], [ -99.162977, 19.526112 ], [ -99.16298, 19.526116 ], [ -99.16298, 19.526116 ], [ -99.162966, 19.526098 ], [ -99.145427, 19.471662 ], [ -99.14389, 19.465304 ], [ -99.09629, 19.409787 ], [ -99.092709, 19.40632 ], [ -99.092701, 19.406281 ], [ -99.092844, 19.406256 ], [ -99.092815, 19.4063 ], [ -99.09285, 19.40629 ], [ -99.092833, 19.406298 ], [ -99.092271, 19.406987 ], [ -99.092501, 19.406995 ], [ -99.092271, 19.406987 ], [ -99.09229, 19.40697 ], [ -99.09229, 19.40697 ], [ -99.092271, 19.406987 ], [ -99.09229, 19.40697 ], [ -99.092271, 19.406987 ], [ -99.116103, 19.369727 ], [ -99.148374, 19.339806 ], [ -99.155262, 19.32839 ], [ -99.155262, 19.32839 ], [ -99.15526, 19.32839 ], [ -99.157834, 19.319768 ], [ -99.157854, 19.319705 ], [ -99.157858, 19.319688 ], [ -99.157886, 19.319674 ], [ -99.157838, 19.319632 ], [ -99.15785, 19.319653 ], [ -99.15785, 19.319653 ], [ -99.15785, 19.319653 ], [ -99.15785, 19.319653 ], [ -99.15785, 19.319653 ], [ -99.15785, 19.319653 ], [ -99.15785, 19.319653 ], [ -99.15785, 19.319653 ], [ -99.15785, 19.319653 ], [ -99.157852, 19.319609 ], [ -99.157852, 19.319609 ], [ -99.157857, 19.319628 ], [ -99.157857, 19.319628 ], [ -99.157857, 19.319628 ], [ -99.157872, 19.319645 ], [ -99.157872, 19.319645 ], [ -99.157872, 19.319645 ], [ -99.157872, 19.319645 ], [ -99.15789, 19.31963 ], [ -99.157872, 19.319645 ], [ -99.157872, 19.319645 ], [ -99.157872, 19.319645 ], [ -99.157872, 19.319645 ], [ -99.157872, 19.319645 ], [ -99.157881, 19.319657 ], [ -99.157881, 19.319657 ] ] } },
{ "type": "Feature", "properties": { "device_id": "423bcacbae3fc062def6e709e68f406526014efa7c86198423c7dcd618b7a5e3", "timestamps": "2020-01-01T06:08:38, 2020-01-01T06:11:41, 2020-01-01T06:29:17, 2020-01-01T06:34:19, 2020-01-01T06:34:45, 2020-01-01T06:45:52, 2020-01-01T06:53:44, 2020-01-01T06:57:58, 2020-01-01T06:58:11, 2020-01-01T06:58:28, 2020-01-01T07:06:54, 2020-01-01T07:34:03, 2020-01-01T07:36:54, 2020-01-01T07:43:18, 2020-01-01T07:49:47, 2020-01-01T07:55:49, 2020-01-01T08:02:52, 2020-01-01T08:03:42, 2020-01-01T08:07:58, 2020-01-01T08:13:22, 2020-01-01T08:18:28, 2020-01-01T08:19:37, 2020-01-01T08:25:05, 2020-01-01T08:34:29, 2020-01-01T08:45:16, 2020-01-01T08:49:09, 2020-01-01T08:51:44, 2020-01-01T08:56:09, 2020-01-01T09:02:10, 2020-01-01T09:04:28, 2020-01-01T09:09:44, 2020-01-01T09:16:49, 2020-01-01T09:22:11, 2020-01-01T09:24:54, 2020-01-01T09:26:12, 2020-01-01T09:26:53, 2020-01-01T09:31:11, 2020-01-01T09:36:11, 2020-01-01T09:42:44, 2020-01-01T09:49:43, 2020-01-01T09:54:08, 2020-01-01T09:58:44, 2020-01-01T10:00:55, 2020-01-01T10:07:14, 2020-01-01T10:13:41, 2020-01-01T10:20:55, 2020-01-01T10:25:52, 2020-01-01T10:32:42, 2020-01-01T10:38:55, 2020-01-01T10:41:12, 2020-01-01T10:46:11, 2020-01-01T10:52:10, 2020-01-01T11:00:45, 2020-01-01T11:04:05, 2020-01-01T11:06:31, 2020-01-01T11:12:07, 2020-01-01T11:24:55, 2020-01-01T11:30:07, 2020-01-01T11:34:19, 2020-01-01T11:40:52, 2020-01-01T11:47:28, 2020-01-01T11:55:39, 2020-01-01T11:57:19, 2020-01-01T12:02:42, 2020-01-01T12:04:06, 2020-01-01T12:09:23, 2020-01-01T12:16:55, 2020-01-01T12:22:18, 2020-01-01T12:31:51, 2020-01-01T12:39:41, 2020-01-01T12:46:55, 2020-01-01T12:49:42, 2020-01-01T12:53:52, 2020-01-01T12:59:16, 2020-01-01T13:05:18, 2020-01-01T13:11:20, 2020-01-01T13:16:28, 2020-01-01T13:27:07, 2020-01-01T13:34:55, 2020-01-01T13:40:54, 2020-01-01T13:47:42, 2020-01-01T13:54:33, 2020-01-01T14:01:13, 2020-01-01T14:05:52, 2020-01-01T14:12:24, 2020-01-01T14:19:46, 2020-01-01T14:26:20, 2020-01-01T14:26:26, 2020-01-01T14:31:26, 2020-01-01T14:37:17, 2020-01-01T14:43:09, 2020-01-01T14:55:59, 2020-01-01T15:04:15, 2020-01-01T15:10:40, 2020-01-01T15:17:59, 2020-01-01T15:20:29, 2020-01-01T15:25:11, 2020-01-01T15:33:44, 2020-01-01T15:39:47, 2020-01-01T15:41:11, 2020-01-01T15:46:14, 2020-01-01T15:52:25, 2020-01-01T15:58:28, 2020-01-01T16:04:08, 2020-01-01T16:05:15, 2020-01-01T16:11:54, 2020-01-01T16:19:54, 2020-01-01T16:29:53, 2020-01-01T16:34:14, 2020-01-01T16:39:16, 2020-01-01T16:45:36, 2020-01-01T16:56:20, 2020-01-01T16:56:52, 2020-01-01T17:01:27, 2020-01-01T17:08:51, 2020-01-01T17:14:23, 2020-01-01T17:23:42, 2020-01-01T17:28:42, 2020-01-01T17:33:39, 2020-01-01T17:39:51, 2020-01-01T17:51:54, 2020-01-01T17:52:51, 2020-01-01T18:05:25, 2020-01-01T18:05:53, 2020-01-01T18:05:56, 2020-01-01T18:10:18, 2020-01-01T18:12:16, 2020-01-01T18:42:15, 2020-01-01T18:51:20, 2020-01-01T18:59:16, 2020-01-01T19:11:35, 2020-01-01T19:25:17, 2020-01-01T19:39:45, 2020-01-01T19:44:31, 2020-01-01T19:51:24, 2020-01-01T19:54:09, 2020-01-01T19:54:21, 2020-01-01T19:54:29, 2020-01-01T19:57:14, 2020-01-01T20:08:28, 2020-01-01T20:19:52, 2020-01-01T20:29:18, 2020-01-01T20:36:43, 2020-01-01T20:36:49, 2020-01-01T20:36:50, 2020-01-01T20:36:51, 2020-01-01T20:36:53, 2020-01-01T20:36:54, 2020-01-01T20:37:02, 2020-01-01T20:37:11, 2020-01-01T20:37:12, 2020-01-01T20:37:55, 2020-01-01T20:44:11, 2020-01-01T20:57:59, 2020-01-01T21:12:53, 2020-01-01T21:27:20, 2020-01-01T21:39:14, 2020-01-01T21:44:43, 2020-01-01T21:48:24, 2020-01-01T21:53:12, 2020-01-01T22:11:53, 2020-01-01T22:15:19, 2020-01-01T22:15:38, 2020-01-01T22:23:20, 2020-01-01T22:52:43, 2020-01-01T22:53:24, 2020-01-01T23:13:01, 2020-01-01T23:19:51, 2020-01-01T23:24:34, 2020-01-01T23:35:40, 2020-01-01T23:44:43, 2020-01-01T23:47:21" }, "geometry": { "type": "LineString", "coordinates": [ [ -99.049999, 19.579999 ], [ -99.054753, 19.589175 ], [ -99.054732, 19.589189 ], [ -99.054751, 19.589173 ], [ -99.054752, 19.589172 ], [ -99.054748, 19.589188 ], [ -99.054752, 19.58917 ], [ -99.05, 19.58 ], [ -99.05, 19.58 ], [ -99.049999, 19.579999 ], [ -99.054755, 19.589189 ], [ -99.049999, 19.579999 ], [ -99.054773, 19.589196 ], [ -99.054645, 19.589266 ], [ -99.054657, 19.589249 ], [ -99.054657, 19.589249 ], [ -99.054657, 19.589249 ], [ -99.054682, 19.589241 ], [ -99.054634, 19.589244 ], [ -99.054634, 19.589244 ], [ -99.049999, 19.579999 ], [ -99.054634, 19.589244 ], [ -99.054634, 19.589244 ], [ -99.054655, 19.589245 ], [ -99.054655, 19.589247 ], [ -99.049999, 19.579999 ], [ -99.054655, 19.589247 ], [ -99.054615, 19.589287 ], [ -99.054625, 19.589253 ], [ -99.054606, 19.58926 ], [ -99.054606, 19.58926 ], [ -99.054606, 19.58926 ], [ -99.054606, 19.58926 ], [ -99.054606, 19.58926 ], [ -99.049999, 19.579999 ], [ -99.054616, 19.589267 ], [ -99.054678, 19.589241 ], [ -99.054678, 19.589241 ], [ -99.054637, 19.589231 ], [ -99.054605, 19.589258 ], [ -99.054605, 19.589258 ], [ -99.049999, 19.579999 ], [ -99.054605, 19.589258 ], [ -99.054708, 19.58938 ], [ -99.054708, 19.58938 ], [ -99.054708, 19.58938 ], [ -99.054708, 19.589381 ], [ -99.054708, 19.589381 ], [ -99.054708, 19.589381 ], [ -99.054708, 19.589381 ], [ -99.054707, 19.589382 ], [ -99.054707, 19.589382 ], [ -99.054707, 19.589382 ], [ -99.049999, 19.579999 ], [ -99.054707, 19.589382 ], [ -99.054707, 19.589382 ], [ -99.054692, 19.589352 ], [ -99.054692, 19.589352 ], [ -99.054692, 19.589352 ], [ -99.054709, 19.589385 ], [ -99.054709, 19.589385 ], [ -99.054694, 19.589352 ], [ -99.054694, 19.589352 ], [ -99.054698, 19.589356 ], [ -99.049999, 19.579999 ], [ -99.054698, 19.589356 ], [ -99.054698, 19.589356 ], [ -99.054698, 19.589356 ], [ -99.054698, 19.589356 ], [ -99.054705, 19.589357 ], [ -99.054705, 19.589357 ], [ -99.054705, 19.589359 ], [ -99.054704, 19.589382 ], [ -99.054704, 19.589382 ], [ -99.054704, 19.589382 ], [ -99.054704, 19.589382 ], [ -99.054703, 19.589358 ], [ -99.054692, 19.589352 ], [ -99.054692, 19.589352 ], [ -99.054692, 19.589352 ], [ -99.054692, 19.589352 ], [ -99.054707, 19.589383 ], [ -99.054707, 19.589383 ], [ -99.054707, 19.589383 ], [ -99.054709, 19.589384 ], [ -99.054709, 19.589384 ], [ -99.054709, 19.589384 ], [ -99.054709, 19.589384 ], [ -99.054708, 19.589381 ], [ -99.054708, 19.589381 ], [ -99.054708, 19.589381 ], [ -99.054708, 19.58938 ], [ -99.054708, 19.58938 ], [ -99.054708, 19.58938 ], [ -99.054708, 19.58938 ], [ -99.054713, 19.589382 ], [ -99.054705, 19.589383 ], [ -99.054705, 19.589383 ], [ -99.054705, 19.589383 ], [ -99.054705, 19.589383 ], [ -99.054708, 19.589359 ], [ -99.054706, 19.589357 ], [ -99.054706, 19.589357 ], [ -99.054706, 19.589357 ], [ -99.049999, 19.579999 ], [ -99.054706, 19.589357 ], [ -99.054706, 19.589357 ], [ -99.054708, 19.58936 ], [ -99.054708, 19.58936 ], [ -99.054706, 19.589359 ], [ -99.054706, 19.589359 ], [ -99.054704, 19.589358 ], [ -99.054704, 19.589358 ], [ -99.054723, 19.589382 ], [ -99.054723, 19.589382 ], [ -99.054723, 19.589382 ], [ -99.054722, 19.589382 ], [ -99.054722, 19.589382 ], [ -99.054722, 19.589382 ], [ -99.054722, 19.589382 ], [ -99.054722, 19.589382 ], [ -99.054694, 19.589352 ], [ -99.054728, 19.589386 ], [ -99.054694, 19.589354 ], [ -99.054725, 19.589383 ], [ -99.054728, 19.589386 ], [ -99.049999, 19.579999 ], [ -99.054729, 19.589166 ], [ -99.054755, 19.589194 ], [ -99.054622, 19.58909 ], [ -99.054697, 19.589154 ], [ -99.054709, 19.589081 ], [ -99.054692, 19.58934 ], [ -99.054644, 19.589084 ], [ -99.05461, 19.589193 ], [ -99.05462, 19.589191 ], [ -99.05462, 19.589191 ], [ -99.05462, 19.589191 ], [ -99.054764, 19.589352 ], [ -99.054679, 19.589361 ], [ -99.054701, 19.589357 ], [ -99.054698, 19.589356 ], [ -99.054704, 19.589378 ], [ -99.054704, 19.589378 ], [ -99.054704, 19.589378 ], [ -99.054704, 19.589378 ], [ -99.054704, 19.589378 ], [ -99.054704, 19.589378 ], [ -99.054704, 19.589378 ], [ -99.054704, 19.589378 ], [ -99.054704, 19.589378 ], [ -99.054738, 19.589365 ], [ -99.054679, 19.589366 ], [ -99.054696, 19.589354 ], [ -99.049999, 19.579999 ], [ -99.054913, 19.589517 ], [ -99.054769, 19.589173 ], [ -99.054736, 19.589188 ], [ -99.05, 19.58 ], [ -99.054761, 19.589188 ], [ -99.054752, 19.589179 ], [ -99.054735, 19.589187 ], [ -99.054732, 19.589172 ], [ -99.054782, 19.589191 ], [ -99.049999, 19.579999 ], [ -99.054756, 19.589191 ], [ -99.05468, 19.589353 ], [ -99.054821, 19.589544 ], [ -99.045515, 19.595309 ], [ -99.103224, 19.514544 ], [ -99.14334, 19.467071 ], [ -99.143589, 19.465738 ] ] } },
{ "type": "Feature", "properties": { "device_id": "0decc60e4953d1f47a340a046f8b71b6a821c16a6cffb7808330d4c1aa6c216e", "timestamps": "2020-01-01T06:07:12, 2020-01-01T06:17:15, 2020-01-01T06:27:47, 2020-01-01T06:39:42, 2020-01-01T06:49:23, 2020-01-01T07:00:28, 2020-01-01T07:10:48, 2020-01-01T07:20:47, 2020-01-01T07:30:02, 2020-01-01T07:42:24, 2020-01-01T07:51:07, 2020-01-01T08:06:01, 2020-01-01T08:21:19, 2020-01-01T08:41:15, 2020-01-01T09:01:41, 2020-01-01T10:21:29, 2020-01-01T10:41:29, 2020-01-01T11:11:29, 2020-01-01T11:30:01, 2020-01-01T11:45:15, 2020-01-01T11:47:11, 2020-01-01T12:06:00, 2020-01-01T12:06:04, 2020-01-01T12:21:13, 2020-01-01T12:41:12, 2020-01-01T13:11:09, 2020-01-01T13:12:54, 2020-01-01T13:12:55, 2020-01-01T13:22:31, 2020-01-01T13:32:07, 2020-01-01T13:32:32, 2020-01-01T13:32:35, 2020-01-01T13:51:10, 2020-01-01T14:10:07, 2020-01-01T14:31:12, 2020-01-01T14:41:07, 2020-01-01T14:42:25, 2020-01-01T14:42:28, 2020-01-01T15:01:12, 2020-01-01T15:21:12, 2020-01-01T15:31:56, 2020-01-01T15:41:21, 2020-01-01T15:51:41, 2020-01-01T16:01:05, 2020-01-01T16:01:12, 2020-01-01T16:10:51, 2020-01-01T16:12:31, 2020-01-01T17:43:51, 2020-01-01T17:43:53, 2020-01-01T18:09:04, 2020-01-01T18:19:36, 2020-01-01T18:32:20, 2020-01-01T18:32:23, 2020-01-01T18:43:21, 2020-01-01T19:04:41, 2020-01-01T19:25:55, 2020-01-01T19:38:30, 2020-01-01T20:01:16, 2020-01-01T20:01:22, 2020-01-01T20:01:25, 2020-01-01T20:07:09, 2020-01-01T20:14:05, 2020-01-01T20:30:09, 2020-01-01T20:36:02, 2020-01-01T20:38:37, 2020-01-01T20:38:52, 2020-01-01T20:39:44, 2020-01-01T20:40:29, 2020-01-01T20:41:50, 2020-01-01T20:42:46, 2020-01-01T20:43:12, 2020-01-01T20:44:04, 2020-01-01T20:44:59, 2020-01-01T20:45:49, 2020-01-01T20:46:10, 2020-01-01T20:47:07, 2020-01-01T20:48:33, 2020-01-01T20:49:18, 2020-01-01T20:50:08, 2020-01-01T20:50:24, 2020-01-01T20:51:34, 2020-01-01T20:52:19, 2020-01-01T20:53:20, 2020-01-01T20:54:37, 2020-01-01T20:54:52, 2020-01-01T20:55:41, 2020-01-01T20:56:28, 2020-01-01T20:57:39, 2020-01-01T20:57:54, 2020-01-01T20:58:40, 2020-01-01T20:59:15, 2020-01-01T21:00:02, 2020-01-01T21:00:50, 2020-01-01T21:01:47, 2020-01-01T21:02:11, 2020-01-01T21:03:04, 2020-01-01T21:03:57, 2020-01-01T21:05:53, 2020-01-01T21:09:26, 2020-01-01T21:10:28, 2020-01-01T21:11:01, 2020-01-01T21:17:30, 2020-01-01T21:17:33, 2020-01-01T21:17:35, 2020-01-01T21:17:44, 2020-01-01T21:20:13, 2020-01-01T21:21:03, 2020-01-01T21:21:59, 2020-01-01T21:22:35, 2020-01-01T21:23:10, 2020-01-01T21:24:06, 2020-01-01T21:24:22, 2020-01-01T21:25:05, 2020-01-01T21:25:32, 2020-01-01T21:31:57, 2020-01-01T21:34:58, 2020-01-01T21:44:56, 2020-01-01T21:49:01, 2020-01-01T21:49:03, 2020-01-01T21:49:09, 2020-01-01T21:49:43, 2020-01-01T21:49:46, 2020-01-01T21:50:03, 2020-01-01T21:50:05, 2020-01-01T21:50:11, 2020-01-01T21:50:15, 2020-01-01T21:50:18, 2020-01-01T21:50:23, 2020-01-01T21:50:25, 2020-01-01T21:50:33, 2020-01-01T21:50:37, 2020-01-01T21:50:45, 2020-01-01T21:50:49, 2020-01-01T21:50:53, 2020-01-01T21:50:57, 2020-01-01T21:50:59, 2020-01-01T21:51:03, 2020-01-01T21:51:05, 2020-01-01T21:51:07, 2020-01-01T21:51:13, 2020-01-01T21:51:16, 2020-01-01T21:51:19, 2020-01-01T21:51:23, 2020-01-01T21:51:25, 2020-01-01T21:51:27, 2020-01-01T21:51:29, 2020-01-01T21:51:33, 2020-01-01T21:51:37, 2020-01-01T21:51:42, 2020-01-01T21:51:44, 2020-01-01T21:51:46, 2020-01-01T21:51:49, 2020-01-01T21:51:54, 2020-01-01T21:52:51, 2020-01-01T21:52:53, 2020-01-01T21:52:55, 2020-01-01T21:52:59, 2020-01-01T21:56:54, 2020-01-01T22:06:20, 2020-01-01T22:06:25, 2020-01-01T22:16:17, 2020-01-01T22:26:01, 2020-01-01T22:37:50, 2020-01-01T22:46:49, 2020-01-01T22:57:19, 2020-01-01T23:07:31, 2020-01-01T23:17:08, 2020-01-01T23:31:02, 2020-01-01T23:51:11, 2020-01-01T23:51:14" }, "geometry": { "type": "LineString", "coordinates": [ [ -99.174637, 19.443766 ], [ -99.174635, 19.443766 ], [ -99.174663, 19.44376 ], [ -99.174635, 19.443768 ], [ -99.17466, 19.443752 ], [ -99.174662, 19.443735 ], [ -99.174635, 19.443765 ], [ -99.174636, 19.443764 ], [ -99.174636, 19.443764 ], [ -99.174662, 19.443788 ], [ -99.174636, 19.443767 ], [ -99.174669, 19.443784 ], [ -99.174655, 19.4438 ], [ -99.174654, 19.443762 ], [ -99.174652, 19.4438 ], [ -99.174873, 19.443972 ], [ -99.174873, 19.443972 ], [ -99.174873, 19.443972 ], [ -99.174873, 19.443972 ], [ -99.174873, 19.443972 ], [ -99.174652, 19.443798 ], [ -99.17465, 19.443823 ], [ -99.17465, 19.443823 ], [ -99.17465, 19.443825 ], [ -99.174669, 19.443823 ], [ -99.174668, 19.443827 ], [ -99.174668, 19.443827 ], [ -99.174668, 19.443827 ], [ -99.174669, 19.443786 ], [ -99.174666, 19.443728 ], [ -99.174696, 19.44388 ], [ -99.174652, 19.44383 ], [ -99.174654, 19.443793 ], [ -99.17465, 19.443795 ], [ -99.174654, 19.443804 ], [ -99.174668, 19.443784 ], [ -99.174667, 19.443737 ], [ -99.174668, 19.443739 ], [ -99.174656, 19.443778 ], [ -99.174666, 19.443779 ], [ -99.174637, 19.443766 ], [ -99.174643, 19.44376 ], [ -99.165275, 19.443586 ], [ -99.139544, 19.479485 ], [ -99.139648, 19.479112 ], [ -99.140371, 19.480292 ], [ -99.140601, 19.480729 ], [ -98.849906, 19.694126 ], [ -98.849831, 19.694078 ], [ -98.849794, 19.693947 ], [ -98.849832, 19.693955 ], [ -98.849065, 19.693764 ], [ -98.849065, 19.693764 ], [ -98.848317, 19.693594 ], [ -98.844686, 19.697372 ], [ -98.844105, 19.698853 ], [ -98.844245, 19.698513 ], [ -98.849061, 19.693764 ], [ -98.849046, 19.693739 ], [ -98.847671, 19.69339 ], [ -98.849916, 19.694053 ], [ -98.849481, 19.693842 ], [ -98.849203, 19.694084 ], [ -98.853191, 19.683974 ], [ -98.860565, 19.678808 ], [ -98.855245, 19.684292 ], [ -98.867907, 19.670004 ], [ -98.87306, 19.660289 ], [ -98.881835, 19.653465 ], [ -98.898132, 19.640763 ], [ -98.90602, 19.634581 ], [ -98.925038, 19.62858 ], [ -98.914307, 19.628893 ], [ -98.934902, 19.624783 ], [ -98.944833, 19.619846 ], [ -98.966329, 19.621217 ], [ -98.977183, 19.621874 ], [ -98.98793, 19.622518 ], [ -99.007483, 19.623102 ], [ -98.998931, 19.623224 ], [ -99.013605, 19.61654 ], [ -99.022276, 19.612686 ], [ -99.023264, 19.612424 ], [ -99.024524, 19.612107 ], [ -99.024299, 19.612162 ], [ -99.024763, 19.612089 ], [ -99.025056, 19.612086 ], [ -99.025346, 19.612082 ], [ -99.025056, 19.612086 ], [ -99.02568, 19.612046 ], [ -99.028255, 19.611293 ], [ -99.038396, 19.603019 ], [ -99.035965, 19.607949 ], [ -99.039787, 19.598134 ], [ -99.040068, 19.596727 ], [ -99.044296, 19.581833 ], [ -99.041624, 19.590178 ], [ -99.052287, 19.570749 ], [ -99.082153, 19.528094 ], [ -99.092387, 19.521482 ], [ -99.101419, 19.514669 ], [ -99.126469, 19.484206 ], [ -99.126399, 19.484315 ], [ -99.126296, 19.484528 ], [ -99.123584, 19.488171 ], [ -99.132837, 19.480414 ], [ -99.135166, 19.48078 ], [ -99.135167, 19.480781 ], [ -99.135988, 19.480943 ], [ -99.137126, 19.481094 ], [ -99.13843, 19.480214 ], [ -99.138111, 19.480672 ], [ -99.138664, 19.480056 ], [ -99.138576, 19.480107 ], [ -99.140186, 19.479196 ], [ -99.139727, 19.479389 ], [ -99.140573, 19.477895 ], [ -99.144441, 19.464439 ], [ -99.145046, 19.464727 ], [ -99.145831, 19.464387 ], [ -99.142391, 19.466053 ], [ -99.142536, 19.4656 ], [ -99.155755, 19.463749 ], [ -99.154999, 19.463578 ], [ -99.149763, 19.463142 ], [ -99.14937, 19.46323 ], [ -99.1509, 19.462952 ], [ -99.148284, 19.463493 ], [ -99.147602, 19.463711 ], [ -99.153952, 19.46337 ], [ -99.154488, 19.463474 ], [ -99.151306, 19.463024 ], [ -99.153031, 19.463237 ], [ -99.14669, 19.464018 ], [ -99.147141, 19.463876 ], [ -99.147435, 19.463789 ], [ -99.163267, 19.458657 ], [ -99.163003, 19.459234 ], [ -99.163339, 19.458199 ], [ -99.160196, 19.462515 ], [ -99.160367, 19.462221 ], [ -99.160608, 19.461742 ], [ -99.159217, 19.463718 ], [ -99.15869, 19.463976 ], [ -99.159534, 19.463468 ], [ -99.159737, 19.46325 ], [ -99.162319, 19.459927 ], [ -99.162691, 19.459621 ], [ -99.160785, 19.461419 ], [ -99.160965, 19.46113 ], [ -99.161299, 19.460738 ], [ -99.161677, 19.460443 ], [ -99.157533, 19.464123 ], [ -99.163527, 19.457369 ], [ -99.163577, 19.457021 ], [ -99.163449, 19.457707 ], [ -99.163766, 19.45621 ], [ -99.17368, 19.440411 ], [ -99.174635, 19.443767 ], [ -99.174635, 19.443767 ], [ -99.174635, 19.443767 ], [ -99.174635, 19.443766 ], [ -99.174635, 19.443765 ], [ -99.174642, 19.443719 ], [ -99.174635, 19.443755 ], [ -99.174635, 19.443765 ], [ -99.174636, 19.443766 ], [ -99.174667, 19.443783 ], [ -99.174668, 19.443781 ], [ -99.174667, 19.443786 ] ] } },
{ "type": "Feature", "properties": { "device_id": "e4e9d95847b01ac811596d448108495fc9d84815ce7299c1cbf7be0173d2815e", "timestamps": "2020-01-01T07:41:30, 2020-01-01T07:41:36, 2020-01-01T07:42:51, 2020-01-01T07:50:55, 2020-01-01T07:58:22, 2020-01-01T07:58:56, 2020-01-01T08:06:14, 2020-01-01T08:06:38, 2020-01-01T08:30:12, 2020-01-01T08:30:28, 2020-01-01T08:37:02, 2020-01-01T08:37:10, 2020-01-01T08:53:34, 2020-01-01T08:54:50, 2020-01-01T08:58:18, 2020-01-01T08:58:20, 2020-01-01T09:00:39, 2020-01-01T09:01:25, 2020-01-01T09:07:08, 2020-01-01T09:08:26, 2020-01-01T09:15:01, 2020-01-01T09:23:38, 2020-01-01T09:31:55, 2020-01-01T09:32:45, 2020-01-01T09:36:23, 2020-01-01T09:38:51, 2020-01-01T09:38:58, 2020-01-01T09:45:13, 2020-01-01T09:45:33, 2020-01-01T09:53:12, 2020-01-01T09:53:52, 2020-01-01T10:01:14, 2020-01-01T10:01:55, 2020-01-01T10:09:51, 2020-01-01T10:17:46, 2020-01-01T10:17:57, 2020-01-01T10:18:08, 2020-01-01T10:24:59, 2020-01-01T10:31:47, 2020-01-01T10:39:20, 2020-01-01T10:46:48, 2020-01-01T11:08:28, 2020-01-01T11:15:33, 2020-01-01T11:16:14, 2020-01-01T11:22:02, 2020-01-01T11:23:11, 2020-01-01T11:30:42, 2020-01-01T11:30:58, 2020-01-01T11:37:06, 2020-01-01T11:37:36, 2020-01-01T11:37:47, 2020-01-01T11:37:48, 2020-01-01T11:44:31, 2020-01-01T11:52:06, 2020-01-01T12:01:01, 2020-01-01T12:03:21, 2020-01-01T12:11:01, 2020-01-01T12:31:04, 2020-01-01T12:33:14, 2020-01-01T12:38:03, 2020-01-01T12:41:01, 2020-01-01T12:46:01, 2020-01-01T12:54:54, 2020-01-01T13:01:01, 2020-01-01T13:11:01, 2020-01-01T13:20:49, 2020-01-01T13:29:22, 2020-01-01T13:29:24, 2020-01-01T13:29:25, 2020-01-01T13:29:46, 2020-01-01T13:29:54, 2020-01-01T13:29:56, 2020-01-01T13:48:21, 2020-01-01T13:57:43, 2020-01-01T14:06:02, 2020-01-01T14:13:24, 2020-01-01T14:16:01, 2020-01-01T14:26:01, 2020-01-01T14:36:59, 2020-01-01T14:38:31, 2020-01-01T14:43:31, 2020-01-01T15:01:32, 2020-01-01T15:09:19, 2020-01-01T15:11:01, 2020-01-01T15:16:01, 2020-01-01T15:19:44, 2020-01-01T15:24:40, 2020-01-01T15:34:48, 2020-01-01T15:42:06, 2020-01-01T15:50:45, 2020-01-01T16:00:53, 2020-01-01T16:10:20, 2020-01-01T16:20:15, 2020-01-01T16:20:29, 2020-01-01T16:42:11, 2020-01-01T16:42:15, 2020-01-01T16:42:18, 2020-01-01T16:53:26, 2020-01-01T16:53:29, 2020-01-01T17:03:43, 2020-01-01T17:13:06, 2020-01-01T17:24:54, 2020-01-01T17:31:07, 2020-01-01T17:47:46, 2020-01-01T17:47:56, 2020-01-01T17:54:46, 2020-01-01T17:55:58, 2020-01-01T18:01:06, 2020-01-01T18:02:20, 2020-01-01T18:09:28, 2020-01-01T18:16:15, 2020-01-01T18:22:44, 2020-01-01T18:23:48, 2020-01-01T18:30:30, 2020-01-01T18:31:20, 2020-01-01T18:38:10, 2020-01-01T18:54:21, 2020-01-01T19:01:48, 2020-01-01T19:03:48, 2020-01-01T19:08:06, 2020-01-01T19:16:02, 2020-01-01T19:24:13, 2020-01-01T19:24:16, 2020-01-01T19:24:31, 2020-01-01T19:31:35, 2020-01-01T19:32:21, 2020-01-01T19:39:27, 2020-01-01T19:49:17, 2020-01-01T19:54:15, 2020-01-01T19:56:13, 2020-01-01T20:02:51, 2020-01-01T20:09:40, 2020-01-01T20:10:14, 2020-01-01T20:17:47, 2020-01-01T20:19:32, 2020-01-01T20:26:50, 2020-01-01T20:27:16, 2020-01-01T20:33:13, 2020-01-01T20:33:31, 2020-01-01T20:42:28, 2020-01-01T20:49:05, 2020-01-01T20:49:06, 2020-01-01T20:49:08, 2020-01-01T20:50:57, 2020-01-01T20:56:35, 2020-01-01T20:56:48, 2020-01-01T21:01:07, 2020-01-01T21:03:47, 2020-01-01T21:11:16, 2020-01-01T21:18:17, 2020-01-01T21:18:32, 2020-01-01T21:27:29, 2020-01-01T21:35:49, 2020-01-01T21:36:35, 2020-01-01T21:42:33, 2020-01-01T21:49:02, 2020-01-01T21:50:03, 2020-01-01T21:57:52, 2020-01-01T22:05:30, 2020-01-01T22:05:35, 2020-01-01T22:05:41, 2020-01-01T22:05:42, 2020-01-01T22:22:33, 2020-01-01T22:22:59, 2020-01-01T22:29:38, 2020-01-01T22:37:38, 2020-01-01T22:45:58, 2020-01-01T22:46:42, 2020-01-01T22:53:43, 2020-01-01T23:01:27, 2020-01-01T23:03:29, 2020-01-01T23:15:39, 2020-01-01T23:22:04, 2020-01-01T23:22:06, 2020-01-01T23:23:23, 2020-01-01T23:23:52, 2020-01-01T23:23:56, 2020-01-01T23:30:54, 2020-01-01T23:38:10, 2020-01-01T23:38:19, 2020-01-01T23:45:01" }, "geometry": { "type": "LineString", "coordinates": [ [ -99.046002, 19.498417 ], [ -99.046002, 19.498417 ], [ -99.046002, 19.498417 ], [ -99.046001, 19.498418 ], [ -99.046003, 19.49841 ], [ -99.046029, 19.498421 ], [ -99.046024, 19.49841 ], [ -99.046003, 19.498408 ], [ -99.045998, 19.498419 ], [ -99.045971, 19.498419 ], [ -99.046002, 19.49841 ], [ -99.045993, 19.498414 ], [ -99.046, 19.498409 ], [ -99.046021, 19.498412 ], [ -99.046001, 19.498421 ], [ -99.046, 19.49842 ], [ -99.045999, 19.498409 ], [ -99.046001, 19.498421 ], [ -99.045996, 19.498419 ], [ -99.04598, 19.498405 ], [ -99.045999, 19.498441 ], [ -99.045998, 19.498417 ], [ -99.045993, 19.49843 ], [ -99.046002, 19.498423 ], [ -99.045971, 19.498428 ], [ -99.046021, 19.49841 ], [ -99.046022, 19.498421 ], [ -99.045999, 19.498406 ], [ -99.045997, 19.498406 ], [ -99.045978, 19.498409 ], [ -99.045978, 19.498408 ], [ -99.045979, 19.498427 ], [ -99.04599, 19.498427 ], [ -99.045991, 19.498407 ], [ -99.04598, 19.498427 ], [ -99.04598, 19.498427 ], [ -99.04598, 19.498429 ], [ -99.045975, 19.498416 ], [ -99.045971, 19.498417 ], [ -99.045662, 19.502182 ], [ -99.02687, 19.535848 ], [ -99.04278, 19.583671 ], [ -99.04406, 19.584432 ], [ -99.044059, 19.584431 ], [ -99.044085, 19.584433 ], [ -99.044084, 19.584432 ], [ -99.044081, 19.584468 ], [ -99.044057, 19.584437 ], [ -99.044084, 19.584461 ], [ -99.044087, 19.584481 ], [ -99.044059, 19.584462 ], [ -99.044059, 19.584462 ], [ -99.044082, 19.584433 ], [ -99.044082, 19.584447 ], [ -99.044084, 19.584415 ], [ -99.044084, 19.584415 ], [ -99.044081, 19.584445 ], [ -99.044084, 19.584417 ], [ -99.044085, 19.584441 ], [ -99.044084, 19.584431 ], [ -99.044084, 19.584431 ], [ -99.044082, 19.584415 ], [ -99.044088, 19.584419 ], [ -99.044084, 19.58444 ], [ -99.044083, 19.58444 ], [ -99.044084, 19.584433 ], [ -99.044032, 19.584438 ], [ -99.044024, 19.584416 ], [ -99.044068, 19.58444 ], [ -99.044084, 19.584432 ], [ -99.044082, 19.584445 ], [ -99.044084, 19.584433 ], [ -99.044086, 19.584441 ], [ -99.044083, 19.584418 ], [ -99.044085, 19.584441 ], [ -99.04411, 19.584429 ], [ -99.044084, 19.584444 ], [ -99.044084, 19.584415 ], [ -99.044063, 19.584434 ], [ -99.044063, 19.584434 ], [ -99.044053, 19.584439 ], [ -99.044051, 19.584436 ], [ -99.044059, 19.58444 ], [ -99.044081, 19.584461 ], [ -99.044051, 19.584462 ], [ -99.044082, 19.584431 ], [ -99.044082, 19.584431 ], [ -99.044059, 19.584439 ], [ -99.044059, 19.584461 ], [ -99.044056, 19.584434 ], [ -99.044089, 19.584415 ], [ -99.044085, 19.584432 ], [ -99.044083, 19.584419 ], [ -99.044084, 19.584441 ], [ -99.044089, 19.584447 ], [ -99.044089, 19.584447 ], [ -99.044087, 19.584413 ], [ -99.044089, 19.584447 ], [ -99.044072, 19.584419 ], [ -99.044089, 19.584447 ], [ -99.044084, 19.584434 ], [ -99.044085, 19.584438 ], [ -99.044081, 19.584507 ], [ -99.038767, 19.564738 ], [ -99.040911, 19.565461 ], [ -99.01966, 19.553981 ], [ -99.020364, 19.552335 ], [ -99.041598, 19.503647 ], [ -99.04355, 19.499629 ], [ -99.045995, 19.498415 ], [ -99.045992, 19.498408 ], [ -99.045992, 19.49843 ], [ -99.04599, 19.498429 ], [ -99.045991, 19.498407 ], [ -99.045991, 19.498407 ], [ -99.045971, 19.498418 ], [ -99.045976, 19.498428 ], [ -99.045977, 19.498428 ], [ -99.045977, 19.498428 ], [ -99.045977, 19.498428 ], [ -99.045996, 19.498415 ], [ -99.044548, 19.499007 ], [ -99.044519, 19.499084 ], [ -99.044694, 19.499166 ], [ -99.044534, 19.498921 ], [ -99.045322, 19.498949 ], [ -99.045999, 19.498407 ], [ -99.045999, 19.498407 ], [ -99.045999, 19.498417 ], [ -99.045998, 19.498416 ], [ -99.045997, 19.498416 ], [ -99.045999, 19.498418 ], [ -99.045999, 19.498419 ], [ -99.045987, 19.498427 ], [ -99.045999, 19.498407 ], [ -99.046004, 19.498384 ], [ -99.046004, 19.498399 ], [ -99.045992, 19.498429 ], [ -99.045972, 19.49842 ], [ -99.045992, 19.498421 ], [ -99.045977, 19.498427 ], [ -99.045978, 19.498409 ], [ -99.045978, 19.498406 ], [ -99.04598, 19.498405 ], [ -99.045962, 19.498389 ], [ -99.045952, 19.498376 ], [ -99.04599, 19.498403 ], [ -99.045997, 19.498406 ], [ -99.045996, 19.498404 ], [ -99.045997, 19.498409 ], [ -99.045997, 19.498408 ], [ -99.045994, 19.498403 ], [ -99.045997, 19.498407 ], [ -99.04599, 19.498418 ], [ -99.045996, 19.498419 ], [ -99.045996, 19.498419 ], [ -99.045997, 19.498419 ], [ -99.045989, 19.498416 ], [ -99.045993, 19.498405 ], [ -99.045992, 19.498405 ], [ -99.045991, 19.498407 ], [ -99.045991, 19.498407 ], [ -99.046006, 19.498387 ], [ -99.045996, 19.498416 ], [ -99.045995, 19.498404 ], [ -99.045991, 19.49841 ], [ -99.045996, 19.498376 ], [ -99.04599, 19.498416 ], [ -99.045979, 19.498404 ], [ -99.046109, 19.49793 ], [ -99.045982, 19.498436 ], [ -99.077978, 19.451535 ], [ -99.123899, 19.460474 ], [ -99.124334, 19.460683 ], [ -99.125985, 19.461125 ], [ -99.124796, 19.460747 ], [ -99.125305, 19.460899 ], [ -99.161624, 19.460019 ], [ -99.145544, 19.464542 ], [ -99.144593, 19.46429 ], [ -99.103113, 19.510851 ] ] } },
{ "type": "Feature", "properties": { "device_id": "45b3d690504455ac48d4419cf29e3a1197107c5b7e022b30b3fb26ee5d35d54e", "timestamps": "2020-01-01T06:01:10, 2020-01-01T06:01:17, 2020-01-01T06:06:17, 2020-01-01T06:06:18, 2020-01-01T06:11:17, 2020-01-01T06:11:42, 2020-01-01T06:16:17, 2020-01-01T06:16:18, 2020-01-01T06:21:18, 2020-01-01T06:21:19, 2020-01-01T06:26:19, 2020-01-01T06:31:45, 2020-01-01T06:36:45, 2020-01-01T06:41:42, 2020-01-01T06:47:36, 2020-01-01T06:53:19, 2020-01-01T06:58:19, 2020-01-01T07:02:56, 2020-01-01T07:03:04, 2020-01-01T07:08:04, 2020-01-01T07:14:32, 2020-01-01T07:17:56, 2020-01-01T07:20:31, 2020-01-01T07:27:51, 2020-01-01T07:32:16, 2020-01-01T07:32:57, 2020-01-01T07:37:16, 2020-01-01T07:42:16, 2020-01-01T07:47:16, 2020-01-01T07:47:18, 2020-01-01T07:47:35, 2020-01-01T07:53:50, 2020-01-01T08:00:26, 2020-01-01T08:05:28, 2020-01-01T08:10:28, 2020-01-01T08:15:28, 2020-01-01T08:20:29, 2020-01-01T08:25:15, 2020-01-01T08:30:12, 2020-01-01T08:35:12, 2020-01-01T08:40:11, 2020-01-01T08:45:14, 2020-01-01T08:50:13, 2020-01-01T09:15:09, 2020-01-01T09:15:34, 2020-01-01T09:20:09, 2020-01-01T09:20:34, 2020-01-01T09:25:09, 2020-01-01T09:31:55, 2020-01-01T09:36:54, 2020-01-01T09:42:13, 2020-01-01T09:49:19, 2020-01-01T09:54:19, 2020-01-01T09:59:19, 2020-01-01T10:04:42, 2020-01-01T10:09:41, 2020-01-01T10:15:45, 2020-01-01T10:23:15, 2020-01-01T10:29:15, 2020-01-01T10:34:41, 2020-01-01T10:39:03, 2020-01-01T10:48:11, 2020-01-01T10:54:42, 2020-01-01T10:59:42, 2020-01-01T11:05:45, 2020-01-01T12:04:24, 2020-01-01T12:04:25, 2020-01-01T12:05:00, 2020-01-01T12:05:08, 2020-01-01T12:09:45, 2020-01-01T13:00:17, 2020-01-01T13:09:42, 2020-01-01T13:10:42, 2020-01-01T13:20:07, 2020-01-01T13:29:45, 2020-01-01T14:10:08, 2020-01-01T14:11:52, 2020-01-01T14:15:08, 2020-01-01T14:16:52, 2020-01-01T14:20:08, 2020-01-01T14:20:09, 2020-01-01T14:25:08, 2020-01-01T14:25:09, 2020-01-01T14:30:09, 2020-01-01T14:31:55, 2020-01-01T14:36:33, 2020-01-01T14:36:52, 2020-01-01T14:46:11, 2020-01-01T14:50:15, 2020-01-01T14:51:01, 2020-01-01T14:59:47, 2020-01-01T15:04:30, 2020-01-01T15:05:15, 2020-01-01T15:10:12, 2020-01-01T15:15:12, 2020-01-01T15:20:12, 2020-01-01T15:20:15, 2020-01-01T15:25:12, 2020-01-01T15:25:30, 2020-01-01T15:27:10, 2020-01-01T15:30:19, 2020-01-01T15:35:37, 2020-01-01T15:50:02, 2020-01-01T15:57:14, 2020-01-01T16:02:10, 2020-01-01T16:07:44, 2020-01-01T16:12:32, 2020-01-01T16:18:31, 2020-01-01T16:23:34, 2020-01-01T16:28:34, 2020-01-01T16:33:32, 2020-01-01T16:38:34, 2020-01-01T16:43:37, 2020-01-01T16:49:25, 2020-01-01T17:24:33, 2020-01-01T17:30:03, 2020-01-01T17:37:10, 2020-01-01T17:43:34, 2020-01-01T17:48:38, 2020-01-01T17:54:03, 2020-01-01T17:57:51" }, "geometry": { "type": "LineString", "coordinates": [ [ -99.143531, 19.465095 ], [ -99.143531, 19.465095 ], [ -99.143535, 19.465127 ], [ -99.143535, 19.465127 ], [ -99.143584, 19.465149 ], [ -99.143584, 19.465149 ], [ -99.143325, 19.465246 ], [ -99.143298, 19.465243 ], [ -99.148344, 19.463622 ], [ -99.148483, 19.463573 ], [ -99.12797, 19.481907 ], [ -99.100323, 19.514046 ], [ -99.067443, 19.49954 ], [ -99.038804, 19.487159 ], [ -99.040139, 19.479453 ], [ -99.040156, 19.47948 ], [ -99.040156, 19.47948 ], [ -99.040156, 19.47948 ], [ -99.040156, 19.47948 ], [ -99.040156, 19.47948 ], [ -99.040156, 19.47948 ], [ -99.040156, 19.47948 ], [ -99.040156, 19.47948 ], [ -99.040156, 19.47948 ], [ -99.040156, 19.47948 ], [ -99.040156, 19.47948 ], [ -99.040156, 19.47948 ], [ -99.040156, 19.47948 ], [ -99.040156, 19.47948 ], [ -99.040156, 19.47948 ], [ -99.040156, 19.47948 ], [ -99.04012, 19.479461 ], [ -99.047581, 19.486691 ], [ -99.047638, 19.485521 ], [ -99.055157, 19.487087 ], [ -99.068665, 19.488698 ], [ -99.083335, 19.482866 ], [ -99.088314, 19.478995 ], [ -99.09886, 19.47732 ], [ -99.108752, 19.45347 ], [ -99.114715, 19.435699 ], [ -99.125962, 19.425548 ], [ -99.1429, 19.421528 ], [ -99.129798, 19.423327 ], [ -99.132044, 19.423706 ], [ -99.107835, 19.434444 ], [ -99.11006, 19.433083 ], [ -99.068038, 19.458743 ], [ -99.04429, 19.477098 ], [ -99.040302, 19.47947 ], [ -99.040167, 19.479482 ], [ -99.040167, 19.479482 ], [ -99.040167, 19.479482 ], [ -99.040167, 19.479482 ], [ -99.040167, 19.479482 ], [ -99.040167, 19.479482 ], [ -99.040167, 19.479482 ], [ -99.040167, 19.479482 ], [ -99.040167, 19.479482 ], [ -99.040167, 19.479482 ], [ -99.040167, 19.479482 ], [ -99.040167, 19.479482 ], [ -99.040167, 19.479482 ], [ -99.040167, 19.479482 ], [ -99.040167, 19.479482 ], [ -99.039968, 19.479602 ], [ -99.039968, 19.479602 ], [ -99.039968, 19.479602 ], [ -99.039968, 19.479602 ], [ -99.039968, 19.479602 ], [ -99.039968, 19.479602 ], [ -99.040169, 19.479504 ], [ -99.040169, 19.479504 ], [ -99.040169, 19.479504 ], [ -99.040169, 19.479504 ], [ -99.040133, 19.479509 ], [ -99.040133, 19.479509 ], [ -99.040133, 19.479509 ], [ -99.040133, 19.479509 ], [ -99.040133, 19.479509 ], [ -99.040133, 19.479509 ], [ -99.040133, 19.479509 ], [ -99.040133, 19.479509 ], [ -99.040133, 19.479509 ], [ -99.040133, 19.479509 ], [ -99.040133, 19.479509 ], [ -99.040133, 19.479509 ], [ -99.040133, 19.479509 ], [ -99.040133, 19.479509 ], [ -99.040133, 19.479509 ], [ -99.040133, 19.479509 ], [ -99.040133, 19.479509 ], [ -99.040133, 19.479509 ], [ -99.040133, 19.479509 ], [ -99.040133, 19.479509 ], [ -99.040133, 19.479509 ], [ -99.040133, 19.479509 ], [ -99.040133, 19.479509 ], [ -99.040133, 19.479509 ], [ -99.040308, 19.47896 ], [ -99.051318, 19.478642 ], [ -99.051342, 19.478603 ], [ -99.040148, 19.479463 ], [ -99.04013, 19.479435 ], [ -99.040139, 19.479457 ], [ -99.040167, 19.479482 ], [ -99.040167, 19.479482 ], [ -99.040167, 19.479482 ], [ -99.040167, 19.479482 ], [ -99.040167, 19.479482 ], [ -99.040167, 19.479482 ], [ -99.040167, 19.479482 ], [ -99.040167, 19.479482 ], [ -99.040167, 19.479482 ], [ -98.890438, 19.506575 ], [ -98.893024, 19.506576 ], [ -98.893498, 19.505753 ], [ -98.893007, 19.505475 ], [ -98.893105, 19.505461 ], [ -98.892996, 19.505508 ], [ -98.893011, 19.505487 ] ] } },
{ "type": "Feature", "properties": { "device_id": "ffcc39d93a2a2f931631550670fc578d8151524afad119b1388e85058fd761ef", "timestamps": "2020-01-01T07:48:42, 2020-01-01T07:48:45, 2020-01-01T07:52:57, 2020-01-01T08:01:47, 2020-01-01T08:01:50, 2020-01-01T08:02:30, 2020-01-01T08:02:32, 2020-01-01T08:25:18, 2020-01-01T08:25:53, 2020-01-01T08:25:54, 2020-01-01T08:34:16, 2020-01-01T09:04:14, 2020-01-01T09:04:17, 2020-01-01T09:44:56, 2020-01-01T10:08:11, 2020-01-01T10:08:13, 2020-01-01T10:30:41, 2020-01-01T18:54:31, 2020-01-01T22:57:35, 2020-01-01T23:14:28, 2020-01-01T23:17:12, 2020-01-01T23:17:17, 2020-01-01T23:31:38, 2020-01-01T23:32:05, 2020-01-01T23:32:39, 2020-01-01T23:34:05, 2020-01-01T23:34:51, 2020-01-01T23:35:14, 2020-01-01T23:35:15, 2020-01-01T23:35:51, 2020-01-01T23:35:55, 2020-01-01T23:35:56, 2020-01-01T23:36:33, 2020-01-01T23:36:34, 2020-01-01T23:36:37, 2020-01-01T23:36:39, 2020-01-01T23:36:55, 2020-01-01T23:37:44, 2020-01-01T23:37:45, 2020-01-01T23:37:54, 2020-01-01T23:39:07, 2020-01-01T23:47:42, 2020-01-01T23:48:21" }, "geometry": { "type": "LineString", "coordinates": [ [ -99.177761, 19.464326 ], [ -99.17777, 19.46432 ], [ -99.1778, 19.46432 ], [ -99.177798, 19.464328 ], [ -99.177798, 19.464328 ], [ -99.177797, 19.464327 ], [ -99.177797, 19.464327 ], [ -99.17779, 19.46432 ], [ -99.177789, 19.46432 ], [ -99.177789, 19.46432 ], [ -99.17779, 19.46432 ], [ -99.177789, 19.46432 ], [ -99.17779, 19.46432 ], [ -99.17779, 19.46432 ], [ -99.176581, 19.464191 ], [ -99.176581, 19.464191 ], [ -99.176581, 19.464191 ], [ -99.16793, 19.47089 ], [ -99.14586, 19.46652 ], [ -99.14491, 19.46694 ], [ -99.144909, 19.46694 ], [ -99.14491, 19.46694 ], [ -99.14491, 19.46694 ], [ -99.144909, 19.46694 ], [ -99.144909, 19.46694 ], [ -99.144909, 19.46694 ], [ -99.144909, 19.46694 ], [ -99.144909, 19.46694 ], [ -99.144909, 19.46694 ], [ -99.144909, 19.46694 ], [ -99.144909, 19.46694 ], [ -99.144909, 19.46694 ], [ -99.144909, 19.46694 ], [ -99.144909, 19.46694 ], [ -99.144909, 19.46694 ], [ -99.144909, 19.46694 ], [ -99.144909, 19.46694 ], [ -99.144909, 19.46694 ], [ -99.144909, 19.46694 ], [ -99.144909, 19.46694 ], [ -99.14491, 19.46694 ], [ -99.14491, 19.46694 ], [ -99.14491, 19.46694 ] ] } },
{ "type": "Feature", "properties": { "device_id": "05afd8094d8067c691a8dfe2217600cd0dad70bc3cd419a9e9a91f8db140e578", "timestamps": "2020-01-01T06:02:38, 2020-01-01T06:02:48, 2020-01-01T06:06:00, 2020-01-01T06:06:55, 2020-01-01T06:17:35, 2020-01-01T06:17:39, 2020-01-01T06:17:40, 2020-01-01T06:17:41, 2020-01-01T06:19:05, 2020-01-01T06:19:50, 2020-01-01T06:20:07, 2020-01-01T06:20:57, 2020-01-01T06:21:34, 2020-01-01T06:22:34, 2020-01-01T06:22:47, 2020-01-01T06:24:01, 2020-01-01T06:25:11, 2020-01-01T06:25:43, 2020-01-01T06:26:07, 2020-01-01T06:26:57, 2020-01-01T06:41:17, 2020-01-01T06:41:27, 2020-01-01T06:47:12, 2020-01-01T06:47:21, 2020-01-01T06:48:01, 2020-01-01T06:48:05, 2020-01-01T06:48:50, 2020-01-01T06:50:02, 2020-01-01T06:50:39, 2020-01-01T06:50:51, 2020-01-01T07:06:02, 2020-01-01T07:06:51, 2020-01-01T07:18:17, 2020-01-01T07:20:08, 2020-01-01T07:20:37, 2020-01-01T07:20:58, 2020-01-01T07:21:21, 2020-01-01T07:21:55, 2020-01-01T07:22:31, 2020-01-01T07:22:32, 2020-01-01T07:22:42, 2020-01-01T07:37:30, 2020-01-01T07:37:45, 2020-01-01T07:48:48, 2020-01-01T07:52:11, 2020-01-01T07:52:22, 2020-01-01T07:54:34, 2020-01-01T07:55:12, 2020-01-01T07:55:20, 2020-01-01T07:55:21, 2020-01-01T07:55:24, 2020-01-01T07:55:28, 2020-01-01T07:55:32, 2020-01-01T07:55:36, 2020-01-01T07:55:40, 2020-01-01T07:55:44, 2020-01-01T07:55:45, 2020-01-01T07:55:47, 2020-01-01T07:55:50, 2020-01-01T07:55:54, 2020-01-01T07:55:58, 2020-01-01T07:56:02, 2020-01-01T07:56:15, 2020-01-01T07:56:19, 2020-01-01T07:56:29, 2020-01-01T07:57:14, 2020-01-01T07:57:15, 2020-01-01T07:57:17, 2020-01-01T07:57:22, 2020-01-01T07:57:26, 2020-01-01T07:57:28, 2020-01-01T07:57:32, 2020-01-01T07:57:36, 2020-01-01T07:57:45, 2020-01-01T07:57:55, 2020-01-01T07:59:09, 2020-01-01T07:59:10, 2020-01-01T07:59:11, 2020-01-01T07:59:12, 2020-01-01T07:59:15, 2020-01-01T07:59:18, 2020-01-01T07:59:21, 2020-01-01T07:59:25, 2020-01-01T07:59:29, 2020-01-01T07:59:36, 2020-01-01T07:59:38, 2020-01-01T07:59:40, 2020-01-01T07:59:44, 2020-01-01T07:59:47, 2020-01-01T07:59:51, 2020-01-01T07:59:54, 2020-01-01T08:01:10, 2020-01-01T08:01:11, 2020-01-01T08:01:14, 2020-01-01T08:01:17, 2020-01-01T08:01:21, 2020-01-01T08:01:25, 2020-01-01T08:01:28, 2020-01-01T08:02:07, 2020-01-01T08:02:08, 2020-01-01T08:02:10, 2020-01-01T08:02:11, 2020-01-01T08:02:12, 2020-01-01T08:02:14, 2020-01-01T08:02:17, 2020-01-01T08:02:21, 2020-01-01T08:02:26, 2020-01-01T08:02:29, 2020-01-01T08:02:30, 2020-01-01T08:02:37, 2020-01-01T08:02:45, 2020-01-01T08:02:48, 2020-01-01T08:03:32, 2020-01-01T08:03:43, 2020-01-01T08:03:44, 2020-01-01T08:03:47, 2020-01-01T08:03:51, 2020-01-01T08:03:53, 2020-01-01T08:03:56, 2020-01-01T08:04:01, 2020-01-01T08:04:05, 2020-01-01T08:05:39, 2020-01-01T08:10:43, 2020-01-01T08:10:46, 2020-01-01T08:10:49, 2020-01-01T08:24:03, 2020-01-01T08:24:54, 2020-01-01T08:40:06, 2020-01-01T08:40:56, 2020-01-01T08:48:06, 2020-01-01T09:02:15, 2020-01-01T09:02:20, 2020-01-01T09:05:10, 2020-01-01T09:17:15, 2020-01-01T09:17:20, 2020-01-01T09:32:14, 2020-01-01T09:32:23, 2020-01-01T09:47:14, 2020-01-01T09:47:23, 2020-01-01T09:50:46, 2020-01-01T10:02:14, 2020-01-01T10:02:23, 2020-01-01T10:12:11, 2020-01-01T10:24:51, 2020-01-01T10:31:00, 2020-01-01T10:31:55, 2020-01-01T10:37:20, 2020-01-01T10:46:00, 2020-01-01T10:46:55, 2020-01-01T10:48:50, 2020-01-01T11:01:00, 2020-01-01T11:01:55, 2020-01-01T11:04:16, 2020-01-01T11:16:04, 2020-01-01T11:16:53, 2020-01-01T11:31:04, 2020-01-01T11:31:53, 2020-01-01T11:46:04, 2020-01-01T11:46:53, 2020-01-01T11:50:52, 2020-01-01T12:01:04, 2020-01-01T12:01:53, 2020-01-01T12:31:34, 2020-01-01T12:31:43, 2020-01-01T12:46:21, 2020-01-01T12:46:31, 2020-01-01T12:46:42, 2020-01-01T12:52:48, 2020-01-01T13:01:34, 2020-01-01T13:01:43, 2020-01-01T13:16:31, 2020-01-01T13:16:42, 2020-01-01T13:17:37, 2020-01-01T13:17:38, 2020-01-01T13:17:48, 2020-01-01T13:22:57, 2020-01-01T13:25:09, 2020-01-01T13:32:09, 2020-01-01T13:32:59, 2020-01-01T14:00:40, 2020-01-01T14:01:32, 2020-01-01T14:01:41, 2020-01-01T14:16:32, 2020-01-01T14:16:41, 2020-01-01T14:26:17, 2020-01-01T14:31:32, 2020-01-01T14:31:41, 2020-01-01T14:46:33, 2020-01-01T14:46:44, 2020-01-01T15:01:32, 2020-01-01T15:01:41, 2020-01-01T15:31:12, 2020-01-01T15:31:21, 2020-01-01T15:40:27, 2020-01-01T15:42:20, 2020-01-01T15:45:02, 2020-01-01T15:46:15, 2020-01-01T15:46:20, 2020-01-01T16:01:15, 2020-01-01T16:01:20, 2020-01-01T16:03:40, 2020-01-01T16:16:10, 2020-01-01T16:16:25, 2020-01-01T16:21:19, 2020-01-01T16:22:58, 2020-01-01T16:26:13, 2020-01-01T16:26:24, 2020-01-01T16:27:58, 2020-01-01T16:27:59, 2020-01-01T16:32:47, 2020-01-01T16:39:35, 2020-01-01T16:41:10, 2020-01-01T16:41:25, 2020-01-01T16:56:10, 2020-01-01T16:56:25, 2020-01-01T17:11:10, 2020-01-01T17:11:25, 2020-01-01T17:31:03, 2020-01-01T17:31:54, 2020-01-01T17:46:03, 2020-01-01T17:46:54, 2020-01-01T18:01:03, 2020-01-01T18:01:54, 2020-01-01T18:27:17, 2020-01-01T18:27:27, 2020-01-01T18:30:07, 2020-01-01T18:30:30, 2020-01-01T18:30:36, 2020-01-01T18:30:57, 2020-01-01T18:31:28, 2020-01-01T18:31:32, 2020-01-01T18:31:37, 2020-01-01T18:31:38, 2020-01-01T18:31:47, 2020-01-01T18:31:53, 2020-01-01T18:31:59, 2020-01-01T18:32:14, 2020-01-01T18:32:18, 2020-01-01T18:32:21, 2020-01-01T18:32:24, 2020-01-01T18:32:28, 2020-01-01T18:32:32, 2020-01-01T18:32:58, 2020-01-01T18:33:12, 2020-01-01T18:33:13, 2020-01-01T18:33:17, 2020-01-01T18:33:21, 2020-01-01T18:33:24, 2020-01-01T18:33:27, 2020-01-01T18:33:30, 2020-01-01T18:33:33, 2020-01-01T18:34:47, 2020-01-01T18:34:48, 2020-01-01T18:34:51, 2020-01-01T18:34:55, 2020-01-01T18:34:59, 2020-01-01T18:35:03, 2020-01-01T18:35:06, 2020-01-01T18:36:29, 2020-01-01T18:36:31, 2020-01-01T18:36:33, 2020-01-01T18:36:37, 2020-01-01T18:36:41, 2020-01-01T18:36:45, 2020-01-01T18:36:49, 2020-01-01T18:37:50, 2020-01-01T18:37:51, 2020-01-01T18:37:54, 2020-01-01T18:38:03, 2020-01-01T18:40:51, 2020-01-01T18:40:52, 2020-01-01T18:40:55, 2020-01-01T18:40:59, 2020-01-01T18:41:00, 2020-01-01T18:41:01, 2020-01-01T18:41:03, 2020-01-01T18:41:07, 2020-01-01T18:41:11, 2020-01-01T18:41:13, 2020-01-01T18:41:19, 2020-01-01T18:41:23, 2020-01-01T18:41:28, 2020-01-01T18:41:30, 2020-01-01T18:42:18, 2020-01-01T18:42:19, 2020-01-01T18:42:23, 2020-01-01T18:42:28, 2020-01-01T18:42:50, 2020-01-01T18:42:53, 2020-01-01T18:43:04, 2020-01-01T18:43:11, 2020-01-01T18:44:06, 2020-01-01T18:46:36, 2020-01-01T18:46:46, 2020-01-01T18:47:02, 2020-01-01T18:47:50, 2020-01-01T18:47:51, 2020-01-01T18:49:07, 2020-01-01T18:49:08, 2020-01-01T18:55:36, 2020-01-01T18:55:46, 2020-01-01T18:55:47, 2020-01-01T19:10:35, 2020-01-01T19:10:40, 2020-01-01T19:25:35, 2020-01-01T19:25:40, 2020-01-01T19:34:08, 2020-01-01T19:37:02, 2020-01-01T19:40:39, 2020-01-01T19:40:49, 2020-01-01T19:52:59, 2020-01-01T20:01:07, 2020-01-01T20:01:57, 2020-01-01T20:03:32, 2020-01-01T20:16:06, 2020-01-01T20:16:56, 2020-01-01T20:21:13, 2020-01-01T20:21:30, 2020-01-01T20:21:45, 2020-01-01T20:26:49, 2020-01-01T20:27:58, 2020-01-01T20:29:12, 2020-01-01T20:29:21, 2020-01-01T20:44:17, 2020-01-01T20:44:27, 2020-01-01T21:01:35, 2020-01-01T21:01:40, 2020-01-01T21:16:19, 2020-01-01T21:16:29, 2020-01-01T21:23:43, 2020-01-01T21:30:49, 2020-01-01T21:31:13, 2020-01-01T21:31:24, 2020-01-01T21:35:12, 2020-01-01T21:46:11, 2020-01-01T21:46:22, 2020-01-01T22:00:22, 2020-01-01T22:01:06, 2020-01-01T22:01:56, 2020-01-01T22:31:16, 2020-01-01T22:31:26, 2020-01-01T23:01:08, 2020-01-01T23:01:09, 2020-01-01T23:01:10, 2020-01-01T23:01:12, 2020-01-01T23:01:21, 2020-01-01T23:01:47, 2020-01-01T23:02:19, 2020-01-01T23:02:29, 2020-01-01T23:10:11, 2020-01-01T23:10:22, 2020-01-01T23:12:20, 2020-01-01T23:12:21, 2020-01-01T23:12:32, 2020-01-01T23:12:38, 2020-01-01T23:13:09, 2020-01-01T23:13:10, 2020-01-01T23:13:11, 2020-01-01T23:13:14, 2020-01-01T23:13:17, 2020-01-01T23:13:20, 2020-01-01T23:13:23, 2020-01-01T23:13:26, 2020-01-01T23:17:23, 2020-01-01T23:17:24, 2020-01-01T23:17:33, 2020-01-01T23:17:35, 2020-01-01T23:17:42, 2020-01-01T23:18:15, 2020-01-01T23:18:17, 2020-01-01T23:18:18, 2020-01-01T23:18:19, 2020-01-01T23:18:23, 2020-01-01T23:18:27, 2020-01-01T23:18:30, 2020-01-01T23:18:31, 2020-01-01T23:20:13, 2020-01-01T23:20:14, 2020-01-01T23:20:17, 2020-01-01T23:20:18, 2020-01-01T23:20:20, 2020-01-01T23:20:23, 2020-01-01T23:20:26, 2020-01-01T23:20:29, 2020-01-01T23:20:32, 2020-01-01T23:21:43, 2020-01-01T23:21:44, 2020-01-01T23:21:47, 2020-01-01T23:21:51, 2020-01-01T23:21:54, 2020-01-01T23:21:57, 2020-01-01T23:22:01, 2020-01-01T23:22:04, 2020-01-01T23:23:15, 2020-01-01T23:23:17, 2020-01-01T23:23:20, 2020-01-01T23:23:23, 2020-01-01T23:23:27, 2020-01-01T23:23:31, 2020-01-01T23:23:44, 2020-01-01T23:25:10, 2020-01-01T23:25:25, 2020-01-01T23:28:17, 2020-01-01T23:28:46, 2020-01-01T23:28:47, 2020-01-01T23:28:56, 2020-01-01T23:29:40, 2020-01-01T23:31:34, 2020-01-01T23:31:35, 2020-01-01T23:31:59, 2020-01-01T23:33:00, 2020-01-01T23:33:04, 2020-01-01T23:33:05, 2020-01-01T23:33:09, 2020-01-01T23:33:59, 2020-01-01T23:35:14, 2020-01-01T23:35:23, 2020-01-01T23:39:20, 2020-01-01T23:41:39, 2020-01-01T23:42:39, 2020-01-01T23:42:40, 2020-01-01T23:43:00, 2020-01-01T23:43:52, 2020-01-01T23:43:53, 2020-01-01T23:44:38, 2020-01-01T23:44:48, 2020-01-01T23:45:53, 2020-01-01T23:45:55, 2020-01-01T23:46:07, 2020-01-01T23:47:28, 2020-01-01T23:47:31, 2020-01-01T23:48:01, 2020-01-01T23:48:02, 2020-01-01T23:48:03, 2020-01-01T23:48:37, 2020-01-01T23:48:47, 2020-01-01T23:48:49, 2020-01-01T23:48:53, 2020-01-01T23:48:54, 2020-01-01T23:48:56, 2020-01-01T23:49:11, 2020-01-01T23:49:35, 2020-01-01T23:49:40, 2020-01-01T23:50:16, 2020-01-01T23:50:26, 2020-01-01T23:51:17, 2020-01-01T23:52:36, 2020-01-01T23:53:03, 2020-01-01T23:53:54, 2020-01-01T23:53:56" }, "geometry": { "type": "LineString", "coordinates": [ [ -99.095715, 19.469374 ], [ -99.095726, 19.469383 ], [ -99.095726, 19.469383 ], [ -99.095715, 19.469374 ], [ -99.095643, 19.469399 ], [ -99.095643, 19.469399 ], [ -99.095632, 19.469398 ], [ -99.095641, 19.469397 ], [ -99.095641, 19.469397 ], [ -99.095632, 19.469398 ], [ -99.095632, 19.469398 ], [ -99.095643, 19.469399 ], [ -99.095641, 19.469397 ], [ -99.095641, 19.469397 ], [ -99.095643, 19.469399 ], [ -99.095643, 19.469399 ], [ -99.095641, 19.469397 ], [ -99.095643, 19.469399 ], [ -99.095632, 19.469398 ], [ -99.095643, 19.469399 ], [ -99.095632, 19.469398 ], [ -99.095641, 19.469397 ], [ -99.095748, 19.469383 ], [ -99.095737, 19.469374 ], [ -99.095739, 19.469372 ], [ -99.095737, 19.469374 ], [ -99.095748, 19.469383 ], [ -99.095739, 19.469372 ], [ -99.095737, 19.469374 ], [ -99.095748, 19.469383 ], [ -99.095748, 19.469383 ], [ -99.095737, 19.469374 ], [ -99.095642, 19.469405 ], [ -99.095538, 19.469378 ], [ -99.095603, 19.469406 ], [ -99.095547, 19.469387 ], [ -99.095538, 19.469378 ], [ -99.095538, 19.469376 ], [ -99.095538, 19.469376 ], [ -99.095538, 19.469378 ], [ -99.095547, 19.469387 ], [ -99.095538, 19.469378 ], [ -99.095547, 19.469387 ], [ -99.095679, 19.469379 ], [ -99.095682, 19.469393 ], [ -99.095671, 19.469392 ], [ -99.095579, 19.469461 ], [ -99.095906, 19.466126 ], [ -99.095905, 19.466115 ], [ -99.095905, 19.466115 ], [ -99.09614, 19.465473 ], [ -99.096328, 19.464956 ], [ -99.096523, 19.464423 ], [ -99.096723, 19.463874 ], [ -99.096925, 19.463323 ], [ -99.097134, 19.462774 ], [ -99.097134, 19.462774 ], [ -99.097307, 19.462332 ], [ -99.097478, 19.461894 ], [ -99.097697, 19.461334 ], [ -99.097906, 19.46079 ], [ -99.098105, 19.46027 ], [ -99.097145, 19.462785 ], [ -99.09714, 19.46277 ], [ -99.097143, 19.462783 ], [ -99.100626, 19.453424 ], [ -99.100626, 19.453424 ], [ -99.1008, 19.452984 ], [ -99.101003, 19.452472 ], [ -99.10122, 19.451922 ], [ -99.101349, 19.451591 ], [ -99.101556, 19.451055 ], [ -99.101781, 19.450524 ], [ -99.102257, 19.45046 ], [ -99.102787, 19.450651 ], [ -99.113198, 19.455077 ], [ -99.113198, 19.455077 ], [ -99.113198, 19.455077 ], [ -99.113572, 19.455385 ], [ -99.113932, 19.455698 ], [ -99.114285, 19.456036 ], [ -99.114626, 19.456363 ], [ -99.115048, 19.45673 ], [ -99.115497, 19.457097 ], [ -99.116266, 19.457737 ], [ -99.116266, 19.457737 ], [ -99.116631, 19.458048 ], [ -99.117172, 19.458352 ], [ -99.117491, 19.458754 ], [ -99.118136, 19.459015 ], [ -99.118564, 19.459295 ], [ -99.13003, 19.463138 ], [ -99.13003, 19.463138 ], [ -99.130538, 19.463445 ], [ -99.13081, 19.463608 ], [ -99.131465, 19.463996 ], [ -99.132005, 19.464322 ], [ -99.132436, 19.464575 ], [ -99.138552, 19.465315 ], [ -99.138895, 19.465338 ], [ -99.13924, 19.46535 ], [ -99.139515, 19.465388 ], [ -99.139515, 19.465388 ], [ -99.139992, 19.465414 ], [ -99.140483, 19.465423 ], [ -99.141064, 19.465442 ], [ -99.141517, 19.465721 ], [ -99.141709, 19.465805 ], [ -99.141709, 19.465805 ], [ -99.142194, 19.465715 ], [ -99.142698, 19.465762 ], [ -99.14332, 19.465565 ], [ -99.150517, 19.463163 ], [ -99.152526, 19.463204 ], [ -99.152526, 19.463204 ], [ -99.153072, 19.463289 ], [ -99.153571, 19.463356 ], [ -99.153691, 19.463377 ], [ -99.154109, 19.463444 ], [ -99.154694, 19.463548 ], [ -99.155297, 19.463677 ], [ -99.15547, 19.465608 ], [ -99.155519, 19.466001 ], [ -99.155519, 19.466001 ], [ -99.155632, 19.465889 ], [ -99.155755, 19.465586 ], [ -99.155766, 19.465575 ], [ -99.155766, 19.465575 ], [ -99.155755, 19.465586 ], [ -99.155733, 19.465629 ], [ -99.155418, 19.465154 ], [ -99.155427, 19.465163 ], [ -99.155681, 19.465754 ], [ -99.155626, 19.465757 ], [ -99.155615, 19.465768 ], [ -99.155626, 19.465757 ], [ -99.155615, 19.465768 ], [ -99.155672, 19.465751 ], [ -99.155681, 19.465762 ], [ -99.155678, 19.465738 ], [ -99.155672, 19.465751 ], [ -99.155681, 19.465762 ], [ -99.155758, 19.465666 ], [ -99.155669, 19.465773 ], [ -99.155519, 19.465561 ], [ -99.155529, 19.465552 ], [ -99.155663, 19.465767 ], [ -99.154869, 19.466242 ], [ -99.154859, 19.466231 ], [ -99.155664, 19.465778 ], [ -99.154869, 19.466242 ], [ -99.154859, 19.466231 ], [ -99.155651, 19.465748 ], [ -99.154997, 19.465716 ], [ -99.154998, 19.465725 ], [ -99.154997, 19.465716 ], [ -99.154998, 19.465725 ], [ -99.155804, 19.465717 ], [ -99.155803, 19.465728 ], [ -99.155779, 19.465776 ], [ -99.155804, 19.465717 ], [ -99.155803, 19.465728 ], [ -99.155702, 19.465738 ], [ -99.155701, 19.465747 ], [ -99.155673, 19.465773 ], [ -99.155683, 19.465771 ], [ -99.155674, 19.465782 ], [ -99.155773, 19.465671 ], [ -99.155683, 19.465771 ], [ -99.155674, 19.465782 ], [ -99.155942, 19.465677 ], [ -99.155931, 19.465688 ], [ -99.155942, 19.465677 ], [ -99.155942, 19.465677 ], [ -99.155931, 19.465688 ], [ -99.155662, 19.465773 ], [ -99.155906, 19.465636 ], [ -99.155942, 19.465677 ], [ -99.155931, 19.465688 ], [ -99.155733, 19.465732 ], [ -99.155681, 19.465727 ], [ -99.155672, 19.465718 ], [ -99.155648, 19.465786 ], [ -99.155637, 19.465775 ], [ -99.155653, 19.465778 ], [ -99.155648, 19.465786 ], [ -99.155637, 19.465775 ], [ -99.155651, 19.465786 ], [ -99.155662, 19.465775 ], [ -99.155651, 19.465786 ], [ -99.155662, 19.465775 ], [ -99.155634, 19.46579 ], [ -99.155643, 19.46579 ], [ -99.155853, 19.465717 ], [ -99.155737, 19.465736 ], [ -99.155844, 19.465626 ], [ -99.155651, 19.465774 ], [ -99.155662, 19.465783 ], [ -99.155651, 19.465774 ], [ -99.155662, 19.465783 ], [ -99.155794, 19.465646 ], [ -99.155859, 19.465681 ], [ -99.155869, 19.465672 ], [ -99.155704, 19.465734 ], [ -99.155921, 19.465805 ], [ -99.155859, 19.465681 ], [ -99.155869, 19.465672 ], [ -99.156163, 19.465324 ], [ -99.156163, 19.465324 ], [ -99.155621, 19.46585 ], [ -99.155665, 19.465769 ], [ -99.155869, 19.465672 ], [ -99.155859, 19.465681 ], [ -99.155511, 19.465763 ], [ -99.155522, 19.465754 ], [ -99.155511, 19.465763 ], [ -99.155522, 19.465754 ], [ -99.15552, 19.466021 ], [ -99.15551, 19.466012 ], [ -99.15546, 19.465265 ], [ -99.15545, 19.465256 ], [ -99.15546, 19.465265 ], [ -99.15545, 19.465256 ], [ -99.155714, 19.465512 ], [ -99.155723, 19.465521 ], [ -99.155723, 19.465521 ], [ -99.15553, 19.465113 ], [ -99.155802, 19.46515 ], [ -99.155714, 19.465512 ], [ -99.155602, 19.465805 ], [ -99.155723, 19.465521 ], [ -99.156511, 19.464039 ], [ -99.156511, 19.464039 ], [ -99.15756, 19.464243 ], [ -99.158044, 19.464253 ], [ -99.157972, 19.464157 ], [ -99.156423, 19.463665 ], [ -99.155884, 19.463568 ], [ -99.155415, 19.463483 ], [ -99.154946, 19.463392 ], [ -99.154331, 19.463275 ], [ -99.153714, 19.463153 ], [ -99.149678, 19.462904 ], [ -99.147611, 19.463431 ], [ -99.147468, 19.463477 ], [ -99.146921, 19.463668 ], [ -99.146329, 19.463861 ], [ -99.145856, 19.464022 ], [ -99.145349, 19.464202 ], [ -99.144844, 19.464344 ], [ -99.144363, 19.464488 ], [ -99.135094, 19.464935 ], [ -99.135094, 19.464935 ], [ -99.134517, 19.464936 ], [ -99.133847, 19.464912 ], [ -99.133248, 19.464778 ], [ -99.132696, 19.464496 ], [ -99.132286, 19.46424 ], [ -99.120718, 19.459163 ], [ -99.120576, 19.459118 ], [ -99.120153, 19.459003 ], [ -99.119565, 19.458815 ], [ -99.119022, 19.458587 ], [ -99.11847, 19.458428 ], [ -99.11796, 19.458274 ], [ -99.1102, 19.453171 ], [ -99.110188, 19.453167 ], [ -99.109609, 19.452891 ], [ -99.109163, 19.452638 ], [ -99.1034, 19.465418 ], [ -99.1034, 19.465418 ], [ -99.103195, 19.465894 ], [ -99.102983, 19.466377 ], [ -99.102983, 19.466377 ], [ -99.102938, 19.466489 ], [ -99.102797, 19.46683 ], [ -99.102601, 19.467293 ], [ -99.102396, 19.467783 ], [ -99.102363, 19.467863 ], [ -99.101979, 19.468776 ], [ -99.101787, 19.469215 ], [ -99.101583, 19.469694 ], [ -99.101583, 19.469694 ], [ -99.100951, 19.471202 ], [ -99.100951, 19.471202 ], [ -99.10073, 19.471719 ], [ -99.100516, 19.472217 ], [ -99.099486, 19.472048 ], [ -99.099239, 19.471931 ], [ -99.098805, 19.471724 ], [ -99.098585, 19.471616 ], [ -99.095494, 19.469438 ], [ -99.095469, 19.46936 ], [ -99.095459, 19.46935 ], [ -99.095471, 19.469392 ], [ -99.095482, 19.469391 ], [ -99.09549, 19.46939 ], [ -99.095609, 19.469377 ], [ -99.09561, 19.469376 ], [ -99.095482, 19.469391 ], [ -99.095471, 19.469392 ], [ -99.095471, 19.469392 ], [ -99.095471, 19.469392 ], [ -99.095482, 19.469391 ], [ -99.095618, 19.469251 ], [ -99.095627, 19.469262 ], [ -99.0956, 19.469424 ], [ -99.095633, 19.46944 ], [ -99.095618, 19.469251 ], [ -99.095627, 19.469262 ], [ -99.095691, 19.469391 ], [ -99.095904, 19.469374 ], [ -99.095903, 19.469383 ], [ -99.095517, 19.46942 ], [ -99.095603, 19.469407 ], [ -99.095604, 19.469408 ], [ -99.095604, 19.469408 ], [ -99.095603, 19.469407 ], [ -99.095602, 19.469406 ], [ -99.095604, 19.469408 ], [ -99.095604, 19.469408 ], [ -99.095603, 19.469407 ], [ -99.095604, 19.469408 ], [ -99.095603, 19.469407 ], [ -99.095604, 19.469408 ], [ -99.095415, 19.469383 ], [ -99.095426, 19.469374 ], [ -99.095674, 19.46941 ], [ -99.095683, 19.46942 ], [ -99.095635, 19.469392 ], [ -99.095609, 19.469407 ], [ -99.095674, 19.46941 ], [ -99.095683, 19.46942 ], [ -99.095773, 19.469385 ], [ -99.0956, 19.469408 ], [ -99.0956, 19.469407 ], [ -99.095685, 19.469396 ], [ -99.0956, 19.469407 ], [ -99.0956, 19.469408 ], [ -99.095739, 19.469384 ], [ -99.095749, 19.469373 ], [ -99.095717, 19.469431 ], [ -99.095686, 19.469423 ], [ -99.095707, 19.469456 ], [ -99.095707, 19.469412 ], [ -99.095706, 19.469423 ], [ -99.09557, 19.46934 ], [ -99.095707, 19.469412 ], [ -99.095708, 19.469421 ], [ -99.095671, 19.46941 ], [ -99.095682, 19.46942 ], [ -99.095984, 19.467952 ], [ -99.095984, 19.467952 ], [ -99.095713, 19.469321 ], [ -99.095996, 19.467492 ], [ -99.096298, 19.465039 ], [ -99.096358, 19.464874 ], [ -99.096489, 19.464515 ], [ -99.096672, 19.464016 ], [ -99.096852, 19.463523 ], [ -99.097032, 19.463033 ], [ -99.097226, 19.462538 ], [ -99.097415, 19.462055 ], [ -99.106728, 19.452015 ], [ -99.106728, 19.452015 ], [ -99.107194, 19.452148 ], [ -99.107247, 19.452174 ], [ -99.107661, 19.452332 ], [ -99.109588, 19.453033 ], [ -99.109808, 19.453121 ], [ -99.109808, 19.453121 ], [ -99.110087, 19.453224 ], [ -99.110533, 19.453385 ], [ -99.110997, 19.453562 ], [ -99.111215, 19.453644 ], [ -99.111451, 19.453743 ], [ -99.124148, 19.460445 ], [ -99.124148, 19.460445 ], [ -99.124743, 19.460645 ], [ -99.124743, 19.460645 ], [ -99.125203, 19.460812 ], [ -99.125666, 19.460992 ], [ -99.12617, 19.461146 ], [ -99.126691, 19.4613 ], [ -99.127246, 19.461419 ], [ -99.137315, 19.465179 ], [ -99.137315, 19.465179 ], [ -99.137875, 19.465226 ], [ -99.138498, 19.465267 ], [ -99.138978, 19.465252 ], [ -99.139476, 19.465248 ], [ -99.140101, 19.465314 ], [ -99.140387, 19.465315 ], [ -99.149677, 19.463374 ], [ -99.150181, 19.463229 ], [ -99.150703, 19.463142 ], [ -99.151203, 19.463133 ], [ -99.15177, 19.463251 ], [ -99.152298, 19.463352 ], [ -99.155949, 19.4645 ], [ -99.149688, 19.463383 ], [ -99.14968, 19.46337 ], [ -99.156039, 19.464864 ], [ -99.156118, 19.464919 ], [ -99.156035, 19.46491 ], [ -99.156031, 19.464914 ], [ -99.156197, 19.464592 ], [ -99.156181, 19.464698 ], [ -99.156181, 19.464698 ], [ -99.156124, 19.464935 ], [ -99.156288, 19.464891 ], [ -99.156277, 19.464892 ], [ -99.156277, 19.464892 ], [ -99.156286, 19.464891 ], [ -99.156277, 19.464892 ], [ -99.15628, 19.46489 ], [ -99.156286, 19.464891 ], [ -99.1565, 19.464801 ], [ -99.156492, 19.464912 ], [ -99.156187, 19.46467 ], [ -99.156187, 19.46467 ], [ -99.156051, 19.464682 ], [ -99.156112, 19.464627 ], [ -99.156088, 19.46463 ], [ -99.156121, 19.464618 ], [ -99.156112, 19.464627 ], [ -99.156121, 19.464618 ], [ -99.156123, 19.464616 ], [ -99.156123, 19.464616 ], [ -99.156123, 19.464616 ], [ -99.156123, 19.464616 ], [ -99.155777, 19.465287 ], [ -99.155776, 19.465269 ], [ -99.155777, 19.465287 ], [ -99.15612, 19.46462 ], [ -99.156121, 19.464618 ], [ -99.156123, 19.464616 ], [ -99.15507, 19.465036 ], [ -99.15507, 19.465036 ], [ -99.154893, 19.465123 ], [ -99.155101, 19.464998 ], [ -99.15508, 19.465045 ], [ -99.15507, 19.465036 ], [ -99.15508, 19.465045 ], [ -99.15507, 19.465036 ], [ -99.15508, 19.465045 ], [ -99.15506, 19.465045 ], [ -99.15507, 19.465036 ], [ -99.15508, 19.465045 ], [ -99.15506, 19.465045 ] ] } },
{ "type": "Feature", "properties": { "device_id": "464f6249cfb8d0903847656156d9e720733f6b99bad26675b706890a2393b1fa", "timestamps": "2020-01-01T06:00:55, 2020-01-01T06:05:57, 2020-01-01T06:10:04, 2020-01-01T06:16:27, 2020-01-01T06:21:12, 2020-01-01T06:26:38, 2020-01-01T06:32:41, 2020-01-01T06:39:28, 2020-01-01T06:47:22, 2020-01-01T06:54:29, 2020-01-01T07:00:54, 2020-01-01T07:05:58, 2020-01-01T07:10:03, 2020-01-01T07:17:55, 2020-01-01T07:24:15, 2020-01-01T08:11:01, 2020-01-01T08:11:02, 2020-01-01T08:11:08, 2020-01-01T08:11:32, 2020-01-01T08:12:53, 2020-01-01T08:17:12, 2020-01-01T08:24:12, 2020-01-01T08:29:42, 2020-01-01T08:37:12, 2020-01-01T08:46:47, 2020-01-01T08:51:47, 2020-01-01T09:00:55, 2020-01-01T09:05:50, 2020-01-01T09:10:48, 2020-01-01T09:17:12, 2020-01-01T09:24:15, 2020-01-01T09:30:03, 2020-01-01T09:37:12, 2020-01-01T09:37:13, 2020-01-01T09:44:07, 2020-01-01T09:50:03, 2020-01-01T10:15:55, 2020-01-01T11:11:47, 2020-01-01T15:52:12, 2020-01-01T15:57:17, 2020-01-01T16:02:19, 2020-01-01T16:07:45, 2020-01-01T16:10:39, 2020-01-01T16:14:32, 2020-01-01T16:15:05, 2020-01-01T16:20:03, 2020-01-01T16:25:00, 2020-01-01T16:30:06, 2020-01-01T16:35:08, 2020-01-01T16:42:53, 2020-01-01T16:55:18, 2020-01-01T17:00:41, 2020-01-01T17:10:40, 2020-01-01T17:15:47, 2020-01-01T17:20:49, 2020-01-01T17:25:49, 2020-01-01T18:23:17, 2020-01-01T18:28:41, 2020-01-01T18:37:47, 2020-01-01T18:47:31, 2020-01-01T18:52:33, 2020-01-01T18:57:37, 2020-01-01T19:02:38, 2020-01-01T19:07:02, 2020-01-01T19:12:04, 2020-01-01T19:17:03, 2020-01-01T19:28:50, 2020-01-01T19:33:56, 2020-01-01T19:38:57, 2020-01-01T19:48:59, 2020-01-01T19:53:59, 2020-01-01T20:03:21, 2020-01-01T20:08:24, 2020-01-01T20:13:20, 2020-01-01T20:18:26, 2020-01-01T20:23:28, 2020-01-01T20:28:29, 2020-01-01T20:33:12, 2020-01-01T20:38:11, 2020-01-01T20:43:13, 2020-01-01T20:48:45, 2020-01-01T21:53:50, 2020-01-01T21:58:57, 2020-01-01T22:03:58, 2020-01-01T22:08:58, 2020-01-01T22:13:58, 2020-01-01T22:18:59, 2020-01-01T22:23:59, 2020-01-01T22:28:44, 2020-01-01T22:35:06, 2020-01-01T22:47:34, 2020-01-01T22:54:13, 2020-01-01T22:59:46, 2020-01-01T23:05:50, 2020-01-01T23:12:54, 2020-01-01T23:17:53, 2020-01-01T23:27:59, 2020-01-01T23:37:56, 2020-01-01T23:44:43, 2020-01-01T23:50:25, 2020-01-01T23:55:23" }, "geometry": { "type": "LineString", "coordinates": [ [ -99.026313, 19.390573 ], [ -99.026313, 19.390573 ], [ -99.026313, 19.390573 ], [ -99.026313, 19.390573 ], [ -99.026313, 19.390573 ], [ -99.026313, 19.390573 ], [ -99.026313, 19.390573 ], [ -99.026313, 19.390573 ], [ -99.026313, 19.390573 ], [ -99.026313, 19.390573 ], [ -99.026313, 19.390573 ], [ -99.026313, 19.390573 ], [ -99.026313, 19.390573 ], [ -99.026313, 19.390573 ], [ -99.026313, 19.390573 ], [ -99.026305, 19.390517 ], [ -99.026305, 19.390517 ], [ -99.026305, 19.390517 ], [ -99.026305, 19.390517 ], [ -99.026305, 19.390517 ], [ -99.026305, 19.390517 ], [ -99.026305, 19.390517 ], [ -99.026305, 19.390517 ], [ -99.026305, 19.390517 ], [ -99.026305, 19.390517 ], [ -99.026305, 19.390517 ], [ -99.026305, 19.390517 ], [ -99.026305, 19.390517 ], [ -99.026305, 19.390517 ], [ -99.026305, 19.390517 ], [ -99.026305, 19.390517 ], [ -99.026305, 19.390517 ], [ -99.026305, 19.390517 ], [ -99.026305, 19.390517 ], [ -99.026305, 19.390517 ], [ -99.026305, 19.390517 ], [ -99.026238, 19.390613 ], [ -99.026266, 19.390608 ], [ -99.145546, 19.466043 ], [ -99.145479, 19.46598 ], [ -99.145561, 19.466032 ], [ -99.145476, 19.465971 ], [ -99.145467, 19.465982 ], [ -99.145467, 19.465982 ], [ -99.145438, 19.465998 ], [ -99.145474, 19.466025 ], [ -99.14543, 19.46597 ], [ -99.145683, 19.466096 ], [ -99.145578, 19.466056 ], [ -99.145451, 19.465962 ], [ -99.145447, 19.465949 ], [ -99.145444, 19.465919 ], [ -99.145509, 19.465999 ], [ -99.145446, 19.465932 ], [ -99.144688, 19.466357 ], [ -99.145428, 19.465921 ], [ -99.145582, 19.466093 ], [ -99.145604, 19.466065 ], [ -99.145528, 19.466028 ], [ -99.145433, 19.466021 ], [ -99.145428, 19.465921 ], [ -99.145549, 19.466038 ], [ -99.145444, 19.465947 ], [ -99.145474, 19.465997 ], [ -99.14557, 19.46606 ], [ -99.145597, 19.466048 ], [ -99.145554, 19.466062 ], [ -99.145571, 19.466042 ], [ -99.14547, 19.465962 ], [ -99.14555, 19.46604 ], [ -99.145549, 19.46606 ], [ -99.145434, 19.465982 ], [ -99.145516, 19.466045 ], [ -99.145562, 19.466065 ], [ -99.145481, 19.465967 ], [ -99.145681, 19.466087 ], [ -99.14567, 19.466083 ], [ -99.145665, 19.466054 ], [ -99.14562, 19.46603 ], [ -99.145645, 19.466052 ], [ -99.145474, 19.465972 ], [ -99.026305, 19.390671 ], [ -99.026276, 19.390665 ], [ -99.026274, 19.390665 ], [ -99.026277, 19.390631 ], [ -99.026286, 19.390632 ], [ -99.026294, 19.390657 ], [ -99.026309, 19.39068 ], [ -99.026328, 19.390684 ], [ -99.026328, 19.390684 ], [ -99.026296, 19.390685 ], [ -99.026296, 19.390685 ], [ -99.026296, 19.390685 ], [ -99.026296, 19.390685 ], [ -99.026268, 19.390621 ], [ -99.026266, 19.390609 ], [ -99.026284, 19.390604 ], [ -99.026325, 19.39065 ], [ -99.026266, 19.390605 ], [ -99.026266, 19.390605 ], [ -99.026266, 19.390605 ] ] } },
{ "type": "Feature", "properties": { "device_id": "182dc7acf41d6f1f1da868878caab60c80bc4c23cc0c44942cdf01941cf3bc47", "timestamps": "2020-01-01T09:10:16, 2020-01-01T09:10:26, 2020-01-01T19:14:58" }, "geometry": { "type": "LineString", "coordinates": [ [ -99.06541, 19.47186 ], [ -99.065401, 19.471886 ], [ -99.143993, 19.466283 ] ] } },
{ "type": "Feature", "properties": { "device_id": "6ab437333ad23112e3eab3c5e874a434688ca6f7f52f9b1f8e3bffee98e7d0cd", "timestamps": "2020-01-01T06:00:24, 2020-01-01T06:15:29, 2020-01-01T06:35:48, 2020-01-01T06:37:55, 2020-01-01T06:41:16, 2020-01-01T06:55:49, 2020-01-01T07:05:15, 2020-01-01T07:16:51, 2020-01-01T07:16:52, 2020-01-01T07:37:22, 2020-01-01T07:56:27, 2020-01-01T08:12:28, 2020-01-01T08:16:53, 2020-01-01T08:36:17, 2020-01-01T08:42:12, 2020-01-01T08:56:17, 2020-01-01T09:39:49, 2020-01-01T18:17:19, 2020-01-01T18:20:38, 2020-01-01T18:47:25, 2020-01-01T19:23:31, 2020-01-01T19:32:58, 2020-01-01T19:38:12, 2020-01-01T19:50:19, 2020-01-01T20:02:32, 2020-01-01T20:16:26, 2020-01-01T20:28:10, 2020-01-01T20:40:47, 2020-01-01T20:52:02, 2020-01-01T21:06:54, 2020-01-01T21:10:56, 2020-01-01T21:19:37, 2020-01-01T21:25:02, 2020-01-01T21:32:21, 2020-01-01T21:45:26, 2020-01-01T21:49:15, 2020-01-01T21:57:37, 2020-01-01T22:32:55, 2020-01-01T22:50:34, 2020-01-01T23:23:40, 2020-01-01T23:35:02" }, "geometry": { "type": "LineString", "coordinates": [ [ -99.064227, 19.46013 ], [ -99.06439, 19.460094 ], [ -99.064206, 19.460196 ], [ -99.064204, 19.460193 ], [ -99.064299, 19.460205 ], [ -99.064283, 19.460141 ], [ -99.064349, 19.460128 ], [ -99.064225, 19.460202 ], [ -99.064244, 19.460171 ], [ -99.064449, 19.460123 ], [ -99.064226, 19.460171 ], [ -99.063973, 19.460044 ], [ -99.064223, 19.460231 ], [ -99.063973, 19.460044 ], [ -99.064259, 19.460066 ], [ -99.064259, 19.460066 ], [ -99.064214, 19.460248 ], [ -99.145615, 19.466053 ], [ -99.145692, 19.466054 ], [ -99.145579, 19.466066 ], [ -99.145626, 19.466068 ], [ -99.145568, 19.466088 ], [ -99.145561, 19.466102 ], [ -99.145608, 19.466063 ], [ -99.145644, 19.466051 ], [ -99.145605, 19.46604 ], [ -99.145535, 19.46607 ], [ -99.145569, 19.466101 ], [ -99.1456, 19.466051 ], [ -99.145664, 19.466523 ], [ -99.145388, 19.466034 ], [ -99.145661, 19.466059 ], [ -99.145611, 19.466062 ], [ -99.145606, 19.466055 ], [ -99.145597, 19.466077 ], [ -99.14554, 19.466101 ], [ -99.145595, 19.466066 ], [ -99.145615, 19.466051 ], [ -99.145631, 19.466052 ], [ -99.145246, 19.466092 ], [ -99.145595, 19.466069 ] ] } },
{ "type": "Feature", "properties": { "device_id": "e1998f177e0d62fbbe4b2e9fa0701e47adc866a1cbcc08604be66737cb1d9714", "timestamps": "2020-01-01T19:11:39, 2020-01-01T23:32:54, 2020-01-01T23:38:04, 2020-01-01T23:44:48" }, "geometry": { "type": "LineString", "coordinates": [ [ -99.145578, 19.466069 ], [ -98.966539, 19.708459 ], [ -98.939549, 19.75657 ], [ -98.95036, 19.84325 ] ] } },
{ "type": "Feature", "properties": { "device_id": "fccdc1140fb6b880a80751462a0d1d5c3e8f9126718596225ac267f7e077f881", "timestamps": "2020-01-01T06:15:53, 2020-01-01T06:21:29, 2020-01-01T06:27:13, 2020-01-01T06:33:34, 2020-01-01T06:39:33, 2020-01-01T06:45:05, 2020-01-01T06:46:57, 2020-01-01T06:50:06, 2020-01-01T06:57:52, 2020-01-01T07:03:53, 2020-01-01T07:09:50, 2020-01-01T07:15:59, 2020-01-01T07:16:34, 2020-01-01T07:21:15, 2020-01-01T07:27:14, 2020-01-01T07:36:21, 2020-01-01T07:42:16, 2020-01-01T07:48:19, 2020-01-01T07:54:46, 2020-01-01T08:00:47, 2020-01-01T08:06:47, 2020-01-01T08:12:39, 2020-01-01T08:18:05, 2020-01-01T08:24:05, 2020-01-01T08:30:05, 2020-01-01T08:36:02, 2020-01-01T09:34:30, 2020-01-01T11:15:49, 2020-01-01T11:22:16, 2020-01-01T11:23:00, 2020-01-01T11:24:46, 2020-01-01T11:29:48, 2020-01-01T11:34:36, 2020-01-01T11:39:37, 2020-01-01T11:44:02, 2020-01-01T11:49:01, 2020-01-01T11:55:26, 2020-01-01T12:00:02, 2020-01-01T12:08:52, 2020-01-01T12:14:11, 2020-01-01T12:20:02, 2020-01-01T12:29:50, 2020-01-01T13:16:03, 2020-01-01T13:16:06, 2020-01-01T13:17:54, 2020-01-01T13:22:17, 2020-01-01T13:28:19, 2020-01-01T13:35:52, 2020-01-01T13:40:02, 2020-01-01T13:46:57, 2020-01-01T13:55:21, 2020-01-01T14:00:02, 2020-01-01T14:08:45, 2020-01-01T14:16:45, 2020-01-01T15:17:15, 2020-01-01T15:17:28, 2020-01-01T15:32:42, 2020-01-01T15:34:18, 2020-01-01T15:37:41, 2020-01-01T15:43:01, 2020-01-01T15:50:53, 2020-01-01T15:56:27, 2020-01-01T16:05:24, 2020-01-01T16:10:02, 2020-01-01T16:17:21, 2020-01-01T16:23:19, 2020-01-01T16:29:50, 2020-01-01T16:35:57, 2020-01-01T16:36:47, 2020-01-01T16:41:21, 2020-01-01T16:47:45, 2020-01-01T16:48:23, 2020-01-01T16:48:51, 2020-01-01T16:53:39, 2020-01-01T17:00:52, 2020-01-01T17:06:57, 2020-01-01T17:07:38, 2020-01-01T17:12:11, 2020-01-01T17:19:56, 2020-01-01T17:25:09, 2020-01-01T17:32:11, 2020-01-01T17:37:04, 2020-01-01T17:52:55, 2020-01-01T17:58:57, 2020-01-01T18:06:32, 2020-01-01T18:15:02, 2020-01-01T18:22:44, 2020-01-01T18:27:47, 2020-01-01T18:33:39, 2020-01-01T18:45:59, 2020-01-01T18:47:14, 2020-01-01T18:47:23, 2020-01-01T18:47:51, 2020-01-01T18:52:51, 2020-01-01T18:57:03, 2020-01-01T19:04:45, 2020-01-01T19:10:45, 2020-01-01T19:19:23, 2020-01-01T19:22:42, 2020-01-01T19:29:52, 2020-01-01T19:35:15, 2020-01-01T19:41:45, 2020-01-01T19:46:33, 2020-01-01T19:47:13, 2020-01-01T19:47:24, 2020-01-01T19:52:52, 2020-01-01T19:58:19, 2020-01-01T20:02:52, 2020-01-01T20:03:07, 2020-01-01T20:03:26, 2020-01-01T20:03:57, 2020-01-01T20:04:42, 2020-01-01T20:09:44, 2020-01-01T20:15:01, 2020-01-01T20:22:52, 2020-01-01T20:34:21, 2020-01-01T20:39:42, 2020-01-01T20:45:10, 2020-01-01T20:49:07, 2020-01-01T20:49:57, 2020-01-01T20:51:48, 2020-01-01T20:57:31, 2020-01-01T21:03:30, 2020-01-01T21:09:30, 2020-01-01T21:16:45, 2020-01-01T21:27:03, 2020-01-01T21:34:36, 2020-01-01T21:34:38, 2020-01-01T21:40:09, 2020-01-01T21:47:55, 2020-01-01T22:26:39, 2020-01-01T22:52:45, 2020-01-01T22:57:52, 2020-01-01T22:58:41, 2020-01-01T23:04:43, 2020-01-01T23:11:17, 2020-01-01T23:17:03, 2020-01-01T23:23:19, 2020-01-01T23:28:19, 2020-01-01T23:36:25, 2020-01-01T23:40:04, 2020-01-01T23:40:53, 2020-01-01T23:42:19, 2020-01-01T23:46:37, 2020-01-01T23:46:47, 2020-01-01T23:48:42, 2020-01-01T23:50:03, 2020-01-01T23:50:54, 2020-01-01T23:53:57, 2020-01-01T23:54:46, 2020-01-01T23:57:35, 2020-01-01T23:57:40, 2020-01-01T23:59:22" }, "geometry": { "type": "LineString", "coordinates": [ [ -99.125522, 19.376522 ], [ -99.125549, 19.376505 ], [ -99.125534, 19.376506 ], [ -99.125549, 19.376505 ], [ -99.125509, 19.376477 ], [ -99.101103, 19.377856 ], [ -99.1009, 19.378846 ], [ -99.093391, 19.424653 ], [ -99.124504, 19.460741 ], [ -99.148237, 19.47873 ], [ -99.14765, 19.486688 ], [ -99.147771, 19.486924 ], [ -99.147781, 19.486867 ], [ -99.14783, 19.486834 ], [ -99.14783, 19.486834 ], [ -99.147662, 19.487103 ], [ -99.147662, 19.487103 ], [ -99.147662, 19.487103 ], [ -99.147662, 19.487103 ], [ -99.147662, 19.487103 ], [ -99.147662, 19.487103 ], [ -99.147779, 19.486844 ], [ -99.147779, 19.486844 ], [ -99.147779, 19.486844 ], [ -99.147779, 19.486844 ], [ -99.147779, 19.486844 ], [ -99.147779, 19.486844 ], [ -99.147749, 19.486893 ], [ -99.147749, 19.486893 ], [ -99.147793, 19.486772 ], [ -99.147738, 19.48671 ], [ -99.14783, 19.486834 ], [ -99.14783, 19.486834 ], [ -99.147771, 19.486757 ], [ -99.14783, 19.48684 ], [ -99.14783, 19.486834 ], [ -99.14783, 19.486834 ], [ -99.147804, 19.486835 ], [ -99.14783, 19.486834 ], [ -99.147827, 19.486832 ], [ -99.14783, 19.486834 ], [ -99.14783, 19.486834 ], [ -99.147829, 19.486834 ], [ -99.147829, 19.486834 ], [ -99.147799, 19.486882 ], [ -99.147799, 19.486882 ], [ -99.147799, 19.486882 ], [ -99.147799, 19.486882 ], [ -99.147799, 19.486882 ], [ -99.147799, 19.486882 ], [ -99.147799, 19.486882 ], [ -99.147799, 19.486882 ], [ -99.147799, 19.486882 ], [ -99.1478, 19.486828 ], [ -99.1478, 19.486828 ], [ -99.1478, 19.486828 ], [ -99.1478, 19.486828 ], [ -99.147774, 19.4868 ], [ -99.14765, 19.486688 ], [ -99.14783, 19.486834 ], [ -99.14783, 19.486834 ], [ -99.14783, 19.486834 ], [ -99.14783, 19.486834 ], [ -99.14783, 19.486834 ], [ -99.14783, 19.486834 ], [ -99.14783, 19.486834 ], [ -99.14783, 19.486834 ], [ -99.147808, 19.486808 ], [ -99.147635, 19.486841 ], [ -99.147793, 19.486819 ], [ -99.147562, 19.487134 ], [ -99.147808, 19.486852 ], [ -99.147808, 19.486852 ], [ -99.14783, 19.486834 ], [ -99.14778, 19.486756 ], [ -99.14783, 19.486834 ], [ -99.147692, 19.486725 ], [ -99.147797, 19.486797 ], [ -99.14783, 19.486834 ], [ -99.147842, 19.4868 ], [ -99.14783, 19.486834 ], [ -99.14783, 19.486834 ], [ -99.14779, 19.486759 ], [ -99.147687, 19.486644 ], [ -99.147764, 19.486877 ], [ -99.147764, 19.486877 ], [ -99.147764, 19.486877 ], [ -99.147791, 19.486816 ], [ -99.14783, 19.486834 ], [ -99.147769, 19.486928 ], [ -99.147829, 19.486887 ], [ -99.14782, 19.48687 ], [ -99.147829, 19.486887 ], [ -99.147829, 19.486887 ], [ -99.147712, 19.486941 ], [ -99.147804, 19.486831 ], [ -99.147751, 19.486968 ], [ -99.147784, 19.486939 ], [ -99.147784, 19.486939 ], [ -99.147741, 19.486947 ], [ -99.147804, 19.486867 ], [ -99.147773, 19.486816 ], [ -99.147755, 19.4869 ], [ -99.147755, 19.4869 ], [ -99.14777, 19.48689 ], [ -99.147788, 19.486756 ], [ -99.147788, 19.486756 ], [ -99.147788, 19.486756 ], [ -99.14764, 19.48698 ], [ -99.147648, 19.486971 ], [ -99.147648, 19.486971 ], [ -99.147779, 19.486902 ], [ -99.14779, 19.486901 ], [ -99.14777, 19.486781 ], [ -99.14783, 19.486834 ], [ -99.147811, 19.486807 ], [ -99.14783, 19.486834 ], [ -99.14783, 19.486834 ], [ -99.147662, 19.486327 ], [ -99.14766, 19.48631 ], [ -99.14783, 19.486834 ], [ -99.14783, 19.486834 ], [ -99.14783, 19.486834 ], [ -99.14783, 19.486834 ], [ -99.14783, 19.486834 ], [ -99.14783, 19.486834 ], [ -99.14783, 19.486834 ], [ -99.14783, 19.486834 ], [ -99.14783, 19.486834 ], [ -99.14783, 19.486834 ], [ -99.14783, 19.486834 ], [ -99.14783, 19.486834 ], [ -99.14783, 19.486834 ], [ -99.1477, 19.486883 ], [ -99.147746, 19.486403 ], [ -99.147655, 19.486642 ], [ -99.147749, 19.486762 ], [ -99.14783, 19.486834 ], [ -99.147796, 19.486706 ], [ -99.147755, 19.486787 ], [ -99.14783, 19.486834 ], [ -99.14782, 19.48684 ], [ -99.14783, 19.486834 ], [ -99.148885, 19.486114 ], [ -99.14888, 19.48612 ], [ -99.148368, 19.479816 ], [ -99.14464, 19.46962 ], [ -99.144641, 19.469613 ], [ -99.14389, 19.465304 ], [ -99.152894, 19.463439 ], [ -99.167194, 19.441864 ], [ -99.1672, 19.44185 ], [ -99.175489, 19.427283 ] ] } },
{ "type": "Feature", "properties": { "device_id": "3bdbb79b882cbfdb61de06346d6bc751fe315db1bb66fac8025166e707c7c7b2", "timestamps": "2020-01-01T06:34:01, 2020-01-01T06:34:52, 2020-01-01T07:42:19, 2020-01-01T07:42:29, 2020-01-01T15:01:33, 2020-01-01T15:01:44, 2020-01-01T17:44:35, 2020-01-01T17:44:40, 2020-01-01T22:58:49, 2020-01-01T22:58:50" }, "geometry": { "type": "LineString", "coordinates": [ [ -99.170599, 19.549489 ], [ -99.170592, 19.549491 ], [ -99.17059, 19.54951 ], [ -99.170572, 19.549524 ], [ -99.17059, 19.54946 ], [ -99.170579, 19.549459 ], [ -99.17059, 19.549489 ], [ -99.170571, 19.549491 ], [ -99.144391, 19.465484 ], [ -99.144391, 19.465484 ] ] } },
{ "type": "Feature", "properties": { "device_id": "286efec46c08be93e113d90838d77b7747611c6b94dc70d3cbe679ae05f3925f", "timestamps": "2020-01-01T16:59:23, 2020-01-01T17:41:46, 2020-01-01T17:44:33, 2020-01-01T17:48:27, 2020-01-01T17:51:30, 2020-01-01T18:08:14, 2020-01-01T18:08:28, 2020-01-01T18:28:55, 2020-01-01T18:47:57, 2020-01-01T19:06:43, 2020-01-01T19:25:02, 2020-01-01T19:58:14, 2020-01-01T20:03:39, 2020-01-01T20:10:07, 2020-01-01T20:21:35, 2020-01-01T20:21:46, 2020-01-01T20:27:34, 2020-01-01T20:34:53, 2020-01-01T20:41:58, 2020-01-01T20:44:12, 2020-01-01T20:47:10, 2020-01-01T20:50:47, 2020-01-01T20:54:55, 2020-01-01T21:15:20, 2020-01-01T21:36:45, 2020-01-01T21:55:01, 2020-01-01T21:55:31, 2020-01-01T21:55:40, 2020-01-01T22:14:00, 2020-01-01T22:36:50, 2020-01-01T22:55:17, 2020-01-01T23:14:19, 2020-01-01T23:33:40, 2020-01-01T23:52:48" }, "geometry": { "type": "LineString", "coordinates": [ [ -98.979418, 19.37109 ], [ -99.077904, 19.417383 ], [ -99.089153, 19.448216 ], [ -99.133336, 19.464795 ], [ -99.146998, 19.466576 ], [ -99.144337, 19.465357 ], [ -99.144339, 19.465359 ], [ -99.14434, 19.465335 ], [ -99.144427, 19.465367 ], [ -99.144406, 19.465367 ], [ -99.144321, 19.465316 ], [ -99.144292, 19.465546 ], [ -99.145197, 19.466071 ], [ -99.146977, 19.466618 ], [ -99.085728, 19.440806 ], [ -99.085603, 19.441164 ], [ -99.086691, 19.41488 ], [ -99.066027, 19.402085 ], [ -99.002441, 19.361789 ], [ -98.985936, 19.356695 ], [ -98.985898, 19.362467 ], [ -98.980631, 19.369976 ], [ -98.977445, 19.371737 ], [ -98.977287, 19.372026 ], [ -98.977271, 19.372025 ], [ -98.97733, 19.372007 ], [ -98.977274, 19.372021 ], [ -98.977277, 19.372027 ], [ -98.977322, 19.37195 ], [ -98.977293, 19.372029 ], [ -98.977302, 19.372011 ], [ -98.977286, 19.372018 ], [ -98.977287, 19.372015 ], [ -98.977297, 19.372026 ] ] } },
{ "type": "Feature", "properties": { "device_id": "eef46dd145011b4a48ca879dce371d8fd466a758e85bba6d51acde17db1c4fe2", "timestamps": "2020-01-01T06:08:15, 2020-01-01T06:13:08, 2020-01-01T06:21:41, 2020-01-01T06:27:46, 2020-01-01T06:33:08, 2020-01-01T06:39:09, 2020-01-01T06:46:39, 2020-01-01T07:22:34, 2020-01-01T07:33:08, 2020-01-01T07:33:09, 2020-01-01T07:34:55, 2020-01-01T07:40:04, 2020-01-01T09:29:31, 2020-01-01T09:34:30, 2020-01-01T09:36:55, 2020-01-01T09:42:35, 2020-01-01T09:50:51, 2020-01-01T09:56:32, 2020-01-01T10:03:08, 2020-01-01T10:09:09, 2020-01-01T10:17:13, 2020-01-01T10:23:08, 2020-01-01T10:30:31, 2020-01-01T10:36:05, 2020-01-01T10:43:09, 2020-01-01T10:52:56, 2020-01-01T10:59:39, 2020-01-01T11:06:16, 2020-01-01T11:18:23, 2020-01-01T11:24:08, 2020-01-01T11:56:46, 2020-01-01T12:00:16, 2020-01-01T12:08:16, 2020-01-01T12:12:57, 2020-01-01T12:17:11, 2020-01-01T12:26:30, 2020-01-01T12:27:49, 2020-01-01T12:32:37, 2020-01-01T12:35:53, 2020-01-01T12:43:40, 2020-01-01T12:48:37, 2020-01-01T12:55:54, 2020-01-01T13:01:56, 2020-01-01T13:07:22, 2020-01-01T13:13:28, 2020-01-01T13:19:13, 2020-01-01T13:25:19, 2020-01-01T13:30:41, 2020-01-01T13:32:54, 2020-01-01T13:35:46, 2020-01-01T13:41:31, 2020-01-01T13:47:37, 2020-01-01T13:52:38, 2020-01-01T13:58:00, 2020-01-01T14:04:41, 2020-01-01T14:10:32, 2020-01-01T14:17:52, 2020-01-01T14:23:53, 2020-01-01T14:33:48, 2020-01-01T14:39:22, 2020-01-01T14:44:15, 2020-01-01T14:50:17, 2020-01-01T14:57:07, 2020-01-01T15:04:50, 2020-01-01T15:10:27, 2020-01-01T15:14:26, 2020-01-01T15:16:27, 2020-01-01T15:22:38, 2020-01-01T15:31:01, 2020-01-01T15:34:13, 2020-01-01T15:37:01, 2020-01-01T15:43:04, 2020-01-01T15:49:04, 2020-01-01T15:49:14, 2020-01-01T15:55:04, 2020-01-01T16:01:03, 2020-01-01T16:01:21, 2020-01-01T16:02:29, 2020-01-01T16:09:02, 2020-01-01T16:14:08, 2020-01-01T16:19:09, 2020-01-01T16:31:36, 2020-01-01T16:37:03, 2020-01-01T16:37:06, 2020-01-01T16:38:51, 2020-01-01T16:39:24, 2020-01-01T16:43:06, 2020-01-01T16:50:00, 2020-01-01T16:57:27, 2020-01-01T16:58:53, 2020-01-01T17:14:09, 2020-01-01T17:15:53, 2020-01-01T17:20:09, 2020-01-01T17:27:28, 2020-01-01T17:33:15, 2020-01-01T17:33:29, 2020-01-01T17:39:09, 2020-01-01T17:52:18, 2020-01-01T17:52:28, 2020-01-01T17:53:48, 2020-01-01T17:58:16, 2020-01-01T18:03:05, 2020-01-01T18:10:37, 2020-01-01T18:10:45, 2020-01-01T18:16:38, 2020-01-01T18:24:56, 2020-01-01T18:26:44, 2020-01-01T18:29:57, 2020-01-01T18:34:17, 2020-01-01T18:40:17, 2020-01-01T18:41:39, 2020-01-01T18:51:56, 2020-01-01T18:57:23, 2020-01-01T19:09:08, 2020-01-01T19:13:13, 2020-01-01T19:15:08, 2020-01-01T19:21:08, 2020-01-01T19:21:53, 2020-01-01T19:27:08, 2020-01-01T19:36:02, 2020-01-01T19:36:26, 2020-01-01T19:43:35, 2020-01-01T19:44:52, 2020-01-01T19:57:53, 2020-01-01T20:02:28, 2020-01-01T20:04:07, 2020-01-01T20:08:54, 2020-01-01T20:08:58, 2020-01-01T20:10:42, 2020-01-01T20:14:12, 2020-01-01T20:19:42, 2020-01-01T20:25:41, 2020-01-01T20:30:36, 2020-01-01T20:31:34, 2020-01-01T20:37:08, 2020-01-01T20:38:51, 2020-01-01T20:41:57, 2020-01-01T20:43:31, 2020-01-01T20:45:21, 2020-01-01T21:01:24, 2020-01-01T21:13:20, 2020-01-01T21:19:09, 2020-01-01T21:27:30, 2020-01-01T21:32:05, 2020-01-01T21:43:57, 2020-01-01T21:49:11, 2020-01-01T21:55:49, 2020-01-01T21:56:03, 2020-01-01T22:09:18, 2020-01-01T22:17:13, 2020-01-01T22:17:16, 2020-01-01T22:23:06, 2020-01-01T22:30:31, 2020-01-01T22:36:31, 2020-01-01T22:41:06, 2020-01-01T22:43:42, 2020-01-01T22:49:48, 2020-01-01T22:59:36, 2020-01-01T23:07:55, 2020-01-01T23:13:55, 2020-01-01T23:19:11, 2020-01-01T23:27:53, 2020-01-01T23:33:23, 2020-01-01T23:42:45, 2020-01-01T23:50:24, 2020-01-01T23:52:55" }, "geometry": { "type": "LineString", "coordinates": [ [ -99.156458, 19.504672 ], [ -99.156458, 19.504672 ], [ -99.156458, 19.504672 ], [ -99.156458, 19.504672 ], [ -99.156458, 19.504672 ], [ -99.156458, 19.504672 ], [ -99.156458, 19.504672 ], [ -99.156474, 19.50468 ], [ -99.156474, 19.50468 ], [ -99.156452, 19.50466 ], [ -99.156452, 19.50466 ], [ -99.156467, 19.504692 ], [ -99.156467, 19.504692 ], [ -99.156467, 19.504692 ], [ -99.156467, 19.504692 ], [ -99.156467, 19.504692 ], [ -99.156467, 19.504692 ], [ -99.156467, 19.504692 ], [ -99.156467, 19.504692 ], [ -99.156467, 19.504692 ], [ -99.156467, 19.504692 ], [ -99.156467, 19.504692 ], [ -99.156467, 19.504692 ], [ -99.156467, 19.504692 ], [ -99.156483, 19.504671 ], [ -99.156483, 19.504671 ], [ -99.156483, 19.504671 ], [ -99.156483, 19.504671 ], [ -99.156459, 19.504674 ], [ -99.156459, 19.504674 ], [ -99.156466, 19.504691 ], [ -99.156457, 19.504674 ], [ -99.15648, 19.504674 ], [ -99.156466, 19.504691 ], [ -99.15648, 19.504674 ], [ -99.15646, 19.504671 ], [ -99.156466, 19.504691 ], [ -99.156449, 19.504689 ], [ -99.156466, 19.504691 ], [ -99.155615, 19.500007 ], [ -99.150171, 19.485021 ], [ -99.143588, 19.467452 ], [ -99.145347, 19.46594 ], [ -99.145313, 19.46595 ], [ -99.145342, 19.465953 ], [ -99.145349, 19.46597 ], [ -99.145331, 19.465935 ], [ -99.145348, 19.465969 ], [ -99.145348, 19.465969 ], [ -99.14526, 19.466182 ], [ -99.145507, 19.466421 ], [ -99.145313, 19.465968 ], [ -99.145311, 19.465969 ], [ -99.145253, 19.465502 ], [ -99.145351, 19.46594 ], [ -99.145335, 19.465963 ], [ -99.145428, 19.465921 ], [ -99.145428, 19.465921 ], [ -99.145288, 19.466022 ], [ -99.145352, 19.465943 ], [ -99.145362, 19.465962 ], [ -99.145351, 19.465933 ], [ -99.145352, 19.465943 ], [ -99.145352, 19.465943 ], [ -99.145352, 19.465943 ], [ -99.145352, 19.465943 ], [ -99.145352, 19.465943 ], [ -99.145356, 19.465942 ], [ -99.145369, 19.465938 ], [ -99.145313, 19.465968 ], [ -99.145369, 19.465938 ], [ -99.145354, 19.465931 ], [ -99.145354, 19.465931 ], [ -99.145313, 19.465968 ], [ -99.145309, 19.465967 ], [ -99.145338, 19.465962 ], [ -99.145308, 19.465987 ], [ -99.145338, 19.465962 ], [ -99.145307, 19.46599 ], [ -99.145323, 19.465973 ], [ -99.145323, 19.465973 ], [ -99.145306, 19.46597 ], [ -99.145324, 19.46599 ], [ -99.145338, 19.465962 ], [ -99.145304, 19.466097 ], [ -99.145338, 19.465962 ], [ -99.145357, 19.465949 ], [ -99.145335, 19.465966 ], [ -99.145338, 19.465962 ], [ -99.145355, 19.465931 ], [ -99.145318, 19.465821 ], [ -99.145338, 19.465962 ], [ -99.145378, 19.465942 ], [ -99.145352, 19.465944 ], [ -99.145354, 19.465944 ], [ -99.145354, 19.465944 ], [ -99.145354, 19.465944 ], [ -99.145309, 19.465966 ], [ -99.145305, 19.465954 ], [ -99.145338, 19.465962 ], [ -99.145073, 19.466235 ], [ -99.145357, 19.465945 ], [ -99.145338, 19.465962 ], [ -99.14533, 19.465938 ], [ -99.145338, 19.465941 ], [ -99.145352, 19.465934 ], [ -99.145338, 19.465962 ], [ -99.145369, 19.465947 ], [ -99.145392, 19.465933 ], [ -99.145352, 19.465932 ], [ -99.145338, 19.465962 ], [ -99.145378, 19.46595 ], [ -99.14535, 19.465937 ], [ -99.145352, 19.465936 ], [ -99.145352, 19.465933 ], [ -99.145359, 19.465961 ], [ -99.145352, 19.465933 ], [ -99.145338, 19.465962 ], [ -99.145334, 19.465964 ], [ -99.145338, 19.465962 ], [ -99.145356, 19.465948 ], [ -99.145308, 19.46598 ], [ -99.145264, 19.465965 ], [ -99.145386, 19.465932 ], [ -99.145345, 19.465966 ], [ -99.145338, 19.465962 ], [ -99.145415, 19.466236 ], [ -99.145338, 19.465962 ], [ -99.144616, 19.466778 ], [ -99.144005, 19.46818 ], [ -99.149336, 19.481716 ], [ -99.150321, 19.485016 ], [ -99.150321, 19.485016 ], [ -99.15601, 19.499961 ], [ -99.156461, 19.504676 ], [ -99.15601, 19.499961 ], [ -99.15646, 19.504658 ], [ -99.156457, 19.504687 ], [ -99.156452, 19.504689 ], [ -99.156454, 19.504672 ], [ -99.156436, 19.504651 ], [ -99.156434, 19.504669 ], [ -99.156434, 19.504669 ], [ -99.156461, 19.504652 ], [ -99.156466, 19.504683 ], [ -99.15645, 19.504686 ], [ -99.156434, 19.504652 ], [ -99.15646, 19.504658 ], [ -99.156457, 19.504672 ], [ -99.156457, 19.504672 ], [ -99.156457, 19.504672 ], [ -99.156457, 19.504672 ], [ -99.156457, 19.504672 ], [ -99.156457, 19.504672 ], [ -99.15646, 19.504658 ], [ -99.156451, 19.504685 ], [ -99.156451, 19.504685 ], [ -99.156451, 19.504685 ], [ -99.156451, 19.504685 ], [ -99.156451, 19.504685 ], [ -99.156451, 19.504685 ], [ -99.156451, 19.504685 ], [ -99.156451, 19.504685 ], [ -99.156451, 19.504685 ], [ -99.156459, 19.504682 ], [ -99.156459, 19.504682 ] ] } },
{ "type": "Feature", "properties": { "device_id": "58d199688e14efc3b71222681524e879d9c693ab3ffbe88a17d0428ade58839d", "timestamps": "2020-01-01T06:05:13, 2020-01-01T06:15:43, 2020-01-01T06:25:02, 2020-01-01T06:40:21, 2020-01-01T06:49:00, 2020-01-01T07:02:53, 2020-01-01T07:12:13, 2020-01-01T07:23:24, 2020-01-01T07:33:56, 2020-01-01T07:47:33, 2020-01-01T08:02:03, 2020-01-01T08:17:30, 2020-01-01T08:32:01, 2020-01-01T08:47:30, 2020-01-01T08:58:55, 2020-01-01T09:12:00, 2020-01-01T09:23:24, 2020-01-01T09:39:17, 2020-01-01T09:49:13, 2020-01-01T09:59:06, 2020-01-01T10:12:37, 2020-01-01T10:23:11, 2020-01-01T10:23:24, 2020-01-01T10:23:28, 2020-01-01T10:34:13, 2020-01-01T10:49:10, 2020-01-01T10:59:54, 2020-01-01T11:14:37, 2020-01-01T11:26:00, 2020-01-01T11:42:37, 2020-01-01T11:52:30, 2020-01-01T12:01:39, 2020-01-01T12:12:46, 2020-01-01T12:14:43, 2020-01-01T12:14:49, 2020-01-01T12:24:15, 2020-01-01T12:41:02, 2020-01-01T12:54:54, 2020-01-01T12:56:15, 2020-01-01T12:56:48, 2020-01-01T12:57:14, 2020-01-01T12:58:03, 2020-01-01T12:58:59, 2020-01-01T12:59:49, 2020-01-01T13:00:00, 2020-01-01T13:00:04, 2020-01-01T13:00:05, 2020-01-01T13:00:08, 2020-01-01T13:00:10, 2020-01-01T13:00:18, 2020-01-01T13:00:30, 2020-01-01T13:00:31, 2020-01-01T13:00:35, 2020-01-01T13:00:38, 2020-01-01T13:00:42, 2020-01-01T13:00:43, 2020-01-01T13:00:47, 2020-01-01T13:01:11, 2020-01-01T13:01:13, 2020-01-01T13:01:17, 2020-01-01T13:01:19, 2020-01-01T13:01:22, 2020-01-01T13:01:24, 2020-01-01T13:01:26, 2020-01-01T13:01:29, 2020-01-01T13:01:30, 2020-01-01T13:01:31, 2020-01-01T13:01:35, 2020-01-01T13:01:38, 2020-01-01T13:01:40, 2020-01-01T13:01:41, 2020-01-01T13:01:47, 2020-01-01T13:01:52, 2020-01-01T13:01:54, 2020-01-01T13:01:56, 2020-01-01T13:01:59, 2020-01-01T13:02:44, 2020-01-01T13:03:56, 2020-01-01T13:50:08, 2020-01-01T13:56:46, 2020-01-01T14:02:39, 2020-01-01T14:05:02, 2020-01-01T14:09:32, 2020-01-01T14:19:42, 2020-01-01T14:38:46, 2020-01-01T14:52:02, 2020-01-01T15:50:39, 2020-01-01T15:50:40, 2020-01-01T20:22:06, 2020-01-01T20:33:11, 2020-01-01T20:33:34" }, "geometry": { "type": "LineString", "coordinates": [ [ -99.075566, 19.296485 ], [ -99.075569, 19.296452 ], [ -99.075566, 19.296485 ], [ -99.075566, 19.296485 ], [ -99.07555, 19.296467 ], [ -99.075566, 19.296485 ], [ -99.075552, 19.296468 ], [ -99.075552, 19.296467 ], [ -99.07557, 19.29645 ], [ -99.075569, 19.296451 ], [ -99.07555, 19.296468 ], [ -99.07555, 19.296469 ], [ -99.07557, 19.29645 ], [ -99.07555, 19.29645 ], [ -99.07555, 19.29647 ], [ -99.075581, 19.296442 ], [ -99.07557, 19.29645 ], [ -99.075552, 19.296468 ], [ -99.075566, 19.296459 ], [ -99.07555, 19.29647 ], [ -99.075568, 19.296451 ], [ -99.075479, 19.296429 ], [ -99.075568, 19.296453 ], [ -99.075504, 19.296418 ], [ -99.075568, 19.296451 ], [ -99.07555, 19.29647 ], [ -99.075551, 19.29647 ], [ -99.07555, 19.29647 ], [ -99.07557, 19.296451 ], [ -99.07557, 19.296451 ], [ -99.075568, 19.296454 ], [ -99.075568, 19.296455 ], [ -99.07555, 19.29645 ], [ -99.075551, 19.296469 ], [ -99.075556, 19.296467 ], [ -99.075569, 19.296456 ], [ -99.075566, 19.296455 ], [ -99.07557, 19.296451 ], [ -99.073302, 19.298151 ], [ -99.072195, 19.298061 ], [ -99.071169, 19.301085 ], [ -99.06921, 19.306848 ], [ -99.070221, 19.304051 ], [ -99.067955, 19.307635 ], [ -99.065678, 19.30634 ], [ -99.065721, 19.306346 ], [ -99.065714, 19.306315 ], [ -99.065672, 19.306337 ], [ -99.065725, 19.306339 ], [ -99.065711, 19.30634 ], [ -99.065713, 19.306328 ], [ -99.065712, 19.306327 ], [ -99.065712, 19.306329 ], [ -99.065713, 19.306328 ], [ -99.06571, 19.30633 ], [ -99.065729, 19.306341 ], [ -99.06573, 19.306313 ], [ -99.065897, 19.305913 ], [ -99.065988, 19.305899 ], [ -99.065956, 19.306051 ], [ -99.065993, 19.306162 ], [ -99.065628, 19.306314 ], [ -99.065624, 19.306328 ], [ -99.065628, 19.306211 ], [ -99.065723, 19.306026 ], [ -99.065839, 19.306207 ], [ -99.065906, 19.306198 ], [ -99.065916, 19.306198 ], [ -99.065792, 19.306218 ], [ -99.065952, 19.306205 ], [ -99.065987, 19.306244 ], [ -99.065962, 19.306205 ], [ -99.065688, 19.306336 ], [ -99.065682, 19.306334 ], [ -99.065669, 19.306349 ], [ -99.065619, 19.306342 ], [ -99.065654, 19.306423 ], [ -99.065816, 19.306416 ], [ -99.164605, 19.371236 ], [ -99.155132, 19.406982 ], [ -99.140181, 19.468881 ], [ -99.14338, 19.465972 ], [ -99.14445, 19.465268 ], [ -99.1449, 19.465345 ], [ -99.14449, 19.465177 ], [ -99.14449, 19.465177 ], [ -99.144759, 19.465679 ], [ -99.145013, 19.465867 ], [ -99.144497, 19.46516 ], [ -99.144482, 19.465177 ], [ -99.14449, 19.465179 ] ] } },
{ "type": "Feature", "properties": { "device_id": "fd6c4acf4aaca318a2926be6c71d20f244cf268b734eaabe6c2ae7dad7a5e507", "timestamps": "2020-01-01T21:01:37, 2020-01-01T21:01:39, 2020-01-01T21:09:35, 2020-01-01T21:28:38, 2020-01-01T21:28:40, 2020-01-01T21:31:35, 2020-01-01T21:31:36, 2020-01-01T21:33:02, 2020-01-01T21:57:16" }, "geometry": { "type": "LineString", "coordinates": [ [ -99.144059, 19.46657 ], [ -99.144059, 19.46657 ], [ -99.144059, 19.46657 ], [ -99.144059, 19.46657 ], [ -99.144059, 19.46657 ], [ -99.144059, 19.46657 ], [ -99.144059, 19.46657 ], [ -99.144059, 19.46657 ], [ -99.144058, 19.466576 ] ] } },
{ "type": "Feature", "properties": { "device_id": "e5b65d5307fdb2bc5bcddc2b078cb53fc08978bad9f33070c4d7565c4f8d3f9d", "timestamps": "2020-01-01T06:07:00, 2020-01-01T06:20:11, 2020-01-01T06:30:35, 2020-01-01T06:41:24, 2020-01-01T06:55:38, 2020-01-01T07:07:07, 2020-01-01T07:23:42, 2020-01-01T07:38:36, 2020-01-01T08:19:51, 2020-01-01T08:39:25, 2020-01-01T08:45:47, 2020-01-01T08:59:26, 2020-01-01T09:19:26, 2020-01-01T09:39:23, 2020-01-01T09:59:31, 2020-01-01T10:19:29, 2020-01-01T10:40:39, 2020-01-01T11:01:44, 2020-01-01T11:49:00, 2020-01-01T12:49:08, 2020-01-01T13:10:05, 2020-01-01T13:56:10, 2020-01-01T13:57:48, 2020-01-01T14:08:37, 2020-01-01T14:18:03, 2020-01-01T14:30:27, 2020-01-01T14:40:58, 2020-01-01T14:59:22, 2020-01-01T15:08:37, 2020-01-01T15:18:24, 2020-01-01T15:28:25, 2020-01-01T15:37:29, 2020-01-01T15:48:11, 2020-01-01T15:48:20, 2020-01-01T15:58:40, 2020-01-01T16:08:30, 2020-01-01T16:22:51, 2020-01-01T16:23:50, 2020-01-01T16:34:15, 2020-01-01T16:46:10, 2020-01-01T16:57:19, 2020-01-01T17:07:42, 2020-01-01T17:10:25, 2020-01-01T17:10:34, 2020-01-01T17:10:50, 2020-01-01T17:11:19, 2020-01-01T17:12:09, 2020-01-01T17:12:23, 2020-01-01T17:13:04, 2020-01-01T17:13:05, 2020-01-01T17:13:08, 2020-01-01T17:13:15, 2020-01-01T17:13:18, 2020-01-01T17:13:34, 2020-01-01T17:13:36, 2020-01-01T17:13:38, 2020-01-01T17:13:42, 2020-01-01T17:13:44, 2020-01-01T17:13:46, 2020-01-01T17:13:49, 2020-01-01T17:14:01, 2020-01-01T17:14:08, 2020-01-01T17:14:25, 2020-01-01T17:14:29, 2020-01-01T17:14:33, 2020-01-01T17:14:37, 2020-01-01T17:14:39, 2020-01-01T17:14:43, 2020-01-01T17:14:45, 2020-01-01T17:14:47, 2020-01-01T17:14:49, 2020-01-01T17:14:54, 2020-01-01T17:14:57, 2020-01-01T17:15:20, 2020-01-01T17:15:21, 2020-01-01T17:15:26, 2020-01-01T17:15:52, 2020-01-01T17:15:53, 2020-01-01T17:15:56, 2020-01-01T17:16:37, 2020-01-01T17:16:52, 2020-01-01T17:17:44, 2020-01-01T17:19:39, 2020-01-01T17:19:53, 2020-01-01T17:20:40, 2020-01-01T17:21:12, 2020-01-01T17:22:01, 2020-01-01T17:22:56, 2020-01-01T17:23:47, 2020-01-01T17:25:06, 2020-01-01T17:25:26, 2020-01-01T17:26:35, 2020-01-01T17:27:16, 2020-01-01T17:28:08, 2020-01-01T17:28:21, 2020-01-01T17:29:33, 2020-01-01T17:30:45, 2020-01-01T17:31:26, 2020-01-01T17:32:52, 2020-01-01T17:33:41, 2020-01-01T17:34:27, 2020-01-01T17:35:51, 2020-01-01T17:45:41, 2020-01-01T17:59:51, 2020-01-01T18:09:46, 2020-01-01T18:19:37, 2020-01-01T18:30:24, 2020-01-01T18:40:18, 2020-01-01T18:51:51, 2020-01-01T18:52:19, 2020-01-01T18:52:49, 2020-01-01T18:53:24, 2020-01-01T18:53:38, 2020-01-01T18:54:24, 2020-01-01T19:13:15, 2020-01-01T19:14:04, 2020-01-01T19:25:44, 2020-01-01T19:36:56, 2020-01-01T19:45:33, 2020-01-01T19:55:52, 2020-01-01T20:04:22, 2020-01-01T20:15:22, 2020-01-01T20:15:29, 2020-01-01T20:15:33, 2020-01-01T20:15:52, 2020-01-01T20:15:56, 2020-01-01T20:35:13, 2020-01-01T20:35:29, 2020-01-01T20:37:04, 2020-01-01T20:37:21, 2020-01-01T20:38:43, 2020-01-01T20:38:44, 2020-01-01T20:39:09, 2020-01-01T20:40:48, 2020-01-01T20:41:09, 2020-01-01T20:41:29, 2020-01-01T20:42:01, 2020-01-01T20:44:12, 2020-01-01T20:44:53, 2020-01-01T20:45:14, 2020-01-01T20:45:15, 2020-01-01T20:45:53, 2020-01-01T20:46:32, 2020-01-01T20:46:51, 2020-01-01T20:47:32, 2020-01-01T20:47:52, 2020-01-01T20:48:12, 2020-01-01T20:49:52, 2020-01-01T20:58:33, 2020-01-01T21:17:50, 2020-01-01T21:22:01, 2020-01-01T21:22:38, 2020-01-01T21:33:08, 2020-01-01T21:53:20, 2020-01-01T21:55:16, 2020-01-01T21:55:17, 2020-01-01T21:55:43, 2020-01-01T22:08:35, 2020-01-01T22:22:57, 2020-01-01T22:29:10, 2020-01-01T22:29:11, 2020-01-01T22:29:31, 2020-01-01T22:29:54, 2020-01-01T22:29:59, 2020-01-01T22:30:12, 2020-01-01T22:31:02, 2020-01-01T22:31:52, 2020-01-01T22:33:48, 2020-01-01T22:33:49, 2020-01-01T22:34:22, 2020-01-01T22:36:55, 2020-01-01T22:37:16, 2020-01-01T22:38:35, 2020-01-01T22:38:57, 2020-01-01T22:40:34, 2020-01-01T22:44:09, 2020-01-01T23:03:11, 2020-01-01T23:03:33, 2020-01-01T23:23:54, 2020-01-01T23:31:25, 2020-01-01T23:34:46, 2020-01-01T23:41:38, 2020-01-01T23:46:58, 2020-01-01T23:52:18, 2020-01-01T23:52:27, 2020-01-01T23:52:49" }, "geometry": { "type": "LineString", "coordinates": [ [ -99.211521, 19.380035 ], [ -99.211521, 19.380035 ], [ -99.211506, 19.38008 ], [ -99.211506, 19.38008 ], [ -99.211506, 19.38008 ], [ -99.211506, 19.38008 ], [ -99.211506, 19.38008 ], [ -99.211506, 19.38008 ], [ -99.211506, 19.38008 ], [ -99.211506, 19.38008 ], [ -99.211506, 19.38008 ], [ -99.211506, 19.38008 ], [ -99.211506, 19.38008 ], [ -99.211506, 19.38008 ], [ -99.211506, 19.38008 ], [ -99.211506, 19.38008 ], [ -99.211506, 19.38008 ], [ -99.211506, 19.38008 ], [ -99.211506, 19.38008 ], [ -99.211506, 19.38008 ], [ -99.211506, 19.38008 ], [ -99.211506, 19.38008 ], [ -99.211506, 19.38008 ], [ -99.211506, 19.38008 ], [ -99.211506, 19.38008 ], [ -99.211499, 19.38002 ], [ -99.211506, 19.38008 ], [ -99.211506, 19.38008 ], [ -99.211523, 19.380042 ], [ -99.211506, 19.38008 ], [ -99.211506, 19.38008 ], [ -99.211506, 19.38008 ], [ -99.211506, 19.38008 ], [ -99.211506, 19.38008 ], [ -99.211506, 19.380046 ], [ -99.211506, 19.38008 ], [ -99.211506, 19.38008 ], [ -99.211508, 19.380031 ], [ -99.211506, 19.38008 ], [ -99.211506, 19.38008 ], [ -99.211506, 19.38008 ], [ -99.211478, 19.379808 ], [ -99.208, 19.380923 ], [ -99.207815, 19.38098 ], [ -99.208271, 19.380946 ], [ -99.203922, 19.381995 ], [ -99.199197, 19.381852 ], [ -99.200637, 19.38253 ], [ -99.194629, 19.384129 ], [ -99.194928, 19.383962 ], [ -99.193965, 19.384375 ], [ -99.196891, 19.382252 ], [ -99.196092, 19.383011 ], [ -99.195306, 19.383414 ], [ -99.195201, 19.383782 ], [ -99.19507, 19.383855 ], [ -99.195819, 19.383132 ], [ -99.19568, 19.383171 ], [ -99.195556, 19.383201 ], [ -99.195424, 19.383291 ], [ -99.187812, 19.38512 ], [ -99.186932, 19.385056 ], [ -99.19233, 19.384812 ], [ -99.19117, 19.384788 ], [ -99.188885, 19.385095 ], [ -99.188484, 19.385119 ], [ -99.188247, 19.385115 ], [ -99.189318, 19.385015 ], [ -99.18966, 19.384966 ], [ -99.189196, 19.385057 ], [ -99.189178, 19.385087 ], [ -99.193235, 19.384631 ], [ -99.192705, 19.384721 ], [ -99.185471, 19.385007 ], [ -99.185494, 19.385029 ], [ -99.185476, 19.385003 ], [ -99.186535, 19.385054 ], [ -99.186162, 19.385097 ], [ -99.185908, 19.385097 ], [ -99.183287, 19.384746 ], [ -99.18548, 19.384969 ], [ -99.182672, 19.386817 ], [ -99.180229, 19.399355 ], [ -99.181014, 19.396735 ], [ -99.178224, 19.404839 ], [ -99.178466, 19.406562 ], [ -99.181222, 19.41268 ], [ -99.181206, 19.411433 ], [ -99.177699, 19.419872 ], [ -99.167247, 19.440614 ], [ -99.171199, 19.434025 ], [ -99.164641, 19.448223 ], [ -99.163585, 19.456509 ], [ -99.152312, 19.463129 ], [ -99.159412, 19.46341 ], [ -99.144931, 19.464335 ], [ -99.141075, 19.465714 ], [ -99.13726, 19.470533 ], [ -99.13753, 19.471456 ], [ -99.145993, 19.473227 ], [ -99.145967, 19.473128 ], [ -99.144652, 19.469489 ], [ -99.1438, 19.465239 ], [ -99.143948, 19.46517 ], [ -99.144424, 19.465408 ], [ -99.144436, 19.465302 ], [ -99.144448, 19.465189 ], [ -99.144457, 19.465172 ], [ -99.144357, 19.465205 ], [ -99.144355, 19.465248 ], [ -99.144392, 19.465168 ], [ -99.144396, 19.465173 ], [ -99.144338, 19.465306 ], [ -99.144335, 19.465326 ], [ -99.14439, 19.46521 ], [ -99.144388, 19.465261 ], [ -99.14442, 19.46529 ], [ -99.144396, 19.465286 ], [ -99.144417, 19.465171 ], [ -99.144465, 19.465206 ], [ -99.143802, 19.465258 ], [ -99.143736, 19.465163 ], [ -99.143745, 19.465148 ], [ -99.143842, 19.465349 ], [ -99.143729, 19.465129 ], [ -99.143769, 19.465183 ], [ -99.143517, 19.465026 ], [ -99.143488, 19.464881 ], [ -99.143569, 19.465129 ], [ -99.143832, 19.465362 ], [ -99.143561, 19.465128 ], [ -99.143804, 19.465407 ], [ -99.143825, 19.465406 ], [ -99.143845, 19.465392 ], [ -99.143844, 19.465351 ], [ -99.143833, 19.465361 ], [ -99.143565, 19.465117 ], [ -99.143803, 19.465332 ], [ -99.143839, 19.465314 ], [ -99.143575, 19.465133 ], [ -99.14358, 19.465139 ], [ -99.143603, 19.465132 ], [ -99.143926, 19.465355 ], [ -99.143734, 19.465373 ], [ -99.143816, 19.465436 ], [ -99.143886, 19.465397 ], [ -99.143825, 19.465398 ], [ -99.143956, 19.465371 ], [ -99.143837, 19.465411 ], [ -99.143772, 19.465401 ], [ -99.143749, 19.465107 ], [ -99.14386, 19.465322 ], [ -99.143776, 19.465465 ], [ -99.143634, 19.465208 ], [ -99.143634, 19.465204 ], [ -99.143633, 19.4652 ], [ -99.143647, 19.4652 ], [ -99.143936, 19.465338 ], [ -99.143641, 19.465159 ], [ -99.143584, 19.467081 ], [ -99.143562, 19.466935 ], [ -99.143772, 19.467253 ], [ -99.143352, 19.466882 ], [ -99.143562, 19.466914 ], [ -99.143862, 19.467725 ], [ -99.144526, 19.468236 ], [ -99.144095, 19.468001 ], [ -99.144751, 19.468254 ], [ -99.144753, 19.468255 ], [ -99.1448, 19.468239 ], [ -99.144903, 19.468223 ], [ -99.144743, 19.468159 ], [ -99.144762, 19.468231 ], [ -99.144733, 19.468233 ], [ -99.144835, 19.46817 ], [ -99.144661, 19.468112 ], [ -99.144554, 19.468193 ], [ -99.144498, 19.468262 ], [ -99.144475, 19.468219 ], [ -99.144827, 19.468133 ], [ -99.144129, 19.467314 ], [ -99.14387, 19.465134 ], [ -99.144555, 19.465191 ], [ -99.144321, 19.465316 ], [ -99.144321, 19.465316 ], [ -99.14444, 19.465298 ] ] } },
{ "type": "Feature", "properties": { "device_id": "a6f98771b03b77db80c9cac6c00daca07047fcd1f78d16f76c87fdb5e7936bc7", "timestamps": "2020-01-01T06:15:08, 2020-01-01T06:35:58, 2020-01-01T06:54:21, 2020-01-01T07:13:26, 2020-01-01T07:32:15, 2020-01-01T07:43:27, 2020-01-01T07:47:22, 2020-01-01T07:50:26, 2020-01-01T07:53:11, 2020-01-01T07:56:11, 2020-01-01T07:59:17, 2020-01-01T08:02:38, 2020-01-01T08:05:03, 2020-01-01T08:08:03, 2020-01-01T08:12:59, 2020-01-01T08:15:11, 2020-01-01T08:18:14, 2020-01-01T08:21:17, 2020-01-01T08:24:41, 2020-01-01T08:27:41, 2020-01-01T08:30:40, 2020-01-01T08:33:46, 2020-01-01T08:36:46, 2020-01-01T08:39:46, 2020-01-01T08:42:35, 2020-01-01T08:45:38, 2020-01-01T08:48:30, 2020-01-01T08:51:30, 2020-01-01T08:54:02, 2020-01-01T08:57:07, 2020-01-01T09:01:53, 2020-01-01T09:04:19, 2020-01-01T09:07:23, 2020-01-01T09:10:27, 2020-01-01T09:13:15, 2020-01-01T09:16:11, 2020-01-01T09:19:10, 2020-01-01T09:22:16, 2020-01-01T09:25:43, 2020-01-01T09:28:31, 2020-01-01T09:31:36, 2020-01-01T09:34:36, 2020-01-01T09:34:38, 2020-01-01T09:37:04, 2020-01-01T09:40:04, 2020-01-01T09:44:58, 2020-01-01T09:47:59, 2020-01-01T09:50:25, 2020-01-01T09:54:22, 2020-01-01T09:57:15, 2020-01-01T10:00:11, 2020-01-01T10:06:19, 2020-01-01T10:09:42, 2020-01-01T10:12:43, 2020-01-01T10:15:31, 2020-01-01T10:18:02, 2020-01-01T10:21:39, 2020-01-01T10:36:20, 2020-01-01T10:55:13, 2020-01-01T10:55:42, 2020-01-01T10:59:15, 2020-01-01T11:02:13, 2020-01-01T11:06:48, 2020-01-01T11:09:49, 2020-01-01T11:12:39, 2020-01-01T11:15:02, 2020-01-01T11:17:01, 2020-01-01T11:18:01, 2020-01-01T11:21:04, 2020-01-01T11:31:29, 2020-01-01T11:33:11, 2020-01-01T11:39:42, 2020-01-01T11:42:42, 2020-01-01T11:45:35, 2020-01-01T11:48:33, 2020-01-01T11:51:30, 2020-01-01T11:54:30, 2020-01-01T11:57:05, 2020-01-01T12:00:09, 2020-01-01T12:04:56, 2020-01-01T12:07:24, 2020-01-01T12:10:11, 2020-01-01T12:13:13, 2020-01-01T12:16:10, 2020-01-01T12:19:43, 2020-01-01T12:22:47, 2020-01-01T12:25:33, 2020-01-01T12:28:01, 2020-01-01T12:32:52, 2020-01-01T12:35:54, 2020-01-01T12:38:56, 2020-01-01T12:41:56, 2020-01-01T12:44:23, 2020-01-01T12:47:29, 2020-01-01T12:50:16, 2020-01-01T12:53:45, 2020-01-01T12:56:35, 2020-01-01T12:59:32, 2020-01-01T13:02:31, 2020-01-01T13:05:38, 2020-01-01T13:08:05, 2020-01-01T13:11:04, 2020-01-01T13:15:53, 2020-01-01T13:18:58, 2020-01-01T13:21:23, 2020-01-01T13:24:27, 2020-01-01T13:26:35, 2020-01-01T13:26:42, 2020-01-01T13:27:18, 2020-01-01T13:30:45, 2020-01-01T13:38:09, 2020-01-01T13:38:34, 2020-01-01T13:42:22, 2020-01-01T13:59:27, 2020-01-01T14:11:36, 2020-01-01T14:13:42, 2020-01-01T14:13:59, 2020-01-01T14:15:59, 2020-01-01T14:18:21, 2020-01-01T14:26:18, 2020-01-01T14:26:20, 2020-01-01T14:26:41, 2020-01-01T14:28:03, 2020-01-01T14:30:05, 2020-01-01T14:31:00, 2020-01-01T14:31:57, 2020-01-01T14:34:06, 2020-01-01T14:47:04, 2020-01-01T15:04:05, 2020-01-01T15:23:00, 2020-01-01T15:37:35, 2020-01-01T15:40:37, 2020-01-01T15:43:49, 2020-01-01T15:46:33, 2020-01-01T15:52:39, 2020-01-01T15:56:54, 2020-01-01T15:59:50, 2020-01-01T16:02:50, 2020-01-01T16:05:56, 2020-01-01T16:08:25, 2020-01-01T16:11:25, 2020-01-01T16:14:24, 2020-01-01T16:17:24, 2020-01-01T16:20:12, 2020-01-01T16:23:17, 2020-01-01T16:26:42, 2020-01-01T16:29:41, 2020-01-01T16:35:31, 2020-01-01T16:38:30, 2020-01-01T16:51:52, 2020-01-01T16:54:53, 2020-01-01T16:57:58, 2020-01-01T17:00:58, 2020-01-01T17:03:12, 2020-01-01T17:06:10, 2020-01-01T17:09:17, 2020-01-01T17:12:48, 2020-01-01T17:15:32, 2020-01-01T17:18:39, 2020-01-01T17:21:01, 2020-01-01T17:24:04, 2020-01-01T17:28:56, 2020-01-01T17:31:13, 2020-01-01T17:34:42, 2020-01-01T17:37:42, 2020-01-01T17:40:41, 2020-01-01T17:43:47, 2020-01-01T17:46:49, 2020-01-01T17:52:37, 2020-01-01T18:04:59, 2020-01-01T18:05:19, 2020-01-01T18:06:48, 2020-01-01T18:07:11, 2020-01-01T18:08:04, 2020-01-01T18:08:58, 2020-01-01T18:09:49, 2020-01-01T18:10:13, 2020-01-01T18:11:00, 2020-01-01T18:11:25, 2020-01-01T18:12:35, 2020-01-01T18:13:10, 2020-01-01T18:14:07, 2020-01-01T18:14:22, 2020-01-01T18:15:34, 2020-01-01T18:16:18, 2020-01-01T18:17:13, 2020-01-01T18:17:24, 2020-01-01T18:36:18, 2020-01-01T18:55:44, 2020-01-01T19:02:08, 2020-01-01T19:06:06, 2020-01-01T19:13:27, 2020-01-01T19:16:28, 2020-01-01T19:27:10, 2020-01-01T19:27:13, 2020-01-01T19:29:37, 2020-01-01T19:29:40, 2020-01-01T19:55:43, 2020-01-01T20:14:48, 2020-01-01T20:33:49, 2020-01-01T20:52:32, 2020-01-01T21:11:31, 2020-01-01T21:30:33, 2020-01-01T21:49:05, 2020-01-01T21:49:30, 2020-01-01T21:49:36, 2020-01-01T21:49:37, 2020-01-01T21:49:38, 2020-01-01T21:49:39, 2020-01-01T22:08:01, 2020-01-01T22:27:04, 2020-01-01T22:46:00, 2020-01-01T23:05:07" }, "geometry": { "type": "LineString", "coordinates": [ [ -99.113263, 19.29098 ], [ -99.113206, 19.290942 ], [ -99.113328, 19.291048 ], [ -99.113266, 19.291108 ], [ -99.113199, 19.291061 ], [ -99.108801, 19.297752 ], [ -99.106864, 19.299545 ], [ -99.107289, 19.292721 ], [ -99.143907, 19.283371 ], [ -99.174076, 19.303 ], [ -99.209904, 19.306371 ], [ -99.206457, 19.336387 ], [ -99.190733, 19.367941 ], [ -99.191366, 19.400536 ], [ -99.192743, 19.420982 ], [ -99.195866, 19.431591 ], [ -99.200455, 19.432092 ], [ -99.202256, 19.431853 ], [ -99.197746, 19.431769 ], [ -99.190043, 19.431586 ], [ -99.197435, 19.431775 ], [ -99.200334, 19.427052 ], [ -99.213839, 19.425902 ], [ -99.208478, 19.431657 ], [ -99.201408, 19.431508 ], [ -99.201821, 19.431913 ], [ -99.201345, 19.427257 ], [ -99.194163, 19.408884 ], [ -99.191838, 19.378094 ], [ -99.202455, 19.345472 ], [ -99.221438, 19.320705 ], [ -99.22164, 19.320081 ], [ -99.204489, 19.305167 ], [ -99.201712, 19.303303 ], [ -99.203459, 19.301461 ], [ -99.201531, 19.303136 ], [ -99.192487, 19.297902 ], [ -99.191019, 19.297867 ], [ -99.199559, 19.303835 ], [ -99.219031, 19.312313 ], [ -99.231904, 19.310096 ], [ -99.232711, 19.311626 ], [ -99.232678, 19.311616 ], [ -99.231384, 19.308952 ], [ -99.228692, 19.309241 ], [ -99.210984, 19.306514 ], [ -99.17573, 19.303103 ], [ -99.154211, 19.292901 ], [ -99.147611, 19.29257 ], [ -99.138821, 19.320907 ], [ -99.141053, 19.3117 ], [ -99.14271, 19.310624 ], [ -99.143843, 19.310487 ], [ -99.147826, 19.312272 ], [ -99.146016, 19.321243 ], [ -99.148453, 19.321508 ], [ -99.150261, 19.316385 ], [ -99.150211, 19.316352 ], [ -99.150173, 19.316382 ], [ -99.150173, 19.316382 ], [ -99.154422, 19.322501 ], [ -99.152511, 19.329537 ], [ -99.152478, 19.326236 ], [ -99.156687, 19.321325 ], [ -99.15598, 19.327605 ], [ -99.15323, 19.337635 ], [ -99.157325, 19.34282 ], [ -99.157646, 19.341922 ], [ -99.160188, 19.335378 ], [ -99.180304, 19.33622 ], [ -99.182404, 19.339182 ], [ -99.175871, 19.353697 ], [ -99.163316, 19.358077 ], [ -99.131278, 19.358008 ], [ -99.129829, 19.364602 ], [ -99.130004, 19.371171 ], [ -99.130013, 19.361114 ], [ -99.113987, 19.369804 ], [ -99.098862, 19.396185 ], [ -99.091099, 19.429232 ], [ -99.101405, 19.450025 ], [ -99.133517, 19.465017 ], [ -99.144032, 19.467211 ], [ -99.143398, 19.465949 ], [ -99.146483, 19.4624 ], [ -99.145837, 19.452977 ], [ -99.147604, 19.444814 ], [ -99.151772, 19.430847 ], [ -99.154697, 19.413251 ], [ -99.15553, 19.404237 ], [ -99.178626, 19.397437 ], [ -99.184108, 19.385208 ], [ -99.191845, 19.37172 ], [ -99.202818, 19.34144 ], [ -99.204913, 19.332792 ], [ -99.199724, 19.3366 ], [ -99.194213, 19.336376 ], [ -99.200022, 19.33318 ], [ -99.205637, 19.332627 ], [ -99.20001, 19.324268 ], [ -99.205562, 19.307665 ], [ -99.20165, 19.303333 ], [ -99.197998, 19.299772 ], [ -99.194271, 19.301759 ], [ -99.152865, 19.291337 ], [ -99.166034, 19.263488 ], [ -99.164102, 19.252518 ], [ -99.163458, 19.252563 ], [ -99.166908, 19.251403 ], [ -99.171067, 19.251728 ], [ -99.163289, 19.250359 ], [ -99.164279, 19.250442 ], [ -99.162417, 19.251239 ], [ -99.162517, 19.25122 ], [ -99.161807, 19.251082 ], [ -99.164856, 19.250168 ], [ -99.163832, 19.250422 ], [ -99.169277, 19.250812 ], [ -99.170809, 19.251733 ], [ -99.163381, 19.250321 ], [ -99.163469, 19.250331 ], [ -99.162405, 19.25015 ], [ -99.16231, 19.251116 ], [ -99.164173, 19.250527 ], [ -99.166817, 19.250045 ], [ -99.164822, 19.250006 ], [ -99.170863, 19.25176 ], [ -99.17081, 19.251762 ], [ -99.170818, 19.251758 ], [ -99.170835, 19.251778 ], [ -99.170815, 19.251767 ], [ -99.165905, 19.249182 ], [ -99.155111, 19.245817 ], [ -99.14867, 19.240743 ], [ -99.14784, 19.23998 ], [ -99.165049, 19.260513 ], [ -99.151104, 19.290319 ], [ -99.145478, 19.298599 ], [ -99.150261, 19.298496 ], [ -99.148076, 19.300279 ], [ -99.137584, 19.321739 ], [ -99.144482, 19.354679 ], [ -99.138667, 19.389086 ], [ -99.124579, 19.404508 ], [ -99.090975, 19.408329 ], [ -99.076674, 19.408674 ], [ -99.069732, 19.413787 ], [ -99.039775, 19.408313 ], [ -99.038428, 19.409467 ], [ -99.070039, 19.405059 ], [ -99.089721, 19.408401 ], [ -99.100259, 19.387272 ], [ -99.122659, 19.36931 ], [ -99.144886, 19.354382 ], [ -99.147994, 19.339747 ], [ -99.150217, 19.337466 ], [ -99.160597, 19.335353 ], [ -99.167307, 19.336591 ], [ -99.173949, 19.336094 ], [ -99.176072, 19.336038 ], [ -99.165486, 19.335444 ], [ -99.160943, 19.329206 ], [ -99.158841, 19.328122 ], [ -99.161983, 19.320463 ], [ -99.158438, 19.31482 ], [ -99.147554, 19.315417 ], [ -99.144292, 19.301599 ], [ -99.166938, 19.274901 ], [ -99.180825, 19.269445 ], [ -99.174081, 19.261084 ], [ -99.17456, 19.257402 ], [ -99.177706, 19.255177 ], [ -99.176239, 19.254112 ], [ -99.175706, 19.25327 ], [ -99.175664, 19.253293 ], [ -99.175682, 19.25334 ], [ -99.17568, 19.25334 ], [ -99.175697, 19.25329 ], [ -99.175696, 19.253288 ], [ -99.175693, 19.253289 ], [ -99.175639, 19.253304 ], [ -99.17567, 19.253302 ], [ -99.175648, 19.253305 ], [ -99.175681, 19.253289 ], [ -99.175656, 19.253252 ], [ -99.175663, 19.253268 ], [ -99.175655, 19.253239 ], [ -99.175623, 19.253373 ], [ -99.175547, 19.253238 ], [ -99.170093, 19.25138 ], [ -99.170847, 19.251705 ], [ -99.173934, 19.253973 ], [ -99.175374, 19.25325 ], [ -99.170238, 19.251429 ], [ -99.170295, 19.251447 ], [ -99.163537, 19.250416 ], [ -99.164555, 19.250308 ], [ -99.162523, 19.251323 ], [ -99.162478, 19.251279 ], [ -99.162498, 19.251321 ], [ -99.162465, 19.251277 ], [ -99.162462, 19.251282 ], [ -99.162437, 19.251273 ], [ -99.162451, 19.251271 ], [ -99.162451, 19.251271 ], [ -99.162453, 19.251271 ], [ -99.162453, 19.251271 ], [ -99.162451, 19.251271 ], [ -99.162451, 19.251271 ], [ -99.162465, 19.251257 ], [ -99.162527, 19.251278 ], [ -99.162457, 19.251328 ], [ -99.162467, 19.251291 ] ] } },
{ "type": "Feature", "properties": { "device_id": "2e2e9fb3fe17ffa1631b0454696b1f1b672c51e869648193019c916984241636", "timestamps": "2020-01-01T08:39:41, 2020-01-01T08:59:23, 2020-01-01T09:22:07, 2020-01-01T09:43:40, 2020-01-01T10:18:11, 2020-01-01T10:49:25, 2020-01-01T11:10:32, 2020-01-01T11:11:22, 2020-01-01T11:31:25, 2020-01-01T11:51:19, 2020-01-01T12:11:35, 2020-01-01T12:12:40, 2020-01-01T12:35:34, 2020-01-01T12:36:26, 2020-01-01T12:56:22, 2020-01-01T13:16:09, 2020-01-01T13:37:37, 2020-01-01T14:00:54, 2020-01-01T14:21:26, 2020-01-01T14:41:46, 2020-01-01T15:01:26, 2020-01-01T15:22:51, 2020-01-01T15:23:54, 2020-01-01T16:56:05, 2020-01-01T16:56:09, 2020-01-01T17:49:37, 2020-01-01T18:00:04, 2020-01-01T18:00:06, 2020-01-01T18:05:01, 2020-01-01T18:17:49, 2020-01-01T18:44:47, 2020-01-01T18:45:03, 2020-01-01T19:01:25, 2020-01-01T19:05:03, 2020-01-01T19:16:48, 2020-01-01T19:20:03, 2020-01-01T19:25:03, 2020-01-01T19:30:54, 2020-01-01T19:40:41, 2020-01-01T20:00:29, 2020-01-01T20:21:05, 2020-01-01T21:11:17, 2020-01-01T21:31:27, 2020-01-01T21:50:05, 2020-01-01T21:50:39, 2020-01-01T22:00:10, 2020-01-01T22:01:06, 2020-01-01T22:01:25, 2020-01-01T22:02:31, 2020-01-01T22:03:18, 2020-01-01T22:03:49, 2020-01-01T22:12:55, 2020-01-01T22:25:05, 2020-01-01T22:41:54, 2020-01-01T22:56:44, 2020-01-01T23:11:00, 2020-01-01T23:41:11" }, "geometry": { "type": "LineString", "coordinates": [ [ -99.147366, 19.4554 ], [ -99.147366, 19.4554 ], [ -99.147366, 19.4554 ], [ -99.147366, 19.4554 ], [ -99.147366, 19.4554 ], [ -99.147366, 19.4554 ], [ -99.147366, 19.4554 ], [ -99.147366, 19.4554 ], [ -99.147366, 19.4554 ], [ -99.147366, 19.4554 ], [ -99.147366, 19.4554 ], [ -99.147366, 19.4554 ], [ -99.147366, 19.4554 ], [ -99.147366, 19.4554 ], [ -99.147366, 19.4554 ], [ -99.147366, 19.4554 ], [ -99.147366, 19.4554 ], [ -99.147366, 19.4554 ], [ -99.147366, 19.4554 ], [ -99.147274, 19.455393 ], [ -99.147274, 19.455393 ], [ -99.147274, 19.455393 ], [ -99.147274, 19.455393 ], [ -99.147465, 19.455451 ], [ -99.147482, 19.455467 ], [ -99.147106, 19.455394 ], [ -99.145046, 19.455846 ], [ -99.14491, 19.455981 ], [ -99.142163, 19.45636 ], [ -99.142169, 19.456372 ], [ -99.140327, 19.455149 ], [ -99.140655, 19.454603 ], [ -99.138485, 19.449842 ], [ -99.140694, 19.450653 ], [ -99.141202, 19.451192 ], [ -99.144978, 19.452515 ], [ -99.147346, 19.453655 ], [ -99.147398, 19.455366 ], [ -99.147359, 19.455408 ], [ -99.14736, 19.455422 ], [ -99.14742, 19.455302 ], [ -99.147395, 19.455489 ], [ -99.147395, 19.455489 ], [ -99.147362, 19.455313 ], [ -99.147362, 19.455313 ], [ -99.14399, 19.460138 ], [ -99.143449, 19.464175 ], [ -99.144418, 19.462766 ], [ -99.143676, 19.467614 ], [ -99.143887, 19.468021 ], [ -99.143886, 19.467976 ], [ -99.145357, 19.466286 ], [ -99.145286, 19.466297 ], [ -99.145344, 19.466385 ], [ -99.145424, 19.466358 ], [ -99.145789, 19.465858 ], [ -99.145971, 19.465856 ] ] } },
{ "type": "Feature", "properties": { "device_id": "3232c0f49e4f8ed1dfe8b10e3ccb46c26e317375323d2a1268667131f4dc9af3", "timestamps": "2020-01-01T07:13:29, 2020-01-01T07:14:09, 2020-01-01T07:14:41, 2020-01-01T07:14:53, 2020-01-01T07:15:31, 2020-01-01T07:16:10, 2020-01-01T07:16:38, 2020-01-01T07:17:05, 2020-01-01T07:19:46, 2020-01-01T07:20:43, 2020-01-01T07:21:38, 2020-01-01T07:22:19, 2020-01-01T07:22:48, 2020-01-01T07:23:22, 2020-01-01T07:24:08, 2020-01-01T07:24:51, 2020-01-01T07:25:38, 2020-01-01T07:27:20, 2020-01-01T07:41:46, 2020-01-01T07:42:35, 2020-01-01T07:43:57, 2020-01-01T07:44:29, 2020-01-01T07:45:25, 2020-01-01T07:46:35, 2020-01-01T09:48:02, 2020-01-01T10:34:09, 2020-01-01T10:34:46, 2020-01-01T10:34:59, 2020-01-01T11:01:08, 2020-01-01T11:01:21, 2020-01-01T11:01:58, 2020-01-01T11:02:19, 2020-01-01T11:02:29, 2020-01-01T11:02:36, 2020-01-01T11:02:43, 2020-01-01T11:03:01, 2020-01-01T11:03:20, 2020-01-01T11:03:31, 2020-01-01T11:03:52, 2020-01-01T11:05:05, 2020-01-01T11:05:36, 2020-01-01T11:05:46, 2020-01-01T11:06:31, 2020-01-01T11:06:42, 2020-01-01T11:07:01, 2020-01-01T11:07:48, 2020-01-01T11:07:57, 2020-01-01T11:08:05, 2020-01-01T11:08:36, 2020-01-01T11:08:50, 2020-01-01T11:09:10, 2020-01-01T11:09:20, 2020-01-01T11:09:58, 2020-01-01T11:10:37, 2020-01-01T11:10:47, 2020-01-01T11:14:19, 2020-01-01T11:14:35, 2020-01-01T11:14:40, 2020-01-01T11:15:00, 2020-01-01T11:15:17, 2020-01-01T11:15:27, 2020-01-01T11:15:45, 2020-01-01T11:16:33, 2020-01-01T11:16:44, 2020-01-01T11:18:01, 2020-01-01T11:18:52, 2020-01-01T11:19:01, 2020-01-01T11:19:33, 2020-01-01T11:19:44, 2020-01-01T11:20:38, 2020-01-01T11:20:48, 2020-01-01T11:25:17, 2020-01-01T11:25:27, 2020-01-01T11:26:01, 2020-01-01T11:26:36, 2020-01-01T11:26:41, 2020-01-01T11:27:05, 2020-01-01T11:27:14, 2020-01-01T11:27:43, 2020-01-01T11:27:50, 2020-01-01T11:28:08, 2020-01-01T11:28:58, 2020-01-01T11:30:12, 2020-01-01T11:30:21, 2020-01-01T11:30:38, 2020-01-01T11:31:03, 2020-01-01T11:31:10, 2020-01-01T11:31:25, 2020-01-01T11:32:17, 2020-01-01T11:32:35, 2020-01-01T11:32:40, 2020-01-01T11:32:47, 2020-01-01T11:32:52, 2020-01-01T11:33:03, 2020-01-01T11:33:54, 2020-01-01T11:34:35, 2020-01-01T11:34:40, 2020-01-01T11:35:17, 2020-01-01T11:35:27, 2020-01-01T11:35:47, 2020-01-01T11:36:00, 2020-01-01T11:36:34, 2020-01-01T11:36:41, 2020-01-01T11:36:55, 2020-01-01T11:37:10, 2020-01-01T11:37:17, 2020-01-01T11:37:27, 2020-01-01T11:38:14, 2020-01-01T11:38:26, 2020-01-01T11:39:10, 2020-01-01T11:39:25, 2020-01-01T11:41:03, 2020-01-01T11:41:54, 2020-01-01T11:45:15, 2020-01-01T11:45:35, 2020-01-01T11:45:49, 2020-01-01T11:46:13, 2020-01-01T11:46:37, 2020-01-01T11:46:47, 2020-01-01T11:53:37, 2020-01-01T11:53:47, 2020-01-01T11:54:19, 2020-01-01T12:00:07, 2020-01-01T12:00:51, 2020-01-01T12:00:57, 2020-01-01T12:01:13, 2020-01-01T12:01:26, 2020-01-01T16:48:29, 2020-01-01T16:49:30, 2020-01-01T16:59:26, 2020-01-01T16:59:45, 2020-01-01T17:00:20, 2020-01-01T17:01:23, 2020-01-01T17:03:03, 2020-01-01T17:03:22, 2020-01-01T17:03:38, 2020-01-01T17:04:11, 2020-01-01T17:06:52, 2020-01-01T17:07:33, 2020-01-01T17:08:28, 2020-01-01T17:12:09, 2020-01-01T17:12:40, 2020-01-01T17:13:22, 2020-01-01T17:13:57, 2020-01-01T17:14:15, 2020-01-01T17:17:21, 2020-01-01T17:17:37, 2020-01-01T17:17:46, 2020-01-01T17:18:28, 2020-01-01T17:21:34, 2020-01-01T17:22:04, 2020-01-01T17:22:32, 2020-01-01T17:22:40, 2020-01-01T17:23:18, 2020-01-01T17:23:48, 2020-01-01T17:24:32, 2020-01-01T17:25:03, 2020-01-01T17:26:18, 2020-01-01T17:26:50, 2020-01-01T17:27:01, 2020-01-01T17:29:02, 2020-01-01T17:29:07, 2020-01-01T17:29:37, 2020-01-01T17:30:01, 2020-01-01T17:30:40, 2020-01-01T17:31:26, 2020-01-01T17:33:16, 2020-01-01T17:34:04, 2020-01-01T17:35:17, 2020-01-01T17:36:26, 2020-01-01T17:36:50, 2020-01-01T17:38:18, 2020-01-01T17:39:49, 2020-01-01T17:39:59, 2020-01-01T17:40:23, 2020-01-01T17:41:18, 2020-01-01T17:42:03, 2020-01-01T17:42:26, 2020-01-01T17:42:44, 2020-01-01T17:42:50, 2020-01-01T17:44:38, 2020-01-01T17:45:00, 2020-01-01T17:45:18, 2020-01-01T17:45:56, 2020-01-01T17:46:39, 2020-01-01T17:46:54, 2020-01-01T17:47:17, 2020-01-01T17:48:44, 2020-01-01T17:49:02, 2020-01-01T17:49:25, 2020-01-01T17:50:36, 2020-01-01T17:51:08, 2020-01-01T17:52:13, 2020-01-01T17:52:53, 2020-01-01T17:53:23, 2020-01-01T17:53:41, 2020-01-01T17:55:35, 2020-01-01T17:56:04, 2020-01-01T17:56:21, 2020-01-01T17:56:28, 2020-01-01T17:58:56, 2020-01-01T18:04:09, 2020-01-01T18:04:44, 2020-01-01T18:21:48, 2020-01-01T18:24:31, 2020-01-01T18:24:49, 2020-01-01T18:34:12, 2020-01-01T18:34:45, 2020-01-01T18:35:15, 2020-01-01T19:49:37, 2020-01-01T19:50:03, 2020-01-01T19:50:23, 2020-01-01T19:50:52, 2020-01-01T19:51:21, 2020-01-01T19:54:33, 2020-01-01T19:56:22, 2020-01-01T20:01:07, 2020-01-01T20:07:24, 2020-01-01T20:07:39, 2020-01-01T20:27:37, 2020-01-01T20:27:52, 2020-01-01T20:44:56, 2020-01-01T20:45:06, 2020-01-01T20:46:06, 2020-01-01T20:53:43, 2020-01-01T20:54:21, 2020-01-01T20:55:22, 2020-01-01T20:55:52, 2020-01-01T20:57:03, 2020-01-01T21:10:33, 2020-01-01T21:28:43, 2020-01-01T21:29:10, 2020-01-01T21:29:56, 2020-01-01T21:30:32, 2020-01-01T21:31:19, 2020-01-01T21:38:39, 2020-01-01T21:58:33, 2020-01-01T21:59:37, 2020-01-01T22:00:03, 2020-01-01T22:00:52, 2020-01-01T22:02:20, 2020-01-01T22:05:23, 2020-01-01T22:10:11, 2020-01-01T22:10:29, 2020-01-01T22:11:28, 2020-01-01T22:11:45, 2020-01-01T22:11:56, 2020-01-01T22:12:35, 2020-01-01T22:13:27, 2020-01-01T22:14:54, 2020-01-01T22:15:24, 2020-01-01T22:16:08, 2020-01-01T22:31:34, 2020-01-01T22:42:26, 2020-01-01T22:43:10, 2020-01-01T22:47:33, 2020-01-01T22:48:03, 2020-01-01T22:48:31, 2020-01-01T22:49:19, 2020-01-01T22:50:35, 2020-01-01T22:50:44, 2020-01-01T22:53:18, 2020-01-01T22:53:30, 2020-01-01T22:55:40, 2020-01-01T22:56:09, 2020-01-01T22:56:59, 2020-01-01T23:12:04, 2020-01-01T23:12:33, 2020-01-01T23:13:01, 2020-01-01T23:13:48, 2020-01-01T23:15:15, 2020-01-01T23:15:58, 2020-01-01T23:17:02, 2020-01-01T23:17:31, 2020-01-01T23:18:20, 2020-01-01T23:30:04, 2020-01-01T23:44:42, 2020-01-01T23:52:27, 2020-01-01T23:52:35, 2020-01-01T23:53:43, 2020-01-01T23:53:49" }, "geometry": { "type": "LineString", "coordinates": [ [ -99.086649, 19.477498 ], [ -99.08665, 19.477522 ], [ -99.086649, 19.477498 ], [ -99.08665, 19.477499 ], [ -99.086709, 19.477513 ], [ -99.086709, 19.477513 ], [ -99.086649, 19.477498 ], [ -99.08643, 19.477317 ], [ -99.08643, 19.477317 ], [ -99.08643, 19.477317 ], [ -99.086649, 19.477498 ], [ -99.08665, 19.477499 ], [ -99.086646, 19.477506 ], [ -99.086643, 19.477508 ], [ -99.08643, 19.477317 ], [ -99.08643, 19.477317 ], [ -99.08643, 19.477317 ], [ -99.086638, 19.477458 ], [ -99.086661, 19.477498 ], [ -99.086642, 19.477461 ], [ -99.086673, 19.477492 ], [ -99.086642, 19.477461 ], [ -99.086643, 19.477461 ], [ -99.086643, 19.477461 ], [ -99.085795, 19.474912 ], [ -99.0858, 19.47492 ], [ -99.08665, 19.477499 ], [ -99.085795, 19.474912 ], [ -99.0858, 19.47492 ], [ -99.086678, 19.477495 ], [ -99.085795, 19.474912 ], [ -99.085795, 19.474912 ], [ -99.0858, 19.47492 ], [ -99.08665, 19.477499 ], [ -99.08665, 19.477499 ], [ -99.085795, 19.474912 ], [ -99.086674, 19.477487 ], [ -99.086659, 19.477503 ], [ -99.0858, 19.47492 ], [ -99.086673, 19.477512 ], [ -99.0858, 19.47492 ], [ -99.085795, 19.474912 ], [ -99.0858, 19.47492 ], [ -99.085795, 19.474912 ], [ -99.08665, 19.477499 ], [ -99.0858, 19.47492 ], [ -99.086671, 19.477503 ], [ -99.085795, 19.474912 ], [ -99.08665, 19.477499 ], [ -99.0858, 19.47492 ], [ -99.086691, 19.477502 ], [ -99.085795, 19.474912 ], [ -99.086708, 19.477505 ], [ -99.0858, 19.47492 ], [ -99.085795, 19.474912 ], [ -99.08665, 19.477499 ], [ -99.0858, 19.47492 ], [ -99.085795, 19.474912 ], [ -99.086667, 19.477493 ], [ -99.085795, 19.474912 ], [ -99.0858, 19.47492 ], [ -99.086651, 19.477503 ], [ -99.085795, 19.474912 ], [ -99.0858, 19.47492 ], [ -99.085795, 19.474912 ], [ -99.0858, 19.47492 ], [ -99.086672, 19.477497 ], [ -99.0858, 19.47492 ], [ -99.085795, 19.474912 ], [ -99.085795, 19.474912 ], [ -99.0858, 19.47492 ], [ -99.0858, 19.47492 ], [ -99.085795, 19.474912 ], [ -99.086671, 19.477494 ], [ -99.0858, 19.47492 ], [ -99.08666, 19.477496 ], [ -99.0858, 19.47492 ], [ -99.086649, 19.477498 ], [ -99.08665, 19.477499 ], [ -99.085795, 19.474912 ], [ -99.085795, 19.474912 ], [ -99.0858, 19.47492 ], [ -99.0858, 19.47492 ], [ -99.085795, 19.474912 ], [ -99.086668, 19.477494 ], [ -99.08665, 19.477499 ], [ -99.0858, 19.47492 ], [ -99.085795, 19.474912 ], [ -99.08665, 19.477505 ], [ -99.0858, 19.47492 ], [ -99.085795, 19.474912 ], [ -99.08665, 19.477499 ], [ -99.086649, 19.477498 ], [ -99.0858, 19.47492 ], [ -99.085795, 19.474912 ], [ -99.0858, 19.47492 ], [ -99.085795, 19.474912 ], [ -99.0858, 19.47492 ], [ -99.085795, 19.474912 ], [ -99.086678, 19.477504 ], [ -99.085795, 19.474912 ], [ -99.086678, 19.4775 ], [ -99.086681, 19.477492 ], [ -99.0858, 19.47492 ], [ -99.086682, 19.477499 ], [ -99.085795, 19.474912 ], [ -99.0858, 19.47492 ], [ -99.086658, 19.477532 ], [ -99.085795, 19.474912 ], [ -99.085795, 19.474912 ], [ -99.0858, 19.47492 ], [ -99.0858, 19.47492 ], [ -99.085795, 19.474912 ], [ -99.086704, 19.477479 ], [ -99.086704, 19.477479 ], [ -99.0858, 19.47492 ], [ -99.086704, 19.477479 ], [ -99.085795, 19.474912 ], [ -99.0858, 19.47492 ], [ -99.085795, 19.474912 ], [ -99.0858, 19.47492 ], [ -99.086652, 19.47752 ], [ -99.085795, 19.474912 ], [ -99.086622, 19.47755 ], [ -99.0858, 19.47492 ], [ -99.086672, 19.477501 ], [ -99.085795, 19.474912 ], [ -99.08665, 19.477499 ], [ -99.08665, 19.477499 ], [ -99.086649, 19.477498 ], [ -99.086649, 19.477498 ], [ -99.086649, 19.477498 ], [ -99.086695, 19.477495 ], [ -99.08665, 19.477499 ], [ -99.08665, 19.477505 ], [ -99.086649, 19.477504 ], [ -99.086649, 19.477498 ], [ -99.086649, 19.477498 ], [ -99.08665, 19.477499 ], [ -99.08665, 19.477499 ], [ -99.086649, 19.477498 ], [ -99.086674, 19.477496 ], [ -99.08665, 19.477499 ], [ -99.086649, 19.477498 ], [ -99.086649, 19.477498 ], [ -99.086649, 19.477498 ], [ -99.086649, 19.477498 ], [ -99.08665, 19.477499 ], [ -99.086661, 19.477514 ], [ -99.086665, 19.477493 ], [ -99.086649, 19.477498 ], [ -99.086665, 19.477493 ], [ -99.086665, 19.477493 ], [ -99.086668, 19.477503 ], [ -99.086649, 19.477498 ], [ -99.086649, 19.477498 ], [ -99.08804, 19.480452 ], [ -99.086679, 19.477489 ], [ -99.086663, 19.477503 ], [ -99.086649, 19.477498 ], [ -99.086649, 19.477498 ], [ -99.08665, 19.477499 ], [ -99.086649, 19.477498 ], [ -99.086669, 19.477499 ], [ -99.086658, 19.477506 ], [ -99.086652, 19.477507 ], [ -99.08665, 19.477499 ], [ -99.08669, 19.477491 ], [ -99.086649, 19.477498 ], [ -99.086671, 19.477507 ], [ -99.086659, 19.477508 ], [ -99.08665, 19.477499 ], [ -99.08665, 19.477499 ], [ -99.086649, 19.477498 ], [ -99.08664, 19.477516 ], [ -99.086623, 19.47755 ], [ -99.086623, 19.47755 ], [ -99.08665, 19.477499 ], [ -99.086623, 19.47755 ], [ -99.086622, 19.47755 ], [ -99.086649, 19.477498 ], [ -99.086649, 19.477498 ], [ -99.08665, 19.477499 ], [ -99.086649, 19.477498 ], [ -99.08664, 19.477516 ], [ -99.086634, 19.477551 ], [ -99.08665, 19.477499 ], [ -99.086657, 19.477512 ], [ -99.08664, 19.477516 ], [ -99.086649, 19.477498 ], [ -99.08665, 19.477499 ], [ -99.086653, 19.477539 ], [ -99.086649, 19.477498 ], [ -99.087349, 19.478645 ], [ -99.087349, 19.478644 ], [ -99.086649, 19.477498 ], [ -99.086649, 19.477498 ], [ -99.086649, 19.477498 ], [ -99.086622, 19.47755 ], [ -99.086622, 19.47755 ], [ -99.086663, 19.477494 ], [ -99.086649, 19.477498 ], [ -99.08665, 19.477499 ], [ -99.08665, 19.477499 ], [ -99.086649, 19.477498 ], [ -99.086649, 19.477498 ], [ -99.086657, 19.477497 ], [ -99.08665, 19.477499 ], [ -99.086649, 19.477498 ], [ -99.08616, 19.47662 ], [ -99.08667, 19.477499 ], [ -99.08616, 19.47662 ], [ -99.086649, 19.477498 ], [ -99.08665, 19.47749 ], [ -99.086678, 19.477513 ], [ -99.086667, 19.477506 ], [ -99.086669, 19.477499 ], [ -99.08665, 19.47749 ], [ -99.086673, 19.477496 ], [ -99.0866, 19.47747 ], [ -99.086673, 19.477496 ], [ -99.09059, 19.47633 ], [ -99.091193, 19.476594 ], [ -99.092967, 19.473918 ], [ -99.125035, 19.460906 ], [ -99.13074, 19.463316 ], [ -99.13074, 19.46331 ], [ -99.143927, 19.465284 ], [ -99.10751, 19.45231 ], [ -99.166851, 19.428568 ], [ -99.167282, 19.428224 ], [ -99.16728, 19.428222 ], [ -99.167257, 19.428209 ], [ -99.167283, 19.428225 ], [ -99.10751, 19.45231 ], [ -99.167337, 19.428294 ], [ -99.167378, 19.428263 ], [ -99.167345, 19.428272 ], [ -99.167352, 19.428266 ], [ -99.16736, 19.42826 ], [ -99.167351, 19.428333 ], [ -99.167351, 19.428343 ], [ -99.107502, 19.452316 ], [ -99.10751, 19.45231 ], [ -99.167386, 19.428179 ], [ -99.167371, 19.428268 ], [ -99.167371, 19.428269 ], [ -99.167361, 19.428272 ], [ -99.167361, 19.428272 ], [ -99.167409, 19.428274 ], [ -99.167409, 19.428274 ], [ -99.167409, 19.428274 ], [ -99.167346, 19.42829 ], [ -99.167364, 19.428251 ], [ -99.167337, 19.428279 ], [ -99.167345, 19.428288 ], [ -99.167354, 19.428276 ], [ -99.167356, 19.428263 ], [ -99.167339, 19.428308 ], [ -99.167351, 19.428332 ], [ -99.167351, 19.428332 ], [ -99.107502, 19.452316 ], [ -99.107502, 19.452316 ], [ -99.167332, 19.428287 ], [ -99.16754, 19.428168 ], [ -99.167541, 19.428168 ], [ -99.167336, 19.428293 ], [ -99.167328, 19.428279 ], [ -99.167328, 19.428279 ], [ -99.167329, 19.428279 ], [ -99.167329, 19.428279 ], [ -99.107502, 19.452316 ], [ -99.167337, 19.428297 ], [ -99.167319, 19.428273 ], [ -99.167312, 19.428265 ], [ -99.167329, 19.428275 ], [ -99.107502, 19.452316 ], [ -99.107503, 19.452316 ], [ -99.107503, 19.452316 ], [ -99.167374, 19.428335 ], [ -99.167374, 19.428335 ] ] } },
{ "type": "Feature", "properties": { "device_id": "d173ef457d9585c58001252eac71599324a8be996af6a97918b317f74adfb89f", "timestamps": "2020-01-01T19:19:29, 2020-01-01T20:29:28" }, "geometry": { "type": "LineString", "coordinates": [ [ -99.14539, 19.465679 ], [ -99.14548, 19.4661 ] ] } },
{ "type": "Feature", "properties": { "device_id": "a581082cd8dcff299bcf68e2170e25eeb904d8f2988cc1f2e76adbbe487a8926", "timestamps": "2020-01-01T06:34:59, 2020-01-01T16:48:36, 2020-01-01T19:32:41, 2020-01-01T19:32:43, 2020-01-01T19:45:23, 2020-01-01T19:51:29, 2020-01-01T19:57:13, 2020-01-01T20:03:18, 2020-01-01T20:08:42, 2020-01-01T20:14:48, 2020-01-01T20:27:30, 2020-01-01T20:33:06, 2020-01-01T20:40:07, 2020-01-01T20:46:18, 2020-01-01T20:51:09, 2020-01-01T20:53:01, 2020-01-01T20:57:19, 2020-01-01T21:03:52, 2020-01-01T21:08:00, 2020-01-01T21:14:32, 2020-01-01T21:20:21, 2020-01-01T21:33:52, 2020-01-01T21:38:51, 2020-01-01T21:49:49" }, "geometry": { "type": "LineString", "coordinates": [ [ -99.143794, 19.465314 ], [ -99.024078, 19.502781 ], [ -99.024055, 19.502776 ], [ -99.024055, 19.502776 ], [ -99.024055, 19.502774 ], [ -99.024055, 19.502774 ], [ -99.024198, 19.502588 ], [ -99.024198, 19.502588 ], [ -99.024206, 19.502557 ], [ -99.024206, 19.502557 ], [ -99.024206, 19.502557 ], [ -99.024206, 19.502557 ], [ -99.024092, 19.502766 ], [ -99.024092, 19.502766 ], [ -99.024092, 19.502766 ], [ -99.024092, 19.502766 ], [ -99.024092, 19.502766 ], [ -99.024092, 19.502766 ], [ -99.024092, 19.502766 ], [ -99.024092, 19.502766 ], [ -99.024092, 19.502766 ], [ -99.024092, 19.502766 ], [ -99.024092, 19.502766 ], [ -99.024056, 19.502789 ] ] } },
{ "type": "Feature", "properties": { "device_id": "061e2a5b0ee4fa7e45eb40a3b7bafc47ce90fb7579bb260c3a12b5304e430e4c", "timestamps": "2020-01-01T13:58:19, 2020-01-01T13:58:29, 2020-01-01T14:05:34, 2020-01-01T14:05:43, 2020-01-01T14:06:33, 2020-01-01T14:06:44, 2020-01-01T14:09:07, 2020-01-01T14:09:57, 2020-01-01T14:32:36, 2020-01-01T14:32:46" }, "geometry": { "type": "LineString", "coordinates": [ [ -99.144972, 19.465511 ], [ -99.14499, 19.46552 ], [ -99.14499, 19.46552 ], [ -99.144972, 19.465511 ], [ -99.14499, 19.46552 ], [ -99.144972, 19.465511 ], [ -99.14499, 19.46552 ], [ -99.144972, 19.465511 ], [ -99.14499, 19.46552 ], [ -99.144972, 19.465511 ] ] } },
{ "type": "Feature", "properties": { "device_id": "0471f787a438c6d92a4db872f5f7392781e5b2c56ccec3fb11c94d576719080e", "timestamps": "2020-01-01T06:14:18, 2020-01-01T06:35:12, 2020-01-01T06:56:20, 2020-01-01T07:36:33, 2020-01-01T07:57:17, 2020-01-01T08:38:13, 2020-01-01T09:40:32, 2020-01-01T11:03:51, 2020-01-01T11:05:06, 2020-01-01T11:05:30, 2020-01-01T11:05:39, 2020-01-01T11:25:28, 2020-01-01T11:45:46, 2020-01-01T12:42:33, 2020-01-01T12:43:27, 2020-01-01T13:02:42, 2020-01-01T13:17:53, 2020-01-01T13:26:25, 2020-01-01T13:26:50, 2020-01-01T13:44:22, 2020-01-01T14:04:30, 2020-01-01T14:22:42, 2020-01-01T14:24:04, 2020-01-01T14:24:17, 2020-01-01T14:25:32, 2020-01-01T14:26:17, 2020-01-01T14:27:06, 2020-01-01T14:27:22, 2020-01-01T14:28:32, 2020-01-01T14:29:16, 2020-01-01T14:30:22, 2020-01-01T14:31:17, 2020-01-01T14:32:08, 2020-01-01T14:34:19, 2020-01-01T14:35:14, 2020-01-01T14:35:24, 2020-01-01T14:35:45, 2020-01-01T14:38:26, 2020-01-01T14:49:15, 2020-01-01T14:49:24, 2020-01-01T14:50:02, 2020-01-01T14:52:12, 2020-01-01T14:53:02, 2020-01-01T14:53:56, 2020-01-01T14:54:46, 2020-01-01T14:55:12, 2020-01-01T14:56:02, 2020-01-01T14:56:56, 2020-01-01T14:57:46, 2020-01-01T14:58:12, 2020-01-01T14:59:56, 2020-01-01T15:01:12, 2020-01-01T15:02:02, 2020-01-01T15:04:20, 2020-01-01T15:04:24, 2020-01-01T15:08:26, 2020-01-01T15:28:52, 2020-01-01T15:28:55, 2020-01-01T15:42:51, 2020-01-01T15:42:52, 2020-01-01T16:01:42, 2020-01-01T16:22:59, 2020-01-01T16:41:13, 2020-01-01T17:20:05, 2020-01-01T18:20:31, 2020-01-01T19:42:39, 2020-01-01T20:02:04, 2020-01-01T20:40:06, 2020-01-01T21:42:45, 2020-01-01T22:43:21, 2020-01-01T22:58:11, 2020-01-01T23:18:13, 2020-01-01T23:43:38, 2020-01-01T23:56:20" }, "geometry": { "type": "LineString", "coordinates": [ [ -99.145256, 19.466306 ], [ -99.145314, 19.466489 ], [ -99.145297, 19.466423 ], [ -99.145344, 19.466377 ], [ -99.145346, 19.466551 ], [ -99.145308, 19.466402 ], [ -99.145305, 19.466292 ], [ -99.145343, 19.466551 ], [ -99.145303, 19.466451 ], [ -99.145346, 19.466551 ], [ -99.145283, 19.466371 ], [ -99.145305, 19.466397 ], [ -99.145306, 19.466277 ], [ -99.14518, 19.466167 ], [ -99.14518, 19.466167 ], [ -99.1453, 19.46641 ], [ -99.145462, 19.466921 ], [ -99.145276, 19.466666 ], [ -99.145326, 19.466554 ], [ -99.145313, 19.466489 ], [ -99.145044, 19.466118 ], [ -99.144067, 19.467788 ], [ -99.144733, 19.462742 ], [ -99.144112, 19.463216 ], [ -99.144147, 19.45987 ], [ -99.144312, 19.458928 ], [ -99.145595, 19.453387 ], [ -99.145119, 19.455463 ], [ -99.146021, 19.45158 ], [ -99.146581, 19.449109 ], [ -99.147282, 19.446105 ], [ -99.147366, 19.445894 ], [ -99.147517, 19.445353 ], [ -99.150704, 19.445879 ], [ -99.151776, 19.446354 ], [ -99.15165, 19.446311 ], [ -99.151879, 19.44635 ], [ -99.152499, 19.446227 ], [ -99.115194, 19.432934 ], [ -99.114936, 19.433435 ], [ -99.107855, 19.434803 ], [ -99.099215, 19.43848 ], [ -99.091288, 19.442685 ], [ -99.094434, 19.440617 ], [ -99.087046, 19.445697 ], [ -99.084268, 19.447615 ], [ -99.076448, 19.452783 ], [ -99.079197, 19.450913 ], [ -99.070228, 19.457311 ], [ -99.068598, 19.458478 ], [ -99.0621, 19.461291 ], [ -99.055059, 19.471515 ], [ -99.051441, 19.479761 ], [ -99.048808, 19.486086 ], [ -99.048731, 19.486026 ], [ -99.048032, 19.485477 ], [ -99.047085, 19.48475 ], [ -99.047077, 19.484825 ], [ -99.047086, 19.484778 ], [ -99.047051, 19.484776 ], [ -99.047052, 19.484779 ], [ -99.047066, 19.484785 ], [ -99.047057, 19.484865 ], [ -99.047088, 19.484833 ], [ -99.047059, 19.484807 ], [ -99.047128, 19.484753 ], [ -99.047106, 19.484827 ], [ -99.047095, 19.484723 ], [ -99.047074, 19.484712 ], [ -99.047128, 19.484821 ], [ -99.047145, 19.484738 ], [ -99.047121, 19.484762 ], [ -99.047135, 19.484835 ], [ -99.047079, 19.484697 ] ] } },
{ "type": "Feature", "properties": { "device_id": "b15e8ee05173d5de19d8a4f00a83bb7eae922dcad1c0e8d012952d759f04c82f", "timestamps": "2020-01-01T06:25:09, 2020-01-01T06:45:37, 2020-01-01T07:06:21, 2020-01-01T07:27:53, 2020-01-01T08:27:05, 2020-01-01T09:51:45, 2020-01-01T10:10:03, 2020-01-01T10:30:35, 2020-01-01T10:50:39, 2020-01-01T11:32:27, 2020-01-01T11:51:39, 2020-01-01T12:32:25, 2020-01-01T13:35:53, 2020-01-01T13:55:02, 2020-01-01T14:16:01, 2020-01-01T14:55:50, 2020-01-01T15:15:13, 2020-01-01T15:35:17, 2020-01-01T15:56:54, 2020-01-01T16:16:10, 2020-01-01T16:36:42, 2020-01-01T16:56:04, 2020-01-01T17:58:07, 2020-01-01T18:19:58, 2020-01-01T18:39:43, 2020-01-01T18:39:47, 2020-01-01T19:40:50, 2020-01-01T19:56:16, 2020-01-01T20:15:54, 2020-01-01T20:20:14, 2020-01-01T20:25:12, 2020-01-01T20:31:26, 2020-01-01T20:35:23, 2020-01-01T20:35:57, 2020-01-01T20:36:20, 2020-01-01T20:36:23, 2020-01-01T20:39:21, 2020-01-01T20:39:24, 2020-01-01T20:43:00, 2020-01-01T21:04:37, 2020-01-01T21:24:49, 2020-01-01T21:44:18, 2020-01-01T22:04:03, 2020-01-01T22:47:47, 2020-01-01T22:50:12, 2020-01-01T23:11:57, 2020-01-01T23:12:08, 2020-01-01T23:13:33, 2020-01-01T23:14:19, 2020-01-01T23:15:07, 2020-01-01T23:15:22, 2020-01-01T23:16:31, 2020-01-01T23:17:17, 2020-01-01T23:18:08, 2020-01-01T23:18:21, 2020-01-01T23:22:53, 2020-01-01T23:41:13, 2020-01-01T23:57:40" }, "geometry": { "type": "LineString", "coordinates": [ [ -99.223046, 19.384831 ], [ -99.222951, 19.38475 ], [ -99.223162, 19.384895 ], [ -99.22303, 19.384757 ], [ -99.223064, 19.38478 ], [ -99.223007, 19.384809 ], [ -99.223043, 19.384882 ], [ -99.223032, 19.384786 ], [ -99.223039, 19.384877 ], [ -99.223058, 19.38487 ], [ -99.223125, 19.384804 ], [ -99.223056, 19.384896 ], [ -99.22312, 19.384844 ], [ -99.223143, 19.384865 ], [ -99.22306, 19.384857 ], [ -99.223125, 19.384831 ], [ -99.223129, 19.384876 ], [ -99.222996, 19.384804 ], [ -99.223066, 19.384866 ], [ -99.223013, 19.384756 ], [ -99.223012, 19.384828 ], [ -99.222977, 19.384759 ], [ -99.223016, 19.38481 ], [ -99.223027, 19.384828 ], [ -99.223015, 19.384817 ], [ -99.223061, 19.384803 ], [ -99.223127, 19.384887 ], [ -99.222356, 19.386909 ], [ -99.215977, 19.38746 ], [ -99.199942, 19.393876 ], [ -99.180313, 19.399466 ], [ -99.16882, 19.437454 ], [ -99.146782, 19.463798 ], [ -99.149621, 19.463168 ], [ -99.139372, 19.465203 ], [ -99.139502, 19.465222 ], [ -99.145685, 19.464956 ], [ -99.145792, 19.464844 ], [ -99.145797, 19.464709 ], [ -99.145732, 19.464666 ], [ -99.145984, 19.464815 ], [ -99.14576, 19.464458 ], [ -99.145758, 19.464565 ], [ -99.145314, 19.467625 ], [ -99.144094, 19.467978 ], [ -99.144005, 19.467983 ], [ -99.143885, 19.463741 ], [ -99.145442, 19.463417 ], [ -99.142821, 19.463617 ], [ -99.135577, 19.472307 ], [ -99.140219, 19.467022 ], [ -99.137741, 19.472565 ], [ -99.139234, 19.47625 ], [ -99.139729, 19.478221 ], [ -99.139848, 19.477964 ], [ -99.139537, 19.479357 ], [ -99.139474, 19.479429 ], [ -99.140332, 19.479897 ] ] } }
]
}
