{
"type": "FeatureCollection",
"crs": { "type": "name", "properties": { "name": "urn:ogc:def:crs:OGC:1.3:CRS84" } },
"features": [
{ "type": "Feature", "properties": { "device_id": "92f988d4cb48c3cd1220325d8aedace1cb36143395ffa112b144f178350097c3", "timestamps": "2020-01-01T07:22:13, 2020-01-01T07:32:48, 2020-01-01T07:32:59, 2020-01-01T07:33:27, 2020-01-01T07:34:12, 2020-01-01T07:34:21, 2020-01-01T07:34:43, 2020-01-01T07:35:41, 2020-01-01T07:51:00, 2020-01-01T07:51:39, 2020-01-01T07:52:01, 2020-01-01T07:52:32, 2020-01-01T07:53:05, 2020-01-01T07:53:42, 2020-01-01T12:20:41, 2020-01-01T14:44:09, 2020-01-01T14:44:16, 2020-01-01T14:44:50, 2020-01-01T14:44:59, 2020-01-01T14:45:45, 2020-01-01T14:54:16, 2020-01-01T14:55:07, 2020-01-01T15:06:38, 2020-01-01T15:07:54, 2020-01-01T15:08:04, 2020-01-01T15:08:31, 2020-01-01T15:09:08, 2020-01-01T15:09:27, 2020-01-01T15:09:46, 2020-01-01T15:10:29, 2020-01-01T15:10:50, 2020-01-01T15:12:59, 2020-01-01T15:13:45, 2020-01-01T15:14:13, 2020-01-01T15:14:28, 2020-01-01T16:07:12, 2020-01-01T16:07:45, 2020-01-01T16:08:28, 2020-01-01T16:09:29, 2020-01-01T16:09:47, 2020-01-01T16:09:55, 2020-01-01T16:10:13, 2020-01-01T16:10:55, 2020-01-01T16:28:18, 2020-01-01T16:29:59, 2020-01-01T16:30:07, 2020-01-01T16:30:33, 2020-01-01T16:30:40, 2020-01-01T16:31:02, 2020-01-01T16:33:23, 2020-01-01T16:33:28, 2020-01-01T16:33:52, 2020-01-01T16:33:57, 2020-01-01T16:34:00, 2020-01-01T16:34:29, 2020-01-01T16:39:58, 2020-01-01T16:40:11, 2020-01-01T16:40:36, 2020-01-01T16:40:41, 2020-01-01T16:41:24, 2020-01-01T16:42:51, 2020-01-01T16:42:58, 2020-01-01T16:44:55, 2020-01-01T16:47:20, 2020-01-01T16:47:27, 2020-01-01T16:47:52, 2020-01-01T16:47:57, 2020-01-01T16:48:40, 2020-01-01T16:48:46, 2020-01-01T16:50:08, 2020-01-01T16:50:14, 2020-01-01T16:52:56, 2020-01-01T16:53:00, 2020-01-01T16:58:24, 2020-01-01T16:59:24, 2020-01-01T17:05:49, 2020-01-01T17:06:09, 2020-01-01T17:06:41, 2020-01-01T17:07:04, 2020-01-01T17:08:06, 2020-01-01T17:08:24, 2020-01-01T17:09:12, 2020-01-01T17:09:17, 2020-01-01T17:26:07, 2020-01-01T17:29:16, 2020-01-01T17:52:38, 2020-01-01T17:52:47, 2020-01-01T17:53:23, 2020-01-01T17:53:29, 2020-01-01T17:54:05, 2020-01-01T17:54:20, 2020-01-01T17:55:03, 2020-01-01T17:55:08, 2020-01-01T17:56:32, 2020-01-01T17:56:38, 2020-01-01T17:59:28, 2020-01-01T18:04:52, 2020-01-01T18:04:57, 2020-01-01T18:15:40, 2020-01-01T18:27:14, 2020-01-01T18:27:36, 2020-01-01T18:27:57, 2020-01-01T18:28:06, 2020-01-01T18:28:30, 2020-01-01T18:28:40, 2020-01-01T18:29:34, 2020-01-01T18:29:55, 2020-01-01T18:31:17, 2020-01-01T18:34:16, 2020-01-01T18:34:36, 2020-01-01T18:35:10, 2020-01-01T18:35:38, 2020-01-01T18:39:46, 2020-01-01T18:39:51, 2020-01-01T18:50:35, 2020-01-01T18:50:40, 2020-01-01T19:00:23, 2020-01-01T19:12:04, 2020-01-01T19:12:14, 2020-01-01T19:35:15, 2020-01-01T19:35:29, 2020-01-01T19:35:37, 2020-01-01T19:36:06, 2020-01-01T19:36:22, 2020-01-01T19:36:40, 2020-01-01T19:37:47, 2020-01-01T19:37:54, 2020-01-01T19:38:30, 2020-01-01T19:40:35, 2020-01-01T19:40:41, 2020-01-01T19:46:03, 2020-01-01T19:56:52, 2020-01-01T20:00:21, 2020-01-01T20:14:09, 2020-01-01T20:14:22, 2020-01-01T20:14:46, 2020-01-01T20:16:01, 2020-01-01T20:16:30, 2020-01-01T20:16:46, 2020-01-01T20:16:57, 2020-01-01T20:17:20, 2020-01-01T20:17:42, 2020-01-01T20:17:54, 2020-01-01T20:18:27, 2020-01-01T20:19:05, 2020-01-01T20:19:24, 2020-01-01T20:21:20, 2020-01-01T20:21:39, 2020-01-01T20:21:48, 2020-01-01T20:22:23, 2020-01-01T20:23:09, 2020-01-01T20:26:16, 2020-01-01T20:26:42, 2020-01-01T20:27:30, 2020-01-01T20:27:35, 2020-01-01T20:27:46, 2020-01-01T20:28:09, 2020-01-01T20:28:22, 2020-01-01T20:28:32, 2020-01-01T20:29:19, 2020-01-01T20:30:41, 2020-01-01T20:31:02, 2020-01-01T20:33:35, 2020-01-01T20:33:57, 2020-01-01T20:34:05, 2020-01-01T20:34:43, 2020-01-01T20:34:51, 2020-01-01T20:35:26, 2020-01-01T20:35:43, 2020-01-01T20:36:16, 2020-01-01T20:36:32, 2020-01-01T20:36:39, 2020-01-01T20:36:52, 2020-01-01T20:36:58, 2020-01-01T20:37:23, 2020-01-01T20:38:09, 2020-01-01T20:39:34, 2020-01-01T20:40:39, 2020-01-01T20:40:47, 2020-01-01T20:41:50, 2020-01-01T20:42:18, 2020-01-01T20:43:22, 2020-01-01T20:44:01, 2020-01-01T20:44:25, 2020-01-01T20:44:43, 2020-01-01T20:44:57, 2020-01-01T20:45:09, 2020-01-01T20:45:27, 2020-01-01T20:49:18, 2020-01-01T20:49:54, 2020-01-01T20:51:09, 2020-01-01T20:52:18, 2020-01-01T20:52:45, 2020-01-01T20:52:57, 2020-01-01T20:53:27, 2020-01-01T20:53:43, 2020-01-01T20:55:14, 2020-01-01T20:56:02, 2020-01-01T20:57:29, 2020-01-01T20:57:55, 2020-01-01T20:58:50, 2020-01-01T20:59:37, 2020-01-01T20:59:47, 2020-01-01T21:00:16, 2020-01-01T21:00:50, 2020-01-01T21:21:25, 2020-01-01T21:21:53" }, "geometry": { "type": "LineString", "coordinates": [ [ -99.017606, 19.369873 ], [ -99.01762, 19.370097 ], [ -99.01762, 19.370097 ], [ -99.017628, 19.370094 ], [ -99.017618, 19.370099 ], [ -99.017618, 19.370099 ], [ -99.017619, 19.370109 ], [ -99.017626, 19.370098 ], [ -99.017616, 19.370091 ], [ -99.017615, 19.369971 ], [ -99.017615, 19.369971 ], [ -99.01758, 19.369982 ], [ -99.017609, 19.370058 ], [ -99.017608, 19.370076 ], [ -99.01762, 19.370103 ], [ -99.017607, 19.370089 ], [ -99.017607, 19.370089 ], [ -99.017671, 19.370121 ], [ -99.017671, 19.370121 ], [ -99.017739, 19.370112 ], [ -99.017604, 19.370026 ], [ -99.017604, 19.370026 ], [ -99.017608, 19.370055 ], [ -99.017607, 19.370054 ], [ -99.017607, 19.370054 ], [ -99.017607, 19.370054 ], [ -99.017591, 19.370008 ], [ -99.017611, 19.370002 ], [ -99.017611, 19.370002 ], [ -99.017612, 19.370006 ], [ -99.017613, 19.370029 ], [ -99.017627, 19.3701 ], [ -99.017611, 19.370023 ], [ -99.01761, 19.370083 ], [ -99.01761, 19.370083 ], [ -99.017607, 19.36985 ], [ -99.017598, 19.369869 ], [ -99.0176, 19.36985 ], [ -99.017597, 19.369865 ], [ -99.017598, 19.369862 ], [ -99.0176, 19.369859 ], [ -99.017598, 19.369862 ], [ -99.017587, 19.369864 ], [ -99.017607, 19.369882 ], [ -99.01761, 19.36987 ], [ -99.017597, 19.369865 ], [ -99.017597, 19.369865 ], [ -99.017607, 19.369878 ], [ -99.017607, 19.369878 ], [ -99.01761, 19.36986 ], [ -99.017607, 19.369878 ], [ -99.01761, 19.369869 ], [ -99.017609, 19.369875 ], [ -99.017609, 19.369875 ], [ -99.017609, 19.369872 ], [ -99.01761, 19.369869 ], [ -99.017611, 19.369874 ], [ -99.01761, 19.36987 ], [ -99.017606, 19.36986 ], [ -99.01761, 19.369859 ], [ -99.0176, 19.36985 ], [ -99.017598, 19.369861 ], [ -99.017601, 19.369862 ], [ -99.01761, 19.369859 ], [ -99.017604, 19.369867 ], [ -99.01761, 19.369859 ], [ -99.017599, 19.369861 ], [ -99.0176, 19.369859 ], [ -99.017599, 19.369861 ], [ -99.0176, 19.369859 ], [ -99.017599, 19.369861 ], [ -99.0176, 19.36985 ], [ -99.017599, 19.369861 ], [ -99.01761, 19.369859 ], [ -99.0176, 19.369867 ], [ -99.017613, 19.369867 ], [ -99.017597, 19.369866 ], [ -99.017602, 19.369858 ], [ -99.017607, 19.369874 ], [ -99.017613, 19.369873 ], [ -99.017608, 19.369877 ], [ -99.01761, 19.36985 ], [ -99.017608, 19.369869 ], [ -99.017646, 19.370106 ], [ -99.017613, 19.369973 ], [ -99.01761, 19.37009 ], [ -99.017605, 19.370091 ], [ -99.01761, 19.37009 ], [ -99.017612, 19.370099 ], [ -99.017623, 19.370098 ], [ -99.017623, 19.370098 ], [ -99.01763, 19.37009 ], [ -99.017615, 19.370097 ], [ -99.01764, 19.37009 ], [ -99.017631, 19.370097 ], [ -99.017631, 19.370097 ], [ -99.01764, 19.37009 ], [ -99.017631, 19.370097 ], [ -99.01764, 19.37009 ], [ -99.017604, 19.369873 ], [ -99.017596, 19.369871 ], [ -99.01761, 19.36986 ], [ -99.017599, 19.369866 ], [ -99.0176, 19.369859 ], [ -99.017599, 19.369862 ], [ -99.0176, 19.36985 ], [ -99.017597, 19.369863 ], [ -99.0176, 19.36985 ], [ -99.017599, 19.369864 ], [ -99.01759, 19.369881 ], [ -99.01759, 19.369881 ], [ -99.017595, 19.369872 ], [ -99.0176, 19.36985 ], [ -99.017597, 19.369867 ], [ -99.0176, 19.36985 ], [ -99.017597, 19.369867 ], [ -99.017606, 19.369879 ], [ -99.01762, 19.36984 ], [ -99.017616, 19.369843 ], [ -99.017614, 19.369962 ], [ -99.017614, 19.369962 ], [ -99.01766, 19.3701 ], [ -99.017604, 19.36988 ], [ -99.01761, 19.36986 ], [ -99.017604, 19.36988 ], [ -99.0176, 19.36985 ], [ -99.0176, 19.369868 ], [ -99.017602, 19.36987 ], [ -99.017589, 19.369859 ], [ -99.01759, 19.369867 ], [ -99.01759, 19.36985 ], [ -99.01759, 19.36985 ], [ -99.017586, 19.369846 ], [ -99.01669, 19.3731 ], [ -99.016689, 19.3731 ], [ -99.016689, 19.3731 ], [ -99.02648, 19.37987 ], [ -99.035433, 19.384944 ], [ -99.037129, 19.385441 ], [ -99.04098, 19.388051 ], [ -99.043589, 19.390027 ], [ -99.04556, 19.39093 ], [ -99.045557, 19.390936 ], [ -99.04743, 19.392051 ], [ -99.050731, 19.393589 ], [ -99.057041, 19.397506 ], [ -99.066921, 19.403703 ], [ -99.066921, 19.403703 ], [ -99.068767, 19.404627 ], [ -99.070573, 19.40464 ], [ -99.071796, 19.411276 ], [ -99.072561, 19.415686 ], [ -99.072488, 19.415609 ], [ -99.07214, 19.415569 ], [ -99.072241, 19.415676 ], [ -99.072241, 19.415676 ], [ -99.07214, 19.41556 ], [ -99.072292, 19.416427 ], [ -99.072292, 19.416427 ], [ -99.072305, 19.414944 ], [ -99.07494, 19.4102 ], [ -99.081522, 19.407356 ], [ -99.09334, 19.40907 ], [ -99.09568, 19.409592 ], [ -99.098198, 19.409689 ], [ -99.099349, 19.409635 ], [ -99.101271, 19.407885 ], [ -99.102843, 19.408637 ], [ -99.103427, 19.408579 ], [ -99.10343, 19.40857 ], [ -99.10343, 19.40857 ], [ -99.103597, 19.408577 ], [ -99.103597, 19.408577 ], [ -99.103597, 19.408577 ], [ -99.103597, 19.408577 ], [ -99.103597, 19.408577 ], [ -99.103597, 19.408577 ], [ -99.133652, 19.408583 ], [ -99.133652, 19.408583 ], [ -99.134034, 19.408813 ], [ -99.134051, 19.408818 ], [ -99.134022, 19.409022 ], [ -99.134676, 19.409021 ], [ -99.134874, 19.409088 ], [ -99.134874, 19.409088 ], [ -99.134874, 19.409088 ], [ -99.134906, 19.409094 ], [ -99.135292, 19.409081 ], [ -99.135659, 19.408793 ], [ -99.135056, 19.412478 ], [ -99.134353, 19.41721 ], [ -99.13472, 19.41806 ], [ -99.13472, 19.418797 ], [ -99.13472, 19.419533 ], [ -99.134374, 19.418078 ], [ -99.134374, 19.419182 ], [ -99.13472, 19.418428 ], [ -99.135065, 19.416201 ], [ -99.143367, 19.425358 ], [ -99.137653, 19.420504 ], [ -99.145442, 19.432988 ], [ -99.145442, 19.432988 ], [ -99.145788, 19.434444 ], [ -99.145788, 19.434444 ], [ -99.145788, 19.434444 ], [ -99.149871, 19.435769 ], [ -99.14987, 19.435769 ] ] } },
{ "type": "Feature", "properties": { "device_id": "a6459c03f9292d9efc29104dcc807a90ad418aa425b9f8101149d829ffaaa383", "timestamps": "2020-01-01T06:13:02, 2020-01-01T06:14:01, 2020-01-01T06:15:51, 2020-01-01T06:16:19, 2020-01-01T06:16:29, 2020-01-01T06:17:11, 2020-01-01T06:17:22, 2020-01-01T08:05:16, 2020-01-01T08:06:47, 2020-01-01T08:22:11, 2020-01-01T08:22:22, 2020-01-01T08:24:04, 2020-01-01T08:25:17, 2020-01-01T08:26:09, 2020-01-01T08:26:18, 2020-01-01T08:27:03, 2020-01-01T08:28:56, 2020-01-01T08:30:10, 2020-01-01T08:30:25, 2020-01-01T08:32:18, 2020-01-01T08:33:54, 2020-01-01T08:34:11, 2020-01-01T08:34:22, 2020-01-01T08:36:00, 2020-01-01T08:37:20, 2020-01-01T08:38:47, 2020-01-01T08:39:06, 2020-01-01T08:42:30, 2020-01-01T08:43:14, 2020-01-01T08:43:31, 2020-01-01T08:45:58, 2020-01-01T08:47:15, 2020-01-01T08:47:31, 2020-01-01T08:48:01, 2020-01-01T08:48:34, 2020-01-01T08:48:59, 2020-01-01T08:49:42, 2020-01-01T08:52:27, 2020-01-01T08:52:53, 2020-01-01T08:53:42, 2020-01-01T08:59:16, 2020-01-01T08:59:45, 2020-01-01T09:00:33, 2020-01-01T09:01:32, 2020-01-01T09:01:59, 2020-01-01T09:02:23, 2020-01-01T09:02:48, 2020-01-01T09:03:46, 2020-01-01T09:04:03, 2020-01-01T09:04:12, 2020-01-01T09:05:32, 2020-01-01T09:05:49, 2020-01-01T09:06:00, 2020-01-01T09:06:26, 2020-01-01T09:06:48, 2020-01-01T09:07:10, 2020-01-01T09:07:34, 2020-01-01T09:09:09, 2020-01-01T09:09:19, 2020-01-01T09:09:48, 2020-01-01T09:10:17, 2020-01-01T09:10:46, 2020-01-01T09:11:21, 2020-01-01T09:12:20, 2020-01-01T09:14:09, 2020-01-01T09:15:23, 2020-01-01T09:16:03, 2020-01-01T09:17:20, 2020-01-01T09:19:06, 2020-01-01T09:19:40, 2020-01-01T09:20:03, 2020-01-01T09:20:22, 2020-01-01T09:21:24, 2020-01-01T09:22:45, 2020-01-01T09:22:51, 2020-01-01T09:25:04, 2020-01-01T09:25:10, 2020-01-01T09:25:37, 2020-01-01T09:27:26, 2020-01-01T09:28:06, 2020-01-01T09:49:13, 2020-01-01T09:49:45, 2020-01-01T09:50:47, 2020-01-01T09:52:22, 2020-01-01T09:54:05, 2020-01-01T09:54:48, 2020-01-01T09:54:54, 2020-01-01T09:55:17, 2020-01-01T09:56:04, 2020-01-01T09:57:33, 2020-01-01T09:57:38, 2020-01-01T09:57:58, 2020-01-01T09:58:23, 2020-01-01T09:58:43, 2020-01-01T09:59:18, 2020-01-01T09:59:58, 2020-01-01T10:09:32, 2020-01-01T10:10:06, 2020-01-01T10:10:15, 2020-01-01T10:11:12, 2020-01-01T10:11:33, 2020-01-01T10:12:02, 2020-01-01T11:52:00, 2020-01-01T11:52:13, 2020-01-01T11:52:21, 2020-01-01T11:53:10, 2020-01-01T15:22:13, 2020-01-01T15:22:28, 2020-01-01T15:22:42, 2020-01-01T15:22:54, 2020-01-01T15:23:31, 2020-01-01T15:23:44, 2020-01-01T15:25:02, 2020-01-01T15:25:34, 2020-01-01T15:26:25, 2020-01-01T15:27:17, 2020-01-01T15:27:51, 2020-01-01T15:28:15, 2020-01-01T15:28:38, 2020-01-01T15:29:00, 2020-01-01T15:29:34, 2020-01-01T15:29:59, 2020-01-01T15:30:03, 2020-01-01T15:30:53, 2020-01-01T15:31:15, 2020-01-01T15:31:33, 2020-01-01T15:31:55, 2020-01-01T15:32:24, 2020-01-01T15:32:56, 2020-01-01T15:33:42, 2020-01-01T15:34:40, 2020-01-01T15:35:10, 2020-01-01T15:35:56, 2020-01-01T15:36:14, 2020-01-01T15:36:51, 2020-01-01T15:37:28, 2020-01-01T15:38:00, 2020-01-01T15:40:11, 2020-01-01T15:40:17, 2020-01-01T15:40:30, 2020-01-01T15:41:49, 2020-01-01T15:42:21, 2020-01-01T15:43:12, 2020-01-01T15:43:31, 2020-01-01T15:43:50, 2020-01-01T15:44:34, 2020-01-01T15:45:03, 2020-01-01T15:45:45, 2020-01-01T15:45:59, 2020-01-01T15:47:09, 2020-01-01T15:49:11, 2020-01-01T15:50:44, 2020-01-01T15:51:15, 2020-01-01T15:51:34, 2020-01-01T15:51:59, 2020-01-01T15:52:30, 2020-01-01T15:52:54, 2020-01-01T15:53:25, 2020-01-01T15:54:21, 2020-01-01T15:55:01, 2020-01-01T15:55:31, 2020-01-01T16:20:39, 2020-01-01T16:21:16, 2020-01-01T16:21:25, 2020-01-01T16:21:51, 2020-01-01T16:22:41, 2020-01-01T16:26:49, 2020-01-01T16:27:23, 2020-01-01T16:28:29, 2020-01-01T16:29:02, 2020-01-01T16:29:58, 2020-01-01T16:30:03, 2020-01-01T16:44:59, 2020-01-01T16:45:22, 2020-01-01T16:45:45, 2020-01-01T16:45:57, 2020-01-01T16:46:47, 2020-01-01T16:46:53, 2020-01-01T16:47:15, 2020-01-01T16:47:18, 2020-01-01T16:48:02, 2020-01-01T16:48:07, 2020-01-01T16:48:49, 2020-01-01T16:49:08, 2020-01-01T16:49:29, 2020-01-01T16:49:38, 2020-01-01T16:49:54, 2020-01-01T16:50:44, 2020-01-01T16:51:06, 2020-01-01T16:51:49, 2020-01-01T16:52:19, 2020-01-01T16:53:00, 2020-01-01T16:53:38, 2020-01-01T16:53:54, 2020-01-01T16:57:35, 2020-01-01T16:57:51, 2020-01-01T16:58:01, 2020-01-01T17:03:42, 2020-01-01T17:03:49, 2020-01-01T17:04:11, 2020-01-01T17:04:16, 2020-01-01T17:04:57, 2020-01-01T17:05:01, 2020-01-01T17:05:37, 2020-01-01T17:05:45, 2020-01-01T17:05:51, 2020-01-01T17:06:12, 2020-01-01T17:06:16, 2020-01-01T17:07:57, 2020-01-01T17:08:02, 2020-01-01T17:15:56, 2020-01-01T17:18:27, 2020-01-01T17:18:32, 2020-01-01T17:26:49, 2020-01-01T17:26:55, 2020-01-01T17:27:15, 2020-01-01T17:38:15, 2020-01-01T17:38:57, 2020-01-01T17:39:08, 2020-01-01T17:39:13, 2020-01-01T17:41:10, 2020-01-01T17:44:15, 2020-01-01T17:44:31, 2020-01-01T17:53:26, 2020-01-01T18:11:40, 2020-01-01T18:11:58, 2020-01-01T18:12:04, 2020-01-01T18:20:03, 2020-01-01T18:20:17, 2020-01-01T18:20:40, 2020-01-01T18:20:48, 2020-01-01T18:20:58, 2020-01-01T18:21:10, 2020-01-01T18:21:16, 2020-01-01T18:21:43, 2020-01-01T18:21:52, 2020-01-01T18:35:38, 2020-01-01T18:35:55, 2020-01-01T18:36:02, 2020-01-01T18:36:48, 2020-01-01T18:36:53, 2020-01-01T18:37:00, 2020-01-01T18:37:21, 2020-01-01T18:38:15, 2020-01-01T18:38:24, 2020-01-01T18:38:32, 2020-01-01T18:43:57, 2020-01-01T18:44:09, 2020-01-01T18:44:31, 2020-01-01T18:44:44, 2020-01-01T18:44:58, 2020-01-01T18:45:31, 2020-01-01T18:45:36, 2020-01-01T18:47:00, 2020-01-01T18:47:15, 2020-01-01T18:50:07, 2020-01-01T18:53:25, 2020-01-01T18:53:52, 2020-01-01T18:54:14, 2020-01-01T18:57:15, 2020-01-01T19:04:15, 2020-01-01T19:04:21, 2020-01-01T19:44:43, 2020-01-01T19:44:53, 2020-01-01T19:45:05, 2020-01-01T19:45:15, 2020-01-01T19:45:22, 2020-01-01T19:46:03, 2020-01-01T19:46:10, 2020-01-01T19:46:22, 2020-01-01T19:46:44, 2020-01-01T19:47:11, 2020-01-01T19:47:32, 2020-01-01T19:49:52, 2020-01-01T19:50:19, 2020-01-01T19:50:25, 2020-01-01T19:50:50, 2020-01-01T19:51:18, 2020-01-01T19:51:25, 2020-01-01T19:51:48, 2020-01-01T20:50:12, 2020-01-01T20:50:43, 2020-01-01T20:52:52, 2020-01-01T20:53:04, 2020-01-01T20:54:17, 2020-01-01T20:56:46, 2020-01-01T20:57:16, 2020-01-01T20:57:26, 2020-01-01T20:57:33, 2020-01-01T20:57:57, 2020-01-01T20:58:22, 2020-01-01T20:58:32, 2020-01-01T20:58:50, 2020-01-01T20:59:53, 2020-01-01T20:59:58, 2020-01-01T21:03:01, 2020-01-01T21:03:25, 2020-01-01T21:03:38, 2020-01-01T21:04:19, 2020-01-01T21:43:51, 2020-01-01T21:43:57, 2020-01-01T21:56:38, 2020-01-01T22:28:18, 2020-01-01T22:28:47, 2020-01-01T22:29:08, 2020-01-01T22:33:49, 2020-01-01T22:34:10, 2020-01-01T22:34:18, 2020-01-01T22:34:40, 2020-01-01T22:35:17, 2020-01-01T22:35:49, 2020-01-01T22:36:22, 2020-01-01T22:36:32, 2020-01-01T23:07:30, 2020-01-01T23:07:37, 2020-01-01T23:07:50, 2020-01-01T23:08:08, 2020-01-01T23:08:59, 2020-01-01T23:09:05, 2020-01-01T23:09:49, 2020-01-01T23:10:37, 2020-01-01T23:13:29, 2020-01-01T23:25:15, 2020-01-01T23:26:20, 2020-01-01T23:26:55, 2020-01-01T23:27:32, 2020-01-01T23:27:50, 2020-01-01T23:37:31, 2020-01-01T23:37:44, 2020-01-01T23:38:08, 2020-01-01T23:39:08" }, "geometry": { "type": "LineString", "coordinates": [ [ -99.03399, 19.32608 ], [ -99.03399, 19.32608 ], [ -99.033978, 19.326077 ], [ -99.03399, 19.32608 ], [ -99.033978, 19.326077 ], [ -99.033978, 19.326077 ], [ -99.03399, 19.32608 ], [ -99.03399, 19.32608 ], [ -99.033978, 19.326077 ], [ -99.03399, 19.32608 ], [ -99.033978, 19.326077 ], [ -99.03399, 19.32608 ], [ -99.03399, 19.32608 ], [ -99.03399, 19.32608 ], [ -99.066108, 19.418947 ], [ -99.03399, 19.32608 ], [ -99.033978, 19.326077 ], [ -99.03399, 19.32608 ], [ -99.033978, 19.326077 ], [ -99.066095, 19.418965 ], [ -99.033978, 19.326077 ], [ -99.03399, 19.32608 ], [ -99.033978, 19.326077 ], [ -99.03399, 19.32608 ], [ -99.03399, 19.32608 ], [ -99.066105, 19.418971 ], [ -99.03399, 19.32608 ], [ -99.066106, 19.418942 ], [ -99.066122, 19.418943 ], [ -99.06611, 19.41893 ], [ -99.066098, 19.41895 ], [ -99.066104, 19.418962 ], [ -99.066109, 19.418959 ], [ -99.066105, 19.418945 ], [ -99.066109, 19.418947 ], [ -99.066101, 19.418957 ], [ -99.066106, 19.418973 ], [ -99.066113, 19.418987 ], [ -99.066113, 19.418987 ], [ -99.066113, 19.418987 ], [ -99.066104, 19.418947 ], [ -99.066104, 19.418947 ], [ -99.066105, 19.418944 ], [ -99.066101, 19.41897 ], [ -99.06609, 19.41896 ], [ -99.066096, 19.41897 ], [ -99.066086, 19.418964 ], [ -99.066091, 19.418947 ], [ -99.066088, 19.418951 ], [ -99.066088, 19.418951 ], [ -99.066103, 19.41897 ], [ -99.066105, 19.418947 ], [ -99.066105, 19.418947 ], [ -99.066088, 19.418953 ], [ -99.066083, 19.418961 ], [ -99.066089, 19.418963 ], [ -99.066097, 19.418955 ], [ -99.066095, 19.418965 ], [ -99.066093, 19.418967 ], [ -99.066105, 19.418972 ], [ -99.066099, 19.418982 ], [ -99.066104, 19.418964 ], [ -99.066105, 19.418977 ], [ -99.06611, 19.418974 ], [ -99.0661, 19.418968 ], [ -99.066101, 19.418979 ], [ -99.066097, 19.41896 ], [ -99.066121, 19.418953 ], [ -99.066107, 19.418966 ], [ -99.06612, 19.418965 ], [ -99.066126, 19.418968 ], [ -99.066107, 19.418972 ], [ -99.066102, 19.418967 ], [ -99.066098, 19.418956 ], [ -99.066098, 19.418956 ], [ -99.066105, 19.418978 ], [ -99.066091, 19.418984 ], [ -99.066101, 19.418973 ], [ -99.066116, 19.418983 ], [ -99.066097, 19.418982 ], [ -99.061426, 19.403354 ], [ -99.061458, 19.403345 ], [ -99.061456, 19.403353 ], [ -99.061455, 19.403353 ], [ -99.061439, 19.403354 ], [ -99.061455, 19.403353 ], [ -99.06146, 19.40335 ], [ -99.061456, 19.403353 ], [ -99.061442, 19.403354 ], [ -99.061471, 19.403353 ], [ -99.061471, 19.403354 ], [ -99.061471, 19.403354 ], [ -99.061471, 19.403353 ], [ -99.061455, 19.403354 ], [ -99.061456, 19.403354 ], [ -99.061441, 19.403355 ], [ -99.061468, 19.403352 ], [ -99.061455, 19.403353 ], [ -99.061455, 19.403353 ], [ -99.061439, 19.403354 ], [ -99.061454, 19.403354 ], [ -99.061458, 19.403345 ], [ -99.06148, 19.40331 ], [ -99.061476, 19.403324 ], [ -99.061463, 19.403329 ], [ -99.061464, 19.403329 ], [ -99.061451, 19.403334 ], [ -99.061463, 19.40333 ], [ -99.061463, 19.403329 ], [ -99.061463, 19.403329 ], [ -99.061476, 19.403329 ], [ -99.061472, 19.403334 ], [ -99.061462, 19.40333 ], [ -99.061463, 19.403329 ], [ -99.061463, 19.403329 ], [ -99.061459, 19.403321 ], [ -99.061468, 19.403316 ], [ -99.06148, 19.40331 ], [ -99.06148, 19.403311 ], [ -99.061464, 19.403329 ], [ -99.061459, 19.403321 ], [ -99.061459, 19.403321 ], [ -99.061459, 19.403321 ], [ -99.061459, 19.403321 ], [ -99.061479, 19.403312 ], [ -99.061479, 19.403312 ], [ -99.061479, 19.403312 ], [ -99.06147, 19.40332 ], [ -99.06146, 19.403321 ], [ -99.061468, 19.403321 ], [ -99.061472, 19.403298 ], [ -99.061472, 19.403298 ], [ -99.061451, 19.403334 ], [ -99.061451, 19.403334 ], [ -99.06145, 19.403334 ], [ -99.061462, 19.40333 ], [ -99.061463, 19.403312 ], [ -99.061461, 19.403321 ], [ -99.061461, 19.403321 ], [ -99.061452, 19.403307 ], [ -99.061463, 19.403329 ], [ -99.061451, 19.403334 ], [ -99.061451, 19.403335 ], [ -99.061463, 19.40333 ], [ -99.061451, 19.403335 ], [ -99.06145, 19.403334 ], [ -99.061451, 19.403334 ], [ -99.061451, 19.403334 ], [ -99.061451, 19.403334 ], [ -99.061451, 19.403308 ], [ -99.061438, 19.403354 ], [ -99.061428, 19.403355 ], [ -99.061428, 19.403354 ], [ -99.061428, 19.403354 ], [ -99.061429, 19.403354 ], [ -99.061428, 19.403354 ], [ -99.061428, 19.403355 ], [ -99.061427, 19.403354 ], [ -99.061429, 19.403354 ], [ -99.061428, 19.403355 ], [ -99.061427, 19.403355 ], [ -99.048861, 19.392616 ], [ -99.047723, 19.392008 ], [ -99.05832, 19.39721 ], [ -99.04707, 19.39169 ], [ -99.043479, 19.390038 ], [ -99.03886, 19.38661 ], [ -99.01705, 19.373347 ], [ -99.01705, 19.37333 ], [ -99.006384, 19.364969 ], [ -99.00639, 19.36496 ], [ -99.006384, 19.364969 ], [ -99.035523, 19.384817 ], [ -99.03543, 19.384872 ], [ -99.035269, 19.38503 ], [ -99.03527, 19.38503 ], [ -99.035271, 19.38496 ], [ -99.035381, 19.384941 ], [ -99.03528, 19.38496 ], [ -99.035298, 19.385148 ], [ -99.0353, 19.38514 ], [ -99.035299, 19.385073 ], [ -99.035299, 19.385073 ], [ -99.035783, 19.385384 ], [ -99.03538, 19.38484 ], [ -99.037249, 19.385961 ], [ -99.042207, 19.389529 ], [ -99.042207, 19.389529 ], [ -99.045285, 19.390809 ], [ -99.046254, 19.391201 ], [ -99.04622, 19.39107 ], [ -99.056541, 19.397428 ], [ -99.059313, 19.39851 ], [ -99.059313, 19.39851 ], [ -99.072121, 19.414852 ], [ -99.072121, 19.414852 ], [ -99.072098, 19.415049 ], [ -99.07171, 19.41556 ], [ -99.071675, 19.415621 ], [ -99.071708, 19.415572 ], [ -99.071669, 19.415618 ], [ -99.07167, 19.41561 ], [ -99.071667, 19.415624 ], [ -99.071733, 19.41553 ], [ -99.071686, 19.415595 ], [ -99.071698, 19.415582 ], [ -99.07169, 19.41559 ], [ -99.07177, 19.415484 ], [ -99.07177, 19.41547 ], [ -99.07177, 19.415484 ], [ -99.036697, 19.384818 ], [ -99.03642, 19.38515 ], [ -99.036417, 19.385162 ], [ -99.008201, 19.367514 ], [ -99.007835, 19.367189 ], [ -99.00821, 19.3675 ], [ -99.06731, 19.40302 ], [ -99.073524, 19.407138 ], [ -99.07353, 19.40712 ], [ -99.073524, 19.407138 ], [ -99.07353, 19.40712 ], [ -99.070022, 19.404967 ], [ -99.07042, 19.40839 ], [ -99.070021, 19.404967 ], [ -99.061429, 19.403354 ], [ -99.061429, 19.403354 ], [ -99.06143, 19.40335 ], [ -99.06144, 19.40335 ], [ -99.061438, 19.403354 ], [ -99.061442, 19.40335 ], [ -99.061439, 19.403354 ], [ -99.06145, 19.40335 ], [ -99.06143, 19.403355 ], [ -99.06143, 19.403355 ], [ -99.061438, 19.403354 ], [ -99.061439, 19.403355 ], [ -99.06143, 19.403355 ], [ -99.06143, 19.403356 ], [ -99.06144, 19.40335 ], [ -99.06144, 19.40335 ], [ -99.06143, 19.403355 ], [ -99.06143, 19.403355 ], [ -99.06143, 19.403355 ], [ -99.061429, 19.403355 ], [ -99.06143, 19.40335 ], [ -99.061429, 19.403355 ], [ -99.06144, 19.40335 ], [ -99.061463, 19.40333 ], [ -99.061437, 19.403354 ], [ -99.061487, 19.403337 ], [ -99.061476, 19.403328 ], [ -99.06148, 19.40332 ], [ -99.061476, 19.403328 ], [ -99.061476, 19.403328 ], [ -99.061476, 19.403328 ], [ -99.06148, 19.40332 ], [ -99.06148, 19.4033 ], [ -99.061463, 19.403329 ], [ -99.06147, 19.40332 ], [ -99.06146, 19.40333 ], [ -99.0615, 19.40332 ], [ -99.061464, 19.403329 ], [ -99.06609, 19.41894 ], [ -99.066085, 19.418963 ], [ -99.066085, 19.418963 ], [ -99.066088, 19.418958 ], [ -99.066089, 19.418958 ], [ -99.0661, 19.41893 ], [ -99.066087, 19.418957 ], [ -99.066087, 19.418957 ], [ -99.066086, 19.418961 ], [ -99.066102, 19.418959 ], [ -99.06611, 19.41894 ], [ -99.0661, 19.418966 ], [ -99.06609, 19.41895 ], [ -99.066084, 19.418964 ], [ -99.066093, 19.418949 ], [ -99.0661, 19.41893 ], [ -99.066109, 19.418939 ], [ -99.066096, 19.418953 ], [ -99.066081, 19.418958 ], [ -99.066089, 19.418962 ], [ -99.066094, 19.418959 ], [ -99.066094, 19.418959 ], [ -99.066102, 19.418977 ], [ -99.066099, 19.41895 ], [ -99.066122, 19.418974 ], [ -99.06612, 19.41898 ], [ -99.066101, 19.418974 ], [ -99.0661, 19.418971 ], [ -99.066103, 19.41897 ], [ -99.066104, 19.418969 ], [ -99.066103, 19.418974 ], [ -99.066104, 19.418972 ], [ -99.066104, 19.418972 ], [ -99.066094, 19.418988 ], [ -99.066105, 19.418982 ], [ -99.066107, 19.418979 ], [ -99.06612, 19.41898 ], [ -99.066095, 19.418959 ], [ -99.066095, 19.418959 ], [ -99.066064, 19.418489 ], [ -99.061431, 19.403355 ], [ -99.061443, 19.403346 ], [ -99.061442, 19.403346 ], [ -99.061439, 19.403354 ], [ -99.061438, 19.403354 ], [ -99.061454, 19.403353 ], [ -99.061454, 19.403353 ], [ -99.061458, 19.403345 ], [ -99.06143, 19.403355 ], [ -99.06143, 19.403354 ], [ -99.06143, 19.403354 ], [ -99.061437, 19.403354 ], [ -99.061437, 19.403354 ], [ -99.061437, 19.403354 ], [ -99.061441, 19.403346 ], [ -99.06143, 19.403354 ], [ -99.061429, 19.403354 ], [ -99.06143, 19.403354 ], [ -99.061439, 19.403354 ], [ -99.061455, 19.403354 ], [ -99.06143, 19.403355 ], [ -99.061438, 19.403354 ], [ -99.061437, 19.403353 ], [ -99.061437, 19.403353 ], [ -99.06144, 19.403354 ], [ -99.061431, 19.403354 ], [ -99.06143, 19.403354 ], [ -99.061431, 19.403356 ], [ -99.061431, 19.403354 ] ] } },
{ "type": "Feature", "properties": { "device_id": "922e5987a32e78a46615e9521cc8dc625947f38e1bbab210a172d549cb7a40d5", "timestamps": "2020-01-01T06:10:00, 2020-01-01T06:17:08, 2020-01-01T06:23:23, 2020-01-01T06:43:06, 2020-01-01T07:28:37, 2020-01-01T07:48:35, 2020-01-01T08:28:43, 2020-01-01T08:34:58, 2020-01-01T08:54:21, 2020-01-01T09:33:01, 2020-01-01T09:53:30, 2020-01-01T10:14:27, 2020-01-01T10:34:58, 2020-01-01T11:23:18, 2020-01-01T11:43:22, 2020-01-01T12:15:55, 2020-01-01T12:34:37, 2020-01-01T12:45:55, 2020-01-01T13:05:58, 2020-01-01T13:26:55, 2020-01-01T14:04:29, 2020-01-01T14:24:27, 2020-01-01T14:48:45, 2020-01-01T15:09:29, 2020-01-01T15:29:37, 2020-01-01T15:50:12, 2020-01-01T16:32:47, 2020-01-01T17:11:05, 2020-01-01T17:30:08, 2020-01-01T17:50:04, 2020-01-01T18:11:35, 2020-01-01T18:31:13, 2020-01-01T18:43:36, 2020-01-01T18:44:34, 2020-01-01T18:47:34, 2020-01-01T18:47:52, 2020-01-01T18:49:08, 2020-01-01T18:49:24, 2020-01-01T18:50:33, 2020-01-01T18:51:18, 2020-01-01T18:52:08, 2020-01-01T18:52:24, 2020-01-01T18:53:33, 2020-01-01T18:55:24, 2020-01-01T18:58:09, 2020-01-01T18:59:34, 2020-01-01T19:00:18, 2020-01-01T19:01:08, 2020-01-01T19:01:24, 2020-01-01T19:02:34, 2020-01-01T19:03:18, 2020-01-01T19:04:08, 2020-01-01T19:04:43, 2020-01-01T19:05:34, 2020-01-01T19:06:18, 2020-01-01T19:07:08, 2020-01-01T19:07:24, 2020-01-01T19:08:33, 2020-01-01T19:09:18, 2020-01-01T19:10:08, 2020-01-01T19:11:34, 2020-01-01T19:12:18, 2020-01-01T19:13:08, 2020-01-01T19:14:34, 2020-01-01T19:15:42, 2020-01-01T19:18:19, 2020-01-01T19:19:08, 2020-01-01T19:21:18, 2020-01-01T19:22:08, 2020-01-01T19:23:33, 2020-01-01T19:24:48, 2020-01-01T19:25:27, 2020-01-01T19:26:34, 2020-01-01T19:27:45, 2020-01-01T19:28:23, 2020-01-01T19:30:18, 2020-01-01T19:31:26, 2020-01-01T19:32:55, 2020-01-01T19:35:33" }, "geometry": { "type": "LineString", "coordinates": [ [ -99.14126, 19.336519 ], [ -99.141281, 19.336538 ], [ -99.141259, 19.33658 ], [ -99.14137, 19.336582 ], [ -99.141365, 19.336573 ], [ -99.14131, 19.336581 ], [ -99.141284, 19.336534 ], [ -99.141254, 19.336538 ], [ -99.141304, 19.336558 ], [ -99.141262, 19.336555 ], [ -99.141276, 19.336545 ], [ -99.141285, 19.336552 ], [ -99.141273, 19.33654 ], [ -99.141284, 19.336566 ], [ -99.141294, 19.336539 ], [ -99.141237, 19.336536 ], [ -99.141245, 19.336548 ], [ -99.141257, 19.336527 ], [ -99.141272, 19.336551 ], [ -99.141265, 19.336525 ], [ -99.141292, 19.33647 ], [ -99.14126, 19.336583 ], [ -99.141232, 19.336547 ], [ -99.141202, 19.336523 ], [ -99.141327, 19.336359 ], [ -99.141329, 19.336554 ], [ -99.141195, 19.336588 ], [ -99.141265, 19.336575 ], [ -99.141226, 19.336581 ], [ -99.141253, 19.336531 ], [ -99.141196, 19.336576 ], [ -99.141208, 19.336586 ], [ -99.142516, 19.338418 ], [ -99.145023, 19.347987 ], [ -99.126452, 19.366427 ], [ -99.131231, 19.358519 ], [ -99.102305, 19.373129 ], [ -99.110034, 19.370006 ], [ -99.10083, 19.382406 ], [ -99.099749, 19.390096 ], [ -99.097173, 19.40671 ], [ -99.098458, 19.398778 ], [ -99.094687, 19.408799 ], [ -99.082099, 19.406998 ], [ -99.073458, 19.406628 ], [ -99.068252, 19.403674 ], [ -99.064413, 19.401453 ], [ -99.052045, 19.394388 ], [ -99.058927, 19.398275 ], [ -99.043507, 19.389516 ], [ -99.035105, 19.384736 ], [ -99.019902, 19.375245 ], [ -99.027368, 19.380254 ], [ -99.013062, 19.370369 ], [ -99.007334, 19.365922 ], [ -98.993813, 19.357384 ], [ -99.000775, 19.361198 ], [ -98.985783, 19.350039 ], [ -98.978747, 19.343211 ], [ -98.959916, 19.324918 ], [ -98.949998, 19.316471 ], [ -98.939451, 19.307509 ], [ -98.919911, 19.291007 ], [ -98.908166, 19.29113 ], [ -98.89371, 19.292247 ], [ -98.870256, 19.296369 ], [ -98.848219, 19.302219 ], [ -98.82511, 19.312486 ], [ -98.801664, 19.316388 ], [ -98.793339, 19.311698 ], [ -98.78773, 19.302271 ], [ -98.777819, 19.303318 ], [ -98.759316, 19.304933 ], [ -98.7522, 19.305585 ], [ -98.744092, 19.30126 ], [ -98.725523, 19.32139 ], [ -98.719532, 19.331773 ], [ -98.708967, 19.336328 ], [ -98.665401, 19.351376 ] ] } },
{ "type": "Feature", "properties": { "device_id": "0e0a04887d44a16421e5095dc281a5e128351eadc7d3de17071486e7b90edbd4", "timestamps": "2020-01-01T15:27:30, 2020-01-01T16:42:31, 2020-01-01T17:54:29, 2020-01-01T19:10:53, 2020-01-01T20:23:19, 2020-01-01T21:44:13, 2020-01-01T21:44:16, 2020-01-01T21:44:18, 2020-01-01T21:57:06, 2020-01-01T22:59:16, 2020-01-01T22:59:46" }, "geometry": { "type": "LineString", "coordinates": [ [ -99.035489, 19.385038 ], [ -98.921526, 19.280592 ], [ -98.918185, 19.255889 ], [ -98.921747, 19.280605 ], [ -98.921705, 19.280576 ], [ -98.921771, 19.280586 ], [ -98.921771, 19.280586 ], [ -98.921771, 19.280586 ], [ -98.921761, 19.280594 ], [ -98.921861, 19.28047 ], [ -98.921861, 19.28047 ] ] } },
{ "type": "Feature", "properties": { "device_id": "6a8f728a7005b1902b94d41a8857eea4a8eae6f3b6a120335bdba7bd90d8300b", "timestamps": "2020-01-01T06:04:05, 2020-01-01T06:04:14, 2020-01-01T06:04:23, 2020-01-01T06:04:50, 2020-01-01T06:05:08, 2020-01-01T06:05:58, 2020-01-01T06:11:33, 2020-01-01T06:11:44, 2020-01-01T06:21:35, 2020-01-01T06:21:36, 2020-01-01T06:21:40, 2020-01-01T06:21:46, 2020-01-01T06:48:03, 2020-01-01T06:48:54, 2020-01-01T07:25:04, 2020-01-01T07:25:53, 2020-01-01T07:26:05, 2020-01-01T07:26:06, 2020-01-01T07:26:50, 2020-01-01T07:26:56, 2020-01-01T07:29:00, 2020-01-01T07:29:10, 2020-01-01T07:29:25, 2020-01-01T07:29:55, 2020-01-01T07:31:32, 2020-01-01T07:31:41, 2020-01-01T15:12:01, 2020-01-01T15:12:14, 2020-01-01T15:12:16, 2020-01-01T15:12:23, 2020-01-01T15:12:26, 2020-01-01T15:12:52, 2020-01-01T16:56:04, 2020-01-01T16:56:53, 2020-01-01T16:57:00, 2020-01-01T16:57:05, 2020-01-01T16:57:17, 2020-01-01T16:57:27, 2020-01-01T16:57:31, 2020-01-01T16:57:42, 2020-01-01T16:57:50, 2020-01-01T16:57:55, 2020-01-01T17:07:14, 2020-01-01T17:07:23, 2020-01-01T17:07:31, 2020-01-01T17:07:42, 2020-01-01T17:09:10, 2020-01-01T17:09:25, 2020-01-01T17:12:04, 2020-01-01T17:12:53, 2020-01-01T17:33:34, 2020-01-01T17:33:37, 2020-01-01T17:33:43, 2020-01-01T17:33:47, 2020-01-01T19:05:08, 2020-01-01T19:05:21, 2020-01-01T19:05:58, 2020-01-01T19:06:23" }, "geometry": { "type": "LineString", "coordinates": [ [ -99.169726, 19.301697 ], [ -99.168785, 19.301515 ], [ -99.16878, 19.30152 ], [ -99.16972, 19.30169 ], [ -99.169709, 19.301768 ], [ -99.16971, 19.30174 ], [ -99.169724, 19.30167 ], [ -99.16972, 19.30168 ], [ -99.16975, 19.3017 ], [ -99.16971, 19.30174 ], [ -99.169731, 19.301705 ], [ -99.169709, 19.301768 ], [ -99.16956, 19.30161 ], [ -99.169562, 19.301624 ], [ -99.16974, 19.3017 ], [ -99.169743, 19.301701 ], [ -99.16971, 19.30174 ], [ -99.169646, 19.301742 ], [ -99.169709, 19.301768 ], [ -99.16964, 19.30173 ], [ -99.169784, 19.301708 ], [ -99.16972, 19.30167 ], [ -99.169725, 19.301682 ], [ -99.16978, 19.3017 ], [ -99.16971, 19.30174 ], [ -99.169709, 19.301768 ], [ -99.169709, 19.301768 ], [ -99.16965, 19.30171 ], [ -99.16973, 19.3017 ], [ -99.169633, 19.301721 ], [ -99.169718, 19.301702 ], [ -99.16971, 19.30174 ], [ -99.169776, 19.301728 ], [ -99.16979, 19.30171 ], [ -99.16979, 19.30171 ], [ -99.169872, 19.301906 ], [ -99.169709, 19.301768 ], [ -99.16971, 19.30174 ], [ -99.169718, 19.301727 ], [ -99.16973, 19.30171 ], [ -99.16989, 19.3019 ], [ -99.169776, 19.301728 ], [ -99.169714, 19.301658 ], [ -99.16973, 19.30165 ], [ -99.16962, 19.30169 ], [ -99.169627, 19.301693 ], [ -99.169747, 19.301784 ], [ -99.16974, 19.30177 ], [ -99.16971, 19.30174 ], [ -99.169709, 19.301768 ], [ -99.16977, 19.30172 ], [ -99.169709, 19.301768 ], [ -99.169757, 19.301713 ], [ -99.16971, 19.30174 ], [ -99.035902, 19.385198 ], [ -99.05027, 19.39291 ], [ -99.03591, 19.38519 ], [ -99.03591, 19.38519 ] ] } },
{ "type": "Feature", "properties": { "device_id": "f7b76ad767f4ce236363f7e7c54d36b66c6366065e4805159a05fe609f096fd8", "timestamps": "2020-01-01T09:04:17, 2020-01-01T09:04:27, 2020-01-01T17:26:35, 2020-01-01T17:26:40, 2020-01-01T23:32:18, 2020-01-01T23:32:28" }, "geometry": { "type": "LineString", "coordinates": [ [ -99.088999, 19.49123 ], [ -99.088993, 19.49124 ], [ -99.088999, 19.49123 ], [ -99.088993, 19.49124 ], [ -99.03537, 19.384889 ], [ -99.035357, 19.384897 ] ] } },
{ "type": "Feature", "properties": { "device_id": "d76a07fcfb6d517aff3ef5266020629021dedeca498bbf575b066621faafb28d", "timestamps": "2020-01-01T22:19:36, 2020-01-01T22:28:07, 2020-01-01T22:31:00, 2020-01-01T22:41:16, 2020-01-01T22:44:16, 2020-01-01T22:54:57, 2020-01-01T22:57:28, 2020-01-01T23:06:44, 2020-01-01T23:08:27, 2020-01-01T23:09:34, 2020-01-01T23:12:04, 2020-01-01T23:16:10, 2020-01-01T23:19:25, 2020-01-01T23:22:15, 2020-01-01T23:25:30, 2020-01-01T23:33:06, 2020-01-01T23:34:40, 2020-01-01T23:45:54" }, "geometry": { "type": "LineString", "coordinates": [ [ -98.685447, 19.332401 ], [ -98.782024, 19.302913 ], [ -98.82069, 19.315031 ], [ -98.879932, 19.29392 ], [ -98.926901, 19.297095 ], [ -99.013276, 19.370803 ], [ -99.036028, 19.385395 ], [ -99.07239, 19.406396 ], [ -99.073952, 19.407252 ], [ -99.077594, 19.408387 ], [ -99.086582, 19.409196 ], [ -99.098809, 19.397684 ], [ -99.106308, 19.370268 ], [ -99.132363, 19.35678 ], [ -99.144279, 19.343031 ], [ -99.126408, 19.315218 ], [ -99.127572, 19.315222 ], [ -99.128303, 19.31434 ] ] } },
{ "type": "Feature", "properties": { "device_id": "a3967d2487772d719d9d9b64d05359583ac70d5436439ce22e65b9b429d50a35", "timestamps": "2020-01-01T19:45:33, 2020-01-01T19:47:16, 2020-01-01T19:48:29, 2020-01-01T19:49:03, 2020-01-01T19:50:26, 2020-01-01T19:50:36, 2020-01-01T19:52:08, 2020-01-01T19:53:10, 2020-01-01T19:53:33, 2020-01-01T19:54:27, 2020-01-01T19:55:07, 2020-01-01T19:55:17, 2020-01-01T19:55:39, 2020-01-01T19:55:45, 2020-01-01T19:56:04, 2020-01-01T19:56:27, 2020-01-01T19:57:35, 2020-01-01T19:57:54, 2020-01-01T19:58:25, 2020-01-01T19:58:45, 2020-01-01T19:59:50, 2020-01-01T20:00:37, 2020-01-01T20:01:04, 2020-01-01T20:01:11, 2020-01-01T20:01:19, 2020-01-01T20:01:40, 2020-01-01T20:01:46, 2020-01-01T20:02:04, 2020-01-01T20:05:12, 2020-01-01T20:05:30, 2020-01-01T20:06:05, 2020-01-01T20:06:21, 2020-01-01T20:07:30, 2020-01-01T20:07:36, 2020-01-01T20:16:10, 2020-01-01T20:16:22, 2020-01-01T20:20:40, 2020-01-01T20:20:57, 2020-01-01T20:44:39, 2020-01-01T20:45:11, 2020-01-01T20:46:08, 2020-01-01T20:46:15, 2020-01-01T20:48:10, 2020-01-01T20:48:27, 2020-01-01T20:48:33, 2020-01-01T20:48:38, 2020-01-01T20:49:15, 2020-01-01T20:49:26, 2020-01-01T20:49:40, 2020-01-01T20:51:12, 2020-01-01T20:51:18, 2020-01-01T20:51:41, 2020-01-01T20:52:28, 2020-01-01T20:52:49, 2020-01-01T20:53:25, 2020-01-01T21:50:55, 2020-01-01T21:51:58, 2020-01-01T21:52:17, 2020-01-01T21:52:42, 2020-01-01T21:53:48, 2020-01-01T21:54:32, 2020-01-01T21:54:49, 2020-01-01T21:55:15, 2020-01-01T22:04:05, 2020-01-01T22:04:55, 2020-01-01T22:05:01, 2020-01-01T22:05:29, 2020-01-01T22:06:06, 2020-01-01T22:07:53, 2020-01-01T22:09:35, 2020-01-01T22:09:40, 2020-01-01T22:10:09, 2020-01-01T22:10:19, 2020-01-01T22:12:54, 2020-01-01T22:16:32, 2020-01-01T22:16:58, 2020-01-01T22:17:23, 2020-01-01T22:17:29, 2020-01-01T22:18:49, 2020-01-01T22:19:08, 2020-01-01T22:20:01, 2020-01-01T22:20:20, 2020-01-01T22:20:57, 2020-01-01T22:21:37, 2020-01-01T22:22:12, 2020-01-01T22:28:16, 2020-01-01T22:29:08, 2020-01-01T22:30:51, 2020-01-01T22:31:16, 2020-01-01T22:31:43, 2020-01-01T22:32:08, 2020-01-01T22:32:21, 2020-01-01T22:32:53, 2020-01-01T22:33:17, 2020-01-01T22:33:43, 2020-01-01T22:40:00, 2020-01-01T22:40:15, 2020-01-01T22:41:10, 2020-01-01T22:41:31, 2020-01-01T22:41:36, 2020-01-01T22:43:49, 2020-01-01T22:46:14, 2020-01-01T22:47:00, 2020-01-01T22:47:06, 2020-01-01T22:47:35, 2020-01-01T22:47:51, 2020-01-01T23:02:57, 2020-01-01T23:03:01, 2020-01-01T23:03:29, 2020-01-01T23:04:28, 2020-01-01T23:06:13, 2020-01-01T23:06:39, 2020-01-01T23:07:00, 2020-01-01T23:07:38, 2020-01-01T23:14:03, 2020-01-01T23:14:35, 2020-01-01T23:15:30, 2020-01-01T23:15:48, 2020-01-01T23:16:35, 2020-01-01T23:23:11, 2020-01-01T23:23:31, 2020-01-01T23:23:51, 2020-01-01T23:24:42, 2020-01-01T23:26:51, 2020-01-01T23:27:10, 2020-01-01T23:27:30, 2020-01-01T23:27:48, 2020-01-01T23:28:30, 2020-01-01T23:29:45, 2020-01-01T23:30:29, 2020-01-01T23:30:34, 2020-01-01T23:30:50, 2020-01-01T23:31:25, 2020-01-01T23:32:16, 2020-01-01T23:32:37, 2020-01-01T23:33:05, 2020-01-01T23:33:44, 2020-01-01T23:35:50, 2020-01-01T23:36:08, 2020-01-01T23:36:15, 2020-01-01T23:45:24, 2020-01-01T23:45:44, 2020-01-01T23:46:10, 2020-01-01T23:46:48, 2020-01-01T23:47:09, 2020-01-01T23:47:27, 2020-01-01T23:48:31, 2020-01-01T23:49:04, 2020-01-01T23:49:23, 2020-01-01T23:50:21, 2020-01-01T23:50:41, 2020-01-01T23:50:59, 2020-01-01T23:51:16, 2020-01-01T23:51:23, 2020-01-01T23:51:43, 2020-01-01T23:52:21, 2020-01-01T23:52:30, 2020-01-01T23:53:43, 2020-01-01T23:55:06, 2020-01-01T23:55:44, 2020-01-01T23:56:14, 2020-01-01T23:57:31" }, "geometry": { "type": "LineString", "coordinates": [ [ -99.02378, 19.35436 ], [ -99.02309, 19.35403 ], [ -99.023081, 19.354032 ], [ -99.023081, 19.354032 ], [ -99.022045, 19.35482 ], [ -99.022045, 19.35482 ], [ -99.022044, 19.35482 ], [ -99.024462, 19.353226 ], [ -99.022044, 19.35482 ], [ -99.022044, 19.35482 ], [ -99.022045, 19.35482 ], [ -99.024462, 19.353227 ], [ -99.024462, 19.353227 ], [ -99.022044, 19.35482 ], [ -99.022044, 19.35482 ], [ -99.022045, 19.35482 ], [ -99.022045, 19.35482 ], [ -99.022045, 19.35482 ], [ -99.022045, 19.35482 ], [ -99.022044, 19.35482 ], [ -99.023081, 19.354032 ], [ -99.023081, 19.354032 ], [ -99.02309, 19.35403 ], [ -99.023081, 19.354032 ], [ -99.023081, 19.354032 ], [ -99.023081, 19.354032 ], [ -99.024462, 19.353227 ], [ -99.024462, 19.353227 ], [ -99.022044, 19.354451 ], [ -99.022044, 19.354451 ], [ -99.02205, 19.35445 ], [ -99.022044, 19.354451 ], [ -99.02205, 19.35482 ], [ -99.022045, 19.35482 ], [ -99.023081, 19.354032 ], [ -99.02308, 19.354032 ], [ -99.02308, 19.354032 ], [ -99.02308, 19.354032 ], [ -99.025153, 19.351719 ], [ -99.024462, 19.353226 ], [ -99.02309, 19.35403 ], [ -99.023081, 19.353937 ], [ -99.022045, 19.35482 ], [ -99.022045, 19.35482 ], [ -99.02205, 19.35482 ], [ -99.022044, 19.35482 ], [ -99.022044, 19.35482 ], [ -99.022045, 19.35482 ], [ -99.022044, 19.35482 ], [ -99.024462, 19.353227 ], [ -99.022044, 19.35482 ], [ -99.024462, 19.353226 ], [ -99.022045, 19.35482 ], [ -99.022045, 19.35482 ], [ -99.022044, 19.35482 ], [ -99.023965, 19.355519 ], [ -99.022676, 19.356607 ], [ -99.025063, 19.357767 ], [ -99.027383, 19.358857 ], [ -99.030976, 19.363021 ], [ -99.033599, 19.364432 ], [ -99.037626, 19.365788 ], [ -99.039826, 19.366825 ], [ -99.03538, 19.385113 ], [ -99.03542, 19.385258 ], [ -99.03542, 19.385258 ], [ -99.035397, 19.385215 ], [ -99.035322, 19.385115 ], [ -99.035339, 19.385047 ], [ -99.035407, 19.385239 ], [ -99.03517, 19.385109 ], [ -99.035364, 19.385081 ], [ -99.035306, 19.385093 ], [ -99.044915, 19.390875 ], [ -99.066034, 19.403067 ], [ -99.067811, 19.404265 ], [ -99.06928, 19.40453 ], [ -99.069441, 19.404652 ], [ -99.070413, 19.408398 ], [ -99.072137, 19.414931 ], [ -99.072099, 19.415056 ], [ -99.071938, 19.415222 ], [ -99.072487, 19.411978 ], [ -99.073004, 19.415716 ], [ -99.072666, 19.416354 ], [ -99.07698, 19.416542 ], [ -99.082509, 19.428051 ], [ -99.083892, 19.431666 ], [ -99.084584, 19.433473 ], [ -99.087003, 19.437035 ], [ -99.085387, 19.441659 ], [ -99.085387, 19.44166 ], [ -99.086297, 19.444211 ], [ -99.086238, 19.444162 ], [ -99.086459, 19.44516 ], [ -99.119566, 19.458981 ], [ -99.11731, 19.45811 ], [ -99.11423, 19.456551 ], [ -99.114231, 19.456551 ], [ -99.11423, 19.456551 ], [ -99.135803, 19.469496 ], [ -99.141376, 19.482685 ], [ -99.14324, 19.48676 ], [ -99.14324, 19.48676 ], [ -99.144003, 19.488904 ], [ -99.144193, 19.489266 ], [ -99.140336, 19.480273 ], [ -99.140353, 19.480294 ], [ -99.140448, 19.480354 ], [ -99.140243, 19.480193 ], [ -99.140399, 19.480566 ], [ -99.140399, 19.480566 ], [ -99.140047, 19.480359 ], [ -99.140398, 19.480566 ], [ -99.152668, 19.508921 ], [ -99.152577, 19.511129 ], [ -99.155587, 19.516945 ], [ -99.155586, 19.516944 ], [ -99.157211, 19.520396 ], [ -99.182021, 19.540093 ], [ -99.18242, 19.543096 ], [ -99.182292, 19.543911 ], [ -99.182932, 19.546836 ], [ -99.185695, 19.558117 ], [ -99.187692, 19.558772 ], [ -99.191931, 19.560029 ], [ -99.19393, 19.561049 ], [ -99.201598, 19.562156 ], [ -99.208367, 19.569627 ], [ -99.21355, 19.57121 ], [ -99.213542, 19.571214 ], [ -99.213542, 19.571214 ], [ -99.204962, 19.58172 ], [ -99.199591, 19.583783 ], [ -99.201195, 19.58896 ], [ -99.199755, 19.591164 ], [ -99.196315, 19.592856 ], [ -99.191002, 19.613772 ], [ -99.191468, 19.617974 ], [ -99.191468, 19.617974 ], [ -99.205482, 19.706031 ], [ -99.205389, 19.706154 ], [ -99.205508, 19.706085 ], [ -99.205504, 19.706233 ], [ -99.205163, 19.707909 ], [ -99.205759, 19.708437 ], [ -99.206267, 19.709743 ], [ -99.203468, 19.712334 ], [ -99.203164, 19.712643 ], [ -99.206631, 19.713798 ], [ -99.206666, 19.71402 ], [ -99.206667, 19.714021 ], [ -99.206663, 19.713712 ], [ -99.206576, 19.713833 ], [ -99.206384, 19.715561 ], [ -99.205017, 19.714457 ], [ -99.208078, 19.714192 ], [ -99.206874, 19.715494 ], [ -99.20877, 19.722999 ], [ -99.208936, 19.728352 ], [ -99.210678, 19.736389 ], [ -99.214817, 19.755455 ] ] } },
{ "type": "Feature", "properties": { "device_id": "823cb93c36a8487358506015e11ebcb67be20179f24c7aeb430276f47cf254c2", "timestamps": "2020-01-01T18:58:07, 2020-01-01T18:58:33, 2020-01-01T20:21:43, 2020-01-01T22:43:39" }, "geometry": { "type": "LineString", "coordinates": [ [ -99.016686, 19.373238 ], [ -99.016682, 19.373225 ], [ -99.036108, 19.385429 ], [ -98.899118, 19.420186 ] ] } },
{ "type": "Feature", "properties": { "device_id": "3fcb13a307a8c333ce1262d1d70eec8db36453948d3a2fb6d69f510782be2859", "timestamps": "2020-01-01T06:13:46, 2020-01-01T06:24:09, 2020-01-01T06:24:20, 2020-01-01T06:25:33, 2020-01-01T06:26:45, 2020-01-01T06:27:26, 2020-01-01T06:30:44, 2020-01-01T06:31:15, 2020-01-01T06:32:53, 2020-01-01T06:33:44, 2020-01-01T06:34:02, 2020-01-01T06:34:04, 2020-01-01T06:34:29, 2020-01-01T06:34:37, 2020-01-01T06:34:39, 2020-01-01T06:35:01, 2020-01-01T06:35:03, 2020-01-01T06:35:05, 2020-01-01T06:35:07, 2020-01-01T06:35:09, 2020-01-01T06:35:12, 2020-01-01T06:35:13, 2020-01-01T06:35:18, 2020-01-01T06:35:23, 2020-01-01T06:35:28, 2020-01-01T06:35:30, 2020-01-01T06:35:31, 2020-01-01T06:35:35, 2020-01-01T06:35:38, 2020-01-01T06:35:44, 2020-01-01T06:35:45, 2020-01-01T06:35:46, 2020-01-01T06:36:53, 2020-01-01T06:36:56, 2020-01-01T06:36:59, 2020-01-01T06:37:23, 2020-01-01T06:38:50, 2020-01-01T06:39:13, 2020-01-01T06:40:11, 2020-01-01T06:41:01, 2020-01-01T06:41:56, 2020-01-01T06:42:48, 2020-01-01T06:43:14, 2020-01-01T06:44:04, 2020-01-01T06:44:58, 2020-01-01T06:45:49, 2020-01-01T06:46:13, 2020-01-01T06:47:00, 2020-01-01T06:47:25, 2020-01-01T06:48:35, 2020-01-01T06:49:16, 2020-01-01T06:50:40, 2020-01-01T06:52:05, 2020-01-01T06:52:50, 2020-01-01T06:53:40, 2020-01-01T06:54:12, 2020-01-01T06:55:04, 2020-01-01T06:55:57, 2020-01-01T06:57:13, 2020-01-01T06:58:00, 2020-01-01T06:58:59, 2020-01-01T06:59:35, 2020-01-01T07:00:16, 2020-01-01T07:01:07, 2020-01-01T07:02:31, 2020-01-01T07:03:18, 2020-01-01T07:04:34, 2020-01-01T07:05:18, 2020-01-01T07:06:09, 2020-01-01T07:06:24, 2020-01-01T07:07:36, 2020-01-01T07:08:42, 2020-01-01T07:09:26, 2020-01-01T07:10:37, 2020-01-01T07:10:51, 2020-01-01T07:11:41, 2020-01-01T07:12:28, 2020-01-01T07:13:38, 2020-01-01T07:13:54, 2020-01-01T07:14:40, 2020-01-01T07:15:29, 2020-01-01T07:16:28, 2020-01-01T07:17:09, 2020-01-01T07:18:36, 2020-01-01T07:19:32, 2020-01-01T07:21:09, 2020-01-01T07:21:25, 2020-01-01T07:22:33, 2020-01-01T07:24:08, 2020-01-01T07:24:21, 2020-01-01T07:25:33, 2020-01-01T07:26:19, 2020-01-01T07:27:20, 2020-01-01T07:28:52, 2020-01-01T07:30:37, 2020-01-01T07:30:55, 2020-01-01T07:32:26, 2020-01-01T07:33:39, 2020-01-01T07:33:51, 2020-01-01T07:34:44, 2020-01-01T07:35:15, 2020-01-01T07:36:17, 2020-01-01T07:36:33, 2020-01-01T07:38:09, 2020-01-01T07:38:23, 2020-01-01T07:39:30, 2020-01-01T07:40:42, 2020-01-01T07:41:26, 2020-01-01T07:42:37, 2020-01-01T07:42:52, 2020-01-01T07:43:44, 2020-01-01T07:44:28, 2020-01-01T07:45:39, 2020-01-01T07:45:53, 2020-01-01T07:46:40, 2020-01-01T07:47:12, 2020-01-01T07:48:01, 2020-01-01T07:48:56, 2020-01-01T07:49:48, 2020-01-01T07:50:04, 2020-01-01T07:50:14, 2020-01-01T07:52:42, 2020-01-01T07:53:20, 2020-01-01T07:54:39, 2020-01-01T07:54:51, 2020-01-01T07:55:43, 2020-01-01T07:56:29, 2020-01-01T07:57:05, 2020-01-01T07:57:53, 2020-01-01T07:58:46, 2020-01-01T07:59:12, 2020-01-01T08:00:04, 2020-01-01T08:00:57, 2020-01-01T08:01:48, 2020-01-01T08:02:14, 2020-01-01T08:03:00, 2020-01-01T08:03:59, 2020-01-01T08:04:03, 2020-01-01T08:05:48, 2020-01-01T08:06:13, 2020-01-01T08:07:03, 2020-01-01T08:07:59, 2020-01-01T08:08:32, 2020-01-01T08:09:16, 2020-01-01T08:10:08, 2020-01-01T08:10:21, 2020-01-01T08:11:34, 2020-01-01T08:12:18, 2020-01-01T08:13:23, 2020-01-01T08:14:36, 2020-01-01T08:14:55, 2020-01-01T08:15:41, 2020-01-01T08:16:28, 2020-01-01T08:17:39, 2020-01-01T08:17:54, 2020-01-01T08:18:40, 2020-01-01T08:19:12, 2020-01-01T08:20:04, 2020-01-01T08:20:57, 2020-01-01T08:21:48, 2020-01-01T08:22:13, 2020-01-01T08:23:00, 2020-01-01T08:23:59, 2020-01-01T08:24:35, 2020-01-01T08:25:16, 2020-01-01T08:26:08, 2020-01-01T08:26:21, 2020-01-01T08:27:34, 2020-01-01T08:28:18, 2020-01-01T08:29:05, 2020-01-01T08:31:29, 2020-01-01T08:32:39, 2020-01-01T08:32:53, 2020-01-01T08:33:40, 2020-01-01T08:34:14, 2020-01-01T08:35:02, 2020-01-01T08:36:47, 2020-01-01T08:39:55, 2020-01-01T08:40:01, 2020-01-01T08:40:03, 2020-01-01T08:40:06, 2020-01-01T08:40:09, 2020-01-01T08:40:10, 2020-01-01T08:40:12, 2020-01-01T08:40:14, 2020-01-01T08:40:18, 2020-01-01T08:40:31, 2020-01-01T08:40:33, 2020-01-01T08:40:35, 2020-01-01T08:40:37, 2020-01-01T08:40:39, 2020-01-01T08:40:42, 2020-01-01T08:40:43, 2020-01-01T08:40:47, 2020-01-01T08:41:01, 2020-01-01T08:41:11, 2020-01-01T08:41:13, 2020-01-01T08:41:16, 2020-01-01T08:41:21, 2020-01-01T08:41:23, 2020-01-01T08:41:27, 2020-01-01T08:41:29, 2020-01-01T08:41:31, 2020-01-01T08:41:33, 2020-01-01T08:41:37, 2020-01-01T08:41:41, 2020-01-01T08:41:43, 2020-01-01T08:41:46, 2020-01-01T08:41:49, 2020-01-01T08:41:50, 2020-01-01T08:41:51, 2020-01-01T08:41:57, 2020-01-01T08:41:59, 2020-01-01T08:43:14, 2020-01-01T08:44:04, 2020-01-01T08:44:58, 2020-01-01T08:45:48, 2020-01-01T08:48:25, 2020-01-01T08:51:03, 2020-01-01T08:53:05, 2020-01-01T08:53:53, 2020-01-01T08:54:32, 2020-01-01T08:55:17, 2020-01-01T09:16:05, 2020-01-01T09:16:50, 2020-01-01T09:37:43, 2020-01-01T09:39:28, 2020-01-01T09:40:50, 2020-01-01T09:41:46, 2020-01-01T09:44:38, 2020-01-01T09:44:54, 2020-01-01T09:47:25, 2020-01-01T09:48:46, 2020-01-01T09:49:00, 2020-01-01T09:53:06, 2020-01-01T09:55:22, 2020-01-01T09:56:00, 2020-01-01T09:56:48, 2020-01-01T09:58:06, 2020-01-01T09:58:15, 2020-01-01T10:00:13, 2020-01-01T10:02:07, 2020-01-01T10:02:21, 2020-01-01T10:04:58, 2020-01-01T10:09:37, 2020-01-01T10:12:32, 2020-01-01T10:13:10, 2020-01-01T10:14:13, 2020-01-01T10:16:33, 2020-01-01T10:20:00, 2020-01-01T10:21:35, 2020-01-01T10:23:51, 2020-01-01T10:26:39, 2020-01-01T10:32:03, 2020-01-01T10:35:11, 2020-01-01T10:36:49, 2020-01-01T10:36:58, 2020-01-01T10:37:43, 2020-01-01T10:37:44, 2020-01-01T10:37:46, 2020-01-01T10:38:10, 2020-01-01T10:38:12, 2020-01-01T10:38:14, 2020-01-01T10:38:17, 2020-01-01T10:38:28, 2020-01-01T10:38:41, 2020-01-01T10:38:43, 2020-01-01T10:38:45, 2020-01-01T10:38:46, 2020-01-01T10:38:49, 2020-01-01T10:39:20, 2020-01-01T10:39:23, 2020-01-01T10:42:10, 2020-01-01T10:46:30, 2020-01-01T10:48:50, 2020-01-01T10:49:40, 2020-01-01T10:50:02, 2020-01-01T10:50:06, 2020-01-01T10:50:08, 2020-01-01T10:50:49, 2020-01-01T10:53:01, 2020-01-01T10:53:24, 2020-01-01T10:54:31, 2020-01-01T10:56:05, 2020-01-01T10:56:50, 2020-01-01T10:57:46, 2020-01-01T10:58:11, 2020-01-01T10:59:01, 2020-01-01T10:59:57, 2020-01-01T11:01:25, 2020-01-01T11:12:09, 2020-01-01T11:12:20, 2020-01-01T11:33:56, 2020-01-01T11:41:09, 2020-01-01T11:42:30, 2020-01-01T11:43:45, 2020-01-01T11:44:20, 2020-01-01T11:45:30, 2020-01-01T11:45:52, 2020-01-01T11:46:42, 2020-01-01T11:47:26, 2020-01-01T11:48:37, 2020-01-01T11:49:44, 2020-01-01T11:50:28, 2020-01-01T11:51:39, 2020-01-01T11:51:54, 2020-01-01T11:52:43, 2020-01-01T11:53:15, 2020-01-01T11:54:05, 2020-01-01T11:54:50, 2020-01-01T11:55:46, 2020-01-01T11:56:11, 2020-01-01T11:57:04, 2020-01-01T11:57:58, 2020-01-01T11:58:48, 2020-01-01T11:59:14, 2020-01-01T12:00:03, 2020-01-01T12:00:59, 2020-01-01T12:01:49, 2020-01-01T12:02:10, 2020-01-01T12:03:06, 2020-01-01T12:03:21, 2020-01-01T12:04:39, 2020-01-01T12:05:18, 2020-01-01T12:06:11, 2020-01-01T12:07:18, 2020-01-01T12:10:12, 2020-01-01T12:11:19, 2020-01-01T12:12:23, 2020-01-01T12:13:30, 2020-01-01T12:13:55, 2020-01-01T12:14:09, 2020-01-01T12:14:45, 2020-01-01T12:34:51, 2020-01-01T12:44:05, 2020-01-01T12:55:28, 2020-01-01T13:05:10, 2020-01-01T13:14:17, 2020-01-01T13:15:07, 2020-01-01T13:15:21, 2020-01-01T13:16:34, 2020-01-01T13:17:18, 2020-01-01T13:18:09, 2020-01-01T13:18:24, 2020-01-01T13:19:30, 2020-01-01T13:20:42, 2020-01-01T13:21:26, 2020-01-01T13:22:38, 2020-01-01T13:22:51, 2020-01-01T13:23:43, 2020-01-01T13:24:15, 2020-01-01T13:25:05, 2020-01-01T13:25:50, 2020-01-01T13:26:40, 2020-01-01T13:27:15, 2020-01-01T13:28:01, 2020-01-01T13:28:56, 2020-01-01T13:29:48, 2020-01-01T13:30:13, 2020-01-01T13:31:00, 2020-01-01T13:31:59, 2020-01-01T13:32:32, 2020-01-01T13:33:35, 2020-01-01T13:35:50, 2020-01-01T13:45:27, 2020-01-01T13:55:27, 2020-01-01T14:25:27, 2020-01-01T14:40:34, 2020-01-01T14:51:22, 2020-01-01T15:05:13, 2020-01-01T15:08:49, 2020-01-01T15:09:13, 2020-01-01T15:10:00, 2020-01-01T15:10:59, 2020-01-01T15:11:35, 2020-01-01T15:12:10, 2020-01-01T15:13:07, 2020-01-01T15:15:18, 2020-01-01T15:16:08, 2020-01-01T15:16:24, 2020-01-01T15:17:33, 2020-01-01T15:18:45, 2020-01-01T15:19:20, 2020-01-01T15:20:37, 2020-01-01T15:20:52, 2020-01-01T15:21:41, 2020-01-01T15:22:28, 2020-01-01T15:23:39, 2020-01-01T15:23:54, 2020-01-01T15:24:43, 2020-01-01T15:25:15, 2020-01-01T15:26:57, 2020-01-01T15:27:59, 2020-01-01T15:28:32, 2020-01-01T15:29:16, 2020-01-01T15:30:08, 2020-01-01T15:30:21, 2020-01-01T15:31:34, 2020-01-01T15:33:20, 2020-01-01T15:34:07, 2020-01-01T15:36:28, 2020-01-01T15:37:34, 2020-01-01T15:37:54, 2020-01-01T16:07:34, 2020-01-01T16:18:55, 2020-01-01T16:28:53, 2020-01-01T16:38:23, 2020-01-01T16:48:42, 2020-01-01T16:58:16, 2020-01-01T17:09:51, 2020-01-01T17:19:50, 2020-01-01T17:49:29, 2020-01-01T17:59:56, 2020-01-01T18:09:20, 2020-01-01T18:19:11, 2020-01-01T18:39:30, 2020-01-01T18:50:36, 2020-01-01T20:30:30, 2020-01-01T20:50:12, 2020-01-01T21:03:29, 2020-01-01T21:20:27, 2020-01-01T21:39:31, 2020-01-01T21:49:33, 2020-01-01T21:59:49, 2020-01-01T22:00:14, 2020-01-01T22:01:58, 2020-01-01T22:02:44, 2020-01-01T22:04:38, 2020-01-01T22:04:53, 2020-01-01T22:05:40, 2020-01-01T22:06:29, 2020-01-01T22:07:05, 2020-01-01T22:07:50, 2020-01-01T22:08:40, 2020-01-01T22:09:15, 2020-01-01T22:10:02, 2020-01-01T22:10:50, 2020-01-01T22:11:47, 2020-01-01T22:12:11, 2020-01-01T22:13:04, 2020-01-01T22:13:57, 2020-01-01T22:14:48, 2020-01-01T22:15:13, 2020-01-01T22:16:00, 2020-01-01T22:16:22, 2020-01-01T22:18:15, 2020-01-01T22:19:29, 2020-01-01T22:20:05, 2020-01-01T22:20:53, 2020-01-01T22:21:40, 2020-01-01T22:22:36, 2020-01-01T22:24:01, 2020-01-01T22:24:56, 2020-01-01T22:25:47, 2020-01-01T22:26:11, 2020-01-01T22:27:03, 2020-01-01T22:27:58, 2020-01-01T22:28:49, 2020-01-01T22:29:10, 2020-01-01T22:30:06, 2020-01-01T22:30:22, 2020-01-01T22:31:32, 2020-01-01T22:32:16, 2020-01-01T22:33:08, 2020-01-01T22:33:21, 2020-01-01T22:34:34, 2020-01-01T22:35:19, 2020-01-01T22:36:23, 2020-01-01T22:37:36, 2020-01-01T22:37:55, 2020-01-01T22:38:42, 2020-01-01T22:39:26, 2020-01-01T22:40:38, 2020-01-01T22:40:51, 2020-01-01T22:41:44, 2020-01-01T22:42:29, 2020-01-01T22:43:05, 2020-01-01T22:43:53, 2020-01-01T22:44:46, 2020-01-01T22:45:11, 2020-01-01T22:46:04, 2020-01-01T22:46:58, 2020-01-01T22:47:48, 2020-01-01T22:48:13, 2020-01-01T22:49:03, 2020-01-01T22:49:25, 2020-01-01T22:50:49, 2020-01-01T22:51:10, 2020-01-01T22:52:22, 2020-01-01T22:53:31, 2020-01-01T22:53:55, 2020-01-01T23:00:09, 2020-01-01T23:01:48, 2020-01-01T23:02:14, 2020-01-01T23:03:00, 2020-01-01T23:03:59, 2020-01-01T23:05:42, 2020-01-01T23:06:41, 2020-01-01T23:07:28, 2020-01-01T23:08:37, 2020-01-01T23:08:55, 2020-01-01T23:10:10, 2020-01-01T23:11:39, 2020-01-01T23:11:54, 2020-01-01T23:12:43, 2020-01-01T23:13:15, 2020-01-01T23:14:50, 2020-01-01T23:15:35, 2020-01-01T23:17:00, 2020-01-01T23:17:09, 2020-01-01T23:18:03, 2020-01-01T23:18:56, 2020-01-01T23:18:58, 2020-01-01T23:19:49, 2020-01-01T23:20:37, 2020-01-01T23:21:19, 2020-01-01T23:22:20, 2020-01-01T23:23:36, 2020-01-01T23:23:55, 2020-01-01T23:24:42, 2020-01-01T23:25:27, 2020-01-01T23:26:38, 2020-01-01T23:26:54, 2020-01-01T23:27:43, 2020-01-01T23:28:15, 2020-01-01T23:29:02, 2020-01-01T23:29:50, 2020-01-01T23:30:46, 2020-01-01T23:31:11, 2020-01-01T23:32:03, 2020-01-01T23:32:58, 2020-01-01T23:33:35, 2020-01-01T23:34:10, 2020-01-01T23:35:06, 2020-01-01T23:35:22, 2020-01-01T23:36:31, 2020-01-01T23:37:17, 2020-01-01T23:38:08, 2020-01-01T23:38:24, 2020-01-01T23:39:34, 2020-01-01T23:40:18, 2020-01-01T23:41:23, 2020-01-01T23:42:36, 2020-01-01T23:42:51, 2020-01-01T23:43:42, 2020-01-01T23:44:26, 2020-01-01T23:45:38, 2020-01-01T23:45:54, 2020-01-01T23:46:43, 2020-01-01T23:47:29, 2020-01-01T23:48:05, 2020-01-01T23:48:53, 2020-01-01T23:49:46, 2020-01-01T23:50:12, 2020-01-01T23:51:04, 2020-01-01T23:51:57, 2020-01-01T23:52:48, 2020-01-01T23:53:13, 2020-01-01T23:54:06, 2020-01-01T23:54:25, 2020-01-01T23:55:32, 2020-01-01T23:56:17, 2020-01-01T23:57:08, 2020-01-01T23:57:21, 2020-01-01T23:58:34, 2020-01-01T23:59:18" }, "geometry": { "type": "LineString", "coordinates": [ [ -99.028675, 19.331668 ], [ -99.029133, 19.333373 ], [ -99.028392, 19.331968 ], [ -99.029365, 19.333936 ], [ -99.029406, 19.334083 ], [ -99.029406, 19.334083 ], [ -99.030893, 19.335831 ], [ -99.031685, 19.338376 ], [ -99.031654, 19.338335 ], [ -99.031316, 19.335597 ], [ -99.030574, 19.334669 ], [ -99.030576, 19.334666 ], [ -99.030574, 19.334666 ], [ -99.030572, 19.334667 ], [ -99.030572, 19.334665 ], [ -99.03058, 19.334674 ], [ -99.030592, 19.334698 ], [ -99.030579, 19.334686 ], [ -99.030596, 19.334704 ], [ -99.030593, 19.334709 ], [ -99.030581, 19.334651 ], [ -99.030582, 19.334651 ], [ -99.030589, 19.334689 ], [ -99.030582, 19.33467 ], [ -99.030581, 19.33465 ], [ -99.030592, 19.334686 ], [ -99.030595, 19.334689 ], [ -99.030597, 19.334672 ], [ -99.030579, 19.334684 ], [ -99.030571, 19.334688 ], [ -99.03059, 19.334673 ], [ -99.030575, 19.334689 ], [ -99.030597, 19.334709 ], [ -99.030598, 19.334709 ], [ -99.030463, 19.334702 ], [ -99.029789, 19.333813 ], [ -99.029469, 19.334207 ], [ -99.031637, 19.338198 ], [ -99.031014, 19.340479 ], [ -99.026748, 19.342801 ], [ -99.028341, 19.341843 ], [ -99.025788, 19.344642 ], [ -99.024702, 19.346653 ], [ -99.02475, 19.346573 ], [ -99.024389, 19.347739 ], [ -99.025974, 19.346302 ], [ -99.025592, 19.348588 ], [ -99.024837, 19.352593 ], [ -99.025219, 19.350586 ], [ -99.024418, 19.354618 ], [ -99.023467, 19.35617 ], [ -99.023225, 19.356478 ], [ -99.018559, 19.361539 ], [ -99.020041, 19.359914 ], [ -99.017332, 19.362903 ], [ -99.016212, 19.363731 ], [ -99.013333, 19.363192 ], [ -99.013934, 19.363329 ], [ -99.015466, 19.363638 ], [ -99.015168, 19.362939 ], [ -99.015452, 19.363082 ], [ -99.01518, 19.362978 ], [ -99.015185, 19.362976 ], [ -99.015484, 19.36317 ], [ -99.014856, 19.364015 ], [ -99.014586, 19.365493 ], [ -99.014507, 19.36677 ], [ -99.016785, 19.367544 ], [ -99.017889, 19.370011 ], [ -99.019265, 19.368382 ], [ -99.015149, 19.372581 ], [ -99.01187, 19.375767 ], [ -99.009767, 19.377723 ], [ -99.00853, 19.380096 ], [ -99.00912, 19.379015 ], [ -99.008475, 19.380073 ], [ -99.008525, 19.380114 ], [ -99.009269, 19.378154 ], [ -99.00837, 19.379413 ], [ -99.011614, 19.376556 ], [ -99.012935, 19.374895 ], [ -99.015409, 19.372357 ], [ -99.020389, 19.368823 ], [ -99.019727, 19.370365 ], [ -99.019009, 19.372328 ], [ -99.01853, 19.372139 ], [ -99.019066, 19.372395 ], [ -99.018859, 19.370285 ], [ -99.013563, 19.374056 ], [ -99.016872, 19.370902 ], [ -99.011918, 19.374096 ], [ -99.011887, 19.374077 ], [ -99.013017, 19.374538 ], [ -99.014224, 19.373501 ], [ -99.023324, 19.365407 ], [ -99.020396, 19.368182 ], [ -99.030209, 19.362797 ], [ -99.031598, 19.360564 ], [ -99.031429, 19.361461 ], [ -99.031627, 19.360417 ], [ -99.028672, 19.359698 ], [ -99.023651, 19.356813 ], [ -99.023413, 19.356266 ], [ -99.025285, 19.350615 ], [ -99.024929, 19.35245 ], [ -99.025635, 19.348416 ], [ -99.026041, 19.346095 ], [ -99.024381, 19.346783 ], [ -99.020612, 19.349986 ], [ -99.022487, 19.348676 ], [ -99.019177, 19.35082 ], [ -99.018552, 19.352614 ], [ -99.018621, 19.352456 ], [ -99.019348, 19.352877 ], [ -99.019203, 19.350822 ], [ -99.021019, 19.349759 ], [ -99.024026, 19.3472 ], [ -99.022597, 19.34858 ], [ -99.02466, 19.34655 ], [ -99.029408, 19.344371 ], [ -99.025791, 19.344755 ], [ -99.032591, 19.341289 ], [ -99.033485, 19.339582 ], [ -99.035211, 19.34079 ], [ -99.035397, 19.339452 ], [ -99.035603, 19.340701 ], [ -99.03559, 19.340707 ], [ -99.035812, 19.338084 ], [ -99.035226, 19.340106 ], [ -99.035154, 19.336622 ], [ -99.033413, 19.336169 ], [ -99.034305, 19.331259 ], [ -99.033175, 19.334469 ], [ -99.033334, 19.33021 ], [ -99.031886, 19.329431 ], [ -99.032153, 19.328193 ], [ -99.031969, 19.328586 ], [ -99.031971, 19.328446 ], [ -99.032688, 19.32797 ], [ -99.033434, 19.326779 ], [ -99.035871, 19.326267 ], [ -99.03421, 19.326014 ], [ -99.035602, 19.326955 ], [ -99.0356, 19.327124 ], [ -99.036048, 19.326887 ], [ -99.035883, 19.326255 ], [ -99.035093, 19.32955 ], [ -99.033786, 19.332761 ], [ -99.032878, 19.335247 ], [ -99.032253, 19.34125 ], [ -99.031935, 19.33819 ], [ -99.032614, 19.3434 ], [ -99.032661, 19.343719 ], [ -99.03532, 19.347948 ], [ -99.033129, 19.346014 ], [ -99.038245, 19.349187 ], [ -99.040805, 19.350726 ], [ -99.044133, 19.352195 ], [ -99.041442, 19.351449 ], [ -99.044631, 19.351377 ], [ -99.045067, 19.350293 ], [ -99.047325, 19.351019 ], [ -99.045279, 19.350355 ], [ -99.047149, 19.352669 ], [ -99.044589, 19.352209 ], [ -99.042201, 19.350994 ], [ -99.042167, 19.351534 ], [ -99.041434, 19.350071 ], [ -99.041121, 19.347121 ], [ -99.040748, 19.343609 ], [ -99.036132, 19.343174 ], [ -99.034986, 19.34097 ], [ -99.035887, 19.341646 ], [ -99.035552, 19.338851 ], [ -99.035946, 19.337517 ], [ -99.035497, 19.335788 ], [ -99.035098, 19.335282 ], [ -99.031037, 19.335873 ], [ -99.031683, 19.338909 ], [ -99.031698, 19.338929 ], [ -99.031695, 19.338927 ], [ -99.031695, 19.338899 ], [ -99.031711, 19.339006 ], [ -99.031693, 19.338972 ], [ -99.031726, 19.339023 ], [ -99.031762, 19.338986 ], [ -99.031777, 19.338876 ], [ -99.031762, 19.338891 ], [ -99.031817, 19.338898 ], [ -99.031671, 19.338899 ], [ -99.031637, 19.338895 ], [ -99.031794, 19.338938 ], [ -99.031846, 19.338927 ], [ -99.031847, 19.338907 ], [ -99.03168, 19.338908 ], [ -99.031697, 19.338864 ], [ -99.031691, 19.338832 ], [ -99.031674, 19.338843 ], [ -99.031678, 19.33888 ], [ -99.031676, 19.338886 ], [ -99.031679, 19.338884 ], [ -99.031691, 19.338858 ], [ -99.031684, 19.33892 ], [ -99.031682, 19.338924 ], [ -99.03168, 19.338924 ], [ -99.031689, 19.338843 ], [ -99.031672, 19.338837 ], [ -99.031693, 19.338856 ], [ -99.031674, 19.3389 ], [ -99.031684, 19.338889 ], [ -99.031674, 19.338893 ], [ -99.03167, 19.33888 ], [ -99.031675, 19.338855 ], [ -99.031922, 19.33804 ], [ -99.029379, 19.334102 ], [ -99.031127, 19.334981 ], [ -99.028912, 19.33217 ], [ -99.028632, 19.331434 ], [ -99.026144, 19.330139 ], [ -99.021917, 19.327642 ], [ -99.023551, 19.328312 ], [ -99.020408, 19.326622 ], [ -99.02027, 19.32577 ], [ -99.060446, 19.380634 ], [ -99.059166, 19.376025 ], [ -99.039749, 19.467421 ], [ -99.038252, 19.471599 ], [ -99.037316, 19.473496 ], [ -99.03757, 19.474138 ], [ -99.042164, 19.469763 ], [ -99.040509, 19.469977 ], [ -99.040914, 19.468691 ], [ -99.040505, 19.466315 ], [ -99.043324, 19.461806 ], [ -99.050234, 19.450205 ], [ -99.047741, 19.444373 ], [ -99.057519, 19.43709 ], [ -99.056223, 19.437813 ], [ -99.057073, 19.431467 ], [ -99.061399, 19.433434 ], [ -99.051485, 19.429495 ], [ -99.042782, 19.424823 ], [ -99.042148, 19.426897 ], [ -99.043157, 19.42359 ], [ -99.048687, 19.422024 ], [ -99.056455, 19.417002 ], [ -99.056899, 19.413283 ], [ -99.057379, 19.40882 ], [ -99.059167, 19.393667 ], [ -99.060046, 19.376704 ], [ -99.059945, 19.376234 ], [ -99.056806, 19.365472 ], [ -99.061305, 19.344448 ], [ -99.052318, 19.338591 ], [ -99.044759, 19.337676 ], [ -99.040097, 19.336213 ], [ -99.041818, 19.336877 ], [ -99.036772, 19.335176 ], [ -99.036761, 19.335289 ], [ -99.036826, 19.335093 ], [ -99.03744, 19.3331 ], [ -99.037391, 19.333327 ], [ -99.037413, 19.333223 ], [ -99.037455, 19.332985 ], [ -99.037357, 19.333496 ], [ -99.037497, 19.332831 ], [ -99.037515, 19.332763 ], [ -99.037476, 19.33289 ], [ -99.037538, 19.332634 ], [ -99.037602, 19.332468 ], [ -99.037235, 19.331413 ], [ -99.03753, 19.331612 ], [ -99.036501, 19.335895 ], [ -99.034865, 19.339004 ], [ -99.03199, 19.338054 ], [ -99.029269, 19.333666 ], [ -99.028666, 19.331519 ], [ -99.028653, 19.331529 ], [ -99.028689, 19.331508 ], [ -99.02864, 19.331514 ], [ -99.028922, 19.332596 ], [ -99.028171, 19.331701 ], [ -99.030015, 19.334631 ], [ -99.028057, 19.330181 ], [ -99.027861, 19.33133 ], [ -99.027665, 19.328898 ], [ -99.02763, 19.328961 ], [ -99.027641, 19.328932 ], [ -99.027631, 19.328963 ], [ -99.027622, 19.328943 ], [ -99.029253, 19.328268 ], [ -99.029681, 19.330082 ], [ -99.031913, 19.339056 ], [ -99.072716, 19.322338 ], [ -99.077149, 19.316335 ], [ -99.082225, 19.311208 ], [ -99.086628, 19.305924 ], [ -99.098148, 19.296726 ], [ -99.091274, 19.300178 ], [ -99.103567, 19.29444 ], [ -99.110566, 19.291297 ], [ -99.127745, 19.284479 ], [ -99.136267, 19.28243 ], [ -99.142998, 19.283253 ], [ -99.151762, 19.29089 ], [ -99.148074, 19.286205 ], [ -99.153334, 19.289136 ], [ -99.157628, 19.286263 ], [ -99.166624, 19.275233 ], [ -99.162948, 19.281278 ], [ -99.169302, 19.271283 ], [ -99.171491, 19.265321 ], [ -99.178226, 19.256559 ], [ -99.173574, 19.259718 ], [ -99.177231, 19.254226 ], [ -99.176981, 19.252104 ], [ -99.170379, 19.244537 ], [ -99.172589, 19.248751 ], [ -99.165055, 19.241527 ], [ -99.160119, 19.238706 ], [ -99.154503, 19.230815 ], [ -99.157341, 19.235072 ], [ -99.153196, 19.225396 ], [ -99.150419, 19.221702 ], [ -99.149223, 19.220246 ], [ -99.149154, 19.220406 ], [ -99.149177, 19.22036 ], [ -99.149191, 19.220383 ], [ -99.149176, 19.220388 ], [ -99.149176, 19.220388 ], [ -99.149176, 19.220388 ], [ -99.149193, 19.220388 ], [ -99.14919, 19.220373 ], [ -99.149147, 19.220372 ], [ -99.149147, 19.220424 ], [ -99.149222, 19.220471 ], [ -99.14922, 19.220348 ], [ -99.152551, 19.224802 ], [ -99.157258, 19.23502 ], [ -99.154519, 19.230707 ], [ -99.16019, 19.238875 ], [ -99.164698, 19.24152 ], [ -99.17079, 19.246119 ], [ -99.169828, 19.244369 ], [ -99.174649, 19.250344 ], [ -99.176753, 19.254005 ], [ -99.17685, 19.254046 ], [ -99.173756, 19.260868 ], [ -99.176773, 19.257539 ], [ -99.170922, 19.266545 ], [ -99.170908, 19.266575 ], [ -99.163569, 19.273564 ], [ -99.169859, 19.270734 ], [ -99.165615, 19.275965 ], [ -99.16208, 19.282475 ], [ -99.146773, 19.294318 ], [ -99.154446, 19.288184 ], [ -99.143511, 19.303631 ], [ -99.140342, 19.312675 ], [ -99.140027, 19.330279 ], [ -99.137652, 19.321331 ], [ -99.141125, 19.33471 ], [ -99.141124, 19.334723 ], [ -99.14129, 19.334649 ], [ -99.141265, 19.334658 ], [ -99.141227, 19.334751 ], [ -99.141069, 19.334736 ], [ -99.141187, 19.334745 ], [ -99.141184, 19.334739 ], [ -99.141196, 19.334679 ], [ -99.141793, 19.336059 ], [ -99.143701, 19.342334 ], [ -99.143937, 19.356228 ], [ -99.145377, 19.34914 ], [ -99.139122, 19.356594 ], [ -99.132756, 19.356658 ], [ -99.130374, 19.358624 ], [ -99.12598, 19.358108 ], [ -99.113499, 19.356791 ], [ -99.119946, 19.357762 ], [ -99.107161, 19.356212 ], [ -99.102737, 19.355799 ], [ -99.097871, 19.355525 ], [ -99.091569, 19.356287 ], [ -99.093636, 19.35602 ], [ -99.085707, 19.355877 ], [ -99.08003, 19.353301 ], [ -99.071506, 19.349419 ], [ -99.077134, 19.351953 ], [ -99.06459, 19.346133 ], [ -99.057539, 19.343003 ], [ -99.051232, 19.342144 ], [ -99.042828, 19.343014 ], [ -99.033003, 19.34237 ], [ -99.032329, 19.339694 ], [ -99.031225, 19.333999 ], [ -99.031484, 19.336343 ], [ -99.030372, 19.332301 ], [ -99.027727, 19.328959 ], [ -99.027701, 19.328974 ], [ -99.029296, 19.332277 ], [ -99.028616, 19.331544 ], [ -99.029154, 19.331626 ], [ -99.028672, 19.331728 ], [ -99.028671, 19.331683 ], [ -99.028692, 19.331675 ], [ -99.028692, 19.331678 ], [ -99.028689, 19.331688 ], [ -99.028678, 19.331678 ], [ -99.028678, 19.331678 ], [ -99.028693, 19.331673 ], [ -99.02868, 19.331679 ], [ -99.028692, 19.331672 ], [ -99.028708, 19.331677 ], [ -99.028693, 19.331677 ], [ -99.02868, 19.331675 ], [ -99.028678, 19.331676 ], [ -99.028605, 19.331637 ], [ -99.028693, 19.331686 ], [ -99.028692, 19.331673 ], [ -99.028707, 19.331638 ], [ -99.028636, 19.331649 ], [ -99.028667, 19.331514 ], [ -99.028959, 19.332839 ], [ -99.029978, 19.334612 ], [ -99.031366, 19.336929 ], [ -99.031738, 19.338822 ], [ -99.033508, 19.343659 ], [ -99.033421, 19.342928 ], [ -99.033524, 19.343655 ], [ -99.033519, 19.343683 ], [ -99.033458, 19.343697 ], [ -99.033458, 19.343691 ], [ -99.033458, 19.343695 ], [ -99.033463, 19.343696 ], [ -99.033219, 19.343835 ], [ -99.033279, 19.343759 ], [ -99.032738, 19.342952 ], [ -99.032618, 19.341374 ], [ -99.032568, 19.340857 ], [ -99.032525, 19.340874 ], [ -99.032486, 19.340901 ], [ -99.03244, 19.340948 ], [ -99.032555, 19.340755 ], [ -99.032524, 19.340927 ], [ -99.03053, 19.338995 ], [ -99.029822, 19.337941 ], [ -99.031951, 19.338121 ], [ -99.031132, 19.338184 ], [ -99.03146, 19.33752 ], [ -99.03149, 19.337513 ], [ -99.033889, 19.343462 ], [ -99.032492, 19.341754 ], [ -99.033115, 19.343841 ], [ -99.033127, 19.343855 ], [ -99.027154, 19.34451 ], [ -99.032302, 19.343953 ], [ -99.02606, 19.344643 ], [ -99.0227, 19.344946 ], [ -99.017081, 19.351029 ], [ -99.018982, 19.347579 ], [ -99.013355, 19.353105 ], [ -99.009293, 19.354773 ], [ -99.000567, 19.35821 ], [ -99.005615, 19.35626 ], [ -98.995023, 19.358067 ], [ -98.989127, 19.353149 ], [ -98.983454, 19.347671 ], [ -98.972625, 19.335558 ], [ -98.977671, 19.341734 ], [ -98.966303, 19.33019 ], [ -98.959491, 19.324435 ], [ -98.947593, 19.314059 ], [ -98.952641, 19.318541 ], [ -98.944762, 19.311628 ], [ -98.94186, 19.30922 ], [ -98.938549, 19.304831 ], [ -98.939729, 19.307427 ], [ -98.938917, 19.302137 ], [ -98.940423, 19.301298 ], [ -98.942478, 19.301611 ], [ -98.942482, 19.301625 ], [ -98.942501, 19.301604 ], [ -98.941477, 19.301432 ], [ -98.939122, 19.300991 ], [ -98.940234, 19.301286 ], [ -98.939146, 19.30091 ], [ -98.939144, 19.30091 ], [ -98.939143, 19.30092 ], [ -98.939142, 19.30091 ], [ -98.939145, 19.30092 ], [ -98.942977, 19.300792 ], [ -98.944174, 19.301412 ], [ -98.944083, 19.302474 ], [ -98.943509, 19.304599 ], [ -98.943594, 19.303911 ], [ -98.943539, 19.304582 ], [ -98.943751, 19.304628 ], [ -98.943544, 19.304486 ], [ -98.941353, 19.302365 ], [ -98.943709, 19.302863 ], [ -98.943536, 19.304463 ], [ -98.943641, 19.304013 ], [ -98.943785, 19.304618 ], [ -98.943058, 19.302577 ], [ -98.940244, 19.302207 ], [ -98.938998, 19.301935 ], [ -98.938997, 19.301931 ], [ -98.938816, 19.30242 ], [ -98.93876, 19.302713 ], [ -98.938047, 19.306546 ], [ -98.93872, 19.302974 ], [ -98.938699, 19.303093 ], [ -98.936106, 19.309139 ], [ -98.938473, 19.307225 ], [ -98.941984, 19.31019 ], [ -98.945836, 19.313309 ], [ -98.956801, 19.322549 ], [ -98.951258, 19.317922 ], [ -98.961928, 19.326784 ], [ -98.967382, 19.331335 ], [ -98.977647, 19.342005 ], [ -98.972896, 19.335996 ], [ -98.983745, 19.348199 ], [ -98.990716, 19.354838 ], [ -99.003201, 19.362838 ], [ -98.996724, 19.3587 ], [ -99.009278, 19.3677 ], [ -99.015913, 19.372598 ], [ -99.029215, 19.381602 ], [ -99.02274, 19.377578 ], [ -99.035808, 19.385307 ], [ -99.042528, 19.389221 ], [ -99.055972, 19.396962 ], [ -99.049607, 19.393304 ], [ -99.058531, 19.39843 ], [ -99.061716, 19.400377 ], [ -99.067021, 19.403437 ], [ -99.063945, 19.401691 ], [ -99.070999, 19.405745 ], [ -99.075544, 19.408393 ], [ -99.077842, 19.409666 ], [ -99.080856, 19.411383 ], [ -99.078983, 19.410312 ], [ -99.082912, 19.412608 ], [ -99.086147, 19.414452 ], [ -99.086071, 19.415566 ], [ -99.086275, 19.414564 ], [ -99.084749, 19.417749 ], [ -99.084043, 19.41893 ], [ -99.089282, 19.42506 ], [ -99.084628, 19.422374 ], [ -99.091864, 19.427503 ], [ -99.089156, 19.43265 ], [ -99.085294, 19.441575 ], [ -99.086267, 19.437391 ], [ -99.088238, 19.447306 ], [ -99.092877, 19.451522 ], [ -99.101798, 19.450189 ], [ -99.096816, 19.451123 ], [ -99.104349, 19.451143 ], [ -99.106797, 19.452004 ], [ -99.114669, 19.456153 ], [ -99.10951, 19.452969 ], [ -99.119757, 19.459004 ], [ -99.125717, 19.460989 ] ] } },
{ "type": "Feature", "properties": { "device_id": "a12d3a812dff2d0579cf4d640bbc76e1a3607906f91b9f38391fce1bd98dc311", "timestamps": "2020-01-01T07:11:38, 2020-01-01T07:11:48, 2020-01-01T08:23:36, 2020-01-01T08:23:46, 2020-01-01T09:01:22, 2020-01-01T09:14:02, 2020-01-01T09:14:39, 2020-01-01T09:14:51, 2020-01-01T09:15:51, 2020-01-01T09:30:32, 2020-01-01T09:30:41, 2020-01-01T09:37:22, 2020-01-01T09:55:25, 2020-01-01T10:12:38, 2020-01-01T10:12:48, 2020-01-01T10:13:59, 2020-01-01T10:31:22, 2020-01-01T11:03:03, 2020-01-01T11:16:26, 2020-01-01T11:35:05, 2020-01-01T11:35:50, 2020-01-01T11:36:42, 2020-01-01T11:36:46, 2020-01-01T11:36:58, 2020-01-01T12:07:05, 2020-01-01T12:07:50, 2020-01-01T12:22:05, 2020-01-01T12:22:50, 2020-01-01T12:37:01, 2020-01-01T12:37:12, 2020-01-01T12:37:21, 2020-01-01T12:37:52, 2020-01-01T13:09:11, 2020-01-01T13:09:22, 2020-01-01T13:24:12, 2020-01-01T13:24:21, 2020-01-01T13:24:26, 2020-01-01T13:24:36, 2020-01-01T13:24:40, 2020-01-01T13:39:19, 2020-01-01T13:39:29, 2020-01-01T14:07:22, 2020-01-01T14:25:13, 2020-01-01T14:25:24, 2020-01-01T14:47:12, 2020-01-01T14:47:21, 2020-01-01T14:47:38, 2020-01-01T14:47:48, 2020-01-01T15:06:03, 2020-01-01T15:06:54, 2020-01-01T15:10:04, 2020-01-01T15:10:05, 2020-01-01T15:10:23, 2020-01-01T15:22:12, 2020-01-01T15:22:21, 2020-01-01T15:23:09, 2020-01-01T15:23:59, 2020-01-01T15:37:11, 2020-01-01T15:37:22, 2020-01-01T15:38:49, 2020-01-01T15:54:02, 2020-01-01T15:54:51, 2020-01-01T16:46:39, 2020-01-01T16:46:50, 2020-01-01T17:07:21, 2020-01-01T17:25:11, 2020-01-01T17:25:22, 2020-01-01T17:43:24, 2020-01-01T18:01:24, 2020-01-01T18:10:14, 2020-01-01T18:10:23, 2020-01-01T18:37:02, 2020-01-01T18:37:31, 2020-01-01T18:37:51, 2020-01-01T19:46:20, 2020-01-01T19:46:21, 2020-01-01T20:01:37, 2020-01-01T20:01:47, 2020-01-01T20:07:15, 2020-01-01T20:07:21, 2020-01-01T20:09:06, 2020-01-01T20:09:56, 2020-01-01T20:10:12, 2020-01-01T20:16:38, 2020-01-01T20:16:48, 2020-01-01T20:25:15, 2020-01-01T20:25:20, 2020-01-01T20:40:12, 2020-01-01T20:40:21, 2020-01-01T20:40:25, 2020-01-01T20:40:26, 2020-01-01T20:40:31, 2020-01-01T20:55:11, 2020-01-01T20:55:22, 2020-01-01T21:10:14, 2020-01-01T21:10:23, 2020-01-01T21:10:46, 2020-01-01T21:10:49, 2020-01-01T21:25:13, 2020-01-01T21:25:24, 2020-01-01T21:40:06, 2020-01-01T21:40:10, 2020-01-01T21:40:25, 2020-01-01T21:40:56, 2020-01-01T21:41:10, 2020-01-01T21:41:26, 2020-01-01T21:41:33, 2020-01-01T21:41:44, 2020-01-01T21:55:16, 2020-01-01T21:55:26, 2020-01-01T22:13:12, 2020-01-01T22:31:12, 2020-01-01T22:57:16, 2020-01-01T23:13:51, 2020-01-01T23:24:31, 2020-01-01T23:24:42, 2020-01-01T23:28:11, 2020-01-01T23:43:11, 2020-01-01T23:58:43" }, "geometry": { "type": "LineString", "coordinates": [ [ -99.03454, 19.39169 ], [ -99.034549, 19.391694 ], [ -99.03454, 19.39169 ], [ -99.034549, 19.391694 ], [ -99.034455, 19.391923 ], [ -99.034403, 19.39194 ], [ -99.034403, 19.39194 ], [ -99.03441, 19.39194 ], [ -99.034403, 19.39194 ], [ -99.03454, 19.39169 ], [ -99.034549, 19.391694 ], [ -99.034455, 19.391923 ], [ -99.034455, 19.391923 ], [ -99.034403, 19.39194 ], [ -99.03441, 19.39194 ], [ -99.034532, 19.391841 ], [ -99.034455, 19.391923 ], [ -99.034455, 19.391923 ], [ -99.034455, 19.391923 ], [ -99.034549, 19.391694 ], [ -99.03454, 19.39169 ], [ -99.034464, 19.391914 ], [ -99.034492, 19.391898 ], [ -99.034337, 19.391488 ], [ -99.03451, 19.391869 ], [ -99.03452, 19.391859 ], [ -99.034455, 19.391923 ], [ -99.034464, 19.391914 ], [ -99.034549, 19.391694 ], [ -99.034483, 19.391784 ], [ -99.034472, 19.391775 ], [ -99.03454, 19.39169 ], [ -99.034464, 19.391914 ], [ -99.034455, 19.391923 ], [ -99.034464, 19.391914 ], [ -99.034455, 19.391923 ], [ -99.034455, 19.391923 ], [ -99.034502, 19.3919 ], [ -99.034495, 19.391888 ], [ -99.034464, 19.391914 ], [ -99.034455, 19.391923 ], [ -99.034472, 19.391775 ], [ -99.034464, 19.391914 ], [ -99.034455, 19.391923 ], [ -99.034549, 19.391694 ], [ -99.03454, 19.39169 ], [ -99.034455, 19.391923 ], [ -99.034464, 19.391914 ], [ -99.034464, 19.391914 ], [ -99.034455, 19.391923 ], [ -99.034398, 19.391793 ], [ -99.034403, 19.391755 ], [ -99.0344, 19.391731 ], [ -99.034456, 19.391925 ], [ -99.034465, 19.391916 ], [ -99.03447, 19.39191 ], [ -99.034456, 19.391924 ], [ -99.034464, 19.391914 ], [ -99.034455, 19.391923 ], [ -99.034464, 19.391914 ], [ -99.03447, 19.39191 ], [ -99.034456, 19.391924 ], [ -99.034472, 19.391775 ], [ -99.034483, 19.391784 ], [ -99.034532, 19.391841 ], [ -99.034483, 19.391784 ], [ -99.034472, 19.391775 ], [ -99.034532, 19.391841 ], [ -99.034566, 19.391848 ], [ -99.03449, 19.39178 ], [ -99.034472, 19.391775 ], [ -99.035368, 19.384898 ], [ -99.035668, 19.384881 ], [ -99.035357, 19.384897 ], [ -98.941256, 19.405513 ], [ -98.941267, 19.405524 ], [ -98.941256, 19.405513 ], [ -98.94127, 19.40552 ], [ -98.94128, 19.405512 ], [ -98.94127, 19.405521 ], [ -98.941289, 19.405545 ], [ -98.941279, 19.405534 ], [ -98.941468, 19.404868 ], [ -98.942897, 19.400646 ], [ -98.9429, 19.40063 ], [ -98.941256, 19.405513 ], [ -98.941267, 19.405524 ], [ -98.94132, 19.40551 ], [ -98.941327, 19.405513 ], [ -98.941345, 19.405525 ], [ -98.941281, 19.405515 ], [ -98.941295, 19.405587 ], [ -98.941256, 19.405513 ], [ -98.94127, 19.40552 ], [ -98.941256, 19.405513 ], [ -98.94127, 19.40552 ], [ -98.941182, 19.405607 ], [ -98.941187, 19.405612 ], [ -98.941256, 19.405513 ], [ -98.94127, 19.40552 ], [ -98.941256, 19.405513 ], [ -98.941256, 19.405513 ], [ -98.94127, 19.40552 ], [ -98.941267, 19.405524 ], [ -98.941285, 19.4053 ], [ -98.941292, 19.405339 ], [ -98.94132, 19.40551 ], [ -98.941327, 19.405513 ], [ -98.941256, 19.405513 ], [ -98.941256, 19.405513 ], [ -98.941256, 19.405513 ], [ -98.941256, 19.405513 ], [ -98.941286, 19.405514 ], [ -98.941285, 19.405515 ], [ -98.94127, 19.40552 ], [ -98.941256, 19.405513 ], [ -98.941256, 19.405513 ], [ -98.941256, 19.405513 ], [ -98.941256, 19.405513 ] ] } },
{ "type": "Feature", "properties": { "device_id": "684944870e9b9fb19703ee48cac947ed24b32f1f124237567aaa4c64b6b03866", "timestamps": "2020-01-01T06:15:23, 2020-01-01T06:36:53, 2020-01-01T07:27:47, 2020-01-01T07:28:57, 2020-01-01T07:37:34, 2020-01-01T07:47:39, 2020-01-01T07:56:03, 2020-01-01T08:07:54, 2020-01-01T08:26:06, 2020-01-01T08:46:32, 2020-01-01T09:07:42, 2020-01-01T09:27:43, 2020-01-01T09:47:59, 2020-01-01T10:07:15, 2020-01-01T10:27:22, 2020-01-01T10:46:19, 2020-01-01T10:46:45, 2020-01-01T11:07:12, 2020-01-01T11:27:40, 2020-01-01T11:48:58, 2020-01-01T13:27:46, 2020-01-01T13:47:21, 2020-01-01T13:57:27, 2020-01-01T14:07:58, 2020-01-01T14:17:11, 2020-01-01T14:26:07, 2020-01-01T14:36:41, 2020-01-01T14:45:08, 2020-01-01T14:55:35, 2020-01-01T15:05:41, 2020-01-01T15:24:40, 2020-01-01T16:27:18, 2020-01-01T16:46:19, 2020-01-01T17:07:13, 2020-01-01T17:07:16, 2020-01-01T17:26:03, 2020-01-01T18:05:56, 2020-01-01T18:23:12, 2020-01-01T18:23:47, 2020-01-01T18:48:28, 2020-01-01T18:48:29, 2020-01-01T18:50:15, 2020-01-01T19:09:11, 2020-01-01T19:26:06, 2020-01-01T19:27:49, 2020-01-01T19:28:10, 2020-01-01T19:29:00, 2020-01-01T19:29:25, 2020-01-01T19:30:35, 2020-01-01T19:31:16, 2020-01-01T19:32:07, 2020-01-01T19:32:22, 2020-01-01T19:33:34, 2020-01-01T19:34:18, 2020-01-01T19:35:23, 2020-01-01T19:36:30, 2020-01-01T19:36:55, 2020-01-01T19:37:42, 2020-01-01T19:38:26, 2020-01-01T19:39:38, 2020-01-01T19:39:51, 2020-01-01T19:40:44, 2020-01-01T19:41:29, 2020-01-01T19:42:05, 2020-01-01T19:42:50, 2020-01-01T19:43:40, 2020-01-01T19:44:12, 2020-01-01T19:45:02, 2020-01-01T19:45:56, 2020-01-01T19:46:47, 2020-01-01T19:50:49, 2020-01-01T19:51:13, 2020-01-01T19:52:09, 2020-01-01T19:53:30, 2020-01-01T19:54:45, 2020-01-01T19:55:20, 2020-01-01T19:56:37, 2020-01-01T19:56:51, 2020-01-01T19:57:44, 2020-01-01T19:58:29, 2020-01-01T20:00:54, 2020-01-01T20:01:32, 2020-01-01T20:02:16, 2020-01-01T20:03:16, 2020-01-01T20:03:21, 2020-01-01T20:05:03, 2020-01-01T20:10:46, 2020-01-01T20:11:12, 2020-01-01T20:12:03, 2020-01-01T20:12:25, 2020-01-01T20:13:48, 2020-01-01T20:14:13, 2020-01-01T20:15:00, 2020-01-01T20:15:59, 2020-01-01T20:16:32, 2020-01-01T20:17:16, 2020-01-01T20:18:07, 2020-01-01T20:18:22, 2020-01-01T20:19:09, 2020-01-01T20:19:34, 2020-01-01T20:19:37, 2020-01-01T20:20:01, 2020-01-01T20:20:30, 2020-01-01T20:28:13, 2020-01-01T20:57:16, 2020-01-01T21:16:18, 2020-01-01T21:36:42, 2020-01-01T22:15:51, 2020-01-01T23:16:18, 2020-01-01T23:16:19, 2020-01-01T23:16:41, 2020-01-01T23:16:42, 2020-01-01T23:21:15, 2020-01-01T23:23:08, 2020-01-01T23:25:09, 2020-01-01T23:25:24, 2020-01-01T23:25:57, 2020-01-01T23:25:58, 2020-01-01T23:26:30, 2020-01-01T23:27:45, 2020-01-01T23:28:26, 2020-01-01T23:29:37, 2020-01-01T23:29:52, 2020-01-01T23:30:41, 2020-01-01T23:31:27, 2020-01-01T23:32:38, 2020-01-01T23:32:51, 2020-01-01T23:33:43, 2020-01-01T23:34:15, 2020-01-01T23:35:01, 2020-01-01T23:35:56, 2020-01-01T23:36:48, 2020-01-01T23:37:14, 2020-01-01T23:38:03, 2020-01-01T23:38:58, 2020-01-01T23:39:49, 2020-01-01T23:40:10, 2020-01-01T23:41:06, 2020-01-01T23:41:25, 2020-01-01T23:42:32, 2020-01-01T23:43:16, 2020-01-01T23:44:07, 2020-01-01T23:44:21, 2020-01-01T23:45:34, 2020-01-01T23:46:18, 2020-01-01T23:47:23, 2020-01-01T23:48:36, 2020-01-01T23:48:55, 2020-01-01T23:49:42, 2020-01-01T23:50:27, 2020-01-01T23:51:39, 2020-01-01T23:51:54, 2020-01-01T23:52:40, 2020-01-01T23:53:15, 2020-01-01T23:54:02, 2020-01-01T23:54:56, 2020-01-01T23:55:46, 2020-01-01T23:56:12, 2020-01-01T23:57:01, 2020-01-01T23:57:56, 2020-01-01T23:58:47" }, "geometry": { "type": "LineString", "coordinates": [ [ -99.153235, 19.407523 ], [ -99.153247, 19.407522 ], [ -99.153243, 19.407498 ], [ -99.153244, 19.407497 ], [ -99.153218, 19.407495 ], [ -99.153217, 19.407495 ], [ -99.153214, 19.407478 ], [ -99.153321, 19.407556 ], [ -99.153323, 19.407546 ], [ -99.15324, 19.407582 ], [ -99.153291, 19.40754 ], [ -99.153277, 19.407547 ], [ -99.153261, 19.407526 ], [ -99.153249, 19.407501 ], [ -99.153247, 19.407503 ], [ -99.153249, 19.407504 ], [ -99.153249, 19.407504 ], [ -99.153249, 19.407506 ], [ -99.153231, 19.407505 ], [ -99.153232, 19.407486 ], [ -99.153259, 19.40752 ], [ -99.153241, 19.40753 ], [ -99.153228, 19.407517 ], [ -99.153222, 19.407542 ], [ -99.153226, 19.407543 ], [ -99.153228, 19.407518 ], [ -99.153224, 19.407545 ], [ -99.153225, 19.407544 ], [ -99.15327, 19.407425 ], [ -99.153259, 19.407435 ], [ -99.153321, 19.407544 ], [ -99.153322, 19.407545 ], [ -99.153307, 19.407543 ], [ -99.153322, 19.407547 ], [ -99.153322, 19.407548 ], [ -99.153326, 19.407534 ], [ -99.153196, 19.407571 ], [ -99.153219, 19.407514 ], [ -99.153237, 19.407512 ], [ -99.152701, 19.407909 ], [ -99.152702, 19.407909 ], [ -99.152681, 19.407889 ], [ -99.152851, 19.407742 ], [ -99.154833, 19.411472 ], [ -99.15522, 19.40718 ], [ -99.155433, 19.40457 ], [ -99.15734, 19.403761 ], [ -99.159936, 19.403367 ], [ -99.150383, 19.403983 ], [ -99.142403, 19.403682 ], [ -99.128359, 19.403576 ], [ -99.134974, 19.403298 ], [ -99.121567, 19.404991 ], [ -99.114686, 19.40551 ], [ -99.109457, 19.406647 ], [ -99.100201, 19.408599 ], [ -99.104365, 19.407745 ], [ -99.094855, 19.409008 ], [ -99.091061, 19.408215 ], [ -99.0827, 19.407156 ], [ -99.08656, 19.407775 ], [ -99.077701, 19.407387 ], [ -99.076171, 19.409563 ], [ -99.074075, 19.409138 ], [ -99.074318, 19.410973 ], [ -99.073984, 19.4081 ], [ -99.071183, 19.406495 ], [ -99.069542, 19.405038 ], [ -99.069955, 19.405795 ], [ -99.069455, 19.404697 ], [ -99.068042, 19.403829 ], [ -99.060956, 19.399557 ], [ -99.051528, 19.394135 ], [ -99.046157, 19.391075 ], [ -99.044204, 19.390106 ], [ -99.038475, 19.386774 ], [ -99.03323, 19.383791 ], [ -99.035383, 19.385009 ], [ -99.024494, 19.37869 ], [ -99.017906, 19.37381 ], [ -99.009444, 19.367862 ], [ -99.002988, 19.362522 ], [ -98.995836, 19.360229 ], [ -98.995267, 19.36028 ], [ -98.995269, 19.36028 ], [ -98.995808, 19.35995 ], [ -98.99537, 19.359948 ], [ -98.993654, 19.359968 ], [ -98.987807, 19.359571 ], [ -98.991375, 19.359852 ], [ -98.984833, 19.359282 ], [ -98.986659, 19.358178 ], [ -98.986002, 19.362073 ], [ -98.986384, 19.360108 ], [ -98.985537, 19.363433 ], [ -98.985333, 19.364837 ], [ -98.98454, 19.368208 ], [ -98.984997, 19.366498 ], [ -98.983431, 19.370395 ], [ -98.983895, 19.36973 ], [ -98.983743, 19.369976 ], [ -98.982872, 19.371723 ], [ -98.982856, 19.371715 ], [ -98.983246, 19.372972 ], [ -98.983584, 19.37278 ], [ -98.983559, 19.37279 ], [ -98.983553, 19.372775 ], [ -98.983551, 19.372774 ], [ -98.983454, 19.37274 ], [ -98.983456, 19.37274 ], [ -98.983456, 19.37274 ], [ -98.983454, 19.37274 ], [ -98.983434, 19.372717 ], [ -98.983596, 19.372344 ], [ -98.984724, 19.367539 ], [ -98.984226, 19.369297 ], [ -98.983991, 19.369715 ], [ -98.984031, 19.369644 ], [ -98.985219, 19.365528 ], [ -98.985563, 19.364129 ], [ -98.985912, 19.362551 ], [ -98.986961, 19.358125 ], [ -98.986369, 19.360709 ], [ -98.988004, 19.357454 ], [ -98.990801, 19.358245 ], [ -98.998699, 19.359033 ], [ -98.99432, 19.359179 ], [ -99.004615, 19.356695 ], [ -99.00818, 19.355312 ], [ -99.014171, 19.352845 ], [ -99.009359, 19.354841 ], [ -99.014282, 19.3528 ], [ -99.014513, 19.352677 ], [ -99.020849, 19.345506 ], [ -99.018135, 19.349453 ], [ -99.020635, 19.344262 ], [ -99.020198, 19.342892 ], [ -99.019177, 19.338011 ], [ -99.019822, 19.341481 ], [ -99.018437, 19.335488 ], [ -99.018277, 19.333959 ], [ -99.020246, 19.334117 ], [ -99.019556, 19.333979 ], [ -99.020262, 19.334118 ], [ -99.020261, 19.334116 ], [ -99.020261, 19.334116 ], [ -99.020263, 19.334117 ], [ -99.020263, 19.334115 ], [ -99.020262, 19.334117 ], [ -99.020262, 19.334116 ], [ -99.020261, 19.334116 ], [ -99.020262, 19.334116 ], [ -99.02026, 19.334114 ], [ -99.02024, 19.334113 ], [ -99.020239, 19.334115 ], [ -99.020239, 19.334113 ], [ -99.020239, 19.334115 ], [ -99.020238, 19.334115 ], [ -99.020239, 19.334114 ], [ -99.020237, 19.334114 ], [ -99.020239, 19.334112 ] ] } },
{ "type": "Feature", "properties": { "device_id": "abcff31930f4edf816888c2f4119b8806984fdf1269f9335cd38bcd1d188ebd8", "timestamps": "2020-01-01T03:59:21, 2020-01-01T06:01:40, 2020-01-01T06:30:21, 2020-01-01T06:30:29, 2020-01-01T06:38:29, 2020-01-01T17:11:55, 2020-01-01T17:12:28, 2020-01-01T17:13:55, 2020-01-01T17:17:28, 2020-01-01T17:17:47, 2020-01-01T17:17:57, 2020-01-01T17:18:15, 2020-01-01T17:18:54, 2020-01-01T17:19:03, 2020-01-01T17:20:26, 2020-01-01T17:20:47, 2020-01-01T17:21:15, 2020-01-01T17:21:39, 2020-01-01T17:22:04, 2020-01-01T17:22:31, 2020-01-01T17:23:16, 2020-01-01T17:24:54, 2020-01-01T17:28:48, 2020-01-01T19:40:22, 2020-01-01T19:40:31, 2020-01-01T19:42:56, 2020-01-01T19:43:48, 2020-01-01T19:45:34, 2020-01-01T19:46:46, 2020-01-01T19:46:53, 2020-01-01T19:47:10, 2020-01-01T19:47:56, 2020-01-01T19:48:10, 2020-01-01T19:48:24, 2020-01-01T19:49:05, 2020-01-01T19:49:39" }, "geometry": { "type": "LineString", "coordinates": [ [ -99.018116, 19.373414 ], [ -99.229042, 19.359777 ], [ -99.229005, 19.359808 ], [ -99.228982, 19.35981 ], [ -99.229021, 19.359787 ], [ -99.188193, 19.400842 ], [ -99.188193, 19.400842 ], [ -99.179338, 19.406281 ], [ -99.168432, 19.405919 ], [ -99.168432, 19.40592 ], [ -99.168432, 19.40592 ], [ -99.168432, 19.40592 ], [ -99.168432, 19.40592 ], [ -99.168432, 19.40592 ], [ -99.144549, 19.407243 ], [ -99.14455, 19.407244 ], [ -99.133974, 19.408625 ], [ -99.133974, 19.408625 ], [ -99.133974, 19.408625 ], [ -99.133974, 19.408625 ], [ -99.133974, 19.408625 ], [ -99.133974, 19.408625 ], [ -99.133974, 19.408626 ], [ -99.046455, 19.391384 ], [ -99.046456, 19.391385 ], [ -99.039269, 19.386285 ], [ -99.035856, 19.38531 ], [ -99.022301, 19.377087 ], [ -99.018116, 19.373414 ], [ -99.018116, 19.373414 ], [ -99.018116, 19.373414 ], [ -99.00759, 19.366999 ], [ -99.00608, 19.365015 ], [ -99.00608, 19.365015 ], [ -99.005572, 19.364483 ], [ -99.005058, 19.363781 ] ] } },
{ "type": "Feature", "properties": { "device_id": "4b24143a7ebee0377e1ffc896bc4ace578e2ebd1e113f66ffb5b7d8b44ef4a63", "timestamps": "2020-01-01T07:12:41, 2020-01-01T07:13:23, 2020-01-01T07:13:58, 2020-01-01T07:15:03, 2020-01-01T07:19:55, 2020-01-01T07:23:24, 2020-01-01T18:24:45, 2020-01-01T18:26:26, 2020-01-01T18:26:53, 2020-01-01T18:51:15, 2020-01-01T18:52:03, 2020-01-01T18:52:22, 2020-01-01T18:52:39, 2020-01-01T18:52:54, 2020-01-01T18:54:19, 2020-01-01T18:54:33, 2020-01-01T18:56:36, 2020-01-01T18:57:14, 2020-01-01T18:57:21, 2020-01-01T18:57:26, 2020-01-01T18:59:15, 2020-01-01T19:11:29, 2020-01-01T19:23:51, 2020-01-01T19:23:59, 2020-01-01T19:24:23, 2020-01-01T19:24:30, 2020-01-01T19:24:55, 2020-01-01T19:25:13, 2020-01-01T19:26:47, 2020-01-01T19:31:31, 2020-01-01T19:31:39, 2020-01-01T19:31:57, 2020-01-01T19:32:16, 2020-01-01T19:32:37, 2020-01-01T19:32:42, 2020-01-01T19:33:24, 2020-01-01T19:33:31, 2020-01-01T19:33:51, 2020-01-01T19:34:10, 2020-01-01T19:34:42, 2020-01-01T19:34:53, 2020-01-01T19:35:02, 2020-01-01T19:35:08, 2020-01-01T20:02:35, 2020-01-01T20:02:45, 2020-01-01T20:03:17, 2020-01-01T20:03:27, 2020-01-01T20:04:00, 2020-01-01T20:04:09, 2020-01-01T20:04:29, 2020-01-01T20:05:11, 2020-01-01T20:05:33, 2020-01-01T20:06:02, 2020-01-01T20:07:12, 2020-01-01T20:08:02, 2020-01-01T20:08:51, 2020-01-01T20:09:43, 2020-01-01T20:10:53, 2020-01-01T20:11:02, 2020-01-01T20:11:24, 2020-01-01T20:11:31, 2020-01-01T20:12:13, 2020-01-01T20:15:22, 2020-01-01T20:15:31, 2020-01-01T20:16:00, 2020-01-01T20:16:20, 2020-01-01T20:16:28, 2020-01-01T20:16:34, 2020-01-01T20:17:16, 2020-01-01T20:17:49, 2020-01-01T20:17:54, 2020-01-01T20:18:05, 2020-01-01T20:18:39, 2020-01-01T20:19:58, 2020-01-01T20:23:01, 2020-01-01T21:05:33, 2020-01-01T21:06:08, 2020-01-01T21:06:48, 2020-01-01T21:07:03, 2020-01-01T21:07:19, 2020-01-01T21:08:05, 2020-01-01T21:08:29, 2020-01-01T21:08:50, 2020-01-01T21:09:12, 2020-01-01T21:09:37, 2020-01-01T21:10:05, 2020-01-01T21:10:25, 2020-01-01T21:10:45, 2020-01-01T21:11:04, 2020-01-01T21:11:28, 2020-01-01T21:12:06, 2020-01-01T21:12:31, 2020-01-01T21:12:52, 2020-01-01T21:13:29, 2020-01-01T21:19:57, 2020-01-01T21:20:26, 2020-01-01T21:20:58, 2020-01-01T21:23:42, 2020-01-01T21:24:12, 2020-01-01T21:24:17, 2020-01-01T21:24:37, 2020-01-01T21:24:53, 2020-01-01T21:24:58, 2020-01-01T21:25:13, 2020-01-01T21:25:49, 2020-01-01T21:26:07, 2020-01-01T21:26:25, 2020-01-01T21:26:44, 2020-01-01T21:27:01, 2020-01-01T21:27:20, 2020-01-01T21:27:39, 2020-01-01T21:27:56, 2020-01-01T21:28:15, 2020-01-01T21:28:35, 2020-01-01T21:29:28, 2020-01-01T21:54:29, 2020-01-01T21:56:27, 2020-01-01T22:41:07, 2020-01-01T22:50:12, 2020-01-01T22:52:02" }, "geometry": { "type": "LineString", "coordinates": [ [ -98.92332, 19.372461 ], [ -98.92332, 19.372461 ], [ -98.92332, 19.372461 ], [ -98.92332, 19.372461 ], [ -98.92332, 19.372461 ], [ -98.92332, 19.372461 ], [ -98.927137, 19.412087 ], [ -98.921062, 19.37219 ], [ -98.92108, 19.37204 ], [ -98.975729, 19.353535 ], [ -98.976212, 19.353807 ], [ -98.976212, 19.353807 ], [ -98.976212, 19.353807 ], [ -98.976392, 19.353946 ], [ -98.97669, 19.35884 ], [ -98.9767, 19.358838 ], [ -98.976139, 19.359046 ], [ -98.976229, 19.359093 ], [ -98.976139, 19.359045 ], [ -98.976229, 19.359093 ], [ -98.976222, 19.359076 ], [ -98.976676, 19.359109 ], [ -99.03588, 19.38539 ], [ -99.035845, 19.385367 ], [ -99.03588, 19.38539 ], [ -99.035857, 19.385325 ], [ -99.035857, 19.385325 ], [ -99.03586, 19.38532 ], [ -99.005448, 19.364308 ], [ -99.005489, 19.36449 ], [ -99.005486, 19.364543 ], [ -99.005482, 19.364539 ], [ -99.005482, 19.364539 ], [ -99.005489, 19.364529 ], [ -99.005484, 19.364532 ], [ -99.005478, 19.364538 ], [ -99.005479, 19.364543 ], [ -99.005479, 19.364543 ], [ -99.005479, 19.364543 ], [ -99.005478, 19.364494 ], [ -99.005477, 19.364494 ], [ -99.005465, 19.364483 ], [ -99.005465, 19.364483 ], [ -99.016519, 19.373049 ], [ -99.016706, 19.373038 ], [ -99.016706, 19.373038 ], [ -99.016609, 19.373081 ], [ -99.016609, 19.37308 ], [ -99.016713, 19.372925 ], [ -99.016785, 19.373137 ], [ -99.023998, 19.378378 ], [ -99.016784, 19.373137 ], [ -99.024177, 19.378445 ], [ -99.035241, 19.385128 ], [ -99.035241, 19.385128 ], [ -99.045826, 19.391139 ], [ -99.046271, 19.391428 ], [ -99.046616, 19.391563 ], [ -99.046692, 19.391683 ], [ -99.046617, 19.391563 ], [ -99.046764, 19.391688 ], [ -99.046763, 19.391687 ], [ -99.046599, 19.39151 ], [ -99.046545, 19.391476 ], [ -99.046545, 19.391476 ], [ -99.046605, 19.391473 ], [ -99.046504, 19.391401 ], [ -99.046505, 19.391402 ], [ -99.035874, 19.384583 ], [ -99.03588, 19.38458 ], [ -99.035874, 19.384583 ], [ -99.036153, 19.38472 ], [ -99.036636, 19.385111 ], [ -99.03677, 19.385297 ], [ -99.038105, 19.384613 ], [ -99.036475, 19.367667 ], [ -99.036404, 19.367707 ], [ -99.036404, 19.367707 ], [ -99.036346, 19.367693 ], [ -99.036346, 19.367693 ], [ -99.035948, 19.367525 ], [ -99.035793, 19.367448 ], [ -99.035793, 19.367448 ], [ -99.035436, 19.367329 ], [ -99.035436, 19.367329 ], [ -99.035378, 19.367271 ], [ -99.035339, 19.36706 ], [ -99.035339, 19.36706 ], [ -99.034476, 19.36679 ], [ -99.034463, 19.3668 ], [ -99.034604, 19.366848 ], [ -99.034604, 19.366848 ], [ -99.034729, 19.366881 ], [ -99.034856, 19.366919 ], [ -99.036481, 19.36774 ], [ -99.03675, 19.367885 ], [ -99.037494, 19.368239 ], [ -99.037981, 19.368477 ], [ -99.03798, 19.368477 ], [ -99.03798, 19.368477 ], [ -99.03798, 19.368477 ], [ -99.037979, 19.368486 ], [ -99.037979, 19.368486 ], [ -99.037979, 19.368486 ], [ -99.03798, 19.368486 ], [ -99.03798, 19.368486 ], [ -99.037981, 19.368478 ], [ -99.037981, 19.368478 ], [ -99.037972, 19.368477 ], [ -99.037972, 19.368477 ], [ -99.037991, 19.368485 ], [ -99.037991, 19.368485 ], [ -99.037988, 19.368489 ], [ -99.037988, 19.368489 ], [ -99.037998, 19.368492 ], [ -99.037965, 19.3685 ], [ -99.037965, 19.3685 ], [ -99.037978, 19.368466 ], [ -99.037853, 19.368603 ], [ -99.037853, 19.368603 ] ] } },
{ "type": "Feature", "properties": { "device_id": "7edae158854ac2444c2380d3b2a4ca51cdbb61505e51b2b5915820865b5a3e52", "timestamps": "2020-01-01T06:08:01, 2020-01-01T06:37:34, 2020-01-01T06:38:57, 2020-01-01T06:53:24, 2020-01-01T07:02:00, 2020-01-01T07:13:11, 2020-01-01T07:49:45, 2020-01-01T07:59:07, 2020-01-01T08:10:54, 2020-01-01T08:19:06, 2020-01-01T08:29:18, 2020-01-01T08:40:55, 2020-01-01T08:50:43, 2020-01-01T09:00:21, 2020-01-01T09:10:47, 2020-01-01T09:20:17, 2020-01-01T09:39:44, 2020-01-01T09:40:29, 2020-01-01T09:41:02, 2020-01-01T09:41:50, 2020-01-01T09:42:46, 2020-01-01T09:43:11, 2020-01-01T09:44:23, 2020-01-01T09:44:59, 2020-01-01T09:53:00, 2020-01-01T10:03:45, 2020-01-01T10:13:10, 2020-01-01T10:23:11, 2020-01-01T10:33:56, 2020-01-01T10:43:41, 2020-01-01T10:53:27, 2020-01-01T11:09:36, 2020-01-01T11:20:11, 2020-01-01T11:36:39, 2020-01-01T11:53:46, 2020-01-01T12:09:27, 2020-01-01T12:28:40, 2020-01-01T12:47:30, 2020-01-01T12:47:35, 2020-01-01T12:47:49, 2020-01-01T13:07:56, 2020-01-01T13:26:25, 2020-01-01T13:45:23, 2020-01-01T13:57:32, 2020-01-01T14:15:44, 2020-01-01T14:30:50, 2020-01-01T14:49:58, 2020-01-01T15:08:03, 2020-01-01T15:27:07, 2020-01-01T15:41:44, 2020-01-01T15:52:32, 2020-01-01T16:07:38, 2020-01-01T16:24:01, 2020-01-01T16:44:56, 2020-01-01T17:04:23, 2020-01-01T17:04:29, 2020-01-01T17:04:55, 2020-01-01T17:14:27, 2020-01-01T17:25:23, 2020-01-01T17:35:23, 2020-01-01T17:45:43, 2020-01-01T17:55:07, 2020-01-01T18:15:09, 2020-01-01T18:27:40, 2020-01-01T18:48:32, 2020-01-01T18:58:38, 2020-01-01T19:08:13, 2020-01-01T19:18:59, 2020-01-01T19:28:59, 2020-01-01T19:38:42, 2020-01-01T19:49:24, 2020-01-01T20:00:34, 2020-01-01T20:11:28, 2020-01-01T20:21:20, 2020-01-01T20:30:07, 2020-01-01T20:41:25, 2020-01-01T20:54:06, 2020-01-01T21:04:49, 2020-01-01T21:15:04, 2020-01-01T21:26:13, 2020-01-01T21:36:49, 2020-01-01T21:53:59, 2020-01-01T22:42:34, 2020-01-01T22:43:20, 2020-01-01T22:43:49, 2020-01-01T22:44:13, 2020-01-01T22:45:09, 2020-01-01T22:45:24, 2020-01-01T22:46:33, 2020-01-01T22:47:45, 2020-01-01T22:48:20, 2020-01-01T22:49:36, 2020-01-01T22:49:55, 2020-01-01T22:50:03, 2020-01-01T22:50:07, 2020-01-01T22:50:09, 2020-01-01T22:50:18, 2020-01-01T22:50:30, 2020-01-01T22:50:31, 2020-01-01T22:50:35, 2020-01-01T22:50:39, 2020-01-01T22:50:44, 2020-01-01T22:50:45, 2020-01-01T22:51:03, 2020-01-01T22:51:06, 2020-01-01T22:51:07, 2020-01-01T22:51:09, 2020-01-01T22:51:12, 2020-01-01T22:51:14, 2020-01-01T22:51:17, 2020-01-01T22:51:22, 2020-01-01T22:51:23, 2020-01-01T22:51:26, 2020-01-01T22:51:29, 2020-01-01T22:51:33, 2020-01-01T22:51:37, 2020-01-01T22:51:39, 2020-01-01T22:51:41, 2020-01-01T22:51:45, 2020-01-01T22:51:49, 2020-01-01T22:51:53, 2020-01-01T22:51:56, 2020-01-01T22:51:59, 2020-01-01T22:52:01, 2020-01-01T22:52:05, 2020-01-01T22:52:07, 2020-01-01T22:52:09, 2020-01-01T22:52:16, 2020-01-01T22:52:18, 2020-01-01T22:52:22, 2020-01-01T22:52:24, 2020-01-01T22:52:26, 2020-01-01T22:52:27, 2020-01-01T22:52:29, 2020-01-01T22:52:32, 2020-01-01T22:52:33, 2020-01-01T22:52:37, 2020-01-01T22:52:42, 2020-01-01T22:52:44, 2020-01-01T22:52:46, 2020-01-01T22:52:47, 2020-01-01T22:52:49, 2020-01-01T22:52:51, 2020-01-01T22:52:58, 2020-01-01T22:53:04, 2020-01-01T22:53:05, 2020-01-01T22:53:07, 2020-01-01T22:53:09, 2020-01-01T22:53:13, 2020-01-01T22:53:16, 2020-01-01T22:53:19, 2020-01-01T22:53:23, 2020-01-01T22:53:27, 2020-01-01T22:53:29, 2020-01-01T22:53:33, 2020-01-01T22:53:37, 2020-01-01T22:53:42, 2020-01-01T22:53:43, 2020-01-01T22:53:46, 2020-01-01T22:53:47, 2020-01-01T22:53:49, 2020-01-01T22:53:54, 2020-01-01T22:53:56, 2020-01-01T22:53:58, 2020-01-01T22:54:02, 2020-01-01T22:54:04, 2020-01-01T22:54:06, 2020-01-01T22:54:08, 2020-01-01T22:54:12, 2020-01-01T22:54:13, 2020-01-01T22:54:17, 2020-01-01T22:54:19, 2020-01-01T22:54:24, 2020-01-01T22:54:25, 2020-01-01T22:54:27, 2020-01-01T22:54:29, 2020-01-01T22:54:32, 2020-01-01T22:54:34, 2020-01-01T22:54:36, 2020-01-01T22:54:39, 2020-01-01T22:54:41, 2020-01-01T22:54:43, 2020-01-01T22:54:46, 2020-01-01T22:54:49, 2020-01-01T22:54:52, 2020-01-01T22:54:54, 2020-01-01T22:54:57, 2020-01-01T22:55:02, 2020-01-01T22:55:04, 2020-01-01T22:55:06, 2020-01-01T22:55:10, 2020-01-01T22:55:11, 2020-01-01T22:55:17, 2020-01-01T22:55:23, 2020-01-01T22:55:26, 2020-01-01T22:55:29, 2020-01-01T22:55:34, 2020-01-01T22:55:35, 2020-01-01T22:55:36, 2020-01-01T22:55:40, 2020-01-01T22:55:42, 2020-01-01T22:55:43, 2020-01-01T22:55:48, 2020-01-01T22:55:54, 2020-01-01T22:55:55, 2020-01-01T22:55:56, 2020-01-01T22:55:58, 2020-01-01T23:09:40, 2020-01-01T23:09:43, 2020-01-01T23:29:11, 2020-01-01T23:39:44, 2020-01-01T23:57:18" }, "geometry": { "type": "LineString", "coordinates": [ [ -99.018696, 19.494485 ], [ -99.018698, 19.49443 ], [ -99.018693, 19.494474 ], [ -99.0187, 19.494438 ], [ -99.018772, 19.49444 ], [ -99.018696, 19.494485 ], [ -99.018691, 19.494438 ], [ -99.018698, 19.494468 ], [ -99.018696, 19.494448 ], [ -99.018698, 19.494431 ], [ -99.018699, 19.494431 ], [ -99.018698, 19.49443 ], [ -99.018723, 19.494405 ], [ -99.018693, 19.494451 ], [ -99.018706, 19.494401 ], [ -99.018692, 19.494451 ], [ -99.032204, 19.500253 ], [ -99.032211, 19.500276 ], [ -99.032237, 19.500255 ], [ -99.032232, 19.500256 ], [ -99.032234, 19.500254 ], [ -99.032236, 19.500255 ], [ -99.032237, 19.500255 ], [ -99.032237, 19.500255 ], [ -99.032255, 19.500281 ], [ -99.032151, 19.500258 ], [ -99.032183, 19.50027 ], [ -99.032202, 19.500235 ], [ -99.032308, 19.500264 ], [ -99.032278, 19.500256 ], [ -99.032157, 19.500278 ], [ -99.03216, 19.500327 ], [ -99.032226, 19.500308 ], [ -99.032137, 19.500326 ], [ -99.032226, 19.500306 ], [ -99.032206, 19.500275 ], [ -99.032291, 19.500288 ], [ -99.032227, 19.500277 ], [ -99.032179, 19.500286 ], [ -99.032175, 19.500278 ], [ -99.03218, 19.500315 ], [ -99.032137, 19.500363 ], [ -99.032187, 19.500226 ], [ -99.032161, 19.500198 ], [ -99.032153, 19.500281 ], [ -99.032154, 19.500284 ], [ -99.032137, 19.500326 ], [ -99.032166, 19.500298 ], [ -99.032187, 19.500278 ], [ -99.032153, 19.500289 ], [ -99.032151, 19.500323 ], [ -99.032169, 19.50028 ], [ -99.032145, 19.500314 ], [ -99.032239, 19.500346 ], [ -99.032143, 19.500311 ], [ -99.03213, 19.500321 ], [ -99.032235, 19.50032 ], [ -99.032115, 19.500317 ], [ -99.032221, 19.500279 ], [ -99.032159, 19.500274 ], [ -99.032203, 19.50027 ], [ -99.03232, 19.500304 ], [ -99.03232, 19.500257 ], [ -99.018793, 19.494358 ], [ -99.018696, 19.494485 ], [ -99.018696, 19.494485 ], [ -99.018694, 19.494471 ], [ -99.018696, 19.494485 ], [ -99.018696, 19.494485 ], [ -99.018696, 19.494485 ], [ -99.018696, 19.494474 ], [ -99.018692, 19.494452 ], [ -99.018702, 19.494457 ], [ -99.018696, 19.494485 ], [ -99.01868, 19.49445 ], [ -99.018696, 19.494485 ], [ -99.01869, 19.494451 ], [ -99.018692, 19.494481 ], [ -99.018702, 19.494403 ], [ -99.018698, 19.49445 ], [ -99.018705, 19.494437 ], [ -99.018693, 19.494473 ], [ -99.07205, 19.405433 ], [ -99.069378, 19.404742 ], [ -99.06918, 19.404309 ], [ -99.063043, 19.400773 ], [ -99.055485, 19.396472 ], [ -99.058901, 19.398424 ], [ -99.048199, 19.392288 ], [ -99.046364, 19.391279 ], [ -99.042061, 19.388841 ], [ -99.035286, 19.385002 ], [ -99.03682, 19.385718 ], [ -99.02685, 19.380091 ], [ -99.026376, 19.379779 ], [ -99.026096, 19.379606 ], [ -99.031361, 19.382683 ], [ -99.028286, 19.380933 ], [ -99.0287, 19.381207 ], [ -99.029048, 19.381422 ], [ -99.027598, 19.380558 ], [ -99.030394, 19.382111 ], [ -99.030873, 19.382398 ], [ -99.018728, 19.374423 ], [ -99.018525, 19.374259 ], [ -99.018427, 19.374198 ], [ -99.018193, 19.374063 ], [ -99.022916, 19.377562 ], [ -99.022642, 19.377346 ], [ -99.022091, 19.376907 ], [ -99.024322, 19.378581 ], [ -99.023895, 19.378277 ], [ -99.023648, 19.378077 ], [ -99.023226, 19.377786 ], [ -99.019906, 19.375329 ], [ -99.019516, 19.375028 ], [ -99.019275, 19.37482 ], [ -99.021395, 19.376448 ], [ -99.021689, 19.376612 ], [ -99.020508, 19.375758 ], [ -99.025335, 19.379184 ], [ -99.025037, 19.378996 ], [ -99.02462, 19.378731 ], [ -99.016851, 19.373116 ], [ -99.016968, 19.373194 ], [ -99.016375, 19.372804 ], [ -99.016182, 19.372665 ], [ -99.016852, 19.373199 ], [ -99.017015, 19.373193 ], [ -99.017301, 19.373418 ], [ -99.017183, 19.373334 ], [ -99.017089, 19.373368 ], [ -99.017039, 19.373353 ], [ -99.016997, 19.373348 ], [ -99.01712, 19.373232 ], [ -99.017107, 19.373266 ], [ -99.017035, 19.373249 ], [ -99.017121, 19.373177 ], [ -99.017134, 19.373176 ], [ -99.01715, 19.373206 ], [ -99.01715, 19.373225 ], [ -99.017137, 19.373244 ], [ -99.017891, 19.373868 ], [ -99.017425, 19.373508 ], [ -99.009244, 19.367547 ], [ -99.009622, 19.367807 ], [ -99.008859, 19.367258 ], [ -99.008527, 19.366996 ], [ -99.013003, 19.370382 ], [ -99.012737, 19.37018 ], [ -99.012361, 19.369883 ], [ -99.01431, 19.37134 ], [ -99.0139, 19.371042 ], [ -99.013613, 19.37082 ], [ -99.010354, 19.368388 ], [ -99.009975, 19.368076 ], [ -99.012054, 19.369674 ], [ -99.011638, 19.369379 ], [ -99.011375, 19.36918 ], [ -99.011268, 19.369074 ], [ -99.011007, 19.368889 ], [ -99.015743, 19.372331 ], [ -99.015394, 19.372094 ], [ -99.015164, 19.371926 ], [ -99.005618, 19.364652 ], [ -99.005578, 19.364643 ], [ -99.005522, 19.364579 ], [ -99.005484, 19.364585 ], [ -99.006319, 19.365193 ], [ -99.006147, 19.365066 ], [ -99.00597, 19.364948 ], [ -99.005929, 19.364885 ], [ -99.006937, 19.365766 ], [ -99.00729, 19.366018 ], [ -99.006577, 19.365448 ], [ -99.006438, 19.365305 ], [ -99.005617, 19.364695 ], [ -99.005631, 19.364698 ], [ -99.005632, 19.364695 ], [ -99.005635, 19.364672 ], [ -99.00584, 19.364807 ], [ -99.005773, 19.364782 ], [ -99.005716, 19.364733 ], [ -99.005664, 19.364707 ], [ -99.008278, 19.366811 ], [ -99.008055, 19.366647 ], [ -99.007629, 19.366293 ], [ -99.005804, 19.364573 ], [ -99.005818, 19.364581 ], [ -99.005851, 19.364564 ], [ -99.005638, 19.364697 ], [ -99.005611, 19.364705 ], [ -99.005658, 19.36468 ], [ -99.005539, 19.364693 ], [ -99.005582, 19.364702 ], [ -99.005599, 19.364703 ], [ -99.005714, 19.364633 ], [ -99.005721, 19.36467 ], [ -99.005765, 19.364616 ], [ -99.005677, 19.364678 ], [ -99.005677, 19.36468 ], [ -99.005676, 19.364692 ], [ -99.0057, 19.364686 ], [ -99.00543, 19.364596 ], [ -99.005434, 19.364583 ], [ -99.005457, 19.364619 ], [ -99.005497, 19.36463 ], [ -99.011121, 19.36379 ], [ -99.011121, 19.36379 ], [ -99.011251, 19.363823 ], [ -99.011256, 19.363813 ], [ -99.011252, 19.363829 ] ] } },
{ "type": "Feature", "properties": { "device_id": "c90057dd99a6084f5ae38084a6b34c6f32b353f6d4208f2af0284e194473c291", "timestamps": "2020-01-01T06:07:04, 2020-01-01T06:19:58, 2020-01-01T06:32:25, 2020-01-01T06:51:24, 2020-01-01T07:07:07, 2020-01-01T07:21:57, 2020-01-01T07:33:53, 2020-01-01T07:43:51, 2020-01-01T07:52:06, 2020-01-01T09:03:48, 2020-01-01T09:04:14, 2020-01-01T09:05:00, 2020-01-01T09:05:59, 2020-01-01T09:06:32, 2020-01-01T09:07:16, 2020-01-01T09:07:43, 2020-01-01T09:26:40, 2020-01-01T09:42:07, 2020-01-01T09:53:29, 2020-01-01T10:13:18, 2020-01-01T10:31:24, 2020-01-01T10:46:47, 2020-01-01T11:11:04, 2020-01-01T11:11:05, 2020-01-01T11:21:05, 2020-01-01T11:33:12, 2020-01-01T11:48:33, 2020-01-01T12:11:27, 2020-01-01T12:27:39, 2020-01-01T12:38:16, 2020-01-01T12:57:42, 2020-01-01T13:07:05, 2020-01-01T13:26:16, 2020-01-01T13:45:41, 2020-01-01T13:56:54, 2020-01-01T14:06:19, 2020-01-01T14:16:40, 2020-01-01T14:27:17, 2020-01-01T14:37:01, 2020-01-01T14:48:52, 2020-01-01T14:58:42, 2020-01-01T15:08:13, 2020-01-01T15:29:23, 2020-01-01T16:03:54, 2020-01-01T16:12:01, 2020-01-01T16:23:54, 2020-01-01T16:32:39, 2020-01-01T16:42:45, 2020-01-01T16:52:56, 2020-01-01T17:01:00, 2020-01-01T17:12:34, 2020-01-01T17:23:59, 2020-01-01T17:44:18, 2020-01-01T17:54:29, 2020-01-01T18:01:03, 2020-01-01T18:01:59, 2020-01-01T18:03:16, 2020-01-01T18:06:55, 2020-01-01T18:07:36, 2020-01-01T18:08:42, 2020-01-01T18:09:27, 2020-01-01T18:10:38, 2020-01-01T18:10:54, 2020-01-01T18:11:43, 2020-01-01T18:13:48, 2020-01-01T18:14:14, 2020-01-01T18:15:14, 2020-01-01T18:16:13, 2020-01-01T18:17:06, 2020-01-01T18:17:25, 2020-01-01T18:18:02, 2020-01-01T18:19:46, 2020-01-01T18:30:47, 2020-01-01T18:40:41, 2020-01-01T18:50:57, 2020-01-01T19:00:00, 2020-01-01T19:11:58, 2020-01-01T19:21:07, 2020-01-01T19:42:37, 2020-01-01T19:47:41, 2020-01-01T20:22:24, 2020-01-01T20:33:01, 2020-01-01T20:53:17, 2020-01-01T21:24:44, 2020-01-01T21:34:06, 2020-01-01T21:34:07, 2020-01-01T21:54:25, 2020-01-01T22:11:48, 2020-01-01T22:22:27, 2020-01-01T22:32:57, 2020-01-01T22:42:47, 2020-01-01T22:52:16" }, "geometry": { "type": "LineString", "coordinates": [ [ -99.027007, 19.401607 ], [ -99.027008, 19.401605 ], [ -99.027009, 19.401599 ], [ -99.027013, 19.401604 ], [ -99.027011, 19.401595 ], [ -99.027008, 19.401598 ], [ -99.027008, 19.401609 ], [ -99.027006, 19.401514 ], [ -99.026976, 19.40153 ], [ -99.027148, 19.401559 ], [ -99.027147, 19.40156 ], [ -99.027136, 19.401567 ], [ -99.027146, 19.40158 ], [ -99.027135, 19.40155 ], [ -99.027132, 19.401569 ], [ -99.027131, 19.401569 ], [ -99.027008, 19.401603 ], [ -99.027009, 19.401601 ], [ -99.027008, 19.401601 ], [ -99.027008, 19.4016 ], [ -99.027008, 19.401602 ], [ -99.027009, 19.401601 ], [ -99.027015, 19.40153 ], [ -99.027015, 19.40153 ], [ -99.027009, 19.401601 ], [ -99.027021, 19.401623 ], [ -99.027021, 19.401623 ], [ -99.026991, 19.401497 ], [ -99.026991, 19.401497 ], [ -99.027007, 19.4016 ], [ -99.027028, 19.401607 ], [ -99.027011, 19.401533 ], [ -99.027021, 19.401623 ], [ -99.027008, 19.401605 ], [ -99.027009, 19.401607 ], [ -99.02701, 19.401607 ], [ -99.027008, 19.401607 ], [ -99.027007, 19.401596 ], [ -99.027007, 19.401604 ], [ -99.027029, 19.401604 ], [ -99.027029, 19.401603 ], [ -99.027021, 19.401593 ], [ -99.02701, 19.401597 ], [ -99.045132, 19.389529 ], [ -99.045033, 19.389444 ], [ -99.045184, 19.389312 ], [ -99.044968, 19.389419 ], [ -99.045007, 19.389273 ], [ -99.045183, 19.389373 ], [ -99.044993, 19.389498 ], [ -99.044769, 19.389275 ], [ -99.045158, 19.38936 ], [ -99.045118, 19.389308 ], [ -99.04595, 19.390646 ], [ -99.028462, 19.381058 ], [ -99.03502, 19.384724 ], [ -99.016659, 19.372918 ], [ -99.00547, 19.364463 ], [ -98.994757, 19.360285 ], [ -98.994597, 19.360116 ], [ -98.994717, 19.360256 ], [ -98.994959, 19.360461 ], [ -98.994972, 19.360465 ], [ -98.994959, 19.360401 ], [ -99.005203, 19.363994 ], [ -99.010287, 19.368786 ], [ -99.016651, 19.372944 ], [ -99.018464, 19.374235 ], [ -99.035094, 19.384891 ], [ -99.029719, 19.381706 ], [ -99.036837, 19.385932 ], [ -99.044738, 19.390322 ], [ -99.0444, 19.389665 ], [ -99.044956, 19.389505 ], [ -99.045117, 19.389322 ], [ -99.045197, 19.388855 ], [ -99.044957, 19.389364 ], [ -99.044947, 19.389644 ], [ -99.045218, 19.389442 ], [ -99.045099, 19.389297 ], [ -99.044975, 19.389496 ], [ -99.044996, 19.389595 ], [ -99.045153, 19.389313 ], [ -99.046581, 19.388953 ], [ -99.044987, 19.389485 ], [ -99.044987, 19.389485 ], [ -99.045142, 19.389382 ], [ -99.04512, 19.38935 ], [ -99.045119, 19.389365 ], [ -99.045117, 19.389367 ], [ -99.044858, 19.389431 ], [ -99.044922, 19.389503 ] ] } },
{ "type": "Feature", "properties": { "device_id": "7967fc0c88e5f335d99748b640cf70a24be01b1460a26f661aaf7d0502103e9b", "timestamps": "2020-01-01T06:07:42, 2020-01-01T06:18:52, 2020-01-01T06:27:04, 2020-01-01T06:38:06, 2020-01-01T06:48:33, 2020-01-01T06:58:29, 2020-01-01T07:08:15, 2020-01-01T07:18:27, 2020-01-01T07:27:04, 2020-01-01T07:37:39, 2020-01-01T07:47:03, 2020-01-01T07:59:21, 2020-01-01T08:09:21, 2020-01-01T08:18:02, 2020-01-01T08:28:44, 2020-01-01T08:38:30, 2020-01-01T08:48:40, 2020-01-01T08:52:40, 2020-01-01T09:11:10, 2020-01-01T09:11:18, 2020-01-01T09:11:42, 2020-01-01T09:22:05, 2020-01-01T09:41:04, 2020-01-01T09:52:32, 2020-01-01T10:04:28, 2020-01-01T10:14:32, 2020-01-01T10:14:35, 2020-01-01T10:26:57, 2020-01-01T10:35:39, 2020-01-01T10:45:32, 2020-01-01T10:55:16, 2020-01-01T11:05:32, 2020-01-01T11:18:59, 2020-01-01T11:29:57, 2020-01-01T11:39:11, 2020-01-01T11:49:32, 2020-01-01T12:00:53, 2020-01-01T12:11:32, 2020-01-01T12:22:39, 2020-01-01T12:33:24, 2020-01-01T12:43:13, 2020-01-01T12:54:37, 2020-01-01T13:04:39, 2020-01-01T13:14:02, 2020-01-01T13:24:32, 2020-01-01T13:35:20, 2020-01-01T13:45:28, 2020-01-01T13:54:09, 2020-01-01T14:05:20, 2020-01-01T14:15:57, 2020-01-01T14:25:38, 2020-01-01T14:36:54, 2020-01-01T14:46:26, 2020-01-01T14:56:15, 2020-01-01T15:05:43, 2020-01-01T15:05:47, 2020-01-01T15:15:37, 2020-01-01T15:35:00, 2020-01-01T15:46:59, 2020-01-01T15:56:41, 2020-01-01T16:06:44, 2020-01-01T16:16:30, 2020-01-01T16:16:35, 2020-01-01T16:16:43, 2020-01-01T16:26:37, 2020-01-01T16:37:21, 2020-01-01T16:47:44, 2020-01-01T17:07:34, 2020-01-01T17:18:07, 2020-01-01T17:29:20, 2020-01-01T17:49:17, 2020-01-01T17:59:20, 2020-01-01T18:08:38, 2020-01-01T18:20:58, 2020-01-01T18:30:59, 2020-01-01T18:40:46, 2020-01-01T18:52:23, 2020-01-01T19:02:59, 2020-01-01T19:11:31, 2020-01-01T19:18:09, 2020-01-01T19:26:05, 2020-01-01T19:26:50, 2020-01-01T19:26:54, 2020-01-01T19:27:46, 2020-01-01T19:28:11, 2020-01-01T19:28:49, 2020-01-01T19:31:27, 2020-01-01T19:32:37, 2020-01-01T19:32:52, 2020-01-01T19:33:41, 2020-01-01T19:34:27, 2020-01-01T19:35:38, 2020-01-01T19:35:54, 2020-01-01T19:36:43, 2020-01-01T19:37:29, 2020-01-01T19:38:02, 2020-01-01T19:38:50, 2020-01-01T19:39:46, 2020-01-01T19:40:11, 2020-01-01T19:50:39, 2020-01-01T19:56:42, 2020-01-01T20:10:52, 2020-01-01T20:20:41, 2020-01-01T20:27:06, 2020-01-01T20:27:21, 2020-01-01T20:28:32, 2020-01-01T20:29:17, 2020-01-01T20:30:08, 2020-01-01T20:30:21, 2020-01-01T20:31:34, 2020-01-01T20:32:19, 2020-01-01T20:33:23, 2020-01-01T20:34:30, 2020-01-01T20:34:55, 2020-01-01T20:35:42, 2020-01-01T20:36:26, 2020-01-01T20:37:37, 2020-01-01T20:37:51, 2020-01-01T20:38:44, 2020-01-01T20:39:29, 2020-01-01T20:40:05, 2020-01-01T20:40:53, 2020-01-01T20:41:46, 2020-01-01T20:42:11, 2020-01-01T20:43:04, 2020-01-01T20:43:58, 2020-01-01T21:02:07, 2020-01-01T21:03:07, 2020-01-01T21:14:15, 2020-01-01T21:24:37, 2020-01-01T21:34:05, 2020-01-01T21:45:21, 2020-01-01T22:05:41, 2020-01-01T22:21:04, 2020-01-01T22:21:07, 2020-01-01T22:32:58, 2020-01-01T22:42:02, 2020-01-01T22:52:04, 2020-01-01T23:03:25, 2020-01-01T23:23:59, 2020-01-01T23:44:13, 2020-01-01T23:53:30, 2020-01-01T23:54:50" }, "geometry": { "type": "LineString", "coordinates": [ [ -99.121808, 19.338087 ], [ -99.121814, 19.338089 ], [ -99.121799, 19.338081 ], [ -99.121806, 19.338088 ], [ -99.121805, 19.338088 ], [ -99.121806, 19.338089 ], [ -99.121806, 19.338089 ], [ -99.121808, 19.338087 ], [ -99.121799, 19.338048 ], [ -99.121808, 19.338088 ], [ -99.121808, 19.338088 ], [ -99.121805, 19.338089 ], [ -99.121867, 19.338033 ], [ -99.121806, 19.338081 ], [ -99.121798, 19.338082 ], [ -99.121812, 19.338088 ], [ -99.111781, 19.346585 ], [ -99.109168, 19.364692 ], [ -99.059082, 19.411235 ], [ -99.059135, 19.411364 ], [ -99.059134, 19.411307 ], [ -99.059104, 19.411297 ], [ -99.059072, 19.411235 ], [ -99.059046, 19.411236 ], [ -99.058908, 19.411213 ], [ -99.058883, 19.411213 ], [ -99.059055, 19.41122 ], [ -99.059093, 19.411244 ], [ -99.059068, 19.41123 ], [ -99.05909, 19.411231 ], [ -99.059096, 19.411232 ], [ -99.059092, 19.411231 ], [ -99.059093, 19.411265 ], [ -99.059096, 19.411248 ], [ -99.05909, 19.411231 ], [ -99.059054, 19.411232 ], [ -99.059069, 19.411227 ], [ -99.059052, 19.411268 ], [ -99.059072, 19.411234 ], [ -99.059057, 19.411235 ], [ -99.059073, 19.411239 ], [ -99.059073, 19.411239 ], [ -99.059073, 19.411235 ], [ -99.059073, 19.411232 ], [ -99.059095, 19.411231 ], [ -99.059054, 19.411233 ], [ -99.059069, 19.411249 ], [ -99.059056, 19.411235 ], [ -99.059094, 19.411231 ], [ -99.059073, 19.411234 ], [ -99.059103, 19.411268 ], [ -99.05906, 19.411261 ], [ -99.059071, 19.411234 ], [ -99.059067, 19.411237 ], [ -99.05908, 19.411242 ], [ -99.05908, 19.411232 ], [ -99.059056, 19.411233 ], [ -99.059101, 19.411269 ], [ -99.059084, 19.411233 ], [ -99.059073, 19.411233 ], [ -99.05907, 19.411263 ], [ -99.059062, 19.411269 ], [ -99.058979, 19.411191 ], [ -99.058984, 19.411433 ], [ -99.059094, 19.411266 ], [ -99.059106, 19.41134 ], [ -99.059061, 19.411268 ], [ -99.059066, 19.411266 ], [ -99.059038, 19.411252 ], [ -99.059059, 19.411235 ], [ -99.059181, 19.411251 ], [ -99.059162, 19.411232 ], [ -99.05906, 19.411236 ], [ -99.05913, 19.411261 ], [ -99.05913, 19.411261 ], [ -99.059126, 19.411249 ], [ -99.059109, 19.411235 ], [ -99.059071, 19.411233 ], [ -99.059075, 19.411235 ], [ -99.059307, 19.409464 ], [ -99.058088, 19.402784 ], [ -99.057278, 19.408783 ], [ -99.05726, 19.409064 ], [ -99.059301, 19.399089 ], [ -99.059348, 19.399075 ], [ -99.059209, 19.399048 ], [ -99.056189, 19.397053 ], [ -99.046136, 19.3911 ], [ -99.049196, 19.392891 ], [ -99.042059, 19.388925 ], [ -99.036218, 19.385486 ], [ -99.034106, 19.384266 ], [ -99.035411, 19.385007 ], [ -99.030317, 19.382143 ], [ -99.0235, 19.378032 ], [ -99.016633, 19.373018 ], [ -99.017489, 19.373572 ], [ -99.010612, 19.368608 ], [ -99.005506, 19.364568 ], [ -99.007726, 19.367073 ], [ -99.009915, 19.368831 ], [ -99.010488, 19.369213 ], [ -99.01046, 19.369214 ], [ -99.011958, 19.371306 ], [ -99.011521, 19.369865 ], [ -99.011171, 19.373324 ], [ -99.010456, 19.375253 ], [ -99.008185, 19.379368 ], [ -99.009639, 19.377392 ], [ -99.006189, 19.38173 ], [ -99.004543, 19.384555 ], [ -99.003205, 19.386759 ], [ -98.998341, 19.38538 ], [ -99.00249, 19.387385 ], [ -98.996683, 19.384585 ], [ -98.995385, 19.383931 ], [ -98.987157, 19.379946 ], [ -98.992486, 19.382547 ], [ -98.98435, 19.378616 ], [ -98.980763, 19.376876 ], [ -98.977726, 19.375412 ], [ -98.980684, 19.376812 ], [ -98.976765, 19.375633 ], [ -98.976661, 19.37561 ], [ -98.976714, 19.375619 ], [ -98.976689, 19.375616 ], [ -98.976671, 19.375547 ], [ -98.976672, 19.375544 ], [ -98.976689, 19.375545 ], [ -98.976671, 19.375545 ], [ -98.97666, 19.375722 ], [ -98.976689, 19.375545 ], [ -98.976602, 19.375483 ], [ -98.976677, 19.375627 ], [ -98.976724, 19.375581 ], [ -98.976731, 19.375649 ], [ -98.976373, 19.375681 ], [ -98.976681, 19.375668 ], [ -98.976715, 19.375543 ], [ -98.97669, 19.375541 ], [ -98.976672, 19.375544 ], [ -98.977188, 19.375209 ], [ -98.978326, 19.375704 ] ] } },
{ "type": "Feature", "properties": { "device_id": "773db6327fe8651c053531bede6d19964a9b352c43874cd8766d500d729b9fa6", "timestamps": "2020-01-01T13:06:04, 2020-01-01T13:07:17, 2020-01-01T13:08:43, 2020-01-01T13:11:30, 2020-01-01T13:14:28, 2020-01-01T13:37:51, 2020-01-01T13:38:06, 2020-01-01T13:55:45, 2020-01-01T13:56:03, 2020-01-01T13:57:08, 2020-01-01T13:57:32, 2020-01-01T13:58:50, 2020-01-01T13:59:17, 2020-01-01T13:59:26, 2020-01-01T14:00:24, 2020-01-01T14:15:16, 2020-01-01T14:15:42, 2020-01-01T14:16:27, 2020-01-01T14:19:20, 2020-01-01T20:53:59, 2020-01-01T20:54:40, 2020-01-01T20:55:09, 2020-01-01T20:55:56, 2020-01-01T20:56:38, 2020-01-01T21:32:09, 2020-01-01T21:32:15, 2020-01-01T21:32:51, 2020-01-01T21:33:17, 2020-01-01T21:34:02, 2020-01-01T21:36:27, 2020-01-01T21:39:13, 2020-01-01T21:44:41, 2020-01-01T22:22:40, 2020-01-01T22:22:49, 2020-01-01T22:22:55, 2020-01-01T22:23:05, 2020-01-01T22:23:44, 2020-01-01T22:23:54, 2020-01-01T22:24:57, 2020-01-01T22:25:19, 2020-01-01T22:28:03, 2020-01-01T22:28:44, 2020-01-01T22:30:13, 2020-01-01T22:31:55, 2020-01-01T22:33:24, 2020-01-01T22:33:45, 2020-01-01T22:34:34, 2020-01-01T22:35:02, 2020-01-01T22:35:22, 2020-01-01T22:35:44, 2020-01-01T22:35:51, 2020-01-01T22:36:23, 2020-01-01T22:36:48, 2020-01-01T22:37:38, 2020-01-01T22:39:54, 2020-01-01T23:06:06, 2020-01-01T23:06:44, 2020-01-01T23:07:34, 2020-01-01T23:08:03, 2020-01-01T23:09:11, 2020-01-01T23:11:25, 2020-01-01T23:14:11, 2020-01-01T23:23:08, 2020-01-01T23:35:31, 2020-01-01T23:36:01, 2020-01-01T23:36:50, 2020-01-01T23:37:27, 2020-01-01T23:38:07, 2020-01-01T23:39:13, 2020-01-01T23:39:33, 2020-01-01T23:40:22, 2020-01-01T23:40:35, 2020-01-01T23:40:58, 2020-01-01T23:41:16, 2020-01-01T23:41:55, 2020-01-01T23:42:46, 2020-01-01T23:44:29, 2020-01-01T23:44:47, 2020-01-01T23:45:11, 2020-01-01T23:45:44, 2020-01-01T23:46:21, 2020-01-01T23:47:44, 2020-01-01T23:49:46, 2020-01-01T23:51:32, 2020-01-01T23:51:51, 2020-01-01T23:52:12, 2020-01-01T23:52:30, 2020-01-01T23:53:52, 2020-01-01T23:54:12, 2020-01-01T23:54:46, 2020-01-01T23:55:00, 2020-01-01T23:56:00, 2020-01-01T23:56:34, 2020-01-01T23:56:55, 2020-01-01T23:57:16, 2020-01-01T23:58:03, 2020-01-01T23:58:25" }, "geometry": { "type": "LineString", "coordinates": [ [ -98.955096, 19.419348 ], [ -98.95511, 19.419364 ], [ -98.955146, 19.419206 ], [ -98.955146, 19.419206 ], [ -98.955106, 19.41936 ], [ -98.955016, 19.422361 ], [ -98.954972, 19.422337 ], [ -98.939863, 19.381999 ], [ -98.940587, 19.381446 ], [ -98.940587, 19.381446 ], [ -98.940587, 19.381446 ], [ -98.948359, 19.367442 ], [ -98.948366, 19.367618 ], [ -98.948366, 19.367618 ], [ -98.948366, 19.367618 ], [ -98.935535, 19.363933 ], [ -98.935631, 19.363967 ], [ -98.935631, 19.363967 ], [ -98.935631, 19.363967 ], [ -98.9637, 19.35475 ], [ -98.963697, 19.354761 ], [ -98.963006, 19.354795 ], [ -98.963697, 19.354761 ], [ -98.963697, 19.354761 ], [ -98.963697, 19.354761 ], [ -98.963697, 19.354761 ], [ -98.963697, 19.354761 ], [ -98.963697, 19.354761 ], [ -98.963352, 19.354758 ], [ -98.935526, 19.364016 ], [ -98.935526, 19.364016 ], [ -98.935526, 19.364016 ], [ -98.977918, 19.354745 ], [ -98.977918, 19.354745 ], [ -98.977929, 19.354757 ], [ -98.977929, 19.354757 ], [ -98.977884, 19.354694 ], [ -98.977884, 19.354694 ], [ -98.977835, 19.35469 ], [ -98.977876, 19.354741 ], [ -98.977734, 19.354643 ], [ -98.977725, 19.354617 ], [ -98.977667, 19.354619 ], [ -98.977749, 19.354635 ], [ -98.977629, 19.354658 ], [ -98.977623, 19.354654 ], [ -98.97768, 19.354654 ], [ -98.97766, 19.354639 ], [ -98.97766, 19.354639 ], [ -98.977744, 19.354663 ], [ -98.977744, 19.354663 ], [ -98.977667, 19.354641 ], [ -98.977727, 19.354589 ], [ -98.977727, 19.354589 ], [ -98.977727, 19.354589 ], [ -98.976742, 19.35838 ], [ -98.97677, 19.358938 ], [ -98.976752, 19.358925 ], [ -98.976752, 19.358925 ], [ -98.976752, 19.358925 ], [ -98.976261, 19.359108 ], [ -98.976179, 19.359116 ], [ -99.014447, 19.373984 ], [ -99.071717, 19.415569 ], [ -99.071758, 19.415506 ], [ -99.069722, 19.408433 ], [ -99.071725, 19.415554 ], [ -99.071689, 19.415604 ], [ -99.071645, 19.415653 ], [ -99.071645, 19.415653 ], [ -99.071765, 19.41549 ], [ -99.071674, 19.415626 ], [ -99.071705, 19.415573 ], [ -99.071705, 19.415573 ], [ -99.069722, 19.408433 ], [ -99.069722, 19.408433 ], [ -99.069722, 19.408433 ], [ -99.069823, 19.404787 ], [ -99.069854, 19.404799 ], [ -99.069725, 19.405121 ], [ -99.069796, 19.404797 ], [ -99.069866, 19.405013 ], [ -99.069854, 19.404799 ], [ -99.057954, 19.398264 ], [ -99.055794, 19.396598 ], [ -99.051305, 19.393823 ], [ -99.051305, 19.393823 ], [ -99.046552, 19.391496 ], [ -99.046042, 19.391253 ], [ -99.04605, 19.39124 ], [ -99.03952, 19.38777 ], [ -99.036013, 19.385368 ], [ -99.035906, 19.385348 ], [ -99.03445, 19.384163 ], [ -99.031949, 19.382425 ], [ -99.03631, 19.385439 ], [ -99.03631, 19.385439 ] ] } },
{ "type": "Feature", "properties": { "device_id": "427cb4d140ba78d8d101a925b5fb76f3f36296069bd037aff225ec23e68e8f3b", "timestamps": "2020-01-01T06:00:58, 2020-01-01T06:19:22, 2020-01-01T06:38:23, 2020-01-01T06:56:19, 2020-01-01T07:05:37, 2020-01-01T07:16:57, 2020-01-01T07:27:45, 2020-01-01T07:39:16, 2020-01-01T07:39:41, 2020-01-01T07:52:45, 2020-01-01T08:06:04, 2020-01-01T08:25:00, 2020-01-01T08:44:06, 2020-01-01T09:05:32, 2020-01-01T09:44:29, 2020-01-01T09:44:59, 2020-01-01T10:04:44, 2020-01-01T10:24:49, 2020-01-01T11:03:32, 2020-01-01T11:24:10, 2020-01-01T11:43:03, 2020-01-01T11:43:07, 2020-01-01T12:03:48, 2020-01-01T12:42:31, 2020-01-01T13:02:35, 2020-01-01T13:53:37, 2020-01-01T13:53:42, 2020-01-01T13:53:46, 2020-01-01T14:12:39, 2020-01-01T14:22:09, 2020-01-01T14:43:59, 2020-01-01T14:53:18, 2020-01-01T15:03:58, 2020-01-01T15:14:31, 2020-01-01T15:24:43, 2020-01-01T15:34:17, 2020-01-01T15:44:51, 2020-01-01T15:56:53, 2020-01-01T16:07:38, 2020-01-01T16:18:20, 2020-01-01T16:27:00, 2020-01-01T16:39:37, 2020-01-01T16:50:21, 2020-01-01T17:00:15, 2020-01-01T17:10:54, 2020-01-01T17:20:59, 2020-01-01T17:35:20, 2020-01-01T17:50:15, 2020-01-01T18:05:44, 2020-01-01T18:15:46, 2020-01-01T18:31:34, 2020-01-01T18:31:48, 2020-01-01T18:34:27, 2020-01-01T18:35:54, 2020-01-01T18:36:43, 2020-01-01T18:37:15, 2020-01-01T18:38:01, 2020-01-01T18:38:56, 2020-01-01T18:39:47, 2020-01-01T18:41:03, 2020-01-01T18:41:58, 2020-01-01T18:42:35, 2020-01-01T18:43:10, 2020-01-01T18:44:00, 2020-01-01T18:44:25, 2020-01-01T18:45:32, 2020-01-01T18:46:17, 2020-01-01T18:47:07, 2020-01-01T18:47:21, 2020-01-01T18:49:18, 2020-01-01T18:51:33, 2020-01-01T18:52:45, 2020-01-01T18:53:20, 2020-01-01T18:54:36, 2020-01-01T18:55:41, 2020-01-01T18:56:28, 2020-01-01T18:57:39, 2020-01-01T18:58:43, 2020-01-01T18:59:29, 2020-01-01T19:00:39, 2020-01-01T19:01:40, 2020-01-01T19:02:12, 2020-01-01T19:03:01, 2020-01-01T19:03:57, 2020-01-01T19:04:47, 2020-01-01T19:05:14, 2020-01-01T19:06:03, 2020-01-01T19:06:59, 2020-01-01T19:07:49, 2020-01-01T19:08:13, 2020-01-01T19:09:00, 2020-01-01T19:09:25, 2020-01-01T19:10:35, 2020-01-01T19:11:16, 2020-01-01T19:12:07, 2020-01-01T19:12:22, 2020-01-01T19:13:34, 2020-01-01T19:14:18, 2020-01-01T19:15:09, 2020-01-01T19:15:24, 2020-01-01T19:16:33, 2020-01-01T19:17:19, 2020-01-01T19:18:20, 2020-01-01T19:19:36, 2020-01-01T19:19:55, 2020-01-01T19:20:42, 2020-01-01T19:21:27, 2020-01-01T19:22:38, 2020-01-01T19:22:51, 2020-01-01T19:23:43, 2020-01-01T19:24:15, 2020-01-01T19:35:02, 2020-01-01T20:06:12, 2020-01-01T20:06:15, 2020-01-01T20:23:48, 2020-01-01T20:37:58, 2020-01-01T20:43:25, 2020-01-01T20:52:05, 2020-01-01T21:04:25, 2020-01-01T21:23:53, 2020-01-01T21:38:48, 2020-01-01T21:59:56, 2020-01-01T22:13:57, 2020-01-01T22:32:49, 2020-01-01T23:05:28, 2020-01-01T23:20:22, 2020-01-01T23:42:55, 2020-01-01T23:52:55" }, "geometry": { "type": "LineString", "coordinates": [ [ -99.06643, 19.486893 ], [ -99.066416, 19.486867 ], [ -99.066418, 19.486851 ], [ -99.066416, 19.486854 ], [ -99.066429, 19.486872 ], [ -99.066428, 19.486894 ], [ -99.066416, 19.486905 ], [ -99.066427, 19.486855 ], [ -99.066375, 19.486835 ], [ -99.066398, 19.486815 ], [ -99.066417, 19.486867 ], [ -99.066416, 19.486867 ], [ -99.066431, 19.486869 ], [ -99.066361, 19.486728 ], [ -99.066416, 19.486867 ], [ -99.066361, 19.486728 ], [ -99.066417, 19.486866 ], [ -99.066417, 19.486866 ], [ -99.066417, 19.486866 ], [ -99.066417, 19.486866 ], [ -99.066416, 19.486852 ], [ -99.066419, 19.486852 ], [ -99.066415, 19.486851 ], [ -99.066415, 19.486851 ], [ -99.066415, 19.486851 ], [ -99.066361, 19.486757 ], [ -99.066415, 19.486851 ], [ -99.066341, 19.486791 ], [ -99.066449, 19.486834 ], [ -99.066461, 19.48683 ], [ -99.066447, 19.486837 ], [ -99.066461, 19.48687 ], [ -99.066487, 19.486844 ], [ -99.066449, 19.486812 ], [ -99.06646, 19.486817 ], [ -99.066431, 19.486843 ], [ -99.066481, 19.486843 ], [ -99.066448, 19.486839 ], [ -99.066446, 19.486836 ], [ -99.066496, 19.486843 ], [ -99.066434, 19.486845 ], [ -99.066447, 19.486835 ], [ -99.066419, 19.486868 ], [ -99.066447, 19.486856 ], [ -99.066449, 19.486854 ], [ -99.066447, 19.486855 ], [ -99.066417, 19.486868 ], [ -99.066417, 19.486869 ], [ -99.066414, 19.486866 ], [ -99.066392, 19.486811 ], [ -99.065984, 19.487485 ], [ -99.066003, 19.487511 ], [ -99.063467, 19.486512 ], [ -99.061142, 19.483078 ], [ -99.056276, 19.475516 ], [ -99.053197, 19.47048 ], [ -99.049102, 19.463827 ], [ -99.051045, 19.466617 ], [ -99.047001, 19.460312 ], [ -99.049174, 19.453065 ], [ -99.046859, 19.456389 ], [ -99.050352, 19.45124 ], [ -99.048684, 19.446655 ], [ -99.052985, 19.439684 ], [ -99.047573, 19.444204 ], [ -99.058134, 19.436796 ], [ -99.061227, 19.434047 ], [ -99.064566, 19.428594 ], [ -99.062942, 19.431009 ], [ -99.06847, 19.42562 ], [ -99.071178, 19.418995 ], [ -99.072746, 19.415761 ], [ -99.076145, 19.410375 ], [ -99.077149, 19.408603 ], [ -99.070905, 19.405361 ], [ -99.062251, 19.400317 ], [ -99.045208, 19.390536 ], [ -99.036423, 19.385512 ], [ -99.02768, 19.38054 ], [ -99.013385, 19.370568 ], [ -99.006597, 19.36531 ], [ -99.000925, 19.361076 ], [ -98.992181, 19.355704 ], [ -98.995612, 19.357903 ], [ -98.991708, 19.355298 ], [ -98.990045, 19.353654 ], [ -98.98812, 19.349635 ], [ -98.987718, 19.351106 ], [ -98.988429, 19.347732 ], [ -98.989324, 19.346751 ], [ -98.990531, 19.344257 ], [ -98.990208, 19.346261 ], [ -98.991336, 19.343847 ], [ -98.992099, 19.343 ], [ -98.992585, 19.342278 ], [ -98.992547, 19.342324 ], [ -98.992635, 19.342308 ], [ -98.992665, 19.34235 ], [ -98.992532, 19.342183 ], [ -98.992611, 19.342293 ], [ -98.992531, 19.342181 ], [ -98.992548, 19.342182 ], [ -98.992546, 19.342182 ], [ -98.992543, 19.342182 ], [ -98.992546, 19.342184 ], [ -98.992543, 19.342185 ], [ -98.992545, 19.342185 ], [ -98.992456, 19.342171 ], [ -98.992545, 19.342183 ], [ -98.992438, 19.342171 ], [ -98.992439, 19.34217 ], [ -98.992343, 19.3422 ], [ -98.992333, 19.342084 ], [ -98.992355, 19.342075 ], [ -98.992544, 19.34213 ], [ -98.991323, 19.343071 ], [ -98.992634, 19.342299 ], [ -98.992543, 19.342292 ], [ -98.99255, 19.342242 ], [ -98.992611, 19.342233 ], [ -98.992651, 19.342169 ], [ -98.992509, 19.342121 ], [ -98.992541, 19.342226 ], [ -98.991666, 19.342696 ], [ -98.992564, 19.342107 ], [ -98.992568, 19.342181 ], [ -98.992684, 19.342081 ], [ -98.992464, 19.34203 ] ] } },
{ "type": "Feature", "properties": { "device_id": "24138483038b519107aceb52a42d0d17af8dc80c67ebca6f8d943faa1aeef9ce", "timestamps": "2020-01-01T14:15:03, 2020-01-01T14:15:10, 2020-01-01T14:15:33, 2020-01-01T14:17:14, 2020-01-01T14:18:38, 2020-01-01T14:21:22, 2020-01-01T14:24:16, 2020-01-01T14:39:08, 2020-01-01T14:39:19, 2020-01-01T14:58:46, 2020-01-01T14:58:52, 2020-01-01T14:59:10, 2020-01-01T14:59:18, 2020-01-01T15:00:02, 2020-01-01T15:01:38, 2020-01-01T15:04:23, 2020-01-01T16:19:55, 2020-01-01T16:20:01, 2020-01-01T16:20:09, 2020-01-01T18:11:39, 2020-01-01T18:11:45, 2020-01-01T18:11:56, 2020-01-01T18:12:01, 2020-01-01T18:12:07, 2020-01-01T18:12:12, 2020-01-01T18:24:22, 2020-01-01T18:25:04, 2020-01-01T18:25:09, 2020-01-01T18:25:14, 2020-01-01T18:27:25, 2020-01-01T18:27:29, 2020-01-01T18:27:34, 2020-01-01T18:27:36, 2020-01-01T18:27:46, 2020-01-01T18:28:01, 2020-01-01T18:28:30, 2020-01-01T18:28:42, 2020-01-01T18:28:46, 2020-01-01T18:28:49, 2020-01-01T18:33:04, 2020-01-01T18:33:08, 2020-01-01T18:33:11, 2020-01-01T18:33:18, 2020-01-01T19:16:31, 2020-01-01T19:16:39, 2020-01-01T19:16:57, 2020-01-01T19:16:59, 2020-01-01T19:17:00, 2020-01-01T19:17:17, 2020-01-01T19:17:24, 2020-01-01T19:39:32, 2020-01-01T19:39:39, 2020-01-01T19:39:43, 2020-01-01T19:39:46, 2020-01-01T20:39:35, 2020-01-01T20:39:49, 2020-01-01T20:40:00, 2020-01-01T22:20:52, 2020-01-01T22:21:02, 2020-01-01T22:21:26, 2020-01-01T22:27:54, 2020-01-01T22:28:04, 2020-01-01T22:28:33, 2020-01-01T22:40:29, 2020-01-01T22:53:25, 2020-01-01T22:53:35, 2020-01-01T22:53:46, 2020-01-01T22:53:58, 2020-01-01T22:57:02, 2020-01-01T22:57:13, 2020-01-01T22:57:20, 2020-01-01T23:00:22, 2020-01-01T23:29:47, 2020-01-01T23:29:56" }, "geometry": { "type": "LineString", "coordinates": [ [ -98.944659, 19.377598 ], [ -98.944664, 19.377627 ], [ -98.944663, 19.377627 ], [ -98.944694, 19.377603 ], [ -98.944687, 19.37761 ], [ -98.944687, 19.37761 ], [ -98.944652, 19.377606 ], [ -98.944739, 19.377699 ], [ -98.944662, 19.377595 ], [ -98.944588, 19.377661 ], [ -98.944588, 19.377661 ], [ -98.944587, 19.377661 ], [ -98.944588, 19.377661 ], [ -98.944588, 19.377661 ], [ -98.944588, 19.377661 ], [ -98.944588, 19.377661 ], [ -98.944739, 19.377699 ], [ -98.94466, 19.377596 ], [ -98.944739, 19.377699 ], [ -99.03587, 19.385376 ], [ -99.03587, 19.385376 ], [ -99.035885, 19.385339 ], [ -99.035885, 19.385339 ], [ -99.035885, 19.385339 ], [ -99.035885, 19.385339 ], [ -99.035886, 19.385339 ], [ -98.996082, 19.360538 ], [ -98.996082, 19.360538 ], [ -98.996081, 19.360538 ], [ -98.996081, 19.360538 ], [ -98.996081, 19.360538 ], [ -98.996081, 19.360538 ], [ -98.996081, 19.360538 ], [ -98.996081, 19.360538 ], [ -98.996081, 19.360538 ], [ -98.97256, 19.359185 ], [ -98.97256, 19.359185 ], [ -98.97256, 19.359185 ], [ -98.97256, 19.359184 ], [ -98.97256, 19.359185 ], [ -98.97256, 19.359185 ], [ -98.97256, 19.359184 ], [ -98.97256, 19.359184 ], [ -98.944584, 19.377673 ], [ -98.944585, 19.377673 ], [ -98.944584, 19.377673 ], [ -98.944585, 19.377673 ], [ -98.944584, 19.377673 ], [ -98.944585, 19.377673 ], [ -98.944585, 19.377673 ], [ -98.944584, 19.377673 ], [ -98.944584, 19.377673 ], [ -98.944584, 19.377673 ], [ -98.944584, 19.377672 ], [ -98.944659, 19.377596 ], [ -98.944659, 19.377596 ], [ -98.944659, 19.377597 ], [ -98.944671, 19.377675 ], [ -98.944671, 19.377676 ], [ -98.944671, 19.377676 ], [ -98.944633, 19.377599 ], [ -98.944632, 19.377599 ], [ -98.944632, 19.377599 ], [ -98.944665, 19.37761 ], [ -98.944669, 19.377582 ], [ -98.944669, 19.377582 ], [ -98.944669, 19.377582 ], [ -98.944669, 19.377582 ], [ -98.944677, 19.377588 ], [ -98.94467, 19.377584 ], [ -98.94467, 19.377584 ], [ -98.94467, 19.377584 ], [ -98.944657, 19.377596 ], [ -98.944657, 19.377596 ] ] } },
{ "type": "Feature", "properties": { "device_id": "8492f63cafc1ad5beafbba8fa4726d2354b52881e4fff55e19dfed7dd0c19b01", "timestamps": "2020-01-01T06:10:15, 2020-01-01T06:20:35, 2020-01-01T06:33:24, 2020-01-01T06:45:56, 2020-01-01T06:54:33, 2020-01-01T06:54:36, 2020-01-01T07:00:37, 2020-01-01T07:10:26, 2020-01-01T07:17:00, 2020-01-01T07:18:04, 2020-01-01T07:18:05, 2020-01-01T07:18:08, 2020-01-01T07:18:36, 2020-01-01T07:18:38, 2020-01-01T07:18:51, 2020-01-01T07:19:00, 2020-01-01T07:19:08, 2020-01-01T07:19:12, 2020-01-01T07:19:13, 2020-01-01T07:19:17, 2020-01-01T07:19:19, 2020-01-01T07:19:20, 2020-01-01T07:19:21, 2020-01-01T07:19:25, 2020-01-01T07:19:27, 2020-01-01T07:19:29, 2020-01-01T07:19:41, 2020-01-01T07:19:43, 2020-01-01T07:19:47, 2020-01-01T07:19:50, 2020-01-01T07:19:54, 2020-01-01T07:19:55, 2020-01-01T07:19:57, 2020-01-01T07:20:07, 2020-01-01T07:20:17, 2020-01-01T07:20:45, 2020-01-01T07:20:52, 2020-01-01T07:20:54, 2020-01-01T07:21:20, 2020-01-01T07:22:36, 2020-01-01T07:22:52, 2020-01-01T07:23:41, 2020-01-01T07:24:28, 2020-01-01T07:25:39, 2020-01-01T07:25:54, 2020-01-01T07:26:43, 2020-01-01T07:27:15, 2020-01-01T07:28:02, 2020-01-01T07:28:50, 2020-01-01T07:29:46, 2020-01-01T07:30:12, 2020-01-01T07:31:04, 2020-01-01T07:31:57, 2020-01-01T07:32:49, 2020-01-01T07:33:13, 2020-01-01T07:34:00, 2020-01-01T07:34:25, 2020-01-01T07:35:32, 2020-01-01T07:36:17, 2020-01-01T07:37:07, 2020-01-01T07:37:21, 2020-01-01T07:38:34, 2020-01-01T07:39:18, 2020-01-01T07:40:08, 2020-01-01T07:40:24, 2020-01-01T07:41:33, 2020-01-01T07:42:45, 2020-01-01T07:43:20, 2020-01-01T07:44:36, 2020-01-01T07:44:52, 2020-01-01T07:46:27, 2020-01-01T07:47:38, 2020-01-01T07:47:51, 2020-01-01T07:48:43, 2020-01-01T07:49:29, 2020-01-01T07:50:05, 2020-01-01T07:50:53, 2020-01-01T07:51:46, 2020-01-01T07:52:12, 2020-01-01T07:53:04, 2020-01-01T07:53:57, 2020-01-01T07:54:48, 2020-01-01T07:55:13, 2020-01-01T07:56:00, 2020-01-01T07:56:59, 2020-01-01T07:57:35, 2020-01-01T07:58:16, 2020-01-01T07:59:07, 2020-01-01T07:59:21, 2020-01-01T08:00:34, 2020-01-01T08:01:19, 2020-01-01T08:02:23, 2020-01-01T08:03:36, 2020-01-01T08:03:55, 2020-01-01T08:04:42, 2020-01-01T08:05:27, 2020-01-01T08:06:38, 2020-01-01T08:06:54, 2020-01-01T08:07:43, 2020-01-01T08:08:15, 2020-01-01T08:09:02, 2020-01-01T08:09:50, 2020-01-01T08:10:47, 2020-01-01T08:11:14, 2020-01-01T08:12:04, 2020-01-01T08:12:58, 2020-01-01T08:13:49, 2020-01-01T08:14:13, 2020-01-01T08:15:00, 2020-01-01T08:15:59, 2020-01-01T08:16:35, 2020-01-01T08:17:10, 2020-01-01T08:20:12, 2020-01-01T08:20:13, 2020-01-01T08:21:20, 2020-01-01T08:21:27, 2020-01-01T08:22:43, 2020-01-01T08:23:00, 2020-01-01T08:23:24, 2020-01-01T08:23:34, 2020-01-01T08:24:55, 2020-01-01T08:30:25, 2020-01-01T08:33:24, 2020-01-01T08:36:26, 2020-01-01T08:39:27, 2020-01-01T08:42:27, 2020-01-01T08:45:43, 2020-01-01T08:48:14, 2020-01-01T08:51:35, 2020-01-01T08:54:35, 2020-01-01T08:57:37, 2020-01-01T09:00:33, 2020-01-01T09:03:30, 2020-01-01T09:06:38, 2020-01-01T09:10:50, 2020-01-01T09:13:54, 2020-01-01T09:16:53, 2020-01-01T09:19:57, 2020-01-01T09:21:01, 2020-01-01T09:21:03, 2020-01-01T09:21:07, 2020-01-01T09:21:09, 2020-01-01T09:21:33, 2020-01-01T09:21:37, 2020-01-01T09:21:39, 2020-01-01T09:22:00, 2020-01-01T09:22:04, 2020-01-01T09:22:05, 2020-01-01T09:22:07, 2020-01-01T09:22:10, 2020-01-01T09:22:11, 2020-01-01T09:22:15, 2020-01-01T09:22:17, 2020-01-01T09:22:19, 2020-01-01T09:22:20, 2020-01-01T09:22:21, 2020-01-01T09:22:27, 2020-01-01T09:22:32, 2020-01-01T09:22:34, 2020-01-01T09:22:36, 2020-01-01T09:22:38, 2020-01-01T09:22:41, 2020-01-01T09:22:43, 2020-01-01T09:22:46, 2020-01-01T09:22:48, 2020-01-01T09:22:51, 2020-01-01T09:22:53, 2020-01-01T09:22:57, 2020-01-01T09:22:59, 2020-01-01T09:23:51, 2020-01-01T09:23:55, 2020-01-01T09:30:53, 2020-01-01T09:35:34, 2020-01-01T09:39:08, 2020-01-01T09:40:00, 2020-01-01T09:40:01, 2020-01-01T09:40:07, 2020-01-01T09:40:14, 2020-01-01T09:40:16, 2020-01-01T09:40:19, 2020-01-01T09:40:22, 2020-01-01T09:40:23, 2020-01-01T09:40:27, 2020-01-01T09:40:29, 2020-01-01T09:40:34, 2020-01-01T09:40:35, 2020-01-01T09:40:37, 2020-01-01T09:40:39, 2020-01-01T09:40:43, 2020-01-01T09:40:47, 2020-01-01T09:40:52, 2020-01-01T09:40:53, 2020-01-01T09:40:56, 2020-01-01T09:40:59, 2020-01-01T09:41:34, 2020-01-01T09:47:34, 2020-01-01T09:53:34, 2020-01-01T09:59:34, 2020-01-01T10:05:33, 2020-01-01T10:06:31, 2020-01-01T10:06:32, 2020-01-01T10:07:11, 2020-01-01T10:08:04, 2020-01-01T10:11:04, 2020-01-01T10:14:08, 2020-01-01T10:17:08, 2020-01-01T10:19:01, 2020-01-01T10:21:25, 2020-01-01T10:25:12, 2020-01-01T10:26:31, 2020-01-01T10:28:06, 2020-01-01T10:32:29, 2020-01-01T10:32:44, 2020-01-01T10:32:55, 2020-01-01T10:40:00, 2020-01-01T10:40:06, 2020-01-01T10:42:51, 2020-01-01T10:46:09, 2020-01-01T10:57:26, 2020-01-01T10:59:19, 2020-01-01T11:07:39, 2020-01-01T11:14:44, 2020-01-01T11:15:20, 2020-01-01T11:18:51, 2020-01-01T11:28:43, 2020-01-01T11:37:35, 2020-01-01T11:40:10, 2020-01-01T11:40:47, 2020-01-01T11:50:13, 2020-01-01T11:57:36, 2020-01-01T11:58:25, 2020-01-01T11:59:45, 2020-01-01T12:09:36, 2020-01-01T12:14:37, 2020-01-01T12:14:51, 2020-01-01T12:15:41, 2020-01-01T12:16:28, 2020-01-01T12:16:35, 2020-01-01T12:26:02, 2020-01-01T12:31:09, 2020-01-01T12:35:24, 2020-01-01T12:38:27, 2020-01-01T12:41:00, 2020-01-01T12:41:04, 2020-01-01T12:41:09, 2020-01-01T12:41:13, 2020-01-01T12:41:16, 2020-01-01T12:41:19, 2020-01-01T12:41:28, 2020-01-01T12:41:35, 2020-01-01T12:41:43, 2020-01-01T12:41:46, 2020-01-01T12:41:48, 2020-01-01T12:42:12, 2020-01-01T12:42:14, 2020-01-01T12:42:16, 2020-01-01T12:42:19, 2020-01-01T12:42:23, 2020-01-01T12:42:26, 2020-01-01T12:42:29, 2020-01-01T12:42:42, 2020-01-01T12:42:46, 2020-01-01T12:42:49, 2020-01-01T12:42:57, 2020-01-01T12:42:59, 2020-01-01T12:44:13, 2020-01-01T12:56:32, 2020-01-01T12:56:40, 2020-01-01T12:56:49, 2020-01-01T12:59:47, 2020-01-01T13:14:44, 2020-01-01T13:14:46, 2020-01-01T13:15:41, 2020-01-01T13:17:01, 2020-01-01T13:18:31, 2020-01-01T13:19:06, 2020-01-01T13:19:37, 2020-01-01T13:28:37, 2020-01-01T13:28:51, 2020-01-01T13:29:44, 2020-01-01T13:30:28, 2020-01-01T13:31:05, 2020-01-01T13:31:53, 2020-01-01T13:32:40, 2020-01-01T13:33:12, 2020-01-01T13:34:00, 2020-01-01T13:34:04, 2020-01-01T13:34:08, 2020-01-01T13:34:19, 2020-01-01T13:34:32, 2020-01-01T13:34:36, 2020-01-01T13:34:38, 2020-01-01T13:34:43, 2020-01-01T13:34:47, 2020-01-01T13:34:49, 2020-01-01T13:35:04, 2020-01-01T13:35:06, 2020-01-01T13:35:08, 2020-01-01T13:35:11, 2020-01-01T13:35:15, 2020-01-01T13:35:18, 2020-01-01T13:35:24, 2020-01-01T13:35:25, 2020-01-01T13:35:28, 2020-01-01T13:35:33, 2020-01-01T13:35:36, 2020-01-01T13:35:39, 2020-01-01T13:35:44, 2020-01-01T13:35:46, 2020-01-01T13:35:49, 2020-01-01T13:35:54, 2020-01-01T13:35:58, 2020-01-01T13:36:04, 2020-01-01T13:36:05, 2020-01-01T13:36:08, 2020-01-01T13:36:12, 2020-01-01T13:36:14, 2020-01-01T13:36:16, 2020-01-01T13:36:18, 2020-01-01T13:36:23, 2020-01-01T13:36:27, 2020-01-01T13:36:29, 2020-01-01T13:36:34, 2020-01-01T13:36:35, 2020-01-01T13:36:37, 2020-01-01T13:36:40, 2020-01-01T13:36:42, 2020-01-01T13:36:44, 2020-01-01T13:36:48, 2020-01-01T13:36:55, 2020-01-01T13:36:59, 2020-01-01T13:37:15, 2020-01-01T13:37:25, 2020-01-01T13:37:54, 2020-01-01T13:37:55, 2020-01-01T13:37:58, 2020-01-01T13:38:22, 2020-01-01T13:39:31, 2020-01-01T13:40:18, 2020-01-01T13:41:09, 2020-01-01T13:42:30, 2020-01-01T13:43:45, 2020-01-01T13:44:20, 2020-01-01T13:45:36, 2020-01-01T13:46:42, 2020-01-01T13:47:27, 2020-01-01T13:48:38, 2020-01-01T13:49:44, 2020-01-01T13:50:28, 2020-01-01T13:51:05, 2020-01-01T13:51:53, 2020-01-01T13:52:46, 2020-01-01T13:53:11, 2020-01-01T13:54:03, 2020-01-01T13:54:59, 2020-01-01T13:55:49, 2020-01-01T13:56:18, 2020-01-01T13:57:09, 2020-01-01T13:57:23, 2020-01-01T13:58:33, 2020-01-01T13:59:45, 2020-01-01T14:00:29, 2020-01-01T14:01:07, 2020-01-01T14:01:57, 2020-01-01T14:02:31, 2020-01-01T14:03:19, 2020-01-01T14:04:23, 2020-01-01T14:05:01, 2020-01-01T14:05:56, 2020-01-01T14:06:48, 2020-01-01T14:07:13, 2020-01-01T14:08:03, 2020-01-01T14:08:59, 2020-01-01T14:09:35, 2020-01-01T14:10:16, 2020-01-01T14:11:10, 2020-01-01T14:12:16, 2020-01-01T14:13:19, 2020-01-01T14:14:41, 2020-01-01T14:15:04, 2020-01-01T14:15:41, 2020-01-01T14:26:14, 2020-01-01T14:36:12, 2020-01-01T14:46:58, 2020-01-01T14:50:33, 2020-01-01T14:51:45, 2020-01-01T14:52:20, 2020-01-01T14:53:37, 2020-01-01T14:53:52, 2020-01-01T14:54:41, 2020-01-01T14:55:27, 2020-01-01T14:56:39, 2020-01-01T14:56:54, 2020-01-01T14:57:43, 2020-01-01T14:58:15, 2020-01-01T14:59:05, 2020-01-01T14:59:50, 2020-01-01T15:00:40, 2020-01-01T15:01:12, 2020-01-01T15:02:01, 2020-01-01T15:02:57, 2020-01-01T15:03:47, 2020-01-01T15:04:14, 2020-01-01T15:05:03, 2020-01-01T15:05:59, 2020-01-01T15:09:31, 2020-01-01T15:10:17, 2020-01-01T15:11:08, 2020-01-01T15:11:24, 2020-01-01T15:12:33, 2020-01-01T15:12:35, 2020-01-01T15:12:48, 2020-01-01T15:13:32, 2020-01-01T15:14:17, 2020-01-01T15:15:50, 2020-01-01T15:16:20, 2020-01-01T15:17:39, 2020-01-01T15:19:39, 2020-01-01T15:19:53, 2020-01-01T15:21:07, 2020-01-01T15:22:33, 2020-01-01T15:23:19, 2020-01-01T15:24:20, 2020-01-01T15:24:23, 2020-01-01T15:25:55, 2020-01-01T15:26:42, 2020-01-01T15:27:27, 2020-01-01T15:32:40, 2020-01-01T15:33:20, 2020-01-01T15:33:50, 2020-01-01T15:36:06, 2020-01-01T15:36:22, 2020-01-01T15:37:35, 2020-01-01T15:56:33, 2020-01-01T16:25:14, 2020-01-01T16:34:03, 2020-01-01T16:34:08, 2020-01-01T16:51:09, 2020-01-01T16:51:24, 2020-01-01T16:52:33, 2020-01-01T16:53:45, 2020-01-01T16:54:20, 2020-01-01T16:55:30, 2020-01-01T16:55:55, 2020-01-01T16:56:42, 2020-01-01T16:57:26, 2020-01-01T16:58:06, 2020-01-01T16:58:37, 2020-01-01T16:58:51, 2020-01-01T16:59:02, 2020-01-01T16:59:04, 2020-01-01T16:59:06, 2020-01-01T16:59:09, 2020-01-01T16:59:12, 2020-01-01T16:59:14, 2020-01-01T16:59:16, 2020-01-01T16:59:19, 2020-01-01T16:59:26, 2020-01-01T16:59:29, 2020-01-01T16:59:33, 2020-01-01T16:59:36, 2020-01-01T16:59:39, 2020-01-01T16:59:42, 2020-01-01T16:59:43, 2020-01-01T16:59:46, 2020-01-01T16:59:49, 2020-01-01T16:59:53, 2020-01-01T16:59:56, 2020-01-01T16:59:59, 2020-01-01T17:00:21, 2020-01-01T17:00:23, 2020-01-01T17:00:51, 2020-01-01T17:00:53, 2020-01-01T17:00:57, 2020-01-01T17:00:59, 2020-01-01T17:01:36, 2020-01-01T17:02:41, 2020-01-01T17:04:54, 2020-01-01T17:05:43, 2020-01-01T17:06:15, 2020-01-01T17:07:02, 2020-01-01T17:07:56, 2020-01-01T17:08:46, 2020-01-01T17:09:11, 2020-01-01T17:10:01, 2020-01-01T17:10:57, 2020-01-01T17:11:47, 2020-01-01T17:12:14, 2020-01-01T17:13:01, 2020-01-01T17:13:29, 2020-01-01T17:13:36, 2020-01-01T17:13:39, 2020-01-01T17:13:58, 2020-01-01T17:13:59, 2020-01-01T17:14:17, 2020-01-01T17:14:30, 2020-01-01T17:14:45, 2020-01-01T17:14:56, 2020-01-01T17:15:18, 2020-01-01T17:15:57, 2020-01-01T17:16:23, 2020-01-01T17:17:08, 2020-01-01T17:17:55, 2020-01-01T17:18:56, 2020-01-01T17:21:48, 2020-01-01T17:32:27, 2020-01-01T17:41:47, 2020-01-01T17:53:01, 2020-01-01T17:54:47, 2020-01-01T17:55:15, 2020-01-01T18:23:39, 2020-01-01T18:33:31, 2020-01-01T18:43:14, 2020-01-01T18:53:32, 2020-01-01T18:59:16, 2020-01-01T18:59:22, 2020-01-01T18:59:25, 2020-01-01T19:18:38, 2020-01-01T19:35:59, 2020-01-01T19:55:13, 2020-01-01T19:58:28, 2020-01-01T20:17:29, 2020-01-01T20:37:15, 2020-01-01T20:49:39, 2020-01-01T20:51:31, 2020-01-01T20:51:46, 2020-01-01T20:51:47, 2020-01-01T21:13:38, 2020-01-01T21:30:45, 2020-01-01T21:50:42, 2020-01-01T22:09:41, 2020-01-01T22:29:37, 2020-01-01T22:48:10, 2020-01-01T22:48:24, 2020-01-01T23:09:07, 2020-01-01T23:10:50, 2020-01-01T23:29:56, 2020-01-01T23:44:00" }, "geometry": { "type": "LineString", "coordinates": [ [ -99.003117, 19.386507 ], [ -99.003106, 19.386372 ], [ -99.003098, 19.386428 ], [ -99.003166, 19.386234 ], [ -99.003064, 19.386532 ], [ -99.003057, 19.386448 ], [ -99.003122, 19.386315 ], [ -99.003067, 19.38667 ], [ -99.002793, 19.38737 ], [ -99.002233, 19.387305 ], [ -99.001944, 19.387179 ], [ -99.002602, 19.387504 ], [ -99.001491, 19.386986 ], [ -99.001761, 19.387103 ], [ -99.002798, 19.387318 ], [ -99.00364, 19.388006 ], [ -99.003635, 19.388006 ], [ -99.003526, 19.388063 ], [ -99.003612, 19.388038 ], [ -99.003639, 19.388016 ], [ -99.003637, 19.38803 ], [ -99.003251, 19.387803 ], [ -99.003131, 19.387767 ], [ -99.003089, 19.387716 ], [ -99.003344, 19.387853 ], [ -99.003414, 19.387961 ], [ -99.003634, 19.388021 ], [ -99.003664, 19.388023 ], [ -99.003666, 19.388025 ], [ -99.002939, 19.387662 ], [ -99.002859, 19.387626 ], [ -99.002749, 19.387567 ], [ -99.003001, 19.387674 ], [ -99.005656, 19.384393 ], [ -99.005025, 19.385655 ], [ -99.005139, 19.385558 ], [ -99.003633, 19.388025 ], [ -99.003656, 19.387973 ], [ -99.006071, 19.383608 ], [ -99.009526, 19.377938 ], [ -99.00782, 19.380425 ], [ -99.00724, 19.37631 ], [ -99.00577, 19.37555 ], [ -99.008048, 19.377065 ], [ -99.005752, 19.375633 ], [ -99.010192, 19.37769 ], [ -99.01301, 19.375239 ], [ -99.018879, 19.375415 ], [ -99.014534, 19.373738 ], [ -99.023722, 19.378965 ], [ -99.028588, 19.381267 ], [ -99.043332, 19.389617 ], [ -99.035762, 19.385284 ], [ -99.051066, 19.394162 ], [ -99.051659, 19.396003 ], [ -99.048908, 19.399502 ], [ -99.050798, 19.3972 ], [ -99.047074, 19.403062 ], [ -99.045411, 19.405596 ], [ -99.044835, 19.410532 ], [ -99.043891, 19.408696 ], [ -99.048003, 19.411859 ], [ -99.047616, 19.413061 ], [ -99.048063, 19.412199 ], [ -99.047622, 19.413054 ], [ -99.047513, 19.411234 ], [ -99.048503, 19.409269 ], [ -99.051599, 19.410115 ], [ -99.061422, 19.413475 ], [ -99.056782, 19.412307 ], [ -99.066358, 19.41377 ], [ -99.078761, 19.417749 ], [ -99.072499, 19.414494 ], [ -99.082969, 19.420965 ], [ -99.085412, 19.42036 ], [ -99.087239, 19.422544 ], [ -99.087096, 19.422462 ], [ -99.089772, 19.422211 ], [ -99.091055, 19.422661 ], [ -99.095413, 19.419762 ], [ -99.092777, 19.419891 ], [ -99.09662, 19.41985 ], [ -99.097637, 19.417921 ], [ -99.098864, 19.416216 ], [ -99.098984, 19.416912 ], [ -99.097997, 19.410346 ], [ -99.097977, 19.405365 ], [ -99.102788, 19.40712 ], [ -99.101145, 19.403554 ], [ -99.1061, 19.407553 ], [ -99.112925, 19.406062 ], [ -99.120721, 19.405308 ], [ -99.136532, 19.403458 ], [ -99.128806, 19.40365 ], [ -99.141933, 19.403905 ], [ -99.143467, 19.404004 ], [ -99.144681, 19.404028 ], [ -99.144648, 19.404009 ], [ -99.144824, 19.405372 ], [ -99.144383, 19.40988 ], [ -99.143425, 19.420223 ], [ -99.143857, 19.415037 ], [ -99.143364, 19.42144 ], [ -99.144072, 19.42164 ], [ -99.150402, 19.422462 ], [ -99.147157, 19.421869 ], [ -99.153241, 19.424116 ], [ -99.153897, 19.424155 ], [ -99.154298, 19.419101 ], [ -99.153961, 19.422722 ], [ -99.154708, 19.414357 ], [ -99.157, 19.412387 ], [ -99.163248, 19.413767 ], [ -99.163247, 19.413774 ], [ -99.163919, 19.416447 ], [ -99.164221, 19.417816 ], [ -99.166805, 19.421695 ], [ -99.168276, 19.421299 ], [ -99.168219, 19.421318 ], [ -99.168256, 19.421289 ], [ -99.168276, 19.421306 ], [ -99.174284, 19.421443 ], [ -99.167405, 19.42396 ], [ -99.16389, 19.425492 ], [ -99.159628, 19.424409 ], [ -99.149415, 19.425543 ], [ -99.132575, 19.423631 ], [ -99.117307, 19.421319 ], [ -99.100394, 19.416901 ], [ -99.089335, 19.415505 ], [ -99.073608, 19.406785 ], [ -99.047876, 19.392028 ], [ -99.02852, 19.380976 ], [ -99.017304, 19.37331 ], [ -99.002045, 19.361742 ], [ -98.98616, 19.356762 ], [ -98.982893, 19.352457 ], [ -98.983647, 19.346893 ], [ -98.995481, 19.347934 ], [ -98.995471, 19.347892 ], [ -98.995466, 19.34784 ], [ -98.995465, 19.347793 ], [ -98.994763, 19.347814 ], [ -98.995141, 19.347896 ], [ -98.995327, 19.347943 ], [ -98.9959, 19.346761 ], [ -98.995827, 19.346941 ], [ -98.995827, 19.346839 ], [ -98.995979, 19.346403 ], [ -98.995749, 19.347212 ], [ -98.995665, 19.347223 ], [ -98.995631, 19.347206 ], [ -98.995805, 19.347186 ], [ -98.995835, 19.347101 ], [ -98.995554, 19.347219 ], [ -98.995514, 19.34739 ], [ -98.995621, 19.347207 ], [ -98.995733, 19.347014 ], [ -98.995751, 19.347005 ], [ -98.995759, 19.346989 ], [ -98.995816, 19.346831 ], [ -98.995863, 19.347026 ], [ -98.99584, 19.346999 ], [ -98.995803, 19.34702 ], [ -98.995744, 19.34705 ], [ -98.995469, 19.34767 ], [ -98.995455, 19.347573 ], [ -98.995475, 19.34748 ], [ -98.995496, 19.34746 ], [ -98.995997, 19.346155 ], [ -98.996064, 19.34617 ], [ -98.994272, 19.345452 ], [ -98.995249, 19.347949 ], [ -99.014477, 19.352314 ], [ -99.016987, 19.353578 ], [ -99.016905, 19.353539 ], [ -99.017104, 19.353666 ], [ -99.014682, 19.352407 ], [ -99.014815, 19.352478 ], [ -99.015054, 19.35262 ], [ -99.014478, 19.352311 ], [ -99.014478, 19.352311 ], [ -99.014499, 19.352315 ], [ -99.014542, 19.352343 ], [ -99.016366, 19.353231 ], [ -99.016062, 19.353095 ], [ -99.016783, 19.353469 ], [ -99.016852, 19.353528 ], [ -99.015522, 19.352848 ], [ -99.015797, 19.352985 ], [ -99.014477, 19.352312 ], [ -99.014478, 19.352311 ], [ -99.014478, 19.352311 ], [ -99.014478, 19.352311 ], [ -99.021311, 19.355868 ], [ -99.037156, 19.379073 ], [ -99.077905, 19.407298 ], [ -99.14204, 19.403805 ], [ -99.164942, 19.420229 ], [ -99.168298, 19.421386 ], [ -99.168264, 19.421395 ], [ -99.170765, 19.420841 ], [ -99.17225, 19.418732 ], [ -99.164364, 19.422066 ], [ -99.166309, 19.419615 ], [ -99.16585, 19.420539 ], [ -99.164693, 19.421828 ], [ -99.165185, 19.42165 ], [ -99.164852, 19.421835 ], [ -99.165927, 19.420707 ], [ -99.165881, 19.420699 ], [ -99.165849, 19.420661 ], [ -99.165833, 19.420693 ], [ -99.165834, 19.420692 ], [ -99.165813, 19.420672 ], [ -99.165813, 19.420672 ], [ -99.165737, 19.420658 ], [ -99.165371, 19.421576 ], [ -99.165765, 19.420638 ], [ -99.165766, 19.420655 ], [ -99.165761, 19.420659 ], [ -99.165737, 19.420681 ], [ -99.165743, 19.420639 ], [ -99.165721, 19.420678 ], [ -99.16571, 19.420719 ], [ -99.165799, 19.420617 ], [ -99.165751, 19.420661 ], [ -99.16576, 19.420614 ], [ -99.165786, 19.420656 ], [ -99.165785, 19.420684 ], [ -99.165739, 19.420682 ], [ -99.165715, 19.420618 ], [ -99.165755, 19.420639 ], [ -99.165313, 19.421003 ], [ -99.16566, 19.420743 ], [ -99.165386, 19.422023 ], [ -99.165704, 19.423515 ], [ -99.165927, 19.424587 ], [ -99.154144, 19.443992 ], [ -99.131181, 19.477899 ], [ -99.11607, 19.502611 ], [ -99.093613, 19.520425 ], [ -99.067419, 19.550547 ], [ -99.067717, 19.550316 ], [ -99.06681, 19.55097 ], [ -99.071688, 19.546604 ], [ -99.071584, 19.546939 ], [ -99.071343, 19.547465 ], [ -99.071945, 19.545593 ], [ -99.069842, 19.548899 ], [ -99.070745, 19.548169 ], [ -99.070431, 19.548405 ], [ -99.070161, 19.54864 ], [ -99.063145, 19.553429 ], [ -99.062824, 19.553641 ], [ -99.062337, 19.553969 ], [ -99.061876, 19.55429 ], [ -99.064295, 19.552616 ], [ -99.063954, 19.552864 ], [ -99.063469, 19.553194 ], [ -99.061559, 19.554527 ], [ -99.060792, 19.555151 ], [ -99.060337, 19.555573 ], [ -99.065431, 19.551867 ], [ -99.065105, 19.552087 ], [ -99.050933, 19.572816 ], [ -98.997324, 19.61684 ], [ -98.997525, 19.616732 ], [ -98.997353, 19.616832 ], [ -98.989852, 19.619012 ], [ -98.989784, 19.619189 ], [ -98.989732, 19.61915 ], [ -98.989784, 19.619188 ], [ -98.989794, 19.619201 ], [ -98.989781, 19.619185 ], [ -98.989782, 19.619185 ], [ -98.989782, 19.619185 ], [ -98.977825, 19.616169 ], [ -98.982856, 19.617149 ], [ -98.977005, 19.616457 ], [ -98.980653, 19.616878 ], [ -98.993347, 19.61893 ], [ -98.987398, 19.618331 ], [ -98.996664, 19.617458 ], [ -99.002947, 19.61478 ], [ -99.014501, 19.614352 ], [ -99.014127, 19.614284 ], [ -99.015056, 19.614477 ], [ -99.009516, 19.613167 ], [ -99.011631, 19.613713 ], [ -99.012684, 19.613935 ], [ -99.013124, 19.614061 ], [ -99.010334, 19.613382 ], [ -99.010906, 19.613519 ], [ -99.011273, 19.61364 ], [ -99.025218, 19.615478 ], [ -99.025778, 19.615414 ], [ -99.026174, 19.615373 ], [ -99.019439, 19.615448 ], [ -99.019083, 19.615364 ], [ -99.020543, 19.615672 ], [ -99.017762, 19.615061 ], [ -99.017242, 19.614934 ], [ -99.018677, 19.615288 ], [ -99.023484, 19.615678 ], [ -99.023909, 19.615629 ], [ -99.024473, 19.615554 ], [ -99.021356, 19.615843 ], [ -99.021875, 19.61586 ], [ -99.022497, 19.615834 ], [ -99.016012, 19.614678 ], [ -99.016898, 19.614884 ], [ -99.033402, 19.61583 ], [ -99.033917, 19.615711 ], [ -99.032639, 19.615746 ], [ -99.030728, 19.614965 ], [ -99.03111, 19.614916 ], [ -99.031692, 19.614883 ], [ -99.032036, 19.61486 ], [ -99.029433, 19.615063 ], [ -99.029981, 19.615008 ], [ -99.030342, 19.614972 ], [ -99.034247, 19.615131 ], [ -99.03399, 19.614911 ], [ -99.034242, 19.615475 ], [ -99.033222, 19.614764 ], [ -99.032568, 19.614821 ], [ -99.032895, 19.61477 ], [ -99.033703, 19.614822 ], [ -99.026577, 19.615333 ], [ -99.028465, 19.615166 ], [ -99.033744, 19.611826 ], [ -99.032804, 19.613913 ], [ -99.032173, 19.615283 ], [ -99.032331, 19.615552 ], [ -99.032607, 19.614424 ], [ -99.037556, 19.604125 ], [ -99.039613, 19.599163 ], [ -99.041373, 19.59125 ], [ -99.047742, 19.57521 ], [ -99.052982, 19.568338 ], [ -99.056335, 19.559931 ], [ -99.062869, 19.553709 ], [ -99.075126, 19.537641 ], [ -99.082774, 19.529164 ], [ -99.090719, 19.522586 ], [ -99.102861, 19.512409 ], [ -99.108327, 19.507439 ], [ -99.1168, 19.502389 ], [ -99.125215, 19.485694 ], [ -99.120161, 19.493298 ], [ -99.130981, 19.47875 ], [ -99.136873, 19.471508 ], [ -99.150647, 19.456004 ], [ -99.143541, 19.463928 ], [ -99.152799, 19.448763 ], [ -99.153028, 19.447936 ], [ -99.156556, 19.438088 ], [ -99.154574, 19.443022 ], [ -99.156648, 19.438015 ], [ -99.158897, 19.4327 ], [ -99.161155, 19.428073 ], [ -99.165549, 19.420887 ], [ -99.161442, 19.427103 ], [ -99.165618, 19.420817 ], [ -99.165596, 19.420864 ], [ -99.165573, 19.420876 ], [ -99.165617, 19.42077 ], [ -99.165565, 19.420881 ], [ -99.165663, 19.420882 ], [ -99.165887, 19.420741 ], [ -99.165824, 19.420889 ], [ -99.16572, 19.420766 ], [ -99.165644, 19.420652 ], [ -99.165577, 19.420678 ], [ -99.165563, 19.420753 ], [ -99.165639, 19.420795 ], [ -99.165595, 19.420831 ], [ -99.165599, 19.420887 ], [ -99.165577, 19.420588 ], [ -99.165611, 19.420761 ], [ -99.165653, 19.420744 ], [ -99.165862, 19.420496 ], [ -99.16572, 19.42076 ], [ -99.166533, 19.420302 ], [ -99.164706, 19.42017 ], [ -99.160901, 19.420949 ], [ -99.154412, 19.422452 ], [ -99.157905, 19.421653 ], [ -99.153803, 19.423314 ], [ -99.153604, 19.425545 ], [ -99.149555, 19.425472 ], [ -99.153624, 19.425541 ], [ -99.148512, 19.425447 ], [ -99.142332, 19.42465 ], [ -99.128343, 19.423111 ], [ -99.135284, 19.423913 ], [ -99.123037, 19.422514 ], [ -99.121507, 19.422361 ], [ -99.117036, 19.421242 ], [ -99.117141, 19.421285 ], [ -99.11268, 19.420206 ], [ -99.106028, 19.418372 ], [ -99.096567, 19.419303 ], [ -99.099893, 19.416819 ], [ -99.088158, 19.433503 ], [ -99.09166, 19.42743 ], [ -99.080506, 19.41998 ], [ -99.086533, 19.423672 ], [ -99.081284, 19.420532 ], [ -99.08086, 19.420108 ], [ -99.080707, 19.419819 ], [ -99.084538, 19.41822 ], [ -99.083891, 19.418994 ], [ -99.082134, 19.42077 ], [ -99.077113, 19.41663 ], [ -99.059602, 19.413269 ], [ -99.046026, 19.407407 ], [ -99.050496, 19.409391 ], [ -99.033306, 19.401684 ], [ -99.027731, 19.399605 ], [ -99.02226, 19.396898 ], [ -99.020367, 19.395973 ], [ -99.020367, 19.395972 ], [ -99.018193, 19.394967 ], [ -99.01177, 19.391949 ], [ -99.010033, 19.394838 ], [ -99.011497, 19.411386 ], [ -99.009969, 19.414353 ], [ -99.010448, 19.413483 ], [ -99.00992, 19.417776 ], [ -99.009903, 19.417778 ], [ -99.010044, 19.417478 ], [ -99.010156, 19.417549 ], [ -99.01016, 19.417532 ], [ -99.009205, 19.417885 ], [ -99.008815, 19.417655 ], [ -99.072043, 19.417868 ], [ -99.072043, 19.417869 ], [ -99.072043, 19.417868 ], [ -99.072043, 19.417868 ], [ -99.072043, 19.417868 ], [ -99.072043, 19.417868 ], [ -99.072043, 19.417868 ], [ -99.072043, 19.417868 ], [ -99.072043, 19.417868 ], [ -99.072043, 19.417866 ], [ -99.072043, 19.417866 ], [ -99.072043, 19.417868 ], [ -99.074081, 19.418058 ], [ -99.074045, 19.418053 ], [ -99.074049, 19.418056 ], [ -99.074052, 19.418085 ], [ -99.072652, 19.417904 ], [ -99.072895, 19.417926 ], [ -99.073262, 19.417965 ], [ -99.073567, 19.417994 ], [ -99.072193, 19.417882 ], [ -99.072462, 19.41788 ], [ -99.074234, 19.418117 ], [ -99.074218, 19.418114 ], [ -99.074112, 19.418074 ], [ -99.073722, 19.418026 ], [ -99.073837, 19.418019 ], [ -99.073944, 19.418049 ], [ -99.074111, 19.418097 ], [ -99.072043, 19.417866 ], [ -99.072043, 19.417866 ], [ -99.072043, 19.417866 ], [ -99.074263, 19.419184 ], [ -99.074261, 19.419239 ], [ -99.074258, 19.418309 ], [ -99.074296, 19.418542 ], [ -99.074278, 19.418831 ], [ -99.074255, 19.41901 ], [ -99.071185, 19.418123 ], [ -99.070603, 19.418583 ], [ -99.05794, 19.420756 ], [ -99.04522, 19.419054 ], [ -99.04123, 19.417979 ], [ -99.034448, 19.415133 ], [ -99.038136, 19.416939 ], [ -99.031412, 19.413681 ], [ -99.028979, 19.41248 ], [ -99.023094, 19.409819 ], [ -99.025164, 19.410652 ], [ -99.021677, 19.412382 ], [ -99.019782, 19.415207 ], [ -99.013648, 19.412551 ], [ -99.015723, 19.413381 ], [ -99.013875, 19.41251 ], [ -99.013753, 19.412431 ], [ -99.016667, 19.413781 ], [ -99.016612, 19.413755 ], [ -99.012719, 19.414308 ], [ -99.012258, 19.415185 ], [ -99.012655, 19.414414 ], [ -99.013273, 19.413298 ], [ -99.011174, 19.417296 ], [ -99.011645, 19.416389 ], [ -99.009854, 19.417817 ], [ -99.010009, 19.417458 ], [ -99.009921, 19.417739 ], [ -99.00998, 19.417485 ], [ -99.010207, 19.417531 ], [ -99.01018, 19.417534 ], [ -99.010185, 19.417532 ], [ -99.010151, 19.417546 ], [ -99.010153, 19.417549 ], [ -99.010182, 19.417532 ], [ -99.010159, 19.417535 ], [ -99.010182, 19.417531 ], [ -99.010181, 19.417549 ], [ -99.010183, 19.417531 ], [ -99.01016, 19.417531 ], [ -99.01016, 19.417531 ], [ -99.01016, 19.417531 ], [ -99.010181, 19.417532 ], [ -99.010181, 19.417532 ], [ -99.010181, 19.417532 ], [ -99.010181, 19.417532 ], [ -99.010181, 19.417532 ], [ -99.010181, 19.417532 ], [ -99.01018, 19.417531 ], [ -99.01016, 19.417543 ], [ -99.01018, 19.417531 ], [ -99.010182, 19.417547 ], [ -99.01016, 19.417543 ], [ -99.01016, 19.417543 ], [ -99.01016, 19.417543 ], [ -99.01016, 19.417543 ], [ -99.01016, 19.417543 ], [ -99.010184, 19.41753 ], [ -99.01016, 19.417543 ], [ -99.010184, 19.41753 ], [ -99.010189, 19.41751 ], [ -99.010181, 19.41755 ], [ -99.01018, 19.417533 ] ] } },
{ "type": "Feature", "properties": { "device_id": "c3400637414eb2fd7e14fa19a28bd8c7c2f43232339f3c04a771ad5ffeb4a074", "timestamps": "2020-01-01T19:02:17, 2020-01-01T19:02:27, 2020-01-01T19:40:35, 2020-01-01T19:40:40, 2020-01-01T21:10:31, 2020-01-01T21:10:42, 2020-01-01T22:02:15, 2020-01-01T22:02:20" }, "geometry": { "type": "LineString", "coordinates": [ [ -99.008084, 19.363404 ], [ -99.00808, 19.363399 ], [ -99.035902, 19.385198 ], [ -99.03591, 19.38519 ], [ -99.061222, 19.356225 ], [ -99.06122, 19.35621 ], [ -99.06122, 19.35621 ], [ -99.061222, 19.356225 ] ] } },
{ "type": "Feature", "properties": { "device_id": "8ec513ee65d0efa4b2d54fc23c2f0cf96c9eeee19493573f056c5b91a4d1d3cf", "timestamps": "2020-01-01T20:21:34, 2020-01-01T20:22:20, 2020-01-01T20:23:23, 2020-01-01T20:24:54, 2020-01-01T20:29:57, 2020-01-01T20:37:47, 2020-01-01T20:38:54, 2020-01-01T20:43:24, 2020-01-01T20:44:05, 2020-01-01T20:44:26, 2020-01-01T20:45:39, 2020-01-01T20:46:29, 2020-01-01T20:47:20, 2020-01-01T20:52:17, 2020-01-01T20:53:08, 2020-01-01T20:53:24, 2020-01-01T20:54:33, 2020-01-01T20:55:18, 2020-01-01T20:56:46, 2020-01-01T20:57:26, 2020-01-01T20:58:42, 2020-01-01T21:01:18, 2020-01-01T21:02:24, 2020-01-01T21:03:34, 2020-01-01T21:05:24, 2020-01-01T21:07:36, 2020-01-01T21:08:41, 2020-01-01T21:10:51, 2020-01-01T21:11:41, 2020-01-01T21:12:27, 2020-01-01T21:13:00, 2020-01-01T21:13:50, 2020-01-01T21:14:41, 2020-01-01T21:15:27, 2020-01-01T21:16:37, 2020-01-01T21:17:43, 2020-01-01T21:18:44, 2020-01-01T21:19:21, 2020-01-01T21:19:37, 2020-01-01T21:20:41, 2020-01-01T21:21:27, 2020-01-01T21:22:37, 2020-01-01T21:23:41, 2020-01-01T21:24:27, 2020-01-01T21:25:37, 2020-01-01T21:25:54, 2020-01-01T21:28:44, 2020-01-01T21:30:19, 2020-01-01T21:51:54, 2020-01-01T22:26:13, 2020-01-01T22:26:50, 2020-01-01T22:31:05, 2020-01-01T22:41:37, 2020-01-01T22:44:11, 2020-01-01T22:49:40, 2020-01-01T22:53:31, 2020-01-01T22:54:17, 2020-01-01T22:55:12, 2020-01-01T22:55:18, 2020-01-01T22:55:24, 2020-01-01T22:56:23, 2020-01-01T22:57:20, 2020-01-01T22:57:23, 2020-01-01T23:01:58, 2020-01-01T23:22:55, 2020-01-01T23:37:36, 2020-01-01T23:37:44, 2020-01-01T23:38:41, 2020-01-01T23:39:05, 2020-01-01T23:39:27, 2020-01-01T23:39:39, 2020-01-01T23:39:46, 2020-01-01T23:41:15, 2020-01-01T23:42:05, 2020-01-01T23:42:50, 2020-01-01T23:43:46, 2020-01-01T23:44:12, 2020-01-01T23:45:02, 2020-01-01T23:45:56, 2020-01-01T23:46:46, 2020-01-01T23:47:12, 2020-01-01T23:48:16, 2020-01-01T23:48:17, 2020-01-01T23:48:56, 2020-01-01T23:49:52, 2020-01-01T23:54:32" }, "geometry": { "type": "LineString", "coordinates": [ [ -98.66318, 19.352098 ], [ -98.670518, 19.34893 ], [ -98.672904, 19.337919 ], [ -98.683128, 19.335572 ], [ -98.739348, 19.314281 ], [ -98.834388, 19.307783 ], [ -98.841251, 19.304869 ], [ -98.908373, 19.291322 ], [ -98.928073, 19.298077 ], [ -98.922017, 19.292756 ], [ -98.940139, 19.308347 ], [ -98.946566, 19.313756 ], [ -98.958563, 19.323854 ], [ -99.007475, 19.366323 ], [ -99.020801, 19.376207 ], [ -99.014291, 19.371419 ], [ -99.027545, 19.380659 ], [ -99.035084, 19.384852 ], [ -99.046671, 19.391573 ], [ -99.053396, 19.395465 ], [ -99.066562, 19.402968 ], [ -99.072368, 19.406378 ], [ -99.073961, 19.407325 ], [ -99.07608, 19.408379 ], [ -99.078131, 19.407142 ], [ -99.081089, 19.407207 ], [ -99.085857, 19.40784 ], [ -99.088548, 19.408009 ], [ -99.090595, 19.408532 ], [ -99.094417, 19.408992 ], [ -99.09861, 19.399048 ], [ -99.09772, 19.407899 ], [ -99.099527, 19.392503 ], [ -99.100666, 19.384136 ], [ -99.107292, 19.370178 ], [ -99.116404, 19.369697 ], [ -99.126725, 19.366324 ], [ -99.130659, 19.359765 ], [ -99.135744, 19.356266 ], [ -99.144887, 19.357327 ], [ -99.153421, 19.357737 ], [ -99.170714, 19.35924 ], [ -99.176577, 19.363883 ], [ -99.180871, 19.367864 ], [ -99.1857, 19.360626 ], [ -99.184278, 19.366204 ], [ -99.184738, 19.356469 ], [ -99.184727, 19.356431 ], [ -99.184672, 19.356392 ], [ -99.185535, 19.353387 ], [ -99.185519, 19.353452 ], [ -99.193123, 19.352291 ], [ -99.190805, 19.35398 ], [ -99.186741, 19.352592 ], [ -99.188494, 19.323064 ], [ -99.181784, 19.293855 ], [ -99.182232, 19.29137 ], [ -99.184826, 19.288029 ], [ -99.18496, 19.287733 ], [ -99.184165, 19.288972 ], [ -99.1856, 19.28732 ], [ -99.187146, 19.286869 ], [ -99.187166, 19.286815 ], [ -99.186918, 19.287331 ], [ -99.186833, 19.287404 ], [ -99.185028, 19.287507 ], [ -99.18544, 19.286859 ], [ -99.18381, 19.287458 ], [ -99.180601, 19.287926 ], [ -99.182252, 19.286676 ], [ -99.180631, 19.287882 ], [ -99.181219, 19.287276 ], [ -99.179746, 19.28914 ], [ -99.180544, 19.29379 ], [ -99.178297, 19.291329 ], [ -99.185511, 19.296639 ], [ -99.186153, 19.304112 ], [ -99.187923, 19.318208 ], [ -99.186991, 19.311073 ], [ -99.188747, 19.325074 ], [ -99.189591, 19.332279 ], [ -99.190283, 19.337325 ], [ -99.190283, 19.337325 ], [ -99.19011, 19.337334 ], [ -99.190255, 19.337326 ], [ -99.191357, 19.352156 ] ] } },
{ "type": "Feature", "properties": { "device_id": "01ef0592bf8fc78598cf0259caf2e7f7c66a669a80a11804ccdf868b807ced22", "timestamps": "2020-01-01T06:54:48, 2020-01-01T06:54:49, 2020-01-01T07:14:56, 2020-01-01T07:34:01, 2020-01-01T08:21:49, 2020-01-01T08:47:32, 2020-01-01T09:07:20, 2020-01-01T09:27:36, 2020-01-01T10:13:41, 2020-01-01T10:41:27, 2020-01-01T11:01:34, 2020-01-01T11:22:18, 2020-01-01T11:43:59, 2020-01-01T12:04:56, 2020-01-01T12:44:21, 2020-01-01T13:04:38, 2020-01-01T13:43:19, 2020-01-01T14:47:17, 2020-01-01T15:07:29, 2020-01-01T15:27:29, 2020-01-01T15:47:44, 2020-01-01T17:06:42, 2020-01-01T17:26:03, 2020-01-01T18:05:50, 2020-01-01T18:05:53, 2020-01-01T18:26:51, 2020-01-01T18:59:25, 2020-01-01T19:00:05, 2020-01-01T19:01:40, 2020-01-01T19:03:05, 2020-01-01T19:03:50, 2020-01-01T19:04:40, 2020-01-01T19:05:15, 2020-01-01T19:06:05, 2020-01-01T19:08:12, 2020-01-01T19:09:56, 2020-01-01T19:10:58, 2020-01-01T19:11:49, 2020-01-01T19:13:03, 2020-01-01T19:13:59, 2020-01-01T19:14:49, 2020-01-01T19:15:13, 2020-01-01T19:16:03, 2020-01-01T19:16:59, 2020-01-01T19:17:49, 2020-01-01T19:18:13, 2020-01-01T19:19:03, 2020-01-01T19:19:59, 2020-01-01T19:20:49, 2020-01-01T19:21:13, 2020-01-01T19:22:59, 2020-01-01T19:23:52, 2020-01-01T19:23:53, 2020-01-01T19:24:27, 2020-01-01T19:25:58, 2020-01-01T19:26:49, 2020-01-01T19:27:11, 2020-01-01T19:28:25, 2020-01-01T19:32:54, 2020-01-01T19:34:43, 2020-01-01T19:35:33, 2020-01-01T19:35:57, 2020-01-01T19:37:04, 2020-01-01T19:38:48, 2020-01-01T19:40:01, 2020-01-01T19:41:48, 2020-01-01T19:42:16, 2020-01-01T19:43:21, 2020-01-01T19:44:50, 2020-01-01T19:45:19, 2020-01-01T19:49:42, 2020-01-01T21:49:27, 2020-01-01T21:49:29, 2020-01-01T21:54:04, 2020-01-01T22:09:04, 2020-01-01T22:15:29, 2020-01-01T22:17:13, 2020-01-01T22:17:56, 2020-01-01T22:18:22, 2020-01-01T22:19:31, 2020-01-01T22:20:06, 2020-01-01T22:21:34, 2020-01-01T22:22:45, 2020-01-01T22:24:34, 2020-01-01T22:25:17, 2020-01-01T22:26:07, 2020-01-01T22:27:31, 2020-01-01T22:28:17, 2020-01-01T22:29:07, 2020-01-01T22:30:33, 2020-01-01T22:30:37, 2020-01-01T22:31:44, 2020-01-01T22:32:28, 2020-01-01T22:33:38, 2020-01-01T22:34:44, 2020-01-01T22:35:28, 2020-01-01T22:36:54, 2020-01-01T22:37:44, 2020-01-01T22:38:28, 2020-01-01T22:39:38, 2020-01-01T22:39:54, 2020-01-01T22:40:44, 2020-01-01T22:42:54, 2020-01-01T22:43:44, 2020-01-01T22:44:28, 2020-01-01T22:45:38, 2020-01-01T22:45:54, 2020-01-01T22:47:28, 2020-01-01T22:48:38, 2020-01-01T22:48:54, 2020-01-01T22:49:11, 2020-01-01T22:49:12, 2020-01-01T22:50:03, 2020-01-01T22:50:33, 2020-01-01T22:50:57, 2020-01-01T22:51:35, 2020-01-01T22:52:10, 2020-01-01T22:53:25, 2020-01-01T22:54:06, 2020-01-01T22:54:25, 2020-01-01T22:55:32, 2020-01-01T22:56:16, 2020-01-01T22:58:32, 2020-01-01T22:59:03, 2020-01-01T22:59:04, 2020-01-01T22:59:16, 2020-01-01T23:01:26, 2020-01-01T23:03:39, 2020-01-01T23:12:01, 2020-01-01T23:27:31, 2020-01-01T23:40:51" }, "geometry": { "type": "LineString", "coordinates": [ [ -99.122029, 19.414941 ], [ -99.122029, 19.41492 ], [ -99.122088, 19.415229 ], [ -99.122065, 19.414914 ], [ -99.121999, 19.414964 ], [ -99.121985, 19.414915 ], [ -99.121911, 19.414873 ], [ -99.122049, 19.414855 ], [ -99.121987, 19.414896 ], [ -99.121989, 19.414896 ], [ -99.121953, 19.414885 ], [ -99.122065, 19.414924 ], [ -99.122064, 19.414929 ], [ -99.122019, 19.414941 ], [ -99.121987, 19.414893 ], [ -99.122066, 19.41496 ], [ -99.121988, 19.414917 ], [ -99.122054, 19.414892 ], [ -99.122078, 19.414943 ], [ -99.122085, 19.414942 ], [ -99.122061, 19.414845 ], [ -99.122095, 19.414934 ], [ -99.122125, 19.41501 ], [ -99.122106, 19.415034 ], [ -99.122074, 19.415014 ], [ -99.122099, 19.414997 ], [ -99.112558, 19.413637 ], [ -99.104264, 19.414933 ], [ -99.102859, 19.416636 ], [ -99.096613, 19.416096 ], [ -99.101726, 19.417148 ], [ -99.091661, 19.413224 ], [ -99.091245, 19.412988 ], [ -99.088648, 19.41147 ], [ -99.080917, 19.406917 ], [ -99.07702, 19.408232 ], [ -99.07682, 19.4084 ], [ -99.062525, 19.400399 ], [ -99.040231, 19.387745 ], [ -99.047885, 19.391974 ], [ -99.033261, 19.383778 ], [ -99.027001, 19.380027 ], [ -99.012792, 19.370195 ], [ -99.020534, 19.375752 ], [ -99.006702, 19.365526 ], [ -98.999783, 19.360945 ], [ -98.985594, 19.349873 ], [ -98.993188, 19.35683 ], [ -98.978998, 19.343543 ], [ -98.972654, 19.335674 ], [ -98.962873, 19.327445 ], [ -98.951723, 19.317917 ], [ -98.951286, 19.317578 ], [ -98.938827, 19.30592 ], [ -98.926474, 19.296539 ], [ -98.906037, 19.291342 ], [ -98.896289, 19.291998 ], [ -98.886578, 19.292635 ], [ -98.882171, 19.292672 ], [ -98.881897, 19.292286 ], [ -98.880744, 19.284082 ], [ -98.881108, 19.290271 ], [ -98.881129, 19.264274 ], [ -98.878622, 19.254946 ], [ -98.864081, 19.244938 ], [ -98.855957, 19.240316 ], [ -98.849213, 19.235382 ], [ -98.843432, 19.230846 ], [ -98.837902, 19.226661 ], [ -98.834929, 19.220055 ], [ -98.83383, 19.218717 ], [ -98.833866, 19.219018 ], [ -98.834243, 19.219135 ], [ -98.833471, 19.218505 ], [ -98.881842, 19.266626 ], [ -98.880022, 19.286771 ], [ -98.881501, 19.292415 ], [ -98.880692, 19.290546 ], [ -98.890152, 19.292663 ], [ -98.907221, 19.291287 ], [ -98.923569, 19.294628 ], [ -98.932151, 19.301655 ], [ -98.94159, 19.309599 ], [ -98.967979, 19.331974 ], [ -98.97534, 19.338591 ], [ -98.988528, 19.352786 ], [ -98.995128, 19.3586 ], [ -99.001114, 19.361657 ], [ -99.01413, 19.371422 ], [ -99.02107, 19.376431 ], [ -99.022039, 19.376971 ], [ -99.028695, 19.381561 ], [ -99.035913, 19.385342 ], [ -99.051371, 19.394387 ], [ -99.058748, 19.398554 ], [ -99.064779, 19.402011 ], [ -99.067673, 19.403662 ], [ -99.070947, 19.405557 ], [ -99.072789, 19.406649 ], [ -99.075233, 19.408072 ], [ -99.073488, 19.407039 ], [ -99.076458, 19.408531 ], [ -99.077622, 19.407625 ], [ -99.079858, 19.407033 ], [ -99.083817, 19.407578 ], [ -99.087125, 19.40816 ], [ -99.08435, 19.407653 ], [ -99.090956, 19.408573 ], [ -99.096906, 19.409406 ], [ -99.095591, 19.409192 ], [ -99.097848, 19.409277 ], [ -99.097569, 19.409389 ], [ -99.105063, 19.407713 ], [ -99.104978, 19.407788 ], [ -99.100022, 19.408745 ], [ -99.114703, 19.405761 ], [ -99.120447, 19.405475 ], [ -99.121553, 19.4066 ], [ -99.121617, 19.408922 ], [ -99.12158, 19.406843 ], [ -99.12164, 19.409148 ], [ -99.120756, 19.409888 ], [ -99.119438, 19.411076 ], [ -99.121801, 19.413645 ], [ -99.121841, 19.413421 ], [ -99.121566, 19.411283 ], [ -99.121753, 19.413928 ], [ -99.122157, 19.414901 ], [ -99.122076, 19.414996 ], [ -99.122085, 19.415034 ], [ -99.122086, 19.415115 ] ] } },
{ "type": "Feature", "properties": { "device_id": "38a9413ca3086dab7990a15cbaea248692bc03ad11a875d4c385244bf5c02304", "timestamps": "2020-01-01T06:33:04, 2020-01-01T06:34:16, 2020-01-01T06:34:31, 2020-01-01T06:36:38, 2020-01-01T06:37:13, 2020-01-01T06:37:37, 2020-01-01T06:38:53, 2020-01-01T06:41:33, 2020-01-01T06:42:11, 2020-01-01T06:42:56, 2020-01-01T06:43:16, 2020-01-01T06:45:25, 2020-01-01T06:45:35, 2020-01-01T06:45:44, 2020-01-01T06:46:00, 2020-01-01T06:46:45, 2020-01-01T06:47:04, 2020-01-01T06:49:11, 2020-01-01T06:49:22, 2020-01-01T06:49:29, 2020-01-01T06:49:48, 2020-01-01T06:50:36, 2020-01-01T06:50:40, 2020-01-01T06:51:57, 2020-01-01T06:52:34, 2020-01-01T06:52:59, 2020-01-01T06:55:08, 2020-01-01T06:55:14, 2020-01-01T06:55:40, 2020-01-01T06:57:36, 2020-01-01T06:57:41, 2020-01-01T06:58:02, 2020-01-01T06:58:47, 2020-01-01T06:59:05, 2020-01-01T06:59:33, 2020-01-01T06:59:52, 2020-01-01T07:00:12, 2020-01-01T07:00:28, 2020-01-01T07:01:09, 2020-01-01T07:01:35, 2020-01-01T07:34:36, 2020-01-01T07:34:45, 2020-01-01T07:35:12, 2020-01-01T07:35:28, 2020-01-01T07:35:46, 2020-01-01T07:35:58, 2020-01-01T07:36:09, 2020-01-01T07:36:47, 2020-01-01T07:37:05, 2020-01-01T07:37:22, 2020-01-01T07:37:45, 2020-01-01T07:38:05, 2020-01-01T07:38:41, 2020-01-01T07:40:07, 2020-01-01T07:40:17, 2020-01-01T07:42:36, 2020-01-01T07:42:44, 2020-01-01T07:44:06, 2020-01-01T07:44:18, 2020-01-01T07:45:29, 2020-01-01T07:45:35, 2020-01-01T07:45:45, 2020-01-01T07:45:55, 2020-01-01T07:46:39, 2020-01-01T07:51:21, 2020-01-01T07:53:41, 2020-01-01T07:54:44, 2020-01-01T07:55:15, 2020-01-01T07:55:21, 2020-01-01T07:56:59, 2020-01-01T07:57:23, 2020-01-01T07:58:01, 2020-01-01T07:58:07, 2020-01-01T07:59:32, 2020-01-01T07:59:42, 2020-01-01T08:01:22, 2020-01-01T08:01:31, 2020-01-01T08:01:55, 2020-01-01T08:02:06, 2020-01-01T08:02:24, 2020-01-01T08:04:10, 2020-01-01T08:04:15, 2020-01-01T08:17:02, 2020-01-01T08:19:49, 2020-01-01T08:41:02, 2020-01-01T08:44:26, 2020-01-01T08:44:32, 2020-01-01T08:45:02, 2020-01-01T08:45:19, 2020-01-01T08:45:40, 2020-01-01T08:45:46, 2020-01-01T08:48:08, 2020-01-01T08:48:10, 2020-01-01T08:48:58, 2020-01-01T08:49:41, 2020-01-01T08:51:42, 2020-01-01T08:52:26, 2020-01-01T08:52:48, 2020-01-01T08:53:15, 2020-01-01T08:59:22, 2020-01-01T08:59:34, 2020-01-01T09:16:59, 2020-01-01T09:17:05, 2020-01-01T09:17:30, 2020-01-01T09:43:26, 2020-01-01T09:43:48, 2020-01-01T09:47:55, 2020-01-01T10:01:10, 2020-01-01T10:01:18, 2020-01-01T10:01:42, 2020-01-01T10:07:50, 2020-01-01T10:07:59, 2020-01-01T10:08:15, 2020-01-01T10:09:01, 2020-01-01T10:10:14, 2020-01-01T10:10:25, 2020-01-01T10:10:35, 2020-01-01T10:10:55, 2020-01-01T10:18:09, 2020-01-01T10:18:12, 2020-01-01T10:18:16, 2020-01-01T10:18:28, 2020-01-01T10:18:40, 2020-01-01T10:19:25, 2020-01-01T10:20:15, 2020-01-01T10:20:50, 2020-01-01T10:20:57, 2020-01-01T10:22:36, 2020-01-01T10:22:44, 2020-01-01T10:23:06, 2020-01-01T10:23:24, 2020-01-01T10:23:43, 2020-01-01T10:23:51, 2020-01-01T10:24:08, 2020-01-01T14:14:59, 2020-01-01T15:36:27, 2020-01-01T15:36:33, 2020-01-01T15:36:53, 2020-01-01T15:37:01, 2020-01-01T15:37:47, 2020-01-01T15:38:02, 2020-01-01T15:38:33, 2020-01-01T15:38:51, 2020-01-01T15:39:20, 2020-01-01T15:40:19, 2020-01-01T15:40:49, 2020-01-01T15:42:02, 2020-01-01T15:42:07, 2020-01-01T15:42:44, 2020-01-01T15:43:28, 2020-01-01T15:43:34, 2020-01-01T15:44:52, 2020-01-01T15:59:43, 2020-01-01T16:21:05, 2020-01-01T16:21:18, 2020-01-01T16:21:21, 2020-01-01T16:21:30, 2020-01-01T16:21:35, 2020-01-01T16:24:26, 2020-01-01T16:24:35, 2020-01-01T16:24:39, 2020-01-01T16:24:44, 2020-01-01T16:26:27, 2020-01-01T16:26:34, 2020-01-01T16:27:19, 2020-01-01T16:27:51, 2020-01-01T16:28:59, 2020-01-01T16:29:01, 2020-01-01T16:29:25, 2020-01-01T16:29:35, 2020-01-01T16:30:09, 2020-01-01T16:30:38, 2020-01-01T16:30:44, 2020-01-01T16:30:52, 2020-01-01T16:32:14, 2020-01-01T16:38:03, 2020-01-01T16:38:27, 2020-01-01T16:39:11, 2020-01-01T16:42:35, 2020-01-01T16:42:50, 2020-01-01T16:44:27, 2020-01-01T16:44:39, 2020-01-01T16:44:41, 2020-01-01T16:44:42, 2020-01-01T16:44:57, 2020-01-01T16:45:05, 2020-01-01T16:48:35, 2020-01-01T16:48:56, 2020-01-01T16:49:15, 2020-01-01T16:49:20, 2020-01-01T16:52:50, 2020-01-01T16:52:58, 2020-01-01T16:53:02, 2020-01-01T16:53:15, 2020-01-01T16:53:40, 2020-01-01T16:57:12, 2020-01-01T16:57:23, 2020-01-01T16:57:24, 2020-01-01T16:57:26, 2020-01-01T16:58:32, 2020-01-01T16:58:37, 2020-01-01T17:01:37, 2020-01-01T17:01:47, 2020-01-01T17:01:48, 2020-01-01T17:01:50, 2020-01-01T17:02:48, 2020-01-01T17:02:59, 2020-01-01T17:03:02, 2020-01-01T17:03:18, 2020-01-01T17:04:09, 2020-01-01T17:04:30, 2020-01-01T17:06:47, 2020-01-01T17:09:49, 2020-01-01T17:09:50, 2020-01-01T17:09:53, 2020-01-01T17:20:40, 2020-01-01T17:21:00, 2020-01-01T17:21:53, 2020-01-01T17:22:12, 2020-01-01T17:23:03, 2020-01-01T17:23:53, 2020-01-01T17:23:58, 2020-01-01T17:24:05, 2020-01-01T17:24:10, 2020-01-01T17:24:18, 2020-01-01T17:24:43, 2020-01-01T17:25:10, 2020-01-01T17:25:27, 2020-01-01T17:25:32, 2020-01-01T17:26:14, 2020-01-01T17:26:52, 2020-01-01T17:27:08, 2020-01-01T17:27:30, 2020-01-01T17:28:12, 2020-01-01T17:28:27, 2020-01-01T17:28:56, 2020-01-01T17:29:46, 2020-01-01T17:30:22, 2020-01-01T17:31:11, 2020-01-01T17:31:51, 2020-01-01T17:32:09, 2020-01-01T17:32:30, 2020-01-01T17:32:47, 2020-01-01T17:39:09, 2020-01-01T17:45:18, 2020-01-01T17:45:31, 2020-01-01T17:45:33, 2020-01-01T17:48:17, 2020-01-01T17:48:28, 2020-01-01T17:48:32, 2020-01-01T17:48:35, 2020-01-01T17:56:49, 2020-01-01T17:58:04, 2020-01-01T18:01:56, 2020-01-01T18:02:00, 2020-01-01T18:05:38, 2020-01-01T18:08:27, 2020-01-01T18:15:14, 2020-01-01T18:15:23, 2020-01-01T18:15:35, 2020-01-01T18:16:01, 2020-01-01T18:16:45, 2020-01-01T18:17:43, 2020-01-01T18:17:57, 2020-01-01T18:42:43, 2020-01-01T18:42:49, 2020-01-01T18:43:11, 2020-01-01T18:55:36, 2020-01-01T18:55:59, 2020-01-01T19:00:05, 2020-01-01T19:00:19, 2020-01-01T19:00:21, 2020-01-01T19:03:09, 2020-01-01T19:13:01, 2020-01-01T19:13:09, 2020-01-01T19:13:14, 2020-01-01T19:13:31, 2020-01-01T19:15:34, 2020-01-01T19:15:59, 2020-01-01T19:17:32, 2020-01-01T19:17:38, 2020-01-01T19:17:44, 2020-01-01T19:18:52, 2020-01-01T19:24:22, 2020-01-01T19:24:34, 2020-01-01T19:24:37, 2020-01-01T19:24:52, 2020-01-01T19:34:15, 2020-01-01T19:34:16, 2020-01-01T19:37:15, 2020-01-01T19:37:25, 2020-01-01T19:37:26, 2020-01-01T19:37:29, 2020-01-01T19:37:53, 2020-01-01T19:52:53, 2020-01-01T19:53:07, 2020-01-01T19:53:10, 2020-01-01T19:58:10, 2020-01-01T20:00:10, 2020-01-01T20:21:54, 2020-01-01T20:22:14, 2020-01-01T20:23:02, 2020-01-01T20:23:51, 2020-01-01T20:24:00, 2020-01-01T20:24:29, 2020-01-01T20:25:07, 2020-01-01T20:25:23, 2020-01-01T20:25:44, 2020-01-01T20:26:49, 2020-01-01T20:27:49, 2020-01-01T20:28:11, 2020-01-01T20:29:39, 2020-01-01T20:29:59, 2020-01-01T20:43:03, 2020-01-01T20:43:04, 2020-01-01T20:43:19, 2020-01-01T20:43:25, 2020-01-01T20:43:33, 2020-01-01T20:43:35, 2020-01-01T20:43:38, 2020-01-01T20:44:08, 2020-01-01T20:44:24, 2020-01-01T20:44:34, 2020-01-01T20:44:46, 2020-01-01T20:45:25, 2020-01-01T20:46:45, 2020-01-01T20:46:49, 2020-01-01T20:47:14, 2020-01-01T20:52:19, 2020-01-01T20:52:27, 2020-01-01T20:52:30, 2020-01-01T20:52:41, 2020-01-01T20:52:45, 2020-01-01T20:52:53, 2020-01-01T20:53:10, 2020-01-01T20:53:30, 2020-01-01T20:55:12, 2020-01-01T20:55:23, 2020-01-01T20:55:48, 2020-01-01T20:56:32, 2020-01-01T20:57:00, 2020-01-01T20:57:16, 2020-01-01T20:57:53, 2020-01-01T20:58:14, 2020-01-01T20:58:44, 2020-01-01T20:59:11, 2020-01-01T20:59:53, 2020-01-01T21:00:10, 2020-01-01T21:00:21, 2020-01-01T21:00:26, 2020-01-01T21:01:19, 2020-01-01T21:01:46, 2020-01-01T21:02:05, 2020-01-01T21:02:57, 2020-01-01T21:03:03, 2020-01-01T21:03:16, 2020-01-01T21:03:29, 2020-01-01T21:03:53, 2020-01-01T21:04:11, 2020-01-01T21:05:57, 2020-01-01T21:06:48, 2020-01-01T21:07:00, 2020-01-01T21:07:33, 2020-01-01T21:08:27, 2020-01-01T21:09:32, 2020-01-01T21:09:50, 2020-01-01T21:10:39, 2020-01-01T21:11:03, 2020-01-01T21:11:30, 2020-01-01T21:12:48, 2020-01-01T21:13:08, 2020-01-01T21:15:50, 2020-01-01T21:15:59, 2020-01-01T21:16:25, 2020-01-01T21:16:35, 2020-01-01T21:16:56, 2020-01-01T21:17:49, 2020-01-01T21:17:58, 2020-01-01T21:19:15, 2020-01-01T21:23:05, 2020-01-01T21:23:46, 2020-01-01T21:30:59, 2020-01-01T21:41:49, 2020-01-01T21:42:03, 2020-01-01T21:42:11, 2020-01-01T21:42:55, 2020-01-01T21:43:20, 2020-01-01T21:44:29, 2020-01-01T21:44:39, 2020-01-01T21:45:06, 2020-01-01T21:48:26, 2020-01-01T21:49:24, 2020-01-01T21:49:35, 2020-01-01T21:49:42, 2020-01-01T21:50:00, 2020-01-01T21:53:23, 2020-01-01T21:53:28, 2020-01-01T21:53:34, 2020-01-01T21:53:44, 2020-01-01T21:53:59, 2020-01-01T21:54:11, 2020-01-01T21:54:37, 2020-01-01T21:54:45, 2020-01-01T21:55:04, 2020-01-01T21:55:14, 2020-01-01T21:55:26, 2020-01-01T21:55:34, 2020-01-01T22:12:21, 2020-01-01T22:12:39, 2020-01-01T22:13:22, 2020-01-01T22:15:21, 2020-01-01T22:15:27, 2020-01-01T22:15:46, 2020-01-01T22:16:49, 2020-01-01T22:16:54, 2020-01-01T22:17:06, 2020-01-01T22:17:24, 2020-01-01T22:17:35, 2020-01-01T22:17:41, 2020-01-01T22:17:48, 2020-01-01T22:18:05, 2020-01-01T22:18:12, 2020-01-01T22:18:21, 2020-01-01T22:18:39, 2020-01-01T22:18:55, 2020-01-01T22:19:18, 2020-01-01T22:26:28, 2020-01-01T22:26:34, 2020-01-01T22:29:43, 2020-01-01T22:29:49, 2020-01-01T22:30:18, 2020-01-01T22:30:25, 2020-01-01T22:31:13, 2020-01-01T22:31:20, 2020-01-01T23:05:12, 2020-01-01T23:06:38, 2020-01-01T23:08:39, 2020-01-01T23:08:47, 2020-01-01T23:08:54, 2020-01-01T23:09:12, 2020-01-01T23:09:19, 2020-01-01T23:10:04, 2020-01-01T23:10:14, 2020-01-01T23:11:10, 2020-01-01T23:11:21, 2020-01-01T23:15:07, 2020-01-01T23:15:17, 2020-01-01T23:20:28, 2020-01-01T23:22:13, 2020-01-01T23:26:56, 2020-01-01T23:41:55, 2020-01-01T23:41:59, 2020-01-01T23:42:18" }, "geometry": { "type": "LineString", "coordinates": [ [ -99.007885, 19.396412 ], [ -99.007885, 19.396412 ], [ -99.007885, 19.396412 ], [ -99.007885, 19.396412 ], [ -99.007885, 19.396412 ], [ -99.007885, 19.396412 ], [ -99.007885, 19.396412 ], [ -99.005605, 19.39627 ], [ -99.005605, 19.39627 ], [ -99.005447, 19.396597 ], [ -99.005605, 19.39627 ], [ -99.005605, 19.39627 ], [ -99.005605, 19.39627 ], [ -99.005605, 19.39627 ], [ -99.005605, 19.39627 ], [ -99.005605, 19.39627 ], [ -99.005605, 19.39627 ], [ -99.005542, 19.396334 ], [ -99.005542, 19.396334 ], [ -99.005542, 19.396334 ], [ -99.005542, 19.396334 ], [ -99.00555, 19.39632 ], [ -99.005542, 19.396334 ], [ -99.005542, 19.396334 ], [ -99.005542, 19.396334 ], [ -99.005542, 19.396334 ], [ -99.005542, 19.396334 ], [ -99.005542, 19.396334 ], [ -99.005542, 19.396334 ], [ -99.005555, 19.396445 ], [ -99.005555, 19.396445 ], [ -99.005555, 19.396445 ], [ -99.005555, 19.396445 ], [ -99.005555, 19.396445 ], [ -99.005693, 19.396498 ], [ -99.005562, 19.39625 ], [ -99.005562, 19.39625 ], [ -99.005562, 19.39625 ], [ -99.005562, 19.39625 ], [ -99.005562, 19.39625 ], [ -99.005683, 19.396262 ], [ -99.005683, 19.396262 ], [ -99.005683, 19.396262 ], [ -99.005683, 19.396262 ], [ -99.005683, 19.396262 ], [ -99.005683, 19.396262 ], [ -99.005683, 19.396262 ], [ -99.005683, 19.396262 ], [ -99.005683, 19.396262 ], [ -99.005683, 19.396262 ], [ -99.005683, 19.396262 ], [ -99.005683, 19.396262 ], [ -99.005683, 19.396262 ], [ -99.005683, 19.396262 ], [ -99.005683, 19.396262 ], [ -99.005537, 19.396468 ], [ -99.005537, 19.396468 ], [ -99.00554, 19.39646 ], [ -99.005537, 19.396468 ], [ -99.005537, 19.396468 ], [ -99.005537, 19.396468 ], [ -99.005537, 19.396468 ], [ -99.005537, 19.396468 ], [ -99.005537, 19.396468 ], [ -99.005537, 19.396468 ], [ -99.005545, 19.396681 ], [ -99.005545, 19.396681 ], [ -99.005545, 19.396681 ], [ -99.00555, 19.39668 ], [ -99.005545, 19.396681 ], [ -99.005545, 19.396681 ], [ -99.005545, 19.396681 ], [ -99.005545, 19.396681 ], [ -99.005545, 19.396681 ], [ -99.005545, 19.396681 ], [ -99.005361, 19.396303 ], [ -99.005361, 19.396303 ], [ -99.005361, 19.396303 ], [ -99.005361, 19.396303 ], [ -99.005361, 19.396303 ], [ -99.005361, 19.396303 ], [ -99.005361, 19.396303 ], [ -99.005361, 19.396303 ], [ -99.005696, 19.396538 ], [ -99.005562, 19.39629 ], [ -99.005562, 19.39629 ], [ -99.005562, 19.39627 ], [ -99.005562, 19.39627 ], [ -99.005562, 19.39627 ], [ -99.005562, 19.39627 ], [ -99.005562, 19.39627 ], [ -99.00557, 19.39627 ], [ -99.005562, 19.39627 ], [ -99.005562, 19.39627 ], [ -99.005562, 19.39627 ], [ -99.005562, 19.39627 ], [ -99.005562, 19.39627 ], [ -99.005562, 19.39627 ], [ -99.005562, 19.39627 ], [ -99.005717, 19.396347 ], [ -99.005717, 19.396347 ], [ -99.00559, 19.396484 ], [ -99.00559, 19.396484 ], [ -99.00559, 19.396484 ], [ -99.006849, 19.396832 ], [ -99.006849, 19.396832 ], [ -99.00685, 19.39683 ], [ -99.006849, 19.396832 ], [ -99.006849, 19.396832 ], [ -99.006849, 19.396832 ], [ -99.00568, 19.3965 ], [ -99.005672, 19.396507 ], [ -99.005672, 19.396507 ], [ -99.005672, 19.396507 ], [ -99.005672, 19.396507 ], [ -99.005672, 19.396507 ], [ -99.005672, 19.396507 ], [ -99.005672, 19.396507 ], [ -99.00568, 19.3965 ], [ -99.005672, 19.396507 ], [ -99.005672, 19.396507 ], [ -99.005672, 19.396507 ], [ -99.005672, 19.396507 ], [ -99.005672, 19.396507 ], [ -99.005672, 19.396507 ], [ -99.005672, 19.396507 ], [ -99.005672, 19.396507 ], [ -99.005679, 19.3965 ], [ -99.005672, 19.396507 ], [ -99.005672, 19.396507 ], [ -99.005672, 19.396507 ], [ -99.005672, 19.396507 ], [ -99.00568, 19.3965 ], [ -99.005672, 19.396507 ], [ -99.00564, 19.396491 ], [ -99.005632, 19.39623 ], [ -99.005632, 19.39623 ], [ -99.005632, 19.39623 ], [ -99.005632, 19.39623 ], [ -99.005632, 19.39623 ], [ -99.005632, 19.39623 ], [ -99.005632, 19.39623 ], [ -99.005632, 19.39623 ], [ -99.005632, 19.39623 ], [ -99.005632, 19.39623 ], [ -99.005632, 19.39623 ], [ -99.00564, 19.39623 ], [ -99.005632, 19.39623 ], [ -99.005632, 19.39623 ], [ -99.005632, 19.39623 ], [ -99.00564, 19.39623 ], [ -99.005632, 19.39623 ], [ -99.005632, 19.39623 ], [ -99.005549, 19.396329 ], [ -99.005542, 19.396334 ], [ -99.005542, 19.396333 ], [ -99.005542, 19.396333 ], [ -99.005542, 19.396334 ], [ -99.005542, 19.396334 ], [ -99.005542, 19.396334 ], [ -99.005549, 19.396329 ], [ -99.005542, 19.396333 ], [ -99.005542, 19.396333 ], [ -99.00555, 19.39632 ], [ -99.005738, 19.396292 ], [ -99.005738, 19.396292 ], [ -99.005737, 19.396291 ], [ -99.005738, 19.396292 ], [ -99.00574, 19.39629 ], [ -99.005738, 19.396292 ], [ -99.00574, 19.39629 ], [ -99.005738, 19.396292 ], [ -99.005738, 19.396292 ], [ -99.00574, 19.39629 ], [ -99.00574, 19.39629 ], [ -99.005738, 19.396292 ], [ -99.00569, 19.396288 ], [ -99.00569, 19.396288 ], [ -99.00569, 19.396288 ], [ -99.00569, 19.396288 ], [ -99.00569, 19.39628 ], [ -99.00569, 19.39628 ], [ -99.00569, 19.39628 ], [ -99.00569, 19.396288 ], [ -99.00569, 19.396288 ], [ -99.00569, 19.39628 ], [ -99.00569, 19.396288 ], [ -99.00569, 19.396288 ], [ -99.00569, 19.396288 ], [ -99.00569, 19.39628 ], [ -99.00569, 19.39628 ], [ -99.00569, 19.396288 ], [ -99.00569, 19.39628 ], [ -99.00569, 19.396288 ], [ -99.00569, 19.396288 ], [ -99.00565, 19.39612 ], [ -99.00565, 19.396129 ], [ -99.00565, 19.396129 ], [ -99.005643, 19.396133 ], [ -99.005643, 19.396132 ], [ -99.005643, 19.396133 ], [ -99.005129, 19.398759 ], [ -99.005129, 19.398759 ], [ -99.005129, 19.398759 ], [ -99.005122, 19.398759 ], [ -99.005122, 19.398759 ], [ -99.005129, 19.398759 ], [ -99.005122, 19.398759 ], [ -99.005129, 19.398759 ], [ -99.005123, 19.39876 ], [ -99.00513, 19.39876 ], [ -99.005693, 19.396193 ], [ -99.0057, 19.39619 ], [ -99.0057, 19.39619 ], [ -99.005693, 19.396193 ], [ -99.005852, 19.396535 ], [ -99.005852, 19.396535 ], [ -99.005852, 19.396535 ], [ -99.005853, 19.396535 ], [ -99.005852, 19.396535 ], [ -99.005853, 19.396535 ], [ -99.005852, 19.396535 ], [ -99.005853, 19.396535 ], [ -99.005852, 19.396535 ], [ -99.005853, 19.396535 ], [ -99.005859, 19.396529 ], [ -99.005853, 19.396535 ], [ -99.005859, 19.396529 ], [ -99.005853, 19.396535 ], [ -99.005853, 19.396535 ], [ -99.005859, 19.396529 ], [ -99.005853, 19.396535 ], [ -99.005852, 19.396535 ], [ -99.005852, 19.396535 ], [ -99.005853, 19.396535 ], [ -99.005852, 19.396535 ], [ -99.005853, 19.396535 ], [ -99.005693, 19.39629 ], [ -99.005693, 19.39629 ], [ -99.005693, 19.39629 ], [ -99.005693, 19.39629 ], [ -99.005693, 19.39629 ], [ -99.005693, 19.39629 ], [ -99.00571, 19.39662 ], [ -99.005709, 19.396629 ], [ -99.005709, 19.396629 ], [ -99.005709, 19.396636 ], [ -99.005709, 19.396629 ], [ -99.005709, 19.396629 ], [ -99.005709, 19.396636 ], [ -99.00571, 19.396636 ], [ -99.00571, 19.39662 ], [ -99.005709, 19.396636 ], [ -99.005709, 19.396629 ], [ -99.005709, 19.396636 ], [ -99.00571, 19.39662 ], [ -99.00571, 19.396636 ], [ -99.003816, 19.39295 ], [ -99.00382, 19.392949 ], [ -99.00382, 19.392949 ], [ -99.003816, 19.392949 ], [ -99.00382, 19.392949 ], [ -99.00382, 19.392949 ], [ -99.003816, 19.39295 ], [ -99.00754, 19.39642 ], [ -99.00754, 19.396429 ], [ -99.00754, 19.39642 ], [ -99.00754, 19.39641 ], [ -99.00754, 19.396429 ], [ -99.00754, 19.39642 ], [ -99.00754, 19.39642 ], [ -99.00754, 19.396429 ], [ -99.00754, 19.396429 ], [ -99.00225, 19.393339 ], [ -99.002244, 19.393345 ], [ -99.002245, 19.393345 ], [ -99.00225, 19.393339 ], [ -99.00225, 19.393339 ], [ -99.002245, 19.393345 ], [ -99.00225, 19.393339 ], [ -99.002244, 19.393345 ], [ -99.00225, 19.39334 ], [ -99.002245, 19.393345 ], [ -99.002245, 19.393345 ], [ -99.002245, 19.393345 ], [ -99.00225, 19.393339 ], [ -99.00225, 19.39334 ], [ -99.00495, 19.39517 ], [ -99.004949, 19.39517 ], [ -99.0051, 19.39524 ], [ -99.005099, 19.39524 ], [ -99.005095, 19.395243 ], [ -99.005285, 19.39522 ], [ -99.0051, 19.39524 ], [ -99.005838, 19.395007 ], [ -99.00584, 19.395 ], [ -99.005839, 19.395007 ], [ -99.005838, 19.395007 ], [ -99.005839, 19.395007 ], [ -99.005631, 19.396347 ], [ -99.005631, 19.396347 ], [ -99.005631, 19.396347 ], [ -99.00563, 19.396346 ], [ -99.005632, 19.396346 ], [ -99.00563, 19.396346 ], [ -99.00563, 19.396346 ], [ -99.005631, 19.396347 ], [ -99.00564, 19.39633 ], [ -99.017702, 19.380797 ], [ -99.017755, 19.380951 ], [ -99.01771, 19.38079 ], [ -99.021704, 19.377596 ], [ -99.021704, 19.377596 ], [ -99.03512, 19.384843 ], [ -99.03512, 19.384843 ], [ -99.03512, 19.384843 ], [ -99.03512, 19.384843 ], [ -99.03558, 19.38475 ], [ -99.035579, 19.38475 ], [ -99.03512, 19.384843 ], [ -99.03512, 19.384843 ], [ -99.03512, 19.384843 ], [ -99.03512, 19.384843 ], [ -99.03512, 19.384843 ], [ -99.03512, 19.384843 ], [ -99.03512, 19.384843 ], [ -99.03512, 19.384843 ], [ -99.03512, 19.384843 ], [ -99.03512, 19.384843 ], [ -99.03558, 19.38475 ], [ -99.03512, 19.384843 ], [ -99.035579, 19.38475 ], [ -99.035579, 19.38475 ], [ -99.03512, 19.384843 ], [ -99.03512, 19.384843 ], [ -99.03512, 19.384843 ], [ -99.072178, 19.415722 ], [ -99.072177, 19.415721 ], [ -99.072177, 19.415721 ], [ -99.072177, 19.415721 ], [ -99.072177, 19.415721 ], [ -99.072178, 19.415722 ], [ -99.072177, 19.415721 ], [ -99.072178, 19.415722 ], [ -99.072178, 19.415722 ], [ -99.072177, 19.415721 ], [ -99.072177, 19.415721 ], [ -99.072177, 19.415721 ], [ -99.072177, 19.415721 ], [ -99.072178, 19.415722 ], [ -99.087888, 19.407921 ], [ -99.087888, 19.407922 ], [ -99.087888, 19.407921 ], [ -99.094826, 19.409169 ], [ -99.094826, 19.409169 ], [ -99.094826, 19.40917 ], [ -99.094826, 19.409169 ], [ -99.094826, 19.40917 ], [ -99.094826, 19.409169 ], [ -99.094826, 19.40917 ], [ -99.094826, 19.40917 ], [ -99.094826, 19.409169 ], [ -99.094826, 19.40917 ], [ -99.094826, 19.40917 ], [ -99.094826, 19.409169 ], [ -99.094826, 19.409169 ], [ -99.094826, 19.409169 ], [ -99.094826, 19.40917 ], [ -99.094826, 19.409169 ], [ -99.102842, 19.408636 ], [ -99.102843, 19.408637 ], [ -99.102843, 19.408637 ], [ -99.102842, 19.408636 ], [ -99.102843, 19.408637 ], [ -99.102842, 19.408636 ], [ -99.102842, 19.408636 ], [ -99.102842, 19.408636 ], [ -99.102842, 19.408636 ], [ -99.102842, 19.408636 ], [ -99.102843, 19.408637 ], [ -99.102842, 19.408636 ], [ -99.137486, 19.407976 ], [ -99.137486, 19.407976 ], [ -99.137487, 19.407976 ], [ -99.137486, 19.407976 ], [ -99.137486, 19.407976 ], [ -99.13749, 19.40796 ], [ -99.137486, 19.407976 ], [ -99.137487, 19.407976 ], [ -99.137487, 19.407976 ], [ -99.137486, 19.407976 ], [ -99.189283, 19.398785 ], [ -99.189283, 19.398785 ], [ -99.189283, 19.398785 ], [ -99.189283, 19.398785 ], [ -99.192414, 19.396388 ], [ -99.192414, 19.396388 ], [ -99.192414, 19.396388 ], [ -99.192414, 19.396388 ], [ -99.192414, 19.396388 ], [ -99.192414, 19.396388 ], [ -99.192414, 19.396388 ], [ -99.192414, 19.396388 ], [ -99.192414, 19.396388 ], [ -99.192414, 19.396388 ], [ -99.192414, 19.396388 ], [ -99.192414, 19.396388 ], [ -99.234991, 19.383371 ], [ -99.234992, 19.383372 ], [ -99.234991, 19.383371 ], [ -99.243667, 19.380137 ], [ -99.243666, 19.380136 ], [ -99.243667, 19.380137 ], [ -99.250183, 19.378228 ], [ -99.250183, 19.378228 ], [ -99.250183, 19.378228 ], [ -99.250183, 19.378228 ], [ -99.250183, 19.378228 ], [ -99.250183, 19.378228 ], [ -99.250183, 19.378228 ], [ -99.250183, 19.378228 ], [ -99.250183, 19.378228 ], [ -99.250183, 19.378228 ], [ -99.255187, 19.376043 ], [ -99.254781, 19.3772 ], [ -99.255187, 19.376043 ], [ -99.269723, 19.36334 ], [ -99.269723, 19.363339 ], [ -99.269723, 19.363339 ], [ -99.269723, 19.36334 ], [ -99.269723, 19.36334 ], [ -99.269723, 19.36334 ], [ -99.269723, 19.36334 ], [ -99.269723, 19.36334 ], [ -99.272639, 19.361675 ], [ -99.272639, 19.361676 ], [ -99.272639, 19.361676 ], [ -99.272639, 19.361676 ], [ -99.272639, 19.361676 ], [ -99.272639, 19.361676 ], [ -99.272639, 19.361676 ], [ -99.272639, 19.361676 ], [ -99.272639, 19.361676 ], [ -99.272639, 19.361676 ], [ -99.272639, 19.361676 ], [ -99.272639, 19.361676 ], [ -99.272639, 19.361676 ], [ -99.27271, 19.361694 ], [ -99.27271, 19.361694 ], [ -99.271802, 19.362866 ], [ -99.273345, 19.361434 ], [ -99.273345, 19.361434 ], [ -99.273345, 19.361434 ] ] } },
{ "type": "Feature", "properties": { "device_id": "848f86fadadb6884a0efeaac382fd91cae987c973a22f45bad15d77efec95661", "timestamps": "2020-01-01T06:27:57, 2020-01-01T06:32:44, 2020-01-01T06:33:03, 2020-01-01T06:33:40, 2020-01-01T06:34:14, 2020-01-01T06:35:11, 2020-01-01T06:36:02, 2020-01-01T06:37:01, 2020-01-01T06:37:19, 2020-01-01T06:37:38, 2020-01-01T06:38:50, 2020-01-01T06:39:28, 2020-01-01T06:40:23, 2020-01-01T06:41:19, 2020-01-01T06:41:38, 2020-01-01T06:41:55, 2020-01-01T06:42:15, 2020-01-01T06:42:29, 2020-01-01T06:43:26, 2020-01-01T06:44:04, 2020-01-01T06:44:22, 2020-01-01T06:44:40, 2020-01-01T06:45:19, 2020-01-01T06:45:35, 2020-01-01T06:45:54, 2020-01-01T06:46:14, 2020-01-01T06:46:32, 2020-01-01T06:46:49, 2020-01-01T06:47:25, 2020-01-01T06:48:20, 2020-01-01T06:48:39, 2020-01-01T06:48:56, 2020-01-01T06:49:16, 2020-01-01T06:49:36, 2020-01-01T06:49:52, 2020-01-01T06:50:29, 2020-01-01T06:50:47, 2020-01-01T06:51:43, 2020-01-01T06:52:57, 2020-01-01T06:53:14, 2020-01-01T06:53:33, 2020-01-01T06:53:51, 2020-01-01T06:54:06, 2020-01-01T06:54:28, 2020-01-01T06:54:46, 2020-01-01T06:55:23, 2020-01-01T06:56:18, 2020-01-01T06:56:56, 2020-01-01T06:57:31, 2020-01-01T06:58:07, 2020-01-01T06:59:22, 2020-01-01T06:59:59, 2020-01-01T07:00:18, 2020-01-01T07:00:35, 2020-01-01T07:01:14, 2020-01-01T07:01:49, 2020-01-01T07:02:08, 2020-01-01T07:02:26, 2020-01-01T07:02:45, 2020-01-01T07:03:39, 2020-01-01T07:04:15, 2020-01-01T09:53:35, 2020-01-01T14:27:32, 2020-01-01T17:26:35, 2020-01-01T17:57:14, 2020-01-01T17:57:27, 2020-01-01T17:57:31, 2020-01-01T17:57:47, 2020-01-01T17:58:33, 2020-01-01T17:58:38, 2020-01-01T18:00:06, 2020-01-01T18:00:52, 2020-01-01T18:16:43, 2020-01-01T18:28:26, 2020-01-01T18:49:14, 2020-01-01T18:49:22, 2020-01-01T18:49:25, 2020-01-01T18:49:36, 2020-01-01T18:49:44, 2020-01-01T18:50:00, 2020-01-01T18:50:19, 2020-01-01T18:50:29, 2020-01-01T18:51:06, 2020-01-01T18:51:20, 2020-01-01T18:53:49, 2020-01-01T19:01:54, 2020-01-01T19:01:59, 2020-01-01T19:02:37, 2020-01-01T19:53:48, 2020-01-01T19:53:54, 2020-01-01T20:33:52, 2020-01-01T21:30:06, 2020-01-01T21:30:26, 2020-01-01T21:30:31, 2020-01-01T21:31:16, 2020-01-01T21:38:05, 2020-01-01T21:38:16, 2020-01-01T23:28:25, 2020-01-01T23:28:55, 2020-01-01T23:29:09, 2020-01-01T23:29:19, 2020-01-01T23:30:31, 2020-01-01T23:31:00, 2020-01-01T23:31:10, 2020-01-01T23:31:24, 2020-01-01T23:31:50, 2020-01-01T23:32:13, 2020-01-01T23:32:18, 2020-01-01T23:33:44, 2020-01-01T23:35:24, 2020-01-01T23:36:12, 2020-01-01T23:36:41, 2020-01-01T23:36:47, 2020-01-01T23:37:25, 2020-01-01T23:38:17, 2020-01-01T23:38:50, 2020-01-01T23:39:34, 2020-01-01T23:39:51, 2020-01-01T23:41:44, 2020-01-01T23:43:21, 2020-01-01T23:44:01, 2020-01-01T23:44:08, 2020-01-01T23:46:14, 2020-01-01T23:48:27, 2020-01-01T23:49:20, 2020-01-01T23:51:57, 2020-01-01T23:52:04, 2020-01-01T23:52:27, 2020-01-01T23:53:25, 2020-01-01T23:53:39, 2020-01-01T23:53:45, 2020-01-01T23:57:34, 2020-01-01T23:57:41, 2020-01-01T23:57:56, 2020-01-01T23:58:04, 2020-01-01T23:58:28" }, "geometry": { "type": "LineString", "coordinates": [ [ -98.996143, 19.350204 ], [ -98.996169, 19.350145 ], [ -98.996169, 19.350145 ], [ -98.99617, 19.350145 ], [ -98.996169, 19.350145 ], [ -98.99617, 19.350145 ], [ -98.99617, 19.35014 ], [ -98.996187, 19.350127 ], [ -98.996187, 19.350127 ], [ -98.996187, 19.350127 ], [ -98.996187, 19.350127 ], [ -98.996187, 19.350127 ], [ -98.996187, 19.350127 ], [ -98.996154, 19.350154 ], [ -98.996154, 19.350153 ], [ -98.996154, 19.350154 ], [ -98.996154, 19.350154 ], [ -98.99616, 19.35014 ], [ -98.996154, 19.350153 ], [ -98.996154, 19.350153 ], [ -98.996154, 19.350153 ], [ -98.996154, 19.350154 ], [ -98.996154, 19.350154 ], [ -98.996154, 19.350144 ], [ -98.996154, 19.350144 ], [ -98.996154, 19.350143 ], [ -98.996154, 19.350144 ], [ -98.996154, 19.350144 ], [ -98.996154, 19.350143 ], [ -98.996154, 19.350144 ], [ -98.996154, 19.350143 ], [ -98.996154, 19.350143 ], [ -98.996154, 19.350144 ], [ -98.996154, 19.350143 ], [ -98.996154, 19.350144 ], [ -98.996155, 19.350152 ], [ -98.996155, 19.350152 ], [ -98.996156, 19.350153 ], [ -98.996155, 19.350152 ], [ -98.996155, 19.350152 ], [ -98.996155, 19.350152 ], [ -98.996155, 19.350152 ], [ -98.996156, 19.350153 ], [ -98.996155, 19.350152 ], [ -98.996155, 19.350152 ], [ -98.996155, 19.350152 ], [ -98.996155, 19.350152 ], [ -98.996155, 19.350153 ], [ -98.996155, 19.350152 ], [ -98.996155, 19.350152 ], [ -98.996155, 19.350152 ], [ -98.996155, 19.350152 ], [ -98.996155, 19.350152 ], [ -98.996151, 19.350152 ], [ -98.996151, 19.350153 ], [ -98.996151, 19.350153 ], [ -98.996151, 19.350153 ], [ -98.996151, 19.350153 ], [ -98.996151, 19.350152 ], [ -98.996151, 19.350152 ], [ -98.996151, 19.350152 ], [ -98.99613, 19.35014 ], [ -99.004875, 19.367516 ], [ -99.00511, 19.36769 ], [ -99.005089, 19.367619 ], [ -99.005086, 19.367623 ], [ -99.005085, 19.367622 ], [ -99.005086, 19.367622 ], [ -99.00509, 19.36761 ], [ -99.005085, 19.367622 ], [ -99.00514, 19.36765 ], [ -99.00514, 19.367653 ], [ -99.00514, 19.36768 ], [ -99.00535, 19.36769 ], [ -99.00456, 19.36733 ], [ -99.004555, 19.367345 ], [ -99.004556, 19.367345 ], [ -99.004556, 19.367345 ], [ -99.00456, 19.36733 ], [ -99.004556, 19.367345 ], [ -99.00456, 19.36733 ], [ -99.004556, 19.367345 ], [ -99.004555, 19.367345 ], [ -99.004882, 19.367457 ], [ -99.00489, 19.36745 ], [ -99.00453, 19.36731 ], [ -99.00453, 19.367315 ], [ -99.00453, 19.367315 ], [ -99.00454, 19.36741 ], [ -99.00456, 19.36743 ], [ -99.005076, 19.367658 ], [ -99.050658, 19.362725 ], [ -99.050658, 19.362725 ], [ -99.050658, 19.362725 ], [ -99.050658, 19.362725 ], [ -99.005437, 19.36774 ], [ -99.005437, 19.36774 ], [ -99.005905, 19.367469 ], [ -99.005904, 19.367469 ], [ -99.005904, 19.367469 ], [ -99.005905, 19.367469 ], [ -99.004279, 19.365141 ], [ -99.005058, 19.36378 ], [ -99.005058, 19.36378 ], [ -99.005058, 19.363781 ], [ -99.005058, 19.363781 ], [ -99.005058, 19.36378 ], [ -99.005058, 19.363781 ], [ -99.005444, 19.364489 ], [ -99.005444, 19.364489 ], [ -99.005445, 19.36449 ], [ -99.016784, 19.372972 ], [ -99.016784, 19.372972 ], [ -99.016784, 19.372971 ], [ -99.025602, 19.379001 ], [ -99.025602, 19.379001 ], [ -99.025602, 19.379001 ], [ -99.025602, 19.379001 ], [ -99.035476, 19.385179 ], [ -99.035477, 19.385179 ], [ -99.0353, 19.38496 ], [ -99.035292, 19.384962 ], [ -99.03864, 19.387476 ], [ -99.05145, 19.394157 ], [ -99.051449, 19.394157 ], [ -99.051449, 19.394157 ], [ -99.05145, 19.394157 ], [ -99.05145, 19.394157 ], [ -99.06972, 19.40473 ], [ -99.069718, 19.404737 ], [ -99.069718, 19.404737 ], [ -99.072074, 19.415664 ], [ -99.072074, 19.415664 ], [ -99.072073, 19.415664 ], [ -99.072074, 19.415664 ], [ -99.072073, 19.415664 ] ] } },
{ "type": "Feature", "properties": { "device_id": "d097b740b2bab1df499360bc7cb13b9d4eeabeafbd0ae57b60cec347fec510fd", "timestamps": "2020-01-01T06:12:58, 2020-01-01T06:18:10, 2020-01-01T06:27:59, 2020-01-01T06:48:25, 2020-01-01T08:07:32, 2020-01-01T08:28:13, 2020-01-01T09:07:18, 2020-01-01T09:27:05, 2020-01-01T10:06:01, 2020-01-01T10:27:08, 2020-01-01T10:49:17, 2020-01-01T11:11:55, 2020-01-01T11:32:17, 2020-01-01T11:53:06, 2020-01-01T12:14:05, 2020-01-01T12:36:13, 2020-01-01T12:56:59, 2020-01-01T13:15:31, 2020-01-01T13:36:22, 2020-01-01T13:56:07, 2020-01-01T14:17:09, 2020-01-01T14:37:56, 2020-01-01T15:16:35, 2020-01-01T15:37:49, 2020-01-01T17:17:35, 2020-01-01T17:38:44, 2020-01-01T17:57:32, 2020-01-01T19:37:44, 2020-01-01T20:43:51, 2020-01-01T20:48:32, 2020-01-01T20:58:13, 2020-01-01T20:58:20, 2020-01-01T20:59:00, 2020-01-01T20:59:25, 2020-01-01T21:00:35, 2020-01-01T21:01:10, 2020-01-01T21:02:00, 2020-01-01T21:02:25, 2020-01-01T21:03:35, 2020-01-01T21:04:47, 2020-01-01T21:05:14, 2020-01-01T21:06:04, 2020-01-01T21:06:58, 2020-01-01T21:07:48, 2020-01-01T21:08:14, 2020-01-01T21:09:04, 2020-01-01T21:09:22, 2020-01-01T21:10:48, 2020-01-01T21:11:14, 2020-01-01T21:12:04, 2020-01-01T21:12:58, 2020-01-01T21:13:48, 2020-01-01T21:14:14, 2020-01-01T21:15:04, 2020-01-01T21:15:58, 2020-01-01T21:16:48, 2020-01-01T21:17:14, 2020-01-01T21:18:00, 2020-01-01T21:18:58, 2020-01-01T21:21:04, 2020-01-01T21:21:58, 2020-01-01T21:22:48, 2020-01-01T21:23:14, 2020-01-01T21:24:04, 2020-01-01T21:24:58, 2020-01-01T21:25:48, 2020-01-01T21:26:14, 2020-01-01T21:27:04, 2020-01-01T21:27:58, 2020-01-01T21:28:48, 2020-01-01T21:29:13, 2020-01-01T21:30:04, 2020-01-01T21:30:58, 2020-01-01T21:31:49, 2020-01-01T21:32:46, 2020-01-01T21:33:58, 2020-01-01T21:34:48, 2020-01-01T21:35:14, 2020-01-01T21:36:00, 2020-01-01T21:36:58, 2020-01-01T21:38:10, 2020-01-01T21:40:05, 2020-01-01T21:40:53, 2020-01-01T21:41:40, 2020-01-01T21:42:15, 2020-01-01T21:43:05, 2020-01-01T21:43:50, 2020-01-01T21:44:40, 2020-01-01T21:45:15, 2020-01-01T21:46:05, 2020-01-01T21:46:50, 2020-01-01T21:47:48, 2020-01-01T21:48:18, 2020-01-01T21:49:05, 2020-01-01T21:49:50, 2020-01-01T21:50:40, 2020-01-01T21:51:15, 2020-01-01T21:52:02, 2020-01-01T21:52:57, 2020-01-01T21:53:40, 2020-01-01T21:54:15, 2020-01-01T21:55:05, 2020-01-01T21:55:50, 2020-01-01T21:56:40, 2020-01-01T21:57:15, 2020-01-01T21:58:05, 2020-01-01T21:58:50, 2020-01-01T21:59:14, 2020-01-01T22:03:43, 2020-01-01T22:23:06, 2020-01-01T22:43:24, 2020-01-01T23:23:29, 2020-01-01T23:43:55" }, "geometry": { "type": "LineString", "coordinates": [ [ -98.872457, 19.330309 ], [ -98.872527, 19.33033 ], [ -98.872399, 19.330312 ], [ -98.872467, 19.330295 ], [ -98.872439, 19.330321 ], [ -98.872319, 19.330287 ], [ -98.872563, 19.329903 ], [ -98.872619, 19.329942 ], [ -98.872509, 19.329993 ], [ -98.872441, 19.329984 ], [ -98.872481, 19.32995 ], [ -98.872563, 19.329983 ], [ -98.872538, 19.329901 ], [ -98.872558, 19.329855 ], [ -98.872537, 19.329901 ], [ -98.872534, 19.330007 ], [ -98.87254, 19.32985 ], [ -98.872492, 19.329997 ], [ -98.872489, 19.330014 ], [ -98.872536, 19.330009 ], [ -98.872473, 19.330015 ], [ -98.872505, 19.330046 ], [ -98.87252, 19.329925 ], [ -98.872522, 19.329994 ], [ -98.872372, 19.330191 ], [ -98.872324, 19.3304 ], [ -98.872361, 19.330353 ], [ -98.872309, 19.330459 ], [ -98.872369, 19.330224 ], [ -98.872311, 19.330393 ], [ -98.870373, 19.330197 ], [ -98.870374, 19.330197 ], [ -98.867566, 19.327325 ], [ -98.868184, 19.329635 ], [ -98.86871, 19.32332 ], [ -98.870305, 19.319087 ], [ -98.876242, 19.315774 ], [ -98.871993, 19.316337 ], [ -98.879874, 19.315312 ], [ -98.88016, 19.315279 ], [ -98.882764, 19.314895 ], [ -98.885743, 19.314389 ], [ -98.883819, 19.314703 ], [ -98.89061, 19.313468 ], [ -98.893684, 19.312893 ], [ -98.897116, 19.312296 ], [ -98.89479, 19.312721 ], [ -98.899236, 19.311904 ], [ -98.901427, 19.311141 ], [ -98.901576, 19.30673 ], [ -98.901495, 19.309164 ], [ -98.901647, 19.303854 ], [ -98.901723, 19.300542 ], [ -98.901818, 19.294697 ], [ -98.901759, 19.29686 ], [ -98.901921, 19.292749 ], [ -98.903448, 19.291823 ], [ -98.920514, 19.291917 ], [ -98.911727, 19.291272 ], [ -98.946531, 19.313914 ], [ -98.9397, 19.308099 ], [ -98.952539, 19.319022 ], [ -98.958078, 19.323636 ], [ -98.97112, 19.334451 ], [ -98.963792, 19.328382 ], [ -98.977187, 19.341272 ], [ -98.983302, 19.347746 ], [ -98.99635, 19.358702 ], [ -98.99018, 19.354337 ], [ -99.002657, 19.362447 ], [ -99.008253, 19.366963 ], [ -99.021395, 19.376538 ], [ -99.014497, 19.371575 ], [ -99.02804, 19.380972 ], [ -99.035306, 19.384985 ], [ -99.041044, 19.388412 ], [ -99.056062, 19.397058 ], [ -99.061812, 19.40038 ], [ -99.070717, 19.405504 ], [ -99.067613, 19.403685 ], [ -99.07525, 19.408148 ], [ -99.080112, 19.410873 ], [ -99.076152, 19.408633 ], [ -99.084553, 19.413441 ], [ -99.086372, 19.414481 ], [ -99.091884, 19.417771 ], [ -99.08919, 19.416182 ], [ -99.092634, 19.41993 ], [ -99.094592, 19.422087 ], [ -99.089406, 19.432183 ], [ -99.092542, 19.42656 ], [ -99.086084, 19.437778 ], [ -99.086008, 19.443568 ], [ -99.080282, 19.450357 ], [ -99.086074, 19.446156 ], [ -99.074314, 19.45434 ], [ -99.067929, 19.459006 ], [ -99.057293, 19.466703 ], [ -99.060899, 19.461608 ], [ -99.054134, 19.473626 ], [ -99.050761, 19.481202 ], [ -99.04519, 19.493899 ], [ -99.047836, 19.487809 ], [ -99.041949, 19.501194 ], [ -99.038768, 19.508428 ], [ -99.033108, 19.520905 ], [ -99.035586, 19.515598 ], [ -99.03155, 19.520824 ], [ -99.029701, 19.51832 ], [ -99.02973, 19.518358 ], [ -99.029709, 19.518372 ], [ -99.029727, 19.518372 ], [ -99.029674, 19.518375 ] ] } },
{ "type": "Feature", "properties": { "device_id": "1febb73ac425e390be086cda3217bd26fbf916808b69ed863eda2989d323c62b", "timestamps": "2020-01-01T06:00:08, 2020-01-01T06:54:18, 2020-01-01T06:54:45, 2020-01-01T06:56:08, 2020-01-01T07:02:34, 2020-01-01T07:05:18, 2020-01-01T07:10:45, 2020-01-01T07:12:00, 2020-01-01T07:12:25, 2020-01-01T07:12:50, 2020-01-01T07:12:59, 2020-01-01T07:13:35, 2020-01-01T07:14:16, 2020-01-01T07:15:06, 2020-01-01T07:15:22, 2020-01-01T07:16:31, 2020-01-01T07:17:17, 2020-01-01T07:18:08, 2020-01-01T07:18:24, 2020-01-01T07:19:34, 2020-01-01T07:20:15, 2020-01-01T07:20:48, 2020-01-01T07:21:13, 2020-01-01T07:22:07, 2020-01-01T07:22:25, 2020-01-01T07:32:36, 2020-01-01T07:42:14, 2020-01-01T07:42:27, 2020-01-01T08:00:09, 2020-01-01T08:20:56, 2020-01-01T08:31:40, 2020-01-01T08:50:34, 2020-01-01T08:50:40, 2020-01-01T08:50:48, 2020-01-01T09:10:55, 2020-01-01T09:57:15, 2020-01-01T09:59:47, 2020-01-01T10:07:28, 2020-01-01T10:17:14, 2020-01-01T10:36:49, 2020-01-01T10:57:44, 2020-01-01T11:08:51, 2020-01-01T11:17:02, 2020-01-01T11:28:27, 2020-01-01T11:43:25, 2020-01-01T12:03:22, 2020-01-01T12:40:19, 2020-01-01T12:51:13, 2020-01-01T13:10:17, 2020-01-01T13:25:33, 2020-01-01T13:44:44, 2020-01-01T14:00:56, 2020-01-01T14:12:37, 2020-01-01T14:31:01, 2020-01-01T14:41:35, 2020-01-01T15:10:03, 2020-01-01T15:20:03, 2020-01-01T15:24:16, 2020-01-01T15:34:01, 2020-01-01T16:05:27, 2020-01-01T16:15:17, 2020-01-01T16:25:04, 2020-01-01T16:35:08, 2020-01-01T16:48:06, 2020-01-01T16:58:06, 2020-01-01T17:10:06, 2020-01-01T17:21:34, 2020-01-01T17:31:08, 2020-01-01T17:43:20, 2020-01-01T17:53:34, 2020-01-01T18:04:47, 2020-01-01T18:25:40, 2020-01-01T18:35:12, 2020-01-01T18:45:12, 2020-01-01T18:57:04, 2020-01-01T18:57:37, 2020-01-01T19:02:39, 2020-01-01T19:02:53, 2020-01-01T19:03:40, 2020-01-01T19:04:12, 2020-01-01T19:05:02, 2020-01-01T19:05:56, 2020-01-01T19:06:46, 2020-01-01T19:07:12, 2020-01-01T19:08:04, 2020-01-01T19:08:57, 2020-01-01T19:09:48, 2020-01-01T19:10:57, 2020-01-01T19:14:50, 2020-01-01T19:17:30, 2020-01-01T19:27:34, 2020-01-01T19:37:03, 2020-01-01T19:49:12, 2020-01-01T19:49:14, 2020-01-01T19:59:28, 2020-01-01T20:09:39, 2020-01-01T20:20:12, 2020-01-01T20:25:01, 2020-01-01T20:31:02, 2020-01-01T20:37:01, 2020-01-01T20:47:31, 2020-01-01T20:57:38, 2020-01-01T20:59:25, 2020-01-01T21:01:35, 2020-01-01T21:02:16, 2020-01-01T21:03:07, 2020-01-01T21:03:22, 2020-01-01T21:04:02, 2020-01-01T21:04:18, 2020-01-01T21:04:34, 2020-01-01T21:05:47, 2020-01-01T21:06:25, 2020-01-01T21:12:20, 2020-01-01T21:22:03, 2020-01-01T21:33:15, 2020-01-01T21:42:19, 2020-01-01T21:53:17, 2020-01-01T22:03:35, 2020-01-01T22:13:32, 2020-01-01T22:24:41, 2020-01-01T22:38:32, 2020-01-01T22:41:58, 2020-01-01T22:47:20, 2020-01-01T22:47:29, 2020-01-01T22:48:02, 2020-01-01T22:48:50, 2020-01-01T22:49:46, 2020-01-01T22:50:11, 2020-01-01T22:51:04, 2020-01-01T22:51:57, 2020-01-01T22:52:48, 2020-01-01T22:53:13, 2020-01-01T22:54:03, 2020-01-01T22:54:59, 2020-01-01T22:55:32, 2020-01-01T22:56:10, 2020-01-01T22:57:07, 2020-01-01T22:57:22, 2020-01-01T22:58:34, 2020-01-01T22:59:18, 2020-01-01T23:00:09, 2020-01-01T23:00:24, 2020-01-01T23:01:33, 2020-01-01T23:02:45, 2020-01-01T23:03:26, 2020-01-01T23:04:36, 2020-01-01T23:04:52, 2020-01-01T23:05:42, 2020-01-01T23:06:27, 2020-01-01T23:07:38, 2020-01-01T23:07:51, 2020-01-01T23:08:44, 2020-01-01T23:09:23, 2020-01-01T23:19:18, 2020-01-01T23:26:37, 2020-01-01T23:26:52, 2020-01-01T23:27:41, 2020-01-01T23:28:28, 2020-01-01T23:29:39, 2020-01-01T23:29:54, 2020-01-01T23:30:43, 2020-01-01T23:31:15, 2020-01-01T23:32:02, 2020-01-01T23:32:56, 2020-01-01T23:33:46, 2020-01-01T23:34:11, 2020-01-01T23:35:03, 2020-01-01T23:35:58, 2020-01-01T23:36:49, 2020-01-01T23:37:10, 2020-01-01T23:38:07, 2020-01-01T23:38:22, 2020-01-01T23:39:31, 2020-01-01T23:40:17, 2020-01-01T23:41:09, 2020-01-01T23:42:30, 2020-01-01T23:43:45, 2020-01-01T23:44:20, 2020-01-01T23:45:36, 2020-01-01T23:46:04, 2020-01-01T23:46:09, 2020-01-01T23:46:32, 2020-01-01T23:46:36, 2020-01-01T23:46:38, 2020-01-01T23:46:43, 2020-01-01T23:46:47, 2020-01-01T23:46:49, 2020-01-01T23:47:03, 2020-01-01T23:47:06, 2020-01-01T23:47:08, 2020-01-01T23:47:18, 2020-01-01T23:47:26, 2020-01-01T23:47:28, 2020-01-01T23:47:29, 2020-01-01T23:47:36, 2020-01-01T23:47:39, 2020-01-01T23:47:44, 2020-01-01T23:47:46, 2020-01-01T23:47:48, 2020-01-01T23:47:57, 2020-01-01T23:47:58, 2020-01-01T23:48:04, 2020-01-01T23:48:06, 2020-01-01T23:48:08, 2020-01-01T23:48:16, 2020-01-01T23:48:19, 2020-01-01T23:48:25, 2020-01-01T23:48:28, 2020-01-01T23:48:39, 2020-01-01T23:48:47, 2020-01-01T23:48:54, 2020-01-01T23:49:05, 2020-01-01T23:49:08, 2020-01-01T23:49:13, 2020-01-01T23:49:17, 2020-01-01T23:49:27, 2020-01-01T23:49:36, 2020-01-01T23:49:38, 2020-01-01T23:49:45, 2020-01-01T23:49:56, 2020-01-01T23:49:58, 2020-01-01T23:53:33, 2020-01-01T23:54:19, 2020-01-01T23:55:20, 2020-01-01T23:56:55" }, "geometry": { "type": "LineString", "coordinates": [ [ -99.082178, 19.435878 ], [ -99.082162, 19.435701 ], [ -99.08203, 19.435978 ], [ -99.081301, 19.436402 ], [ -99.082858, 19.435502 ], [ -99.083012, 19.435687 ], [ -99.082418, 19.43595 ], [ -99.090579, 19.43063 ], [ -99.086794, 19.435315 ], [ -99.086429, 19.435169 ], [ -99.086707, 19.435272 ], [ -99.093465, 19.426509 ], [ -99.089435, 19.424971 ], [ -99.079187, 19.417945 ], [ -99.084083, 19.421873 ], [ -99.074185, 19.414738 ], [ -99.067213, 19.413441 ], [ -99.058837, 19.412787 ], [ -99.062243, 19.413372 ], [ -99.059177, 19.409752 ], [ -99.059382, 19.407901 ], [ -99.059458, 19.407007 ], [ -99.059728, 19.404751 ], [ -99.060032, 19.404401 ], [ -99.059779, 19.404421 ], [ -99.060037, 19.4046 ], [ -99.060039, 19.404582 ], [ -99.060037, 19.404591 ], [ -99.060064, 19.40458 ], [ -99.060064, 19.40458 ], [ -99.06004, 19.404602 ], [ -99.060022, 19.404518 ], [ -99.060064, 19.404556 ], [ -99.060033, 19.404528 ], [ -99.06007, 19.404554 ], [ -99.06007, 19.404554 ], [ -99.060051, 19.40457 ], [ -99.06006, 19.404597 ], [ -99.06006, 19.404597 ], [ -99.060002, 19.404661 ], [ -99.060001, 19.404634 ], [ -99.060001, 19.404634 ], [ -99.060001, 19.404634 ], [ -99.060071, 19.404541 ], [ -99.06006, 19.40458 ], [ -99.06006, 19.40458 ], [ -99.06006, 19.40458 ], [ -99.06006, 19.40458 ], [ -99.060063, 19.404568 ], [ -99.060063, 19.404568 ], [ -99.060042, 19.404643 ], [ -99.060006, 19.404563 ], [ -99.060076, 19.404554 ], [ -99.060067, 19.404566 ], [ -99.060066, 19.404551 ], [ -99.060002, 19.404557 ], [ -99.060054, 19.404552 ], [ -99.060088, 19.40455 ], [ -99.059976, 19.404665 ], [ -99.060035, 19.404601 ], [ -99.060044, 19.40462 ], [ -99.060013, 19.404625 ], [ -99.059899, 19.404713 ], [ -99.060052, 19.40456 ], [ -99.060059, 19.40457 ], [ -99.060086, 19.404554 ], [ -99.060051, 19.404556 ], [ -99.060053, 19.404572 ], [ -99.060038, 19.404582 ], [ -99.060038, 19.404574 ], [ -99.060038, 19.404581 ], [ -99.060037, 19.404582 ], [ -99.060039, 19.404582 ], [ -99.060052, 19.404554 ], [ -99.060055, 19.401255 ], [ -99.060039, 19.401348 ], [ -99.066424, 19.40316 ], [ -99.063511, 19.40168 ], [ -99.067912, 19.404091 ], [ -99.073365, 19.407154 ], [ -99.079425, 19.410639 ], [ -99.07783, 19.409667 ], [ -99.081062, 19.411528 ], [ -99.082984, 19.412649 ], [ -99.088649, 19.415876 ], [ -99.086446, 19.414671 ], [ -99.089755, 19.416597 ], [ -99.089854, 19.416884 ], [ -99.090224, 19.41645 ], [ -99.1094, 19.426506 ], [ -99.200455, 19.398244 ], [ -99.200455, 19.398244 ], [ -99.199666, 19.396433 ], [ -99.199684, 19.396466 ], [ -99.200029, 19.398172 ], [ -99.200304, 19.398287 ], [ -99.20033, 19.398255 ], [ -99.074825, 19.416007 ], [ -99.200328, 19.398256 ], [ -99.075516, 19.415496 ], [ -99.075683, 19.415661 ], [ -99.069112, 19.413656 ], [ -99.066968, 19.41372 ], [ -99.057326, 19.412478 ], [ -99.056968, 19.412297 ], [ -99.057244, 19.409676 ], [ -99.057151, 19.410635 ], [ -99.057722, 19.405777 ], [ -99.057526, 19.407046 ], [ -99.057707, 19.405865 ], [ -99.057836, 19.403971 ], [ -99.058058, 19.403828 ], [ -99.060083, 19.404564 ], [ -99.060058, 19.404552 ], [ -99.060062, 19.40457 ], [ -99.060005, 19.40463 ], [ -99.059972, 19.404661 ], [ -99.060033, 19.404579 ], [ -99.060031, 19.404595 ], [ -99.060048, 19.404602 ], [ -99.060018, 19.404695 ], [ -99.059793, 19.40352 ], [ -99.062999, 19.401217 ], [ -99.063263, 19.401365 ], [ -99.069297, 19.404847 ], [ -99.065619, 19.402708 ], [ -99.071876, 19.406333 ], [ -99.075702, 19.408496 ], [ -99.079033, 19.410468 ], [ -99.075952, 19.408682 ], [ -99.081218, 19.411699 ], [ -99.085212, 19.413946 ], [ -99.089271, 19.416341 ], [ -99.086095, 19.414481 ], [ -99.089612, 19.416546 ], [ -99.090083, 19.416928 ], [ -99.090142, 19.416873 ], [ -99.090083, 19.41685 ], [ -99.090135, 19.41689 ], [ -99.090133, 19.416887 ], [ -99.090145, 19.416885 ], [ -99.090131, 19.416885 ], [ -99.090146, 19.416882 ], [ -99.090148, 19.416884 ], [ -99.090153, 19.416876 ], [ -99.090131, 19.41688 ], [ -99.090185, 19.416888 ], [ -99.09015, 19.416864 ], [ -99.090181, 19.416871 ], [ -99.090184, 19.41688 ], [ -99.090183, 19.416886 ], [ -99.090184, 19.41688 ], [ -99.090214, 19.416871 ], [ -99.090327, 19.416895 ], [ -99.090645, 19.416336 ], [ -99.0935, 19.418702 ], [ -99.086717, 19.414113 ], [ -99.081776, 19.411216 ], [ -99.077764, 19.408874 ], [ -99.077892, 19.409031 ], [ -99.077537, 19.40875 ], [ -99.072176, 19.405912 ], [ -99.055951, 19.396538 ], [ -99.064429, 19.401413 ], [ -99.046239, 19.391073 ], [ -99.036298, 19.385436 ], [ -99.019851, 19.375238 ], [ -99.026801, 19.379905 ], [ -99.013577, 19.37072 ], [ -99.007621, 19.366169 ], [ -98.997744, 19.358541 ], [ -99.002387, 19.361966 ], [ -98.995077, 19.358094 ], [ -98.989254, 19.353288 ], [ -98.976766, 19.3403 ], [ -98.968654, 19.332306 ], [ -98.95894, 19.324028 ], [ -98.951093, 19.317212 ], [ -98.932444, 19.301475 ], [ -98.920201, 19.291138 ], [ -98.919106, 19.290541 ], [ -98.922357, 19.292983 ], [ -98.921372, 19.292176 ], [ -98.921001, 19.291887 ], [ -98.923537, 19.294056 ], [ -98.92308, 19.293604 ], [ -98.92272, 19.293275 ], [ -98.906594, 19.291187 ], [ -98.906141, 19.291213 ], [ -98.905898, 19.291238 ], [ -98.912953, 19.290758 ], [ -98.915452, 19.290581 ], [ -98.91504, 19.29061 ], [ -98.914837, 19.290611 ], [ -98.908489, 19.291064 ], [ -98.907769, 19.291128 ], [ -98.911786, 19.290845 ], [ -98.911015, 19.290883 ], [ -98.910526, 19.290908 ], [ -98.917423, 19.290322 ], [ -98.917193, 19.290337 ], [ -98.893047, 19.292231 ], [ -98.892324, 19.2923 ], [ -98.892081, 19.292329 ], [ -98.899145, 19.291713 ], [ -98.898526, 19.291785 ], [ -98.902775, 19.291461 ], [ -98.900946, 19.291579 ], [ -98.893999, 19.292153 ], [ -98.896807, 19.291937 ], [ -98.904458, 19.29131 ], [ -98.881109, 19.293594 ], [ -98.880362, 19.293558 ], [ -98.886348, 19.292718 ], [ -98.885229, 19.29284 ], [ -98.887488, 19.29265 ], [ -98.882055, 19.293338 ], [ -98.881621, 19.293482 ], [ -98.884533, 19.292884 ], [ -98.890021, 19.292485 ], [ -98.889554, 19.292519 ], [ -98.868283, 19.29229 ], [ -98.865948, 19.291581 ], [ -98.862938, 19.290662 ], [ -98.860946, 19.291688 ] ] } },
{ "type": "Feature", "properties": { "device_id": "954ad824eec5f6cbd050a5cc89be8d8556a7e35e3aad441da286cfa2e16b8b93", "timestamps": "2020-01-01T06:06:18, 2020-01-01T06:16:52, 2020-01-01T06:25:08, 2020-01-01T06:35:36, 2020-01-01T06:46:53, 2020-01-01T06:56:58, 2020-01-01T07:05:43, 2020-01-01T07:15:44, 2020-01-01T07:25:43, 2020-01-01T07:35:54, 2020-01-01T07:45:37, 2020-01-01T07:55:30, 2020-01-01T08:05:31, 2020-01-01T08:15:10, 2020-01-01T08:15:14, 2020-01-01T08:25:26, 2020-01-01T08:35:47, 2020-01-01T08:45:24, 2020-01-01T08:54:04, 2020-01-01T09:04:31, 2020-01-01T09:14:44, 2020-01-01T09:24:11, 2020-01-01T09:34:11, 2020-01-01T09:46:58, 2020-01-01T09:55:46, 2020-01-01T10:05:37, 2020-01-01T10:16:14, 2020-01-01T10:26:19, 2020-01-01T10:36:35, 2020-01-01T10:46:00, 2020-01-01T10:46:24, 2020-01-01T10:47:55, 2020-01-01T10:56:53, 2020-01-01T11:06:33, 2020-01-01T11:17:30, 2020-01-01T11:28:24, 2020-01-01T11:37:07, 2020-01-01T11:48:01, 2020-01-01T11:58:35, 2020-01-01T12:08:33, 2020-01-01T12:18:08, 2020-01-01T12:29:36, 2020-01-01T12:40:34, 2020-01-01T12:50:06, 2020-01-01T13:00:23, 2020-01-01T13:10:58, 2020-01-01T13:20:57, 2020-01-01T13:29:26, 2020-01-01T13:39:27, 2020-01-01T13:48:01, 2020-01-01T13:59:26, 2020-01-01T14:09:54, 2020-01-01T14:19:14, 2020-01-01T14:19:29, 2020-01-01T14:29:59, 2020-01-01T14:39:55, 2020-01-01T14:49:51, 2020-01-01T14:58:03, 2020-01-01T15:08:37, 2020-01-01T15:18:30, 2020-01-01T15:28:41, 2020-01-01T15:38:43, 2020-01-01T15:48:19, 2020-01-01T16:08:40, 2020-01-01T16:18:14, 2020-01-01T16:28:38, 2020-01-01T16:39:23, 2020-01-01T16:49:19, 2020-01-01T16:59:14, 2020-01-01T17:09:20, 2020-01-01T17:19:52, 2020-01-01T17:28:35, 2020-01-01T17:39:57, 2020-01-01T17:49:57, 2020-01-01T18:08:33, 2020-01-01T18:18:33, 2020-01-01T18:26:10, 2020-01-01T18:28:11, 2020-01-01T18:37:00, 2020-01-01T18:38:57, 2020-01-01T18:48:32, 2020-01-01T18:59:26, 2020-01-01T19:10:52, 2020-01-01T19:19:06, 2020-01-01T19:30:28, 2020-01-01T19:40:29, 2020-01-01T19:46:33, 2020-01-01T19:55:43, 2020-01-01T19:56:11, 2020-01-01T19:56:29, 2020-01-01T19:58:27, 2020-01-01T19:59:37, 2020-01-01T19:59:52, 2020-01-01T20:00:41, 2020-01-01T20:01:28, 2020-01-01T20:02:24, 2020-01-01T20:02:54, 2020-01-01T20:02:59, 2020-01-01T20:03:05, 2020-01-01T20:03:53, 2020-01-01T20:04:46, 2020-01-01T20:05:12, 2020-01-01T20:06:56, 2020-01-01T20:07:47, 2020-01-01T20:07:55, 2020-01-01T20:17:28, 2020-01-01T20:26:03, 2020-01-01T20:26:04, 2020-01-01T20:37:57, 2020-01-01T20:46:09, 2020-01-01T20:56:34, 2020-01-01T21:06:27, 2020-01-01T21:11:39, 2020-01-01T21:11:50, 2020-01-01T21:13:05, 2020-01-01T21:22:32, 2020-01-01T21:32:23, 2020-01-01T21:42:28, 2020-01-01T21:52:34, 2020-01-01T22:05:05, 2020-01-01T22:18:48, 2020-01-01T22:20:22, 2020-01-01T22:23:14, 2020-01-01T22:26:24, 2020-01-01T22:31:05, 2020-01-01T22:31:56, 2020-01-01T22:32:46, 2020-01-01T22:33:11, 2020-01-01T22:34:04, 2020-01-01T22:34:57, 2020-01-01T22:35:48, 2020-01-01T22:36:14, 2020-01-01T22:37:00, 2020-01-01T22:37:59, 2020-01-01T22:38:49, 2020-01-01T22:39:10, 2020-01-01T22:40:22, 2020-01-01T22:41:18, 2020-01-01T22:45:12, 2020-01-01T22:46:02, 2020-01-01T22:46:50, 2020-01-01T22:47:46, 2020-01-01T22:48:12, 2020-01-01T22:49:01, 2020-01-01T22:49:09, 2020-01-01T22:49:57, 2020-01-01T23:00:12, 2020-01-01T23:05:17, 2020-01-01T23:08:59, 2020-01-01T23:11:27, 2020-01-01T23:14:17, 2020-01-01T23:35:42, 2020-01-01T23:45:16, 2020-01-01T23:55:08" }, "geometry": { "type": "LineString", "coordinates": [ [ -99.013708, 19.368981 ], [ -99.013727, 19.369094 ], [ -99.013428, 19.368982 ], [ -99.013427, 19.369109 ], [ -99.013389, 19.369062 ], [ -99.01347, 19.368978 ], [ -99.013382, 19.369084 ], [ -99.013305, 19.368778 ], [ -99.013132, 19.368933 ], [ -99.013297, 19.368778 ], [ -99.013454, 19.369174 ], [ -99.01339, 19.369081 ], [ -99.013131, 19.368898 ], [ -99.0134, 19.368914 ], [ -99.013372, 19.368705 ], [ -99.013848, 19.369108 ], [ -99.013887, 19.369105 ], [ -99.013632, 19.369057 ], [ -99.013661, 19.369139 ], [ -99.013657, 19.369106 ], [ -99.013671, 19.36919 ], [ -99.013768, 19.369074 ], [ -99.013848, 19.368998 ], [ -99.013711, 19.369069 ], [ -99.013856, 19.369066 ], [ -99.013814, 19.369161 ], [ -99.013452, 19.368887 ], [ -99.013419, 19.368882 ], [ -99.013426, 19.369062 ], [ -99.013411, 19.369117 ], [ -99.01337, 19.369104 ], [ -99.01341, 19.369126 ], [ -99.01346, 19.369132 ], [ -99.013483, 19.368901 ], [ -99.013264, 19.368958 ], [ -99.013539, 19.368963 ], [ -99.013439, 19.369061 ], [ -99.013441, 19.368786 ], [ -99.013306, 19.368893 ], [ -99.013417, 19.368954 ], [ -99.01341, 19.369063 ], [ -99.013392, 19.368819 ], [ -99.01349, 19.368993 ], [ -99.013479, 19.369055 ], [ -99.013442, 19.368964 ], [ -99.013329, 19.369112 ], [ -99.01341, 19.369073 ], [ -99.013359, 19.369085 ], [ -99.013273, 19.368768 ], [ -99.013426, 19.36904 ], [ -99.013389, 19.369054 ], [ -99.013429, 19.369046 ], [ -99.013243, 19.369002 ], [ -99.013336, 19.368911 ], [ -99.013409, 19.36904 ], [ -99.013404, 19.369013 ], [ -99.013314, 19.368906 ], [ -99.013418, 19.368899 ], [ -99.013443, 19.368775 ], [ -99.013482, 19.368799 ], [ -99.013349, 19.368791 ], [ -99.013358, 19.369033 ], [ -99.01313, 19.368985 ], [ -99.01339, 19.369069 ], [ -99.01335, 19.368974 ], [ -99.013479, 19.368896 ], [ -99.013378, 19.369075 ], [ -99.01339, 19.369067 ], [ -99.013336, 19.369014 ], [ -99.013396, 19.369098 ], [ -99.013445, 19.369039 ], [ -99.013444, 19.369015 ], [ -99.013439, 19.368996 ], [ -99.013395, 19.368914 ], [ -99.013553, 19.369056 ], [ -99.013591, 19.369005 ], [ -99.013551, 19.369032 ], [ -99.013541, 19.369001 ], [ -99.013525, 19.369059 ], [ -99.013549, 19.36901 ], [ -99.013533, 19.369013 ], [ -99.013535, 19.369016 ], [ -99.013693, 19.368908 ], [ -99.01344, 19.36912 ], [ -99.013513, 19.369023 ], [ -99.013809, 19.369087 ], [ -99.013321, 19.368819 ], [ -99.014466, 19.367405 ], [ -99.014212, 19.366626 ], [ -99.014212, 19.366628 ], [ -99.011808, 19.365874 ], [ -99.01164, 19.362922 ], [ -99.011394, 19.363849 ], [ -99.011653, 19.363035 ], [ -99.011653, 19.362845 ], [ -99.011666, 19.363167 ], [ -99.011613, 19.363031 ], [ -99.011638, 19.363126 ], [ -99.01157, 19.363767 ], [ -99.01167, 19.363225 ], [ -99.011596, 19.363552 ], [ -99.01159, 19.363591 ], [ -99.011669, 19.363651 ], [ -99.012219, 19.363873 ], [ -99.012006, 19.363719 ], [ -99.012294, 19.36404 ], [ -99.01225, 19.36399 ], [ -99.012264, 19.36398 ], [ -99.012267, 19.364017 ], [ -99.012266, 19.364064 ], [ -99.012265, 19.364081 ], [ -99.011907, 19.363709 ], [ -99.014157, 19.366653 ], [ -99.012015, 19.365918 ], [ -99.014196, 19.367878 ], [ -99.013374, 19.36903 ], [ -99.013389, 19.369103 ], [ -99.01318, 19.369042 ], [ -99.013782, 19.369081 ], [ -99.013649, 19.369061 ], [ -99.013646, 19.369331 ], [ -99.013409, 19.370221 ], [ -99.015278, 19.371716 ], [ -99.016896, 19.373204 ], [ -99.030586, 19.382311 ], [ -99.023207, 19.377762 ], [ -99.035152, 19.384964 ], [ -99.035561, 19.38514 ], [ -99.046099, 19.391122 ], [ -99.042692, 19.389236 ], [ -99.048389, 19.392457 ], [ -99.055274, 19.396406 ], [ -99.061422, 19.399963 ], [ -99.059101, 19.398607 ], [ -99.068267, 19.403881 ], [ -99.069239, 19.404508 ], [ -99.073306, 19.406776 ], [ -99.072105, 19.415034 ], [ -99.07306, 19.414071 ], [ -99.081677, 19.407166 ], [ -99.076316, 19.409257 ], [ -99.08205, 19.407182 ], [ -99.087259, 19.407913 ], [ -99.093585, 19.408775 ], [ -99.094267, 19.408893 ], [ -99.090635, 19.408312 ], [ -99.144392, 19.407246 ], [ -99.155072, 19.407464 ], [ -99.156061, 19.395884 ], [ -99.159803, 19.378659 ], [ -99.164759, 19.37133 ], [ -99.096249, 19.321889 ], [ -99.096135, 19.322071 ], [ -99.095995, 19.322103 ] ] } },
{ "type": "Feature", "properties": { "device_id": "d7c339bbb402a9e1ef7c7f1dfe30db23adc6a10a8447abb8c52ed56c6ff55124", "timestamps": "2020-01-01T06:23:05, 2020-01-01T06:23:50, 2020-01-01T06:43:00, 2020-01-01T06:43:55, 2020-01-01T09:27:37, 2020-01-01T09:27:47, 2020-01-01T13:13:19, 2020-01-01T13:13:29, 2020-01-01T15:11:35, 2020-01-01T15:11:40, 2020-01-01T17:12:35, 2020-01-01T17:12:40, 2020-01-01T18:12:01, 2020-01-01T18:12:52, 2020-01-01T18:21:34, 2020-01-01T18:21:43, 2020-01-01T20:14:36, 2020-01-01T20:14:46, 2020-01-01T20:24:03, 2020-01-01T20:24:54, 2020-01-01T22:19:01, 2020-01-01T22:19:52, 2020-01-01T22:35:31, 2020-01-01T22:35:42" }, "geometry": { "type": "LineString", "coordinates": [ [ -99.14044, 19.44912 ], [ -99.140446, 19.449117 ], [ -99.140446, 19.449117 ], [ -99.14044, 19.44912 ], [ -99.140446, 19.449117 ], [ -99.14044, 19.44912 ], [ -99.140156, 19.449112 ], [ -99.14017, 19.44912 ], [ -99.14017, 19.44912 ], [ -99.140156, 19.449112 ], [ -99.14044, 19.44912 ], [ -99.140446, 19.449117 ], [ -99.14044, 19.44912 ], [ -99.140446, 19.449117 ], [ -99.140446, 19.449117 ], [ -99.14044, 19.44912 ], [ -99.140446, 19.449117 ], [ -99.14044, 19.44912 ], [ -99.140446, 19.449117 ], [ -99.14044, 19.44912 ], [ -99.03591, 19.38519 ], [ -99.035902, 19.385198 ], [ -98.96091, 19.35012 ], [ -98.960904, 19.350111 ] ] } },
{ "type": "Feature", "properties": { "device_id": "08f72271f863368c52261965fabcf3d42e1efc1bd918168f37664c6de4de1a7a", "timestamps": "2020-01-01T06:01:23, 2020-01-01T06:11:39, 2020-01-01T06:22:20, 2020-01-01T06:32:45, 2020-01-01T06:42:01, 2020-01-01T06:53:20, 2020-01-01T07:12:13, 2020-01-01T07:22:23, 2020-01-01T07:32:31, 2020-01-01T07:42:59, 2020-01-01T07:52:40, 2020-01-01T08:04:25, 2020-01-01T08:13:30, 2020-01-01T08:24:11, 2020-01-01T08:34:00, 2020-01-01T08:44:39, 2020-01-01T08:54:46, 2020-01-01T09:05:19, 2020-01-01T09:16:27, 2020-01-01T09:26:09, 2020-01-01T09:38:50, 2020-01-01T09:49:20, 2020-01-01T09:58:09, 2020-01-01T10:09:13, 2020-01-01T10:19:40, 2020-01-01T10:30:23, 2020-01-01T10:40:45, 2020-01-01T10:50:06, 2020-01-01T11:00:08, 2020-01-01T11:10:08, 2020-01-01T11:21:15, 2020-01-01T11:31:44, 2020-01-01T11:42:34, 2020-01-01T11:54:55, 2020-01-01T12:04:46, 2020-01-01T12:15:34, 2020-01-01T12:26:26, 2020-01-01T12:36:26, 2020-01-01T12:46:54, 2020-01-01T12:56:19, 2020-01-01T13:06:49, 2020-01-01T13:17:14, 2020-01-01T13:28:30, 2020-01-01T13:38:04, 2020-01-01T13:49:15, 2020-01-01T14:00:20, 2020-01-01T14:11:51, 2020-01-01T14:21:52, 2020-01-01T14:32:34, 2020-01-01T14:42:20, 2020-01-01T14:53:29, 2020-01-01T15:05:29, 2020-01-01T15:22:23, 2020-01-01T15:37:14, 2020-01-01T16:08:47, 2020-01-01T16:23:27, 2020-01-01T16:24:47, 2020-01-01T16:26:01, 2020-01-01T16:26:57, 2020-01-01T16:27:48, 2020-01-01T16:28:14, 2020-01-01T16:29:17, 2020-01-01T16:30:08, 2020-01-01T16:30:21, 2020-01-01T16:31:33, 2020-01-01T16:33:09, 2020-01-01T16:33:22, 2020-01-01T16:35:07, 2020-01-01T16:35:41, 2020-01-01T16:36:02, 2020-01-01T16:39:01, 2020-01-01T16:41:14, 2020-01-01T17:00:37, 2020-01-01T17:16:24, 2020-01-01T17:38:00, 2020-01-01T17:45:30, 2020-01-01T17:45:55, 2020-01-01T17:46:42, 2020-01-01T17:47:27, 2020-01-01T17:48:37, 2020-01-01T17:48:51, 2020-01-01T17:49:44, 2020-01-01T17:50:29, 2020-01-01T17:51:05, 2020-01-01T17:51:50, 2020-01-01T17:53:15, 2020-01-01T17:54:02, 2020-01-01T17:56:11, 2020-01-01T17:57:03, 2020-01-01T17:57:58, 2020-01-01T17:58:35, 2020-01-01T18:00:07, 2020-01-01T18:00:22, 2020-01-01T18:01:01, 2020-01-01T18:03:19, 2020-01-01T18:04:20, 2020-01-01T18:05:38, 2020-01-01T18:05:51, 2020-01-01T18:07:29, 2020-01-01T18:08:05, 2020-01-01T18:08:53, 2020-01-01T18:09:40, 2020-01-01T18:10:12, 2020-01-01T18:11:01, 2020-01-01T18:11:57, 2020-01-01T18:12:47, 2020-01-01T18:13:11, 2020-01-01T18:14:03, 2020-01-01T18:14:58, 2020-01-01T18:15:49, 2020-01-01T18:22:45, 2020-01-01T18:35:17, 2020-01-01T18:47:31, 2020-01-01T18:48:16, 2020-01-01T18:49:21, 2020-01-01T18:52:20, 2020-01-01T18:53:36, 2020-01-01T18:53:52, 2020-01-01T18:54:41, 2020-01-01T18:56:39, 2020-01-01T18:56:54, 2020-01-01T18:57:43, 2020-01-01T18:58:15, 2020-01-01T18:58:46, 2020-01-01T19:13:11, 2020-01-01T19:29:47, 2020-01-01T19:40:12, 2020-01-01T19:50:37, 2020-01-01T19:54:17, 2020-01-01T20:01:14, 2020-01-01T20:15:51, 2020-01-01T20:24:49, 2020-01-01T20:34:24, 2020-01-01T20:43:06, 2020-01-01T20:53:07, 2020-01-01T21:11:50, 2020-01-01T21:17:37, 2020-01-01T21:17:51, 2020-01-01T21:18:41, 2020-01-01T21:19:27, 2020-01-01T21:20:38, 2020-01-01T21:20:54, 2020-01-01T21:21:43, 2020-01-01T21:22:29, 2020-01-01T21:23:05, 2020-01-01T21:23:50, 2020-01-01T21:24:47, 2020-01-01T21:25:11, 2020-01-01T21:26:01, 2020-01-01T21:26:57, 2020-01-01T21:27:48, 2020-01-01T21:28:13, 2020-01-01T21:29:06, 2020-01-01T21:29:25, 2020-01-01T21:30:31, 2020-01-01T21:31:18, 2020-01-01T21:32:09, 2020-01-01T21:32:23, 2020-01-01T21:33:33, 2020-01-01T21:34:19, 2020-01-01T21:35:20, 2020-01-01T21:36:36, 2020-01-01T21:36:55, 2020-01-01T21:37:42, 2020-01-01T21:38:27, 2020-01-01T21:39:38, 2020-01-01T21:39:54, 2020-01-01T21:40:43, 2020-01-01T21:41:15, 2020-01-01T21:42:02, 2020-01-01T21:42:56, 2020-01-01T21:43:47, 2020-01-01T21:44:14, 2020-01-01T21:45:03, 2020-01-01T21:45:58, 2020-01-01T21:46:35, 2020-01-01T21:47:16, 2020-01-01T21:48:06, 2020-01-01T21:49:02, 2020-01-01T21:49:06, 2020-01-01T21:49:09, 2020-01-01T21:49:15, 2020-01-01T21:49:32, 2020-01-01T21:49:34, 2020-01-01T21:49:36, 2020-01-01T21:49:38, 2020-01-01T21:49:45, 2020-01-01T21:49:48, 2020-01-01T21:50:21, 2020-01-01T21:50:23, 2020-01-01T21:50:25, 2020-01-01T21:50:29, 2020-01-01T21:50:50, 2020-01-01T21:50:52, 2020-01-01T21:50:54, 2020-01-01T21:50:58, 2020-01-01T21:51:50, 2020-01-01T21:52:46, 2020-01-01T21:53:11, 2020-01-01T21:54:04, 2020-01-01T21:54:58, 2020-01-01T21:55:48, 2020-01-01T21:56:13, 2020-01-01T21:57:00, 2020-01-01T21:57:25, 2020-01-01T21:58:32, 2020-01-01T21:59:17, 2020-01-01T22:00:08, 2020-01-01T22:01:33, 2020-01-01T22:02:19, 2020-01-01T22:03:20, 2020-01-01T22:04:37, 2020-01-01T22:08:40, 2020-01-01T22:09:15, 2020-01-01T22:10:02, 2020-01-01T22:10:56, 2020-01-01T22:11:47, 2020-01-01T22:12:14, 2020-01-01T22:13:03, 2020-01-01T22:13:58, 2020-01-01T22:16:21, 2020-01-01T22:21:16, 2020-01-01T22:27:34" }, "geometry": { "type": "LineString", "coordinates": [ [ -99.177054, 19.380681 ], [ -99.177052, 19.380669 ], [ -99.177081, 19.380659 ], [ -99.177058, 19.380668 ], [ -99.17709, 19.380652 ], [ -99.177056, 19.380681 ], [ -99.177056, 19.380669 ], [ -99.177054, 19.380669 ], [ -99.177081, 19.380656 ], [ -99.177054, 19.380682 ], [ -99.177053, 19.380653 ], [ -99.177056, 19.380684 ], [ -99.177055, 19.380669 ], [ -99.17705, 19.380682 ], [ -99.177069, 19.380683 ], [ -99.17706, 19.380667 ], [ -99.177053, 19.380667 ], [ -99.17705, 19.380682 ], [ -99.17707, 19.380683 ], [ -99.17708, 19.380688 ], [ -99.177055, 19.380684 ], [ -99.177056, 19.380681 ], [ -99.177077, 19.38066 ], [ -99.177054, 19.38068 ], [ -99.177106, 19.380635 ], [ -99.17707, 19.380669 ], [ -99.177076, 19.380686 ], [ -99.177059, 19.380658 ], [ -99.177073, 19.380688 ], [ -99.177058, 19.380658 ], [ -99.177102, 19.380683 ], [ -99.177128, 19.380662 ], [ -99.17707, 19.380684 ], [ -99.177094, 19.380689 ], [ -99.177083, 19.380659 ], [ -99.17705, 19.380658 ], [ -99.177087, 19.38069 ], [ -99.177057, 19.380668 ], [ -99.177051, 19.380682 ], [ -99.17705, 19.380681 ], [ -99.177089, 19.380682 ], [ -99.177051, 19.380682 ], [ -99.177058, 19.38068 ], [ -99.177103, 19.380684 ], [ -99.177071, 19.380688 ], [ -99.177087, 19.380651 ], [ -99.177289, 19.38064 ], [ -99.177174, 19.380689 ], [ -99.177082, 19.380652 ], [ -99.177166, 19.38069 ], [ -99.177081, 19.380653 ], [ -99.177095, 19.38065 ], [ -99.177082, 19.380657 ], [ -99.177124, 19.380683 ], [ -99.1771, 19.380668 ], [ -99.177347, 19.380674 ], [ -99.177274, 19.380167 ], [ -99.17969, 19.380576 ], [ -99.179696, 19.380596 ], [ -99.179714, 19.380513 ], [ -99.179689, 19.380558 ], [ -99.17938, 19.38054 ], [ -99.179455, 19.380866 ], [ -99.179277, 19.381024 ], [ -99.179043, 19.380745 ], [ -99.179358, 19.380531 ], [ -99.179339, 19.38052 ], [ -99.179248, 19.380593 ], [ -99.179238, 19.3806 ], [ -99.179348, 19.38051 ], [ -99.17939, 19.380544 ], [ -99.179376, 19.380562 ], [ -99.179354, 19.380534 ], [ -99.179351, 19.380531 ], [ -99.179349, 19.380518 ], [ -99.178559, 19.384619 ], [ -99.178768, 19.382095 ], [ -99.178663, 19.385169 ], [ -99.181043, 19.385207 ], [ -99.182938, 19.38654 ], [ -99.182924, 19.38517 ], [ -99.182049, 19.392683 ], [ -99.1816, 19.3953 ], [ -99.17849, 19.40426 ], [ -99.180213, 19.399493 ], [ -99.18093, 19.410473 ], [ -99.1789, 19.416545 ], [ -99.178347, 19.416502 ], [ -99.174187, 19.415344 ], [ -99.175558, 19.416227 ], [ -99.174143, 19.415461 ], [ -99.174234, 19.415377 ], [ -99.174308, 19.415315 ], [ -99.174175, 19.415406 ], [ -99.174137, 19.41539 ], [ -99.174308, 19.415335 ], [ -99.174094, 19.415279 ], [ -99.174303, 19.415349 ], [ -99.174194, 19.41537 ], [ -99.174279, 19.415342 ], [ -99.17423, 19.415388 ], [ -99.174285, 19.414963 ], [ -99.174399, 19.415022 ], [ -99.174245, 19.415468 ], [ -99.174229, 19.415642 ], [ -99.174221, 19.415364 ], [ -99.174277, 19.415342 ], [ -99.174264, 19.415416 ], [ -99.174138, 19.415456 ], [ -99.174234, 19.415399 ], [ -99.174295, 19.415333 ], [ -99.17428, 19.415329 ], [ -99.176979, 19.418854 ], [ -99.177675, 19.422971 ], [ -99.177353, 19.423657 ], [ -99.181628, 19.431692 ], [ -99.185619, 19.435519 ], [ -99.183424, 19.433932 ], [ -99.187028, 19.435532 ], [ -99.18672, 19.435339 ], [ -99.18672, 19.435339 ], [ -99.186775, 19.435173 ], [ -99.186842, 19.435244 ], [ -99.186897, 19.435194 ], [ -99.187001, 19.435268 ], [ -99.187014, 19.435063 ], [ -99.185914, 19.434973 ], [ -99.186293, 19.434962 ], [ -99.190587, 19.436354 ], [ -99.1892, 19.43881 ], [ -99.189506, 19.438947 ], [ -99.189504, 19.438939 ], [ -99.189699, 19.438942 ], [ -99.18951, 19.438904 ], [ -99.189012, 19.438782 ], [ -99.189516, 19.438894 ], [ -99.180232, 19.434729 ], [ -99.18503, 19.437579 ], [ -99.180099, 19.434693 ], [ -99.178431, 19.433301 ], [ -99.170286, 19.435176 ], [ -99.175185, 19.433946 ], [ -99.167256, 19.440464 ], [ -99.164847, 19.447084 ], [ -99.161058, 19.460778 ], [ -99.163909, 19.454216 ], [ -99.154713, 19.46352 ], [ -99.14686, 19.463721 ], [ -99.134132, 19.464955 ], [ -99.141844, 19.464335 ], [ -99.126537, 19.461192 ], [ -99.118942, 19.458674 ], [ -99.105827, 19.451552 ], [ -99.112941, 19.454467 ], [ -99.097888, 19.450504 ], [ -99.090289, 19.448926 ], [ -99.086351, 19.437501 ], [ -99.085906, 19.442862 ], [ -99.089624, 19.43215 ], [ -99.092071, 19.427948 ], [ -99.093024, 19.427139 ], [ -99.082243, 19.420892 ], [ -99.087364, 19.423843 ], [ -99.080839, 19.41961 ], [ -99.080493, 19.418999 ], [ -99.079142, 19.417911 ], [ -99.079751, 19.4184 ], [ -99.076407, 19.416233 ], [ -99.075018, 19.414082 ], [ -99.076934, 19.409424 ], [ -99.075385, 19.411748 ], [ -99.076919, 19.409421 ], [ -99.077154, 19.408998 ], [ -99.074603, 19.407398 ], [ -99.076991, 19.408451 ], [ -99.065913, 19.402378 ], [ -99.058141, 19.397933 ], [ -99.042196, 19.388844 ], [ -99.032247, 19.383094 ], [ -99.031294, 19.382571 ], [ -99.030774, 19.382302 ], [ -99.03803, 19.386484 ], [ -99.034087, 19.384143 ], [ -99.033701, 19.38392 ], [ -99.033166, 19.38364 ], [ -99.032806, 19.383429 ], [ -99.036071, 19.38531 ], [ -99.034647, 19.384446 ], [ -99.028665, 19.381139 ], [ -99.028336, 19.380956 ], [ -99.028953, 19.381311 ], [ -99.02757, 19.380459 ], [ -99.029779, 19.381762 ], [ -99.030465, 19.38211 ], [ -99.030111, 19.381943 ], [ -99.029288, 19.381491 ], [ -99.020135, 19.375468 ], [ -99.00817, 19.366635 ], [ -99.002657, 19.362228 ], [ -98.991842, 19.355773 ], [ -98.997667, 19.358601 ], [ -98.984685, 19.348983 ], [ -98.977178, 19.341095 ], [ -98.960997, 19.325755 ], [ -98.96942, 19.332897 ], [ -98.952969, 19.318863 ], [ -98.944459, 19.311705 ], [ -98.927964, 19.297787 ], [ -98.919093, 19.29063 ], [ -98.908544, 19.291092 ], [ -98.896577, 19.29202 ], [ -98.873391, 19.295551 ], [ -98.870811, 19.296347 ], [ -98.870699, 19.296426 ], [ -98.853824, 19.300673 ], [ -98.865234, 19.297692 ], [ -98.841547, 19.304683 ], [ -98.830192, 19.30983 ], [ -98.808733, 19.318036 ], [ -98.819905, 19.315353 ], [ -98.788423, 19.302063 ], [ -98.740028, 19.313379 ], [ -98.667531, 19.350173 ] ] } },
{ "type": "Feature", "properties": { "device_id": "258aa59ebb35efbd4e8f3ec8438beef6eeceb5b8f21d466914db086cdcc8b068", "timestamps": "2020-01-01T15:20:52, 2020-01-01T21:42:24, 2020-01-01T21:44:28, 2020-01-01T21:44:30, 2020-01-01T21:50:15, 2020-01-01T21:51:44, 2020-01-01T21:53:52, 2020-01-01T22:02:57, 2020-01-01T22:09:21, 2020-01-01T22:10:42, 2020-01-01T22:28:09, 2020-01-01T22:50:22, 2020-01-01T22:51:22, 2020-01-01T22:51:23, 2020-01-01T22:51:24, 2020-01-01T22:52:48, 2020-01-01T22:52:49, 2020-01-01T22:52:50, 2020-01-01T22:58:02, 2020-01-01T22:58:14, 2020-01-01T23:00:17, 2020-01-01T23:00:19, 2020-01-01T23:02:45, 2020-01-01T23:02:46, 2020-01-01T23:03:00, 2020-01-01T23:03:01, 2020-01-01T23:06:32, 2020-01-01T23:06:35, 2020-01-01T23:07:43, 2020-01-01T23:07:58, 2020-01-01T23:12:26, 2020-01-01T23:12:28, 2020-01-01T23:19:50, 2020-01-01T23:26:06, 2020-01-01T23:26:08, 2020-01-01T23:27:14, 2020-01-01T23:27:15, 2020-01-01T23:27:16, 2020-01-01T23:29:51, 2020-01-01T23:30:01" }, "geometry": { "type": "LineString", "coordinates": [ [ -99.01652, 19.41144 ], [ -99.02126, 19.33521 ], [ -99.02118, 19.33518 ], [ -99.02118, 19.33518 ], [ -99.02118, 19.33518 ], [ -99.02118, 19.33518 ], [ -99.02121, 19.3352 ], [ -99.021259, 19.33521 ], [ -99.02126, 19.33521 ], [ -99.02158, 19.33484 ], [ -99.02205, 19.33714 ], [ -99.028261, 19.344197 ], [ -99.028261, 19.344197 ], [ -99.028261, 19.344197 ], [ -99.028261, 19.344197 ], [ -99.028261, 19.344197 ], [ -99.028261, 19.344197 ], [ -99.028261, 19.344197 ], [ -99.03552, 19.38796 ], [ -99.035515, 19.387976 ], [ -99.035515, 19.387976 ], [ -99.035515, 19.387976 ], [ -99.035515, 19.387976 ], [ -99.035515, 19.387976 ], [ -99.035515, 19.387976 ], [ -99.03552, 19.38796 ], [ -99.035923, 19.388584 ], [ -99.035922, 19.388584 ], [ -99.035922, 19.388584 ], [ -99.035923, 19.388584 ], [ -99.035619, 19.388511 ], [ -99.03562, 19.38851 ], [ -99.03583, 19.38817 ], [ -99.035824, 19.38818 ], [ -99.035824, 19.388181 ], [ -99.03592, 19.385339 ], [ -99.035912, 19.385343 ], [ -99.03592, 19.385339 ], [ -99.035912, 19.385343 ], [ -99.03592, 19.38533 ] ] } },
{ "type": "Feature", "properties": { "device_id": "952eac9d6f8440a724ffeff38261e9fadc58fd2621f9220f2e7f8a50ee15015e", "timestamps": "2020-01-01T06:05:14, 2020-01-01T06:26:35, 2020-01-01T06:26:42, 2020-01-01T06:47:29, 2020-01-01T07:08:59, 2020-01-01T08:07:25, 2020-01-01T08:27:57, 2020-01-01T08:47:43, 2020-01-01T09:27:19, 2020-01-01T09:27:42, 2020-01-01T09:47:48, 2020-01-01T10:08:51, 2020-01-01T10:08:54, 2020-01-01T10:28:26, 2020-01-01T11:10:54, 2020-01-01T12:07:33, 2020-01-01T12:26:07, 2020-01-01T12:47:38, 2020-01-01T13:08:13, 2020-01-01T13:08:14, 2020-01-01T14:05:33, 2020-01-01T14:05:34, 2020-01-01T14:25:43, 2020-01-01T14:44:08, 2020-01-01T15:26:31, 2020-01-01T16:25:19, 2020-01-01T16:36:55, 2020-01-01T16:55:48, 2020-01-01T17:15:48, 2020-01-01T17:15:49, 2020-01-01T17:35:00, 2020-01-01T17:45:28, 2020-01-01T17:45:54, 2020-01-01T17:49:39, 2020-01-01T17:49:53, 2020-01-01T17:50:43, 2020-01-01T17:51:15, 2020-01-01T17:52:39, 2020-01-01T17:54:29, 2020-01-01T17:55:02, 2020-01-01T17:58:57, 2020-01-01T17:59:35, 2020-01-01T17:59:38, 2020-01-01T18:19:09, 2020-01-01T18:22:15, 2020-01-01T18:42:19, 2020-01-01T18:47:04, 2020-01-01T18:47:09, 2020-01-01T18:48:33, 2020-01-01T18:49:19, 2020-01-01T18:50:39, 2020-01-01T18:51:52, 2020-01-01T18:52:44, 2020-01-01T18:56:38, 2020-01-01T18:57:46, 2020-01-01T18:59:49, 2020-01-01T19:00:32, 2020-01-01T19:21:43, 2020-01-01T19:40:08, 2020-01-01T19:53:15, 2020-01-01T19:53:19, 2020-01-01T19:55:30, 2020-01-01T19:56:45, 2020-01-01T19:57:20, 2020-01-01T19:58:30, 2020-01-01T19:59:45, 2020-01-01T20:01:30, 2020-01-01T20:02:33, 2020-01-01T20:21:08, 2020-01-01T20:21:09, 2020-01-01T20:42:05, 2020-01-01T20:48:34, 2020-01-01T21:08:51, 2020-01-01T21:13:01, 2020-01-01T21:13:36, 2020-01-01T21:14:48, 2020-01-01T21:15:14, 2020-01-01T21:16:04, 2020-01-01T21:17:48, 2020-01-01T21:19:04, 2020-01-01T21:19:58, 2020-01-01T21:20:48, 2020-01-01T21:21:14, 2020-01-01T21:22:04, 2020-01-01T21:22:58, 2020-01-01T21:23:48, 2020-01-01T21:24:14, 2020-01-01T21:25:04, 2020-01-01T21:25:58, 2020-01-01T21:26:48, 2020-01-01T21:27:14, 2020-01-01T21:28:04, 2020-01-01T21:28:58, 2020-01-01T21:29:48, 2020-01-01T21:30:14, 2020-01-01T21:31:04, 2020-01-01T21:31:58, 2020-01-01T21:32:48, 2020-01-01T21:33:14, 2020-01-01T21:34:04, 2020-01-01T21:34:58, 2020-01-01T21:35:48, 2020-01-01T21:36:14, 2020-01-01T21:37:04, 2020-01-01T21:37:58, 2020-01-01T21:38:48, 2020-01-01T21:40:04, 2020-01-01T21:40:58, 2020-01-01T21:41:48, 2020-01-01T21:42:14, 2020-01-01T21:44:15, 2020-01-01T21:45:02, 2020-01-01T21:46:46, 2020-01-01T21:48:02, 2020-01-01T21:48:56, 2020-01-01T21:49:03, 2020-01-01T21:49:06, 2020-01-01T21:49:08, 2020-01-01T21:49:46, 2020-01-01T21:50:21, 2020-01-01T21:50:23, 2020-01-01T21:50:25, 2020-01-01T21:50:28, 2020-01-01T21:50:51, 2020-01-01T21:50:53, 2020-01-01T21:50:55, 2020-01-01T21:50:58, 2020-01-01T21:51:53, 2020-01-01T21:52:43, 2020-01-01T21:53:29, 2020-01-01T21:54:39, 2020-01-01T21:54:53, 2020-01-01T21:55:43, 2020-01-01T21:56:29, 2020-01-01T21:57:39, 2020-01-01T21:58:43, 2020-01-01T21:59:29, 2020-01-01T22:00:39, 2020-01-01T22:01:47, 2020-01-01T22:02:28, 2020-01-01T22:03:38, 2020-01-01T22:09:27, 2020-01-01T22:10:39, 2020-01-01T22:11:44, 2020-01-01T22:12:28, 2020-01-01T22:13:39, 2020-01-01T22:27:21, 2020-01-01T22:28:05" }, "geometry": { "type": "LineString", "coordinates": [ [ -99.177159, 19.380451 ], [ -99.17707, 19.38047 ], [ -99.177024, 19.380461 ], [ -99.17743, 19.380494 ], [ -99.177043, 19.380357 ], [ -99.177153, 19.380435 ], [ -99.177144, 19.380486 ], [ -99.177148, 19.380421 ], [ -99.177044, 19.380359 ], [ -99.177113, 19.380463 ], [ -99.17697, 19.380519 ], [ -99.177269, 19.380591 ], [ -99.177267, 19.380591 ], [ -99.177154, 19.380411 ], [ -99.177266, 19.380585 ], [ -99.177139, 19.380561 ], [ -99.177468, 19.380525 ], [ -99.177156, 19.380592 ], [ -99.177339, 19.380415 ], [ -99.177339, 19.380415 ], [ -99.177306, 19.380578 ], [ -99.177306, 19.380577 ], [ -99.177026, 19.380489 ], [ -99.177413, 19.380274 ], [ -99.176972, 19.380517 ], [ -99.179454, 19.38045 ], [ -99.17933, 19.38047 ], [ -99.179329, 19.380488 ], [ -99.17935, 19.380503 ], [ -99.17935, 19.380506 ], [ -99.17935, 19.380502 ], [ -99.177284, 19.383067 ], [ -99.178694, 19.382222 ], [ -99.18154, 19.394834 ], [ -99.182428, 19.388481 ], [ -99.181465, 19.395457 ], [ -99.179619, 19.401034 ], [ -99.179204, 19.407985 ], [ -99.179865, 19.415064 ], [ -99.178623, 19.41667 ], [ -99.174145, 19.415247 ], [ -99.174218, 19.415239 ], [ -99.174263, 19.415265 ], [ -99.174405, 19.415397 ], [ -99.174446, 19.415324 ], [ -99.174445, 19.415412 ], [ -99.177584, 19.419292 ], [ -99.177454, 19.419572 ], [ -99.176556, 19.424583 ], [ -99.178096, 19.424154 ], [ -99.179869, 19.42846 ], [ -99.180194, 19.429408 ], [ -99.182572, 19.4323 ], [ -99.186589, 19.435366 ], [ -99.18528, 19.435279 ], [ -99.186205, 19.43513 ], [ -99.186484, 19.435231 ], [ -99.186969, 19.435338 ], [ -99.185937, 19.434993 ], [ -99.188633, 19.435512 ], [ -99.18879, 19.435621 ], [ -99.190384, 19.439025 ], [ -99.18965, 19.438942 ], [ -99.189672, 19.438402 ], [ -99.190379, 19.438644 ], [ -99.189667, 19.438982 ], [ -99.189636, 19.438906 ], [ -99.189506, 19.438962 ], [ -99.189447, 19.438917 ], [ -99.189414, 19.438915 ], [ -99.189601, 19.438812 ], [ -99.189538, 19.438863 ], [ -99.189384, 19.438756 ], [ -99.189611, 19.436383 ], [ -99.189612, 19.436453 ], [ -99.190571, 19.435644 ], [ -99.190252, 19.437732 ], [ -99.185906, 19.437637 ], [ -99.181384, 19.435695 ], [ -99.176597, 19.434638 ], [ -99.179575, 19.434225 ], [ -99.1713, 19.433489 ], [ -99.168097, 19.438806 ], [ -99.164185, 19.451707 ], [ -99.165308, 19.445032 ], [ -99.162746, 19.459448 ], [ -99.157667, 19.464054 ], [ -99.143104, 19.463848 ], [ -99.149328, 19.463158 ], [ -99.137129, 19.465076 ], [ -99.129332, 19.462481 ], [ -99.11531, 19.456462 ], [ -99.121748, 19.459523 ], [ -99.109215, 19.452742 ], [ -99.101477, 19.449961 ], [ -99.087285, 19.445738 ], [ -99.093273, 19.451551 ], [ -99.085505, 19.440558 ], [ -99.087566, 19.434898 ], [ -99.092976, 19.426332 ], [ -99.090894, 19.429997 ], [ -99.090303, 19.425541 ], [ -99.085073, 19.422458 ], [ -99.080746, 19.419393 ], [ -99.080996, 19.419777 ], [ -99.080226, 19.418579 ], [ -99.075069, 19.41531 ], [ -99.079019, 19.417831 ], [ -99.075187, 19.413065 ], [ -99.075718, 19.411095 ], [ -99.077059, 19.409243 ], [ -99.075276, 19.407732 ], [ -99.067187, 19.403091 ], [ -99.043592, 19.389593 ], [ -99.052257, 19.394493 ], [ -99.03189, 19.382928 ], [ -99.031501, 19.382709 ], [ -99.031154, 19.382497 ], [ -99.035204, 19.384862 ], [ -99.02883, 19.381239 ], [ -99.028525, 19.381058 ], [ -99.029164, 19.381427 ], [ -99.027947, 19.380663 ], [ -99.030493, 19.382121 ], [ -99.030184, 19.381948 ], [ -99.030849, 19.382299 ], [ -99.029477, 19.381599 ], [ -99.020687, 19.375764 ], [ -99.008745, 19.367017 ], [ -99.003052, 19.36248 ], [ -98.992489, 19.356325 ], [ -98.99813, 19.358944 ], [ -98.985491, 19.349761 ], [ -98.97796, 19.342318 ], [ -98.962288, 19.326853 ], [ -98.954255, 19.320003 ], [ -98.946195, 19.313189 ], [ -98.929866, 19.299411 ], [ -98.921095, 19.292069 ], [ -98.911494, 19.290962 ], [ -98.8877, 19.292683 ], [ -98.870631, 19.296425 ], [ -98.854897, 19.300448 ], [ -98.842887, 19.304234 ], [ -98.831646, 19.309062 ], [ -98.81037, 19.318373 ], [ -98.673353, 19.34506 ], [ -98.673526, 19.345824 ] ] } },
{ "type": "Feature", "properties": { "device_id": "dda307883a507a10a9b7f6971ab221c7df43aed64629ea3f960ed9d3582bf324", "timestamps": "2020-01-01T06:06:52, 2020-01-01T06:29:25, 2020-01-01T06:39:29, 2020-01-01T06:52:06, 2020-01-01T07:12:16, 2020-01-01T07:22:44, 2020-01-01T07:32:03, 2020-01-01T07:43:39, 2020-01-01T07:54:50, 2020-01-01T08:25:05, 2020-01-01T08:35:01, 2020-01-01T08:36:48, 2020-01-01T08:37:13, 2020-01-01T08:38:00, 2020-01-01T08:38:59, 2020-01-01T08:39:32, 2020-01-01T08:40:17, 2020-01-01T08:41:08, 2020-01-01T08:41:21, 2020-01-01T08:42:30, 2020-01-01T08:43:19, 2020-01-01T08:44:09, 2020-01-01T08:44:23, 2020-01-01T08:45:30, 2020-01-01T08:46:45, 2020-01-01T08:47:20, 2020-01-01T08:48:37, 2020-01-01T08:48:52, 2020-01-01T08:49:44, 2020-01-01T08:50:28, 2020-01-01T08:51:38, 2020-01-01T08:51:54, 2020-01-01T08:52:44, 2020-01-01T08:53:28, 2020-01-01T08:54:39, 2020-01-01T08:54:53, 2020-01-01T08:55:40, 2020-01-01T08:56:15, 2020-01-01T08:57:02, 2020-01-01T08:57:56, 2020-01-01T08:58:47, 2020-01-01T08:59:14, 2020-01-01T09:00:04, 2020-01-01T09:00:58, 2020-01-01T09:01:48, 2020-01-01T09:02:13, 2020-01-01T09:03:00, 2020-01-01T09:03:25, 2020-01-01T09:04:32, 2020-01-01T09:05:16, 2020-01-01T09:06:07, 2020-01-01T09:06:22, 2020-01-01T09:07:31, 2020-01-01T09:08:18, 2020-01-01T09:09:26, 2020-01-01T09:10:38, 2020-01-01T09:10:55, 2020-01-01T09:11:44, 2020-01-01T09:12:27, 2020-01-01T09:13:38, 2020-01-01T09:13:51, 2020-01-01T09:14:44, 2020-01-01T09:15:28, 2020-01-01T09:16:25, 2020-01-01T09:16:39, 2020-01-01T09:17:40, 2020-01-01T09:18:15, 2020-01-01T09:19:02, 2020-01-01T09:19:57, 2020-01-01T09:20:48, 2020-01-01T09:21:11, 2020-01-01T09:22:04, 2020-01-01T09:22:58, 2020-01-01T09:23:49, 2020-01-01T09:24:10, 2020-01-01T09:25:06, 2020-01-01T09:25:21, 2020-01-01T09:26:32, 2020-01-01T09:27:17, 2020-01-01T09:28:09, 2020-01-01T09:28:24, 2020-01-01T09:29:33, 2020-01-01T09:30:45, 2020-01-01T09:31:26, 2020-01-01T09:32:37, 2020-01-01T09:32:52, 2020-01-01T09:33:43, 2020-01-01T09:38:16, 2020-01-01T09:47:02, 2020-01-01T09:50:02, 2020-01-01T09:54:32, 2020-01-01T09:58:15, 2020-01-01T10:07:39, 2020-01-01T10:08:15, 2020-01-01T10:15:19, 2020-01-01T10:18:32, 2020-01-01T10:30:40, 2020-01-01T10:40:45, 2020-01-01T10:51:15, 2020-01-01T11:01:50, 2020-01-01T11:12:21, 2020-01-01T11:22:00, 2020-01-01T11:34:15, 2020-01-01T11:38:05, 2020-01-01T11:40:28, 2020-01-01T11:41:39, 2020-01-01T11:41:54, 2020-01-01T11:42:40, 2020-01-01T11:43:12, 2020-01-01T11:44:02, 2020-01-01T11:44:56, 2020-01-01T11:45:47, 2020-01-01T11:46:14, 2020-01-01T11:47:00, 2020-01-01T11:47:59, 2020-01-01T11:48:32, 2020-01-01T11:49:17, 2020-01-01T11:50:08, 2020-01-01T11:50:21, 2020-01-01T11:51:34, 2020-01-01T11:52:19, 2020-01-01T11:53:20, 2020-01-01T11:54:30, 2020-01-01T11:54:55, 2020-01-01T11:55:42, 2020-01-01T11:56:27, 2020-01-01T11:57:38, 2020-01-01T11:57:51, 2020-01-01T11:58:44, 2020-01-01T11:59:29, 2020-01-01T12:00:05, 2020-01-01T12:00:53, 2020-01-01T12:01:46, 2020-01-01T12:02:11, 2020-01-01T12:03:04, 2020-01-01T12:03:58, 2020-01-01T12:04:49, 2020-01-01T12:05:13, 2020-01-01T12:06:00, 2020-01-01T12:06:59, 2020-01-01T12:08:40, 2020-01-01T12:19:27, 2020-01-01T12:29:14, 2020-01-01T12:39:16, 2020-01-01T12:49:40, 2020-01-01T12:59:05, 2020-01-01T13:09:49, 2020-01-01T13:20:55, 2020-01-01T13:40:32, 2020-01-01T13:50:08, 2020-01-01T14:01:35, 2020-01-01T14:11:07, 2020-01-01T14:22:52, 2020-01-01T14:32:49, 2020-01-01T14:42:41, 2020-01-01T14:52:10, 2020-01-01T15:02:11, 2020-01-01T15:12:39, 2020-01-01T15:22:49, 2020-01-01T15:32:36, 2020-01-01T15:43:17, 2020-01-01T15:53:47, 2020-01-01T16:10:03, 2020-01-01T16:11:48, 2020-01-01T16:13:59, 2020-01-01T16:14:32, 2020-01-01T16:15:16, 2020-01-01T16:16:06, 2020-01-01T16:16:22, 2020-01-01T16:17:31, 2020-01-01T16:18:18, 2020-01-01T16:19:09, 2020-01-01T16:19:24, 2020-01-01T16:20:33, 2020-01-01T16:21:45, 2020-01-01T16:22:26, 2020-01-01T16:23:38, 2020-01-01T16:23:51, 2020-01-01T16:24:55, 2020-01-01T16:26:01, 2020-01-01T16:27:46, 2020-01-01T16:28:14, 2020-01-01T16:29:03, 2020-01-01T16:29:58, 2020-01-01T16:30:35, 2020-01-01T16:31:16, 2020-01-01T16:32:07, 2020-01-01T16:32:22, 2020-01-01T16:33:34, 2020-01-01T16:34:18, 2020-01-01T16:35:09, 2020-01-01T16:35:23, 2020-01-01T16:37:45, 2020-01-01T16:38:20, 2020-01-01T16:39:52, 2020-01-01T16:40:42, 2020-01-01T16:41:27, 2020-01-01T16:42:38, 2020-01-01T16:44:29, 2020-01-01T16:45:05, 2020-01-01T16:47:12, 2020-01-01T16:48:02, 2020-01-01T16:48:56, 2020-01-01T16:51:04, 2020-01-01T16:51:58, 2020-01-01T16:52:49, 2020-01-01T16:53:10, 2020-01-01T16:54:06, 2020-01-01T16:55:31, 2020-01-01T16:56:18, 2020-01-01T16:57:08, 2020-01-01T16:57:24, 2020-01-01T16:58:34, 2020-01-01T16:59:19, 2020-01-01T17:00:20, 2020-01-01T17:01:37, 2020-01-01T17:01:52, 2020-01-01T17:02:44, 2020-01-01T17:03:28, 2020-01-01T17:04:05, 2020-01-01T17:04:53, 2020-01-01T17:06:12, 2020-01-01T17:07:01, 2020-01-01T17:07:57, 2020-01-01T17:08:47, 2020-01-01T17:09:11, 2020-01-01T17:10:04, 2020-01-01T17:10:58, 2020-01-01T17:11:49, 2020-01-01T17:12:13, 2020-01-01T17:13:00, 2020-01-01T17:13:25, 2020-01-01T17:14:32, 2020-01-01T17:16:24, 2020-01-01T17:17:30, 2020-01-01T17:17:55, 2020-01-01T17:18:45, 2020-01-01T17:19:20, 2020-01-01T17:20:52, 2020-01-01T17:21:44, 2020-01-01T17:22:28, 2020-01-01T17:23:54, 2020-01-01T17:25:12, 2020-01-01T17:26:04, 2020-01-01T17:26:50, 2020-01-01T17:30:27, 2020-01-01T17:39:10, 2020-01-01T17:42:43, 2020-01-01T17:45:31, 2020-01-01T17:48:31, 2020-01-01T17:54:36, 2020-01-01T17:57:39, 2020-01-01T18:02:23, 2020-01-01T18:15:34, 2020-01-01T18:30:04, 2020-01-01T18:41:59, 2020-01-01T18:54:02, 2020-01-01T19:13:22, 2020-01-01T20:13:32, 2020-01-01T21:03:03, 2020-01-01T21:04:51, 2020-01-01T21:14:02, 2020-01-01T21:25:41, 2020-01-01T21:40:32, 2020-01-01T21:51:23, 2020-01-01T22:01:16, 2020-01-01T22:02:56, 2020-01-01T22:13:22, 2020-01-01T22:24:50, 2020-01-01T22:24:59, 2020-01-01T22:36:54, 2020-01-01T22:46:19, 2020-01-01T22:46:45, 2020-01-01T23:00:48, 2020-01-01T23:11:23, 2020-01-01T23:14:05, 2020-01-01T23:14:53, 2020-01-01T23:15:46, 2020-01-01T23:16:11, 2020-01-01T23:17:01, 2020-01-01T23:17:57, 2020-01-01T23:18:48, 2020-01-01T23:19:13, 2020-01-01T23:20:00, 2020-01-01T23:20:59, 2020-01-01T23:21:32, 2020-01-01T23:22:17, 2020-01-01T23:23:08, 2020-01-01T23:24:34, 2020-01-01T23:25:18, 2020-01-01T23:26:09, 2020-01-01T23:27:33, 2020-01-01T23:28:45, 2020-01-01T23:29:20, 2020-01-01T23:30:37, 2020-01-01T23:30:52, 2020-01-01T23:31:44, 2020-01-01T23:32:29, 2020-01-01T23:32:43, 2020-01-01T23:33:15, 2020-01-01T23:34:05, 2020-01-01T23:34:50, 2020-01-01T23:35:46, 2020-01-01T23:36:12, 2020-01-01T23:37:01, 2020-01-01T23:37:56, 2020-01-01T23:38:47, 2020-01-01T23:39:11, 2020-01-01T23:40:04, 2020-01-01T23:40:58, 2020-01-01T23:41:49, 2020-01-01T23:42:13, 2020-01-01T23:43:00, 2020-01-01T23:43:59, 2020-01-01T23:44:35, 2020-01-01T23:45:16, 2020-01-01T23:46:07, 2020-01-01T23:46:22, 2020-01-01T23:47:34, 2020-01-01T23:48:18, 2020-01-01T23:49:08, 2020-01-01T23:49:24, 2020-01-01T23:50:33, 2020-01-01T23:51:42, 2020-01-01T23:52:26, 2020-01-01T23:53:37, 2020-01-01T23:53:52, 2020-01-01T23:54:41, 2020-01-01T23:55:28, 2020-01-01T23:56:39, 2020-01-01T23:56:53, 2020-01-01T23:57:40, 2020-01-01T23:58:12, 2020-01-01T23:59:01, 2020-01-01T23:59:56" }, "geometry": { "type": "LineString", "coordinates": [ [ -99.005141, 19.379849 ], [ -99.005112, 19.379246 ], [ -99.004788, 19.379979 ], [ -99.005153, 19.379789 ], [ -99.004931, 19.379641 ], [ -99.005262, 19.379914 ], [ -99.005112, 19.379246 ], [ -99.004787, 19.379784 ], [ -99.004677, 19.379737 ], [ -99.004711, 19.379793 ], [ -99.006499, 19.38111 ], [ -99.007566, 19.380855 ], [ -99.009074, 19.378251 ], [ -99.013135, 19.374666 ], [ -99.010608, 19.37743 ], [ -99.015397, 19.372401 ], [ -99.016846, 19.370809 ], [ -99.008755, 19.366739 ], [ -99.01418, 19.370791 ], [ -99.003901, 19.36294 ], [ -99.000393, 19.360719 ], [ -98.988512, 19.35751 ], [ -98.995144, 19.358599 ], [ -98.985606, 19.356649 ], [ -98.980826, 19.355672 ], [ -98.978556, 19.35491 ], [ -98.963296, 19.354639 ], [ -98.971576, 19.352743 ], [ -98.960851, 19.354972 ], [ -98.954683, 19.358642 ], [ -98.948569, 19.366864 ], [ -98.952548, 19.3611 ], [ -98.948003, 19.367779 ], [ -98.94482, 19.373535 ], [ -98.938243, 19.385226 ], [ -98.941114, 19.380036 ], [ -98.93781, 19.385886 ], [ -98.93496, 19.391091 ], [ -98.929319, 19.399591 ], [ -98.931016, 19.398022 ], [ -98.927532, 19.397075 ], [ -98.92665, 19.396282 ], [ -98.926388, 19.391513 ], [ -98.92583, 19.393251 ], [ -98.924425, 19.38942 ], [ -98.922417, 19.387315 ], [ -98.920872, 19.383884 ], [ -98.920354, 19.385865 ], [ -98.920898, 19.383662 ], [ -98.920904, 19.383639 ], [ -98.920906, 19.383639 ], [ -98.920904, 19.383639 ], [ -98.920961, 19.383637 ], [ -98.920953, 19.383668 ], [ -98.920946, 19.383669 ], [ -98.920944, 19.383665 ], [ -98.920944, 19.383665 ], [ -98.920943, 19.383666 ], [ -98.920943, 19.383665 ], [ -98.920943, 19.383665 ], [ -98.920943, 19.383665 ], [ -98.920498, 19.385136 ], [ -98.920918, 19.386259 ], [ -98.923133, 19.387891 ], [ -98.925158, 19.390156 ], [ -98.925848, 19.39265 ], [ -98.926306, 19.395014 ], [ -98.92783, 19.397514 ], [ -98.92695, 19.396988 ], [ -98.929268, 19.398659 ], [ -98.930444, 19.397333 ], [ -98.931736, 19.397072 ], [ -98.930927, 19.397992 ], [ -98.935957, 19.389719 ], [ -98.939115, 19.383979 ], [ -98.946847, 19.370074 ], [ -98.942985, 19.377129 ], [ -98.951078, 19.362821 ], [ -98.956417, 19.356792 ], [ -98.968965, 19.353514 ], [ -98.961653, 19.355027 ], [ -98.977303, 19.354212 ], [ -98.983846, 19.356328 ], [ -98.9887, 19.357576 ], [ -98.995749, 19.358859 ], [ -98.993593, 19.359005 ], [ -98.992936, 19.356264 ], [ -99.003376, 19.349537 ], [ -98.993254, 19.347346 ], [ -98.982227, 19.346984 ], [ -99.013167, 19.374417 ], [ -99.005146, 19.379816 ], [ -99.004836, 19.379612 ], [ -99.005534, 19.380001 ], [ -99.005032, 19.379423 ], [ -99.004874, 19.379496 ], [ -99.005112, 19.379246 ], [ -99.004986, 19.379439 ], [ -99.004815, 19.379879 ], [ -99.005112, 19.379246 ], [ -99.005006, 19.379478 ], [ -99.005286, 19.379374 ], [ -99.005098, 19.379806 ], [ -99.005851, 19.379948 ], [ -99.006473, 19.381907 ], [ -99.008629, 19.379167 ], [ -99.00755, 19.380894 ], [ -99.009195, 19.378214 ], [ -99.008173, 19.377035 ], [ -99.004211, 19.374626 ], [ -99.006082, 19.375684 ], [ -99.003544, 19.372895 ], [ -99.004744, 19.370304 ], [ -99.006534, 19.366366 ], [ -99.005576, 19.368461 ], [ -99.007576, 19.363218 ], [ -99.007743, 19.361642 ], [ -99.006481, 19.358023 ], [ -99.00749, 19.360034 ], [ -99.005712, 19.356411 ], [ -99.008356, 19.35522 ], [ -99.008536, 19.354958 ], [ -99.005523, 19.356108 ], [ -99.008491, 19.355008 ], [ -99.005471, 19.354974 ], [ -99.005085, 19.354226 ], [ -99.004227, 19.352685 ], [ -99.004168, 19.35391 ], [ -99.004233, 19.351362 ], [ -99.003927, 19.350091 ], [ -98.999626, 19.348579 ], [ -99.002705, 19.349153 ], [ -98.998142, 19.347395 ], [ -98.998177, 19.347117 ], [ -98.99817, 19.347065 ], [ -98.998196, 19.347081 ], [ -98.998171, 19.347065 ], [ -98.998172, 19.347065 ], [ -98.998177, 19.347121 ], [ -98.998173, 19.347065 ], [ -98.998177, 19.347122 ], [ -98.998233, 19.347095 ], [ -98.998391, 19.347136 ], [ -98.998258, 19.347096 ], [ -98.998306, 19.347107 ], [ -98.998361, 19.347106 ], [ -98.99833, 19.347128 ], [ -98.998336, 19.347204 ], [ -98.998233, 19.34715 ], [ -98.99833, 19.347138 ], [ -98.998378, 19.347065 ], [ -98.998248, 19.347045 ], [ -98.998344, 19.347119 ], [ -98.998214, 19.347223 ], [ -98.998135, 19.347248 ], [ -98.998236, 19.346947 ], [ -98.998225, 19.347216 ], [ -98.9978, 19.347032 ], [ -98.99792, 19.346979 ], [ -98.998037, 19.347213 ], [ -98.998168, 19.347138 ], [ -98.998305, 19.347126 ], [ -98.998859, 19.347099 ], [ -98.999516, 19.345854 ], [ -99.000593, 19.342695 ], [ -99.001855, 19.34171 ], [ -99.001853, 19.34173 ], [ -99.001853, 19.34173 ], [ -99.001853, 19.34173 ], [ -99.001853, 19.34173 ], [ -99.001851, 19.34173 ], [ -99.001852, 19.341711 ], [ -99.001851, 19.34171 ], [ -99.001853, 19.341729 ], [ -99.001867, 19.341727 ], [ -99.001869, 19.341727 ], [ -99.001869, 19.341734 ], [ -99.001869, 19.341727 ], [ -99.001867, 19.341763 ], [ -99.002198, 19.341778 ], [ -99.001792, 19.343985 ], [ -99.001365, 19.344813 ], [ -99.004935, 19.345885 ], [ -99.002155, 19.345656 ], [ -99.005281, 19.345991 ], [ -99.005289, 19.345975 ], [ -99.006941, 19.347384 ], [ -99.005945, 19.346599 ], [ -99.007026, 19.34777 ], [ -99.007028, 19.347755 ], [ -99.007027, 19.347755 ], [ -99.007026, 19.347753 ], [ -99.007024, 19.347755 ], [ -99.007015, 19.347807 ], [ -99.005804, 19.348862 ], [ -99.004205, 19.351276 ], [ -99.004135, 19.353247 ], [ -99.00548, 19.35624 ], [ -98.997542, 19.358392 ], [ -99.007229, 19.36612 ], [ -99.023364, 19.378122 ], [ -99.039153, 19.387368 ], [ -99.031888, 19.383137 ], [ -99.068488, 19.404218 ], [ -99.060752, 19.399712 ], [ -99.076168, 19.408698 ], [ -99.076433, 19.408786 ], [ -99.083532, 19.412954 ], [ -99.085904, 19.41599 ], [ -99.085486, 19.416612 ], [ -99.088827, 19.424701 ], [ -99.082871, 19.420958 ], [ -99.096411, 19.428917 ], [ -99.103717, 19.432592 ], [ -99.108545, 19.435915 ], [ -99.112104, 19.437725 ], [ -99.110336, 19.4376 ], [ -99.113466, 19.43942 ], [ -99.113128, 19.440538 ], [ -99.117148, 19.443852 ], [ -99.115447, 19.441971 ], [ -99.122288, 19.449345 ], [ -99.127524, 19.452504 ], [ -99.124502, 19.451647 ], [ -99.130139, 19.453022 ], [ -99.134018, 19.449101 ], [ -99.131903, 19.443336 ], [ -99.135161, 19.444847 ], [ -99.128935, 19.443158 ], [ -99.128853, 19.443188 ], [ -99.123211, 19.442727 ], [ -99.127474, 19.443108 ], [ -99.121374, 19.441226 ], [ -99.111548, 19.43751 ], [ -99.105871, 19.43336 ], [ -99.107691, 19.434042 ], [ -99.105839, 19.433369 ], [ -99.106703, 19.434872 ], [ -99.103395, 19.436621 ], [ -99.10371, 19.436367 ], [ -99.103523, 19.436406 ], [ -99.096908, 19.439596 ], [ -99.078769, 19.449735 ], [ -99.068753, 19.446512 ], [ -99.075402, 19.448758 ], [ -99.051179, 19.452451 ], [ -99.069752, 19.420393 ], [ -99.076773, 19.408448 ], [ -99.041794, 19.388459 ], [ -99.01317, 19.370267 ], [ -98.995051, 19.349948 ], [ -98.998239, 19.347115 ], [ -98.99824, 19.347159 ], [ -98.998245, 19.347097 ], [ -98.998246, 19.347098 ], [ -98.998219, 19.34712 ], [ -98.998248, 19.3471 ], [ -98.998249, 19.3471 ], [ -98.998245, 19.347101 ], [ -98.998288, 19.347138 ], [ -98.998216, 19.34716 ], [ -98.99831, 19.347155 ], [ -98.998288, 19.347157 ], [ -98.998294, 19.347185 ], [ -98.99829, 19.347158 ], [ -98.998291, 19.347154 ], [ -98.998291, 19.347154 ], [ -98.998216, 19.34711 ], [ -98.998242, 19.347096 ], [ -98.998245, 19.347097 ], [ -98.998249, 19.34712 ], [ -98.99824, 19.347125 ], [ -98.998246, 19.347102 ], [ -98.998249, 19.347101 ], [ -98.998256, 19.347154 ], [ -98.991926, 19.347029 ], [ -98.995791, 19.347737 ], [ -98.988133, 19.346308 ], [ -98.983878, 19.345439 ], [ -98.977356, 19.346501 ], [ -98.978196, 19.346249 ], [ -98.982658, 19.347355 ], [ -98.989214, 19.353589 ], [ -98.998897, 19.359979 ], [ -98.99325, 19.357072 ], [ -99.004837, 19.364232 ], [ -99.010477, 19.368555 ], [ -99.021953, 19.376985 ], [ -99.02825, 19.381094 ], [ -99.034941, 19.384818 ], [ -99.049698, 19.393378 ], [ -99.056057, 19.397019 ], [ -99.060916, 19.399892 ], [ -99.063784, 19.401668 ], [ -99.073158, 19.407031 ], [ -99.067894, 19.403984 ], [ -99.076449, 19.408917 ], [ -99.078549, 19.410108 ], [ -99.079365, 19.410562 ], [ -99.081888, 19.411991 ], [ -99.086052, 19.41567 ], [ -99.085666, 19.414195 ], [ -99.085699, 19.416246 ], [ -99.083248, 19.420338 ], [ -99.09349, 19.427508 ], [ -99.086425, 19.423423 ], [ -99.095818, 19.428635 ], [ -99.100897, 19.431123 ], [ -99.108633, 19.436682 ], [ -99.105645, 19.433454 ], [ -99.110398, 19.437545 ], [ -99.11384, 19.438021 ], [ -99.114319, 19.440766 ], [ -99.113203, 19.440321 ], [ -99.116514, 19.443161 ], [ -99.117601, 19.444217 ], [ -99.123171, 19.450262 ], [ -99.120985, 19.447879 ], [ -99.124228, 19.451366 ], [ -99.127399, 19.452456 ], [ -99.133589, 19.449659 ], [ -99.129724, 19.452898 ], [ -99.134944, 19.44679 ], [ -99.134723, 19.443536 ], [ -99.133338, 19.443455 ], [ -99.129386, 19.443167 ], [ -99.132597, 19.44339 ], [ -99.129003, 19.443133 ], [ -99.12727, 19.443123 ], [ -99.123638, 19.442758 ], [ -99.125348, 19.442894 ], [ -99.123373, 19.442712 ], [ -99.121751, 19.44157 ], [ -99.115839, 19.438008 ], [ -99.120505, 19.440138 ] ] } },
{ "type": "Feature", "properties": { "device_id": "beb8f892f40da294915c437eca4dcec1fe93f75ef451ae9d1b2d604d80df7a73", "timestamps": "2020-01-01T06:32:04, 2020-01-01T06:53:37, 2020-01-01T07:13:18, 2020-01-01T07:38:37, 2020-01-01T07:59:11, 2020-01-01T08:18:49, 2020-01-01T08:59:18, 2020-01-01T10:00:18, 2020-01-01T10:00:19, 2020-01-01T10:21:45, 2020-01-01T10:41:47, 2020-01-01T11:21:13, 2020-01-01T12:24:17, 2020-01-01T12:44:55, 2020-01-01T13:10:25, 2020-01-01T13:29:42, 2020-01-01T14:31:05, 2020-01-01T14:52:58, 2020-01-01T15:12:16, 2020-01-01T15:32:23, 2020-01-01T15:53:53, 2020-01-01T16:13:00, 2020-01-01T16:34:19, 2020-01-01T16:55:28, 2020-01-01T17:19:00, 2020-01-01T17:19:11, 2020-01-01T17:19:40, 2020-01-01T17:20:20, 2020-01-01T17:21:52, 2020-01-01T17:45:09, 2020-01-01T17:46:27, 2020-01-01T18:24:48, 2020-01-01T19:03:03, 2020-01-01T19:38:54, 2020-01-01T19:45:02, 2020-01-01T19:45:35, 2020-01-01T19:46:35, 2020-01-01T19:47:10, 2020-01-01T19:48:00, 2020-01-01T19:48:25, 2020-01-01T19:51:00, 2020-01-01T19:51:25, 2020-01-01T19:52:35, 2020-01-01T19:53:02, 2020-01-01T19:53:10, 2020-01-01T19:58:35, 2020-01-01T20:03:06, 2020-01-01T20:03:39, 2020-01-01T20:05:16, 2020-01-01T20:06:06, 2020-01-01T20:07:32, 2020-01-01T20:09:49, 2020-01-01T20:10:35, 2020-01-01T20:11:50, 2020-01-01T20:19:50, 2020-01-01T20:22:27, 2020-01-01T20:23:37, 2020-01-01T20:27:45, 2020-01-01T20:30:37, 2020-01-01T20:31:55, 2020-01-01T20:32:41, 2020-01-01T20:33:26, 2020-01-01T20:34:36, 2020-01-01T20:35:42, 2020-01-01T20:36:26, 2020-01-01T20:37:36, 2020-01-01T20:37:55, 2020-01-01T20:38:45, 2020-01-01T20:39:42, 2020-01-01T20:40:52, 2020-01-01T20:41:45, 2020-01-01T20:42:20, 2020-01-01T20:43:55, 2020-01-01T20:44:01, 2020-01-01T20:44:03, 2020-01-01T20:44:09, 2020-01-01T20:44:14, 2020-01-01T20:44:18, 2020-01-01T20:44:33, 2020-01-01T20:44:37, 2020-01-01T20:44:42, 2020-01-01T20:44:47, 2020-01-01T20:44:49, 2020-01-01T20:45:12, 2020-01-01T20:46:20, 2020-01-01T20:46:56, 2020-01-01T20:47:52, 2020-01-01T20:48:18, 2020-01-01T20:49:21, 2020-01-01T20:50:07, 2020-01-01T20:53:12, 2020-01-01T20:54:01, 2020-01-01T20:54:57, 2020-01-01T20:56:47, 2020-01-01T20:59:03, 2020-01-01T21:03:38, 2020-01-01T21:04:43, 2020-01-01T21:05:29, 2020-01-01T21:06:39, 2020-01-01T21:06:53, 2020-01-01T21:08:00, 2020-01-01T21:08:02, 2020-01-01T21:08:04, 2020-01-01T21:08:05, 2020-01-01T21:08:07, 2020-01-01T21:08:09, 2020-01-01T21:08:16, 2020-01-01T21:08:19, 2020-01-01T21:08:29, 2020-01-01T21:08:30, 2020-01-01T21:08:31, 2020-01-01T21:08:32, 2020-01-01T21:08:36, 2020-01-01T21:08:39, 2020-01-01T21:08:43, 2020-01-01T21:08:44, 2020-01-01T21:08:45, 2020-01-01T21:08:47, 2020-01-01T21:08:48, 2020-01-01T21:09:20, 2020-01-01T21:09:22, 2020-01-01T21:09:24, 2020-01-01T21:09:28, 2020-01-01T21:09:50, 2020-01-01T21:09:52, 2020-01-01T21:09:54, 2020-01-01T21:09:57, 2020-01-01T21:09:59, 2020-01-01T21:10:40, 2020-01-01T21:22:37, 2020-01-01T21:22:38, 2020-01-01T21:43:16, 2020-01-01T22:02:38, 2020-01-01T22:22:40, 2020-01-01T22:42:51, 2020-01-01T22:45:03, 2020-01-01T22:45:59, 2020-01-01T22:46:49, 2020-01-01T22:47:13, 2020-01-01T22:48:03, 2020-01-01T22:48:59, 2020-01-01T22:49:49, 2020-01-01T22:51:31, 2020-01-01T22:52:36, 2020-01-01T22:53:42, 2020-01-01T22:54:26, 2020-01-01T22:55:36, 2020-01-01T22:55:51, 2020-01-01T22:57:26, 2020-01-01T22:58:36, 2020-01-01T22:58:51, 2020-01-01T22:59:42, 2020-01-01T23:00:26, 2020-01-01T23:02:12, 2020-01-01T23:22:03, 2020-01-01T23:22:35, 2020-01-01T23:24:37, 2020-01-01T23:25:41, 2020-01-01T23:26:28, 2020-01-01T23:27:37, 2020-01-01T23:28:41, 2020-01-01T23:29:27, 2020-01-01T23:30:02, 2020-01-01T23:30:51, 2020-01-01T23:31:44, 2020-01-01T23:32:28, 2020-01-01T23:34:41, 2020-01-01T23:35:28, 2020-01-01T23:36:37, 2020-01-01T23:38:28, 2020-01-01T23:39:54, 2020-01-01T23:41:40, 2020-01-01T23:42:12, 2020-01-01T23:43:02, 2020-01-01T23:43:57, 2020-01-01T23:44:46, 2020-01-01T23:47:29" }, "geometry": { "type": "LineString", "coordinates": [ [ -99.164593, 19.476849 ], [ -99.164572, 19.476761 ], [ -99.164597, 19.476819 ], [ -99.164594, 19.476719 ], [ -99.164593, 19.476748 ], [ -99.164596, 19.476749 ], [ -99.164597, 19.476843 ], [ -99.164596, 19.476839 ], [ -99.164596, 19.476836 ], [ -99.164593, 19.476746 ], [ -99.164595, 19.476848 ], [ -99.164247, 19.47675 ], [ -99.164598, 19.476845 ], [ -99.164593, 19.476847 ], [ -99.164596, 19.47686 ], [ -99.164597, 19.476844 ], [ -99.164321, 19.47673 ], [ -99.164597, 19.476845 ], [ -99.164548, 19.476785 ], [ -99.16453, 19.476772 ], [ -99.16454, 19.476752 ], [ -99.164597, 19.476848 ], [ -99.164597, 19.476843 ], [ -99.164597, 19.476844 ], [ -99.164595, 19.476849 ], [ -99.164454, 19.476636 ], [ -99.164548, 19.476786 ], [ -99.164593, 19.47683 ], [ -99.164454, 19.476654 ], [ -99.164448, 19.476856 ], [ -99.164463, 19.476663 ], [ -99.164596, 19.476866 ], [ -99.164586, 19.476762 ], [ -99.163288, 19.473303 ], [ -99.15914, 19.473571 ], [ -99.15914, 19.473571 ], [ -99.154387, 19.473325 ], [ -99.15197, 19.473094 ], [ -99.147993, 19.473155 ], [ -99.150953, 19.473064 ], [ -99.1419, 19.472149 ], [ -99.142872, 19.47239 ], [ -99.138701, 19.471411 ], [ -99.136947, 19.469964 ], [ -99.136868, 19.469732 ], [ -99.134833, 19.467291 ], [ -99.107878, 19.452076 ], [ -99.10785, 19.452392 ], [ -99.0991, 19.4501 ], [ -99.090915, 19.449662 ], [ -99.087145, 19.445651 ], [ -99.086644, 19.444912 ], [ -99.087751, 19.43406 ], [ -99.087623, 19.434082 ], [ -99.074209, 19.414972 ], [ -99.07185, 19.414711 ], [ -99.071893, 19.415039 ], [ -99.071939, 19.415331 ], [ -99.072935, 19.40679 ], [ -99.071265, 19.405509 ], [ -99.069737, 19.405225 ], [ -99.061792, 19.400527 ], [ -99.054594, 19.396052 ], [ -99.047093, 19.391659 ], [ -99.046226, 19.391195 ], [ -99.035714, 19.385119 ], [ -99.040976, 19.388221 ], [ -99.034465, 19.384556 ], [ -99.029338, 19.381779 ], [ -99.021375, 19.376483 ], [ -99.016252, 19.372909 ], [ -99.011137, 19.369167 ], [ -99.006829, 19.365455 ], [ -99.005422, 19.364546 ], [ -99.005432, 19.364565 ], [ -99.005482, 19.364588 ], [ -99.005574, 19.364602 ], [ -99.005463, 19.364585 ], [ -99.005399, 19.364513 ], [ -99.005398, 19.364514 ], [ -99.005464, 19.364585 ], [ -99.005413, 19.364582 ], [ -99.005436, 19.364586 ], [ -99.005699, 19.364742 ], [ -99.003344, 19.362882 ], [ -99.005067, 19.363814 ], [ -98.998125, 19.361362 ], [ -98.990787, 19.359853 ], [ -98.98518, 19.359731 ], [ -98.978942, 19.35984 ], [ -98.976717, 19.35901 ], [ -98.964179, 19.355503 ], [ -98.970201, 19.358765 ], [ -98.960852, 19.350172 ], [ -98.961661, 19.349686 ], [ -98.960511, 19.343195 ], [ -98.958307, 19.34075 ], [ -98.955523, 19.338119 ], [ -98.949226, 19.329664 ], [ -98.95293, 19.334375 ], [ -98.943828, 19.323217 ], [ -98.943795, 19.323285 ], [ -98.943807, 19.323261 ], [ -98.943777, 19.323277 ], [ -98.943817, 19.323207 ], [ -98.943833, 19.323192 ], [ -98.94374, 19.323394 ], [ -98.943736, 19.323383 ], [ -98.94373, 19.323493 ], [ -98.943739, 19.323354 ], [ -98.94373, 19.323389 ], [ -98.943744, 19.323374 ], [ -98.943769, 19.323347 ], [ -98.943782, 19.323321 ], [ -98.943748, 19.323381 ], [ -98.94373, 19.323358 ], [ -98.943736, 19.323356 ], [ -98.943749, 19.323387 ], [ -98.943745, 19.323371 ], [ -98.943999, 19.323041 ], [ -98.943955, 19.323079 ], [ -98.943976, 19.323051 ], [ -98.944022, 19.322994 ], [ -98.943907, 19.323166 ], [ -98.943855, 19.323184 ], [ -98.943875, 19.323169 ], [ -98.943945, 19.323143 ], [ -98.94396, 19.323124 ], [ -98.944886, 19.322315 ], [ -98.945585, 19.322168 ], [ -98.945586, 19.322165 ], [ -98.945514, 19.322086 ], [ -98.945506, 19.322155 ], [ -98.945586, 19.322168 ], [ -98.940188, 19.317533 ], [ -98.934774, 19.312355 ], [ -98.937453, 19.314625 ], [ -98.933735, 19.311649 ], [ -98.9324, 19.311098 ], [ -98.929405, 19.310973 ], [ -98.931146, 19.31086 ], [ -98.928834, 19.312615 ], [ -98.928656, 19.313058 ], [ -98.926025, 19.312734 ], [ -98.922805, 19.311085 ], [ -98.918934, 19.309403 ], [ -98.909841, 19.310354 ], [ -98.912718, 19.309671 ], [ -98.902673, 19.311169 ], [ -98.899366, 19.311749 ], [ -98.901107, 19.311291 ], [ -98.899049, 19.312585 ], [ -98.898579, 19.312996 ], [ -98.89824, 19.312922 ], [ -98.900683, 19.311538 ], [ -98.8994, 19.31176 ], [ -98.9082, 19.310806 ], [ -98.910618, 19.31034 ], [ -98.915297, 19.309144 ], [ -98.921883, 19.310767 ], [ -98.926504, 19.313057 ], [ -98.930914, 19.314606 ], [ -98.937627, 19.317685 ], [ -98.933223, 19.315572 ], [ -98.940755, 19.320718 ], [ -98.941504, 19.321583 ], [ -98.945763, 19.323271 ], [ -98.946966, 19.323398 ], [ -98.945187, 19.321959 ], [ -98.942783, 19.320263 ], [ -98.940436, 19.317872 ], [ -98.938158, 19.315245 ], [ -98.938419, 19.315679 ], [ -98.943705, 19.321285 ], [ -98.941095, 19.318675 ], [ -98.944854, 19.32226 ], [ -98.945469, 19.322119 ] ] } },
{ "type": "Feature", "properties": { "device_id": "560f7dba615bed234a5ed59f74fa07e9f774a10949b4131a3508998f3b56e3c6", "timestamps": "2020-01-01T06:01:50, 2020-01-01T06:10:38, 2020-01-01T06:20:02, 2020-01-01T06:36:33, 2020-01-01T06:47:10, 2020-01-01T06:47:15, 2020-01-01T06:47:19, 2020-01-01T06:47:27, 2020-01-01T06:57:23, 2020-01-01T07:07:14, 2020-01-01T07:17:26, 2020-01-01T07:33:27, 2020-01-01T07:48:11, 2020-01-01T07:53:40, 2020-01-01T07:54:12, 2020-01-01T07:54:49, 2020-01-01T07:55:20, 2020-01-01T07:55:23, 2020-01-01T07:56:36, 2020-01-01T07:56:55, 2020-01-01T07:57:42, 2020-01-01T07:58:27, 2020-01-01T07:59:37, 2020-01-01T07:59:51, 2020-01-01T08:00:41, 2020-01-01T08:01:28, 2020-01-01T08:02:39, 2020-01-01T08:03:43, 2020-01-01T08:04:29, 2020-01-01T08:05:05, 2020-01-01T08:05:57, 2020-01-01T08:06:40, 2020-01-01T08:07:15, 2020-01-01T08:08:05, 2020-01-01T08:08:50, 2020-01-01T08:09:40, 2020-01-01T08:10:12, 2020-01-01T08:11:02, 2020-01-01T08:11:56, 2020-01-01T08:12:46, 2020-01-01T08:13:11, 2020-01-01T08:14:04, 2020-01-01T08:15:48, 2020-01-01T08:16:13, 2020-01-01T08:17:00, 2020-01-01T08:17:59, 2020-01-01T08:18:32, 2020-01-01T08:19:16, 2020-01-01T08:20:07, 2020-01-01T08:20:21, 2020-01-01T08:21:34, 2020-01-01T08:22:19, 2020-01-01T08:23:20, 2020-01-01T08:24:30, 2020-01-01T08:24:55, 2020-01-01T08:25:45, 2020-01-01T08:26:20, 2020-01-01T08:27:30, 2020-01-01T08:27:55, 2020-01-01T08:28:42, 2020-01-01T08:29:27, 2020-01-01T08:30:37, 2020-01-01T08:30:51, 2020-01-01T08:31:44, 2020-01-01T08:32:29, 2020-01-01T08:33:05, 2020-01-01T08:33:50, 2020-01-01T08:34:40, 2020-01-01T08:35:12, 2020-01-01T08:36:01, 2020-01-01T08:36:56, 2020-01-01T08:37:47, 2020-01-01T08:38:14, 2020-01-01T08:39:03, 2020-01-01T08:39:58, 2020-01-01T08:40:35, 2020-01-01T08:41:16, 2020-01-01T08:42:07, 2020-01-01T08:42:22, 2020-01-01T08:43:34, 2020-01-01T08:44:19, 2020-01-01T08:45:09, 2020-01-01T08:45:23, 2020-01-01T08:46:30, 2020-01-01T08:47:42, 2020-01-01T08:48:27, 2020-01-01T08:49:39, 2020-01-01T08:49:54, 2020-01-01T08:50:43, 2020-01-01T08:52:01, 2020-01-01T08:52:56, 2020-01-01T09:01:04, 2020-01-01T09:11:06, 2020-01-01T09:23:34, 2020-01-01T09:34:27, 2020-01-01T09:44:27, 2020-01-01T09:54:25, 2020-01-01T10:04:23, 2020-01-01T10:14:10, 2020-01-01T10:22:34, 2020-01-01T10:23:18, 2020-01-01T10:24:23, 2020-01-01T10:25:30, 2020-01-01T10:25:55, 2020-01-01T10:26:45, 2020-01-01T10:27:26, 2020-01-01T10:28:37, 2020-01-01T10:28:51, 2020-01-01T10:29:50, 2020-01-01T10:35:06, 2020-01-01T10:35:25, 2020-01-01T10:36:32, 2020-01-01T10:37:17, 2020-01-01T10:38:21, 2020-01-01T10:45:39, 2020-01-01T10:45:53, 2020-01-01T10:46:40, 2020-01-01T10:47:15, 2020-01-01T10:48:02, 2020-01-01T10:48:56, 2020-01-01T10:49:47, 2020-01-01T10:50:11, 2020-01-01T10:51:38, 2020-01-01T10:55:08, 2020-01-01T10:56:34, 2020-01-01T10:57:19, 2020-01-01T10:58:20, 2020-01-01T10:59:36, 2020-01-01T10:59:52, 2020-01-01T11:00:41, 2020-01-01T11:01:28, 2020-01-01T11:02:39, 2020-01-01T11:03:43, 2020-01-01T11:04:29, 2020-01-01T11:05:02, 2020-01-01T11:05:56, 2020-01-01T11:06:46, 2020-01-01T11:07:12, 2020-01-01T11:08:01, 2020-01-01T11:08:56, 2020-01-01T11:09:47, 2020-01-01T11:10:14, 2020-01-01T11:11:03, 2020-01-01T11:11:58, 2020-01-01T11:12:49, 2020-01-01T11:13:10, 2020-01-01T11:14:06, 2020-01-01T11:14:25, 2020-01-01T11:15:36, 2020-01-01T11:16:18, 2020-01-01T11:17:09, 2020-01-01T11:17:23, 2020-01-01T11:18:33, 2020-01-01T11:19:19, 2020-01-01T11:20:20, 2020-01-01T11:21:37, 2020-01-01T11:21:52, 2020-01-01T11:22:44, 2020-01-01T11:23:29, 2020-01-01T11:24:05, 2020-01-01T11:24:53, 2020-01-01T11:25:40, 2020-01-01T11:26:12, 2020-01-01T11:27:01, 2020-01-01T11:27:56, 2020-01-01T11:28:30, 2020-01-01T11:29:14, 2020-01-01T11:30:03, 2020-01-01T11:30:58, 2020-01-01T11:31:49, 2020-01-01T11:49:40, 2020-01-01T18:13:14, 2020-01-01T18:13:18, 2020-01-01T18:13:44, 2020-01-01T18:23:11, 2020-01-01T18:44:20, 2020-01-01T18:55:26, 2020-01-01T19:13:01, 2020-01-01T19:28:07, 2020-01-01T19:34:36, 2020-01-01T19:34:52, 2020-01-01T19:35:41, 2020-01-01T19:36:28, 2020-01-01T19:37:39, 2020-01-01T19:37:53, 2020-01-01T19:38:40, 2020-01-01T19:39:15, 2020-01-01T19:40:02, 2020-01-01T19:40:50, 2020-01-01T19:41:46, 2020-01-01T19:42:11, 2020-01-01T19:43:04, 2020-01-01T19:43:58, 2020-01-01T19:44:49, 2020-01-01T19:45:10, 2020-01-01T19:46:07, 2020-01-01T19:47:31, 2020-01-01T19:48:18, 2020-01-01T19:49:23, 2020-01-01T19:50:36, 2020-01-01T19:50:55, 2020-01-01T19:51:42, 2020-01-01T19:52:27, 2020-01-01T19:53:39, 2020-01-01T19:53:54, 2020-01-01T19:54:40, 2020-01-01T19:55:15, 2020-01-01T19:56:01, 2020-01-01T19:56:56, 2020-01-01T19:57:47, 2020-01-01T19:58:11, 2020-01-01T19:59:04, 2020-01-01T19:59:58, 2020-01-01T20:00:49, 2020-01-01T20:01:10, 2020-01-01T20:02:07, 2020-01-01T20:02:22, 2020-01-01T20:03:34, 2020-01-01T20:04:18, 2020-01-01T20:05:23, 2020-01-01T20:06:30, 2020-01-01T20:06:55, 2020-01-01T20:07:45, 2020-01-01T20:08:20, 2020-01-01T20:09:36, 2020-01-01T20:09:53, 2020-01-01T20:10:41, 2020-01-01T20:11:27, 2020-01-01T20:12:39, 2020-01-01T20:12:54, 2020-01-01T20:13:40, 2020-01-01T20:14:12, 2020-01-01T20:15:04, 2020-01-01T20:15:57, 2020-01-01T20:16:49, 2020-01-01T20:17:13, 2020-01-01T20:18:00, 2020-01-01T20:18:59, 2020-01-01T20:19:32, 2020-01-01T20:32:12, 2020-01-01T20:44:27, 2020-01-01T20:54:51, 2020-01-01T21:04:27, 2020-01-01T21:14:35, 2020-01-01T21:28:27, 2020-01-01T21:37:01, 2020-01-01T21:51:31, 2020-01-01T22:06:31, 2020-01-01T22:23:27, 2020-01-01T22:35:36, 2020-01-01T22:36:41, 2020-01-01T22:37:28, 2020-01-01T22:38:39, 2020-01-01T22:38:50, 2020-01-01T22:39:43, 2020-01-01T22:40:29, 2020-01-01T22:41:39, 2020-01-01T22:41:53, 2020-01-01T22:42:37, 2020-01-01T22:43:15, 2020-01-01T22:44:01, 2020-01-01T22:44:21, 2020-01-01T22:45:47, 2020-01-01T22:46:11, 2020-01-01T22:47:04, 2020-01-01T22:47:58, 2020-01-01T22:48:49, 2020-01-01T22:49:10, 2020-01-01T22:50:07, 2020-01-01T22:50:28, 2020-01-01T22:51:31, 2020-01-01T22:52:18, 2020-01-01T22:53:08, 2020-01-01T22:53:24, 2020-01-01T22:54:36, 2020-01-01T22:55:19, 2020-01-01T22:56:20, 2020-01-01T22:57:36, 2020-01-01T22:57:52, 2020-01-01T22:58:41, 2020-01-01T22:59:28, 2020-01-01T23:00:39, 2020-01-01T23:00:53, 2020-01-01T23:01:43, 2020-01-01T23:02:29, 2020-01-01T23:03:02, 2020-01-01T23:03:50, 2020-01-01T23:04:47, 2020-01-01T23:05:14, 2020-01-01T23:06:00, 2020-01-01T23:06:25, 2020-01-01T23:07:35, 2020-01-01T23:08:16, 2020-01-01T23:09:07, 2020-01-01T23:10:34, 2020-01-01T23:11:19, 2020-01-01T23:12:20, 2020-01-01T23:13:36, 2020-01-01T23:13:54, 2020-01-01T23:14:42, 2020-01-01T23:15:27, 2020-01-01T23:16:38, 2020-01-01T23:16:54, 2020-01-01T23:17:43, 2020-01-01T23:18:29, 2020-01-01T23:19:02, 2020-01-01T23:19:50, 2020-01-01T23:21:16, 2020-01-01T23:22:16, 2020-01-01T23:23:07, 2020-01-01T23:23:22, 2020-01-01T23:24:34, 2020-01-01T23:25:18, 2020-01-01T23:26:23, 2020-01-01T23:27:30, 2020-01-01T23:27:55, 2020-01-01T23:28:45, 2020-01-01T23:29:26, 2020-01-01T23:30:37, 2020-01-01T23:30:51, 2020-01-01T23:31:32, 2020-01-01T23:31:41, 2020-01-01T23:45:01" }, "geometry": { "type": "LineString", "coordinates": [ [ -99.184584, 19.453627 ], [ -99.184604, 19.453644 ], [ -99.184648, 19.453637 ], [ -99.18456, 19.453617 ], [ -99.18457, 19.453712 ], [ -99.184666, 19.453477 ], [ -99.184556, 19.453693 ], [ -99.184665, 19.453493 ], [ -99.184561, 19.453631 ], [ -99.184543, 19.453681 ], [ -99.184613, 19.453562 ], [ -99.184579, 19.453587 ], [ -99.184583, 19.453625 ], [ -99.184534, 19.453602 ], [ -99.18282, 19.455245 ], [ -99.182106, 19.455459 ], [ -99.180656, 19.456203 ], [ -99.181019, 19.455618 ], [ -99.176859, 19.453756 ], [ -99.180644, 19.456196 ], [ -99.172905, 19.451064 ], [ -99.169463, 19.450641 ], [ -99.164988, 19.448198 ], [ -99.166784, 19.448976 ], [ -99.16398, 19.452178 ], [ -99.163224, 19.458495 ], [ -99.148922, 19.463181 ], [ -99.142175, 19.46358 ], [ -99.135228, 19.464999 ], [ -99.120405, 19.459029 ], [ -99.127384, 19.461276 ], [ -99.113152, 19.454605 ], [ -99.105763, 19.451256 ], [ -99.091795, 19.450197 ], [ -99.097539, 19.45058 ], [ -99.08714, 19.445293 ], [ -99.087914, 19.443268 ], [ -99.088209, 19.442949 ], [ -99.088386, 19.442855 ], [ -99.088373, 19.442996 ], [ -99.087666, 19.445178 ], [ -99.074457, 19.454066 ], [ -99.068136, 19.458825 ], [ -99.060417, 19.461822 ], [ -99.053647, 19.474654 ], [ -99.056669, 19.468112 ], [ -99.050928, 19.480439 ], [ -99.048571, 19.48574 ], [ -99.039691, 19.484003 ], [ -99.044534, 19.484888 ], [ -99.036907, 19.481663 ], [ -99.03536, 19.483517 ], [ -99.034557, 19.484341 ], [ -99.03678, 19.48288 ], [ -99.034477, 19.484109 ], [ -99.041281, 19.484426 ], [ -99.046823, 19.485424 ], [ -99.055267, 19.486829 ], [ -99.051742, 19.486258 ], [ -99.054647, 19.4866 ], [ -99.050006, 19.485772 ], [ -99.051681, 19.480428 ], [ -99.05094, 19.483062 ], [ -99.054789, 19.47323 ], [ -99.057845, 19.465888 ], [ -99.068185, 19.459027 ], [ -99.061214, 19.461848 ], [ -99.075478, 19.453669 ], [ -99.082815, 19.448935 ], [ -99.095384, 19.440364 ], [ -99.089719, 19.443947 ], [ -99.101906, 19.437424 ], [ -99.109105, 19.434077 ], [ -99.112119, 19.421282 ], [ -99.111214, 19.427625 ], [ -99.112808, 19.414829 ], [ -99.113425, 19.409237 ], [ -99.118573, 19.408971 ], [ -99.11346, 19.408598 ], [ -99.121927, 19.409201 ], [ -99.129025, 19.408871 ], [ -99.138036, 19.405126 ], [ -99.135947, 19.408 ], [ -99.138675, 19.400657 ], [ -99.138914, 19.399264 ], [ -99.139988, 19.395786 ], [ -99.14243, 19.396109 ], [ -99.142448, 19.396122 ], [ -99.14243, 19.39611 ], [ -99.142433, 19.39611 ], [ -99.142436, 19.396107 ], [ -99.142394, 19.396119 ], [ -99.142375, 19.396106 ], [ -99.142375, 19.39613 ], [ -99.142394, 19.396119 ], [ -99.142376, 19.396105 ], [ -99.142375, 19.396107 ], [ -99.142377, 19.396109 ], [ -99.142377, 19.396106 ], [ -99.142435, 19.396065 ], [ -99.14242, 19.394742 ], [ -99.140188, 19.394428 ], [ -99.138308, 19.39339 ], [ -99.138296, 19.393404 ], [ -99.138832, 19.391912 ], [ -99.141847, 19.392797 ], [ -99.142359, 19.396164 ], [ -99.142383, 19.396072 ], [ -99.142348, 19.396185 ], [ -99.139936, 19.394377 ], [ -99.142736, 19.394793 ], [ -99.138192, 19.394148 ], [ -99.138425, 19.39334 ], [ -99.138381, 19.393422 ], [ -99.141777, 19.392296 ], [ -99.138632, 19.392 ], [ -99.141342, 19.394397 ], [ -99.141342, 19.395898 ], [ -99.144038, 19.395029 ], [ -99.143025, 19.396112 ], [ -99.142216, 19.394616 ], [ -99.142086, 19.394598 ], [ -99.142539, 19.394715 ], [ -99.14139, 19.394481 ], [ -99.135764, 19.393587 ], [ -99.1312, 19.395916 ], [ -99.129235, 19.397744 ], [ -99.123827, 19.397944 ], [ -99.125392, 19.397811 ], [ -99.124589, 19.400366 ], [ -99.124009, 19.404536 ], [ -99.107363, 19.407133 ], [ -99.098696, 19.408842 ], [ -99.098015, 19.414255 ], [ -99.090964, 19.429508 ], [ -99.095246, 19.421825 ], [ -99.086373, 19.436844 ], [ -99.086406, 19.444367 ], [ -99.076543, 19.452788 ], [ -99.083509, 19.448165 ], [ -99.069208, 19.45797 ], [ -99.060642, 19.461663 ], [ -99.05224, 19.477969 ], [ -99.056338, 19.468888 ], [ -99.048559, 19.486375 ], [ -99.045362, 19.493581 ], [ -99.038114, 19.510068 ], [ -99.041812, 19.501714 ], [ -99.034183, 19.518953 ], [ -99.030247, 19.528019 ], [ -99.024062, 19.54191 ], [ -99.027006, 19.535279 ], [ -99.02145, 19.547785 ], [ -99.02041, 19.549125 ], [ -99.020663, 19.548853 ], [ -99.020612, 19.54881 ], [ -99.020665, 19.548865 ], [ -99.020635, 19.54883 ], [ -99.020634, 19.548824 ], [ -99.020641, 19.548805 ], [ -99.020641, 19.548841 ], [ -99.020654, 19.548825 ], [ -99.02073, 19.548887 ], [ -99.020709, 19.548849 ], [ -99.020706, 19.548844 ], [ -99.02069, 19.548822 ], [ -99.020688, 19.548825 ], [ -99.020689, 19.548827 ], [ -99.020687, 19.548825 ], [ -99.020687, 19.54881 ], [ -99.02075, 19.54889 ], [ -99.020789, 19.548887 ], [ -99.020769, 19.548802 ], [ -99.020773, 19.54879 ], [ -99.02077, 19.548893 ], [ -99.020766, 19.548894 ], [ -99.020719, 19.548871 ], [ -99.020736, 19.548887 ], [ -99.02073, 19.548873 ], [ -99.019422, 19.553464 ], [ -99.020456, 19.549981 ], [ -99.020467, 19.552054 ], [ -99.022629, 19.547061 ], [ -99.025417, 19.540782 ], [ -99.02478, 19.5421 ], [ -99.025426, 19.540755 ], [ -99.025393, 19.540758 ], [ -99.025442, 19.540508 ], [ -99.025395, 19.540757 ], [ -99.026935, 19.536302 ], [ -99.029657, 19.529966 ], [ -99.036107, 19.515501 ], [ -99.032786, 19.523139 ], [ -99.039921, 19.506837 ], [ -99.04393, 19.497685 ], [ -99.051453, 19.480465 ], [ -99.055097, 19.47201 ], [ -99.058451, 19.464298 ], [ -99.064017, 19.46095 ], [ -99.076845, 19.452652 ], [ -99.070418, 19.457369 ], [ -99.083411, 19.448491 ], [ -99.090132, 19.443604 ], [ -99.104758, 19.436148 ], [ -99.097826, 19.439288 ], [ -99.110257, 19.432114 ], [ -99.109316, 19.426362 ], [ -99.103701, 19.423527 ], [ -99.106581, 19.424956 ], [ -99.100542, 19.421913 ], [ -99.097257, 19.420139 ], [ -99.087855, 19.414726 ], [ -99.092768, 19.41752 ], [ -99.082662, 19.41173 ], [ -99.079591, 19.409986 ], [ -99.078238, 19.409159 ], [ -99.078264, 19.409159 ], [ -99.07734, 19.408658 ], [ -99.071647, 19.405697 ], [ -99.064084, 19.4013 ], [ -99.049702, 19.393038 ], [ -99.05669, 19.397045 ], [ -99.042142, 19.388708 ], [ -99.034982, 19.384558 ], [ -99.021862, 19.376651 ], [ -99.027923, 19.380584 ], [ -99.014597, 19.371418 ], [ -99.008329, 19.366676 ], [ -98.999192, 19.359839 ], [ -99.003076, 19.362374 ], [ -98.994931, 19.358836 ], [ -98.992199, 19.358514 ], [ -98.989539, 19.357592 ], [ -98.991133, 19.358151 ], [ -98.989954, 19.35589 ], [ -98.990236, 19.354933 ], [ -98.990528, 19.35497 ], [ -98.990564, 19.354974 ], [ -98.990491, 19.354956 ], [ -98.990429, 19.355399 ], [ -98.990444, 19.355377 ], [ -98.990444, 19.355377 ], [ -98.990446, 19.355396 ], [ -98.990445, 19.355395 ], [ -98.990442, 19.355398 ], [ -98.990428, 19.355399 ], [ -98.990444, 19.355397 ], [ -98.990444, 19.355377 ], [ -98.990444, 19.355377 ], [ -98.988887, 19.35754 ], [ -98.985483, 19.356636 ], [ -98.987985, 19.357432 ], [ -98.994732, 19.359394 ], [ -98.99215, 19.358616 ], [ -98.998459, 19.359854 ], [ -99.001829, 19.362011 ], [ -99.011623, 19.369491 ], [ -99.006577, 19.36565 ], [ -99.016792, 19.373226 ], [ -99.022418, 19.377322 ], [ -99.035103, 19.384883 ], [ -99.029138, 19.381626 ], [ -99.04148, 19.388598 ], [ -99.047624, 19.392119 ], [ -99.061998, 19.400293 ], [ -99.055037, 19.396351 ], [ -99.066426, 19.402899 ], [ -99.067318, 19.403442 ], [ -99.072155, 19.406207 ], [ -99.069616, 19.404945 ], [ -99.074327, 19.407615 ], [ -99.075595, 19.408343 ], [ -99.075843, 19.408524 ], [ -99.075603, 19.408357 ], [ -99.080305, 19.410998 ], [ -99.082663, 19.412312 ], [ -99.086185, 19.414391 ], [ -99.092833, 19.418185 ], [ -99.088933, 19.41591 ], [ -99.095894, 19.419916 ], [ -99.096987, 19.420587 ], [ -99.109315, 19.426798 ], [ -99.103028, 19.42359 ], [ -99.110995, 19.428085 ], [ -99.110415, 19.431625 ], [ -99.097796, 19.43921 ], [ -99.105023, 19.435921 ], [ -99.091593, 19.442415 ], [ -99.085018, 19.447257 ], [ -99.070007, 19.457524 ], [ -99.077248, 19.452214 ], [ -99.061633, 19.461441 ], [ -99.056773, 19.467821 ], [ -99.049602, 19.483962 ], [ -99.046147, 19.491867 ], [ -99.042592, 19.49995 ], [ -99.038899, 19.508321 ], [ -99.031636, 19.524944 ], [ -99.035308, 19.516515 ], [ -99.028041, 19.53307 ], [ -99.025662, 19.538352 ], [ -99.021436, 19.546912 ], [ -99.022916, 19.544451 ], [ -99.020425, 19.548353 ], [ -99.020672, 19.548772 ], [ -99.02064, 19.548843 ], [ -99.02066, 19.548813 ], [ -99.020717, 19.548859 ], [ -99.020708, 19.54888 ], [ -99.020702, 19.548945 ], [ -99.020695, 19.548934 ], [ -99.020706, 19.54894 ], [ -99.020709, 19.548915 ], [ -99.02072, 19.548912 ], [ -99.020726, 19.548929 ], [ -99.020724, 19.548911 ], [ -99.020727, 19.548928 ], [ -99.02071, 19.548926 ], [ -99.020712, 19.548925 ], [ -99.020713, 19.548927 ], [ -99.020741, 19.548903 ], [ -99.020715, 19.548922 ], [ -99.020732, 19.548874 ] ] } },
{ "type": "Feature", "properties": { "device_id": "75357f0715c4f9c00192a828de508421aa7a808697a658875a069b50b34e2ae0", "timestamps": "2020-01-01T06:07:03, 2020-01-01T06:18:50, 2020-01-01T06:33:43, 2020-01-01T06:49:50, 2020-01-01T07:09:29, 2020-01-01T07:41:59, 2020-01-01T07:55:45, 2020-01-01T08:05:01, 2020-01-01T08:18:51, 2020-01-01T08:29:13, 2020-01-01T08:39:19, 2020-01-01T08:55:53, 2020-01-01T09:05:20, 2020-01-01T09:20:47, 2020-01-01T09:37:32, 2020-01-01T09:50:31, 2020-01-01T10:01:35, 2020-01-01T10:11:29, 2020-01-01T10:31:31, 2020-01-01T10:43:11, 2020-01-01T10:53:05, 2020-01-01T11:04:11, 2020-01-01T11:20:36, 2020-01-01T11:36:02, 2020-01-01T11:47:31, 2020-01-01T12:05:49, 2020-01-01T12:21:59, 2020-01-01T12:22:21, 2020-01-01T12:23:37, 2020-01-01T12:24:41, 2020-01-01T12:25:27, 2020-01-01T12:26:39, 2020-01-01T12:27:43, 2020-01-01T12:28:29, 2020-01-01T12:29:02, 2020-01-01T12:29:50, 2020-01-01T12:30:46, 2020-01-01T12:31:14, 2020-01-01T12:32:04, 2020-01-01T12:32:57, 2020-01-01T12:33:48, 2020-01-01T12:34:13, 2020-01-01T12:35:00, 2020-01-01T12:35:59, 2020-01-01T12:36:32, 2020-01-01T12:37:17, 2020-01-01T12:38:08, 2020-01-01T12:38:24, 2020-01-01T12:39:33, 2020-01-01T12:40:19, 2020-01-01T12:41:23, 2020-01-01T12:51:52, 2020-01-01T12:58:54, 2020-01-01T13:03:54, 2020-01-01T13:08:26, 2020-01-01T13:13:24, 2020-01-01T13:16:28, 2020-01-01T13:23:00, 2020-01-01T13:23:37, 2020-01-01T13:23:54, 2020-01-01T13:24:10, 2020-01-01T13:24:11, 2020-01-01T13:24:12, 2020-01-01T13:24:35, 2020-01-01T13:25:32, 2020-01-01T13:25:52, 2020-01-01T13:26:28, 2020-01-01T13:26:32, 2020-01-01T13:28:50, 2020-01-01T13:28:53, 2020-01-01T13:28:54, 2020-01-01T13:37:37, 2020-01-01T13:56:05, 2020-01-01T14:16:50, 2020-01-01T14:26:27, 2020-01-01T14:35:37, 2020-01-01T14:45:53, 2020-01-01T14:55:54, 2020-01-01T15:05:59, 2020-01-01T15:15:53, 2020-01-01T15:25:54, 2020-01-01T15:35:58, 2020-01-01T15:45:54, 2020-01-01T16:06:42, 2020-01-01T16:16:11, 2020-01-01T16:26:32, 2020-01-01T16:37:25, 2020-01-01T16:49:04, 2020-01-01T16:59:48, 2020-01-01T17:10:29, 2020-01-01T17:20:49, 2020-01-01T17:30:59, 2020-01-01T17:40:50, 2020-01-01T17:50:32, 2020-01-01T18:00:03, 2020-01-01T18:10:41, 2020-01-01T18:20:29, 2020-01-01T18:41:29, 2020-01-01T18:51:37, 2020-01-01T19:02:25, 2020-01-01T19:12:44, 2020-01-01T19:21:34, 2020-01-01T19:31:07, 2020-01-01T19:32:52, 2020-01-01T19:41:37, 2020-01-01T19:51:40, 2020-01-01T20:02:56, 2020-01-01T20:12:54, 2020-01-01T20:22:10, 2020-01-01T20:32:39, 2020-01-01T20:43:48, 2020-01-01T20:53:29, 2020-01-01T21:03:32, 2020-01-01T21:14:51, 2020-01-01T21:30:31, 2020-01-01T21:48:27, 2020-01-01T22:09:46, 2020-01-01T22:18:23, 2020-01-01T22:38:00, 2020-01-01T22:46:01, 2020-01-01T22:59:46, 2020-01-01T23:18:06, 2020-01-01T23:31:20, 2020-01-01T23:41:16, 2020-01-01T23:52:54" }, "geometry": { "type": "LineString", "coordinates": [ [ -99.191046, 19.339185 ], [ -99.191031, 19.339185 ], [ -99.191035, 19.339189 ], [ -99.191044, 19.339183 ], [ -99.191046, 19.339184 ], [ -99.191047, 19.339175 ], [ -99.191031, 19.339185 ], [ -99.191048, 19.339175 ], [ -99.191047, 19.339175 ], [ -99.191037, 19.339173 ], [ -99.191031, 19.339185 ], [ -99.191047, 19.339176 ], [ -99.191047, 19.339175 ], [ -99.191047, 19.339175 ], [ -99.191031, 19.339185 ], [ -99.191035, 19.339189 ], [ -99.191046, 19.339185 ], [ -99.191035, 19.339171 ], [ -99.191035, 19.339189 ], [ -99.191037, 19.339173 ], [ -99.191044, 19.339184 ], [ -99.191048, 19.339177 ], [ -99.191048, 19.339177 ], [ -99.191046, 19.339183 ], [ -99.191031, 19.339185 ], [ -99.191037, 19.339172 ], [ -99.190476, 19.339607 ], [ -99.190483, 19.341031 ], [ -99.180489, 19.347183 ], [ -99.177355, 19.351889 ], [ -99.172941, 19.356501 ], [ -99.161093, 19.357983 ], [ -99.153073, 19.357624 ], [ -99.14263, 19.357202 ], [ -99.127182, 19.365101 ], [ -99.132761, 19.356758 ], [ -99.120531, 19.369386 ], [ -99.110257, 19.370033 ], [ -99.101073, 19.38183 ], [ -99.102077, 19.373287 ], [ -99.100249, 19.389409 ], [ -99.098655, 19.397912 ], [ -99.09751, 19.412689 ], [ -99.097701, 19.406027 ], [ -99.097718, 19.416891 ], [ -99.096257, 19.419385 ], [ -99.096333, 19.419415 ], [ -99.096296, 19.419391 ], [ -99.096298, 19.419405 ], [ -99.096307, 19.419395 ], [ -99.096348, 19.419411 ], [ -99.085812, 19.413527 ], [ -99.035702, 19.385162 ], [ -98.995808, 19.357703 ], [ -98.957879, 19.323045 ], [ -98.910081, 19.291006 ], [ -98.901619, 19.292835 ], [ -98.894863, 19.310603 ], [ -98.895959, 19.310777 ], [ -98.900747, 19.311176 ], [ -98.893053, 19.310249 ], [ -98.893092, 19.310265 ], [ -98.89311, 19.310252 ], [ -98.893068, 19.310189 ], [ -98.893047, 19.309493 ], [ -98.892988, 19.310077 ], [ -98.894448, 19.307946 ], [ -98.894304, 19.308142 ], [ -98.893584, 19.308553 ], [ -98.893584, 19.308553 ], [ -98.89359, 19.308532 ], [ -98.893603, 19.308535 ], [ -98.893602, 19.308579 ], [ -98.893629, 19.308555 ], [ -98.893598, 19.308584 ], [ -98.893637, 19.308479 ], [ -98.893706, 19.308567 ], [ -98.893634, 19.308591 ], [ -98.893634, 19.308591 ], [ -98.893626, 19.308579 ], [ -98.89364, 19.308581 ], [ -98.89364, 19.308581 ], [ -98.893617, 19.308589 ], [ -98.893614, 19.308594 ], [ -98.893614, 19.308591 ], [ -98.893614, 19.308591 ], [ -98.89363, 19.308571 ], [ -98.893649, 19.308589 ], [ -98.893609, 19.308576 ], [ -98.893647, 19.308589 ], [ -98.893647, 19.308589 ], [ -98.893638, 19.308582 ], [ -98.893599, 19.308594 ], [ -98.893599, 19.308574 ], [ -98.893689, 19.308557 ], [ -98.893657, 19.30855 ], [ -98.893625, 19.308575 ], [ -98.893625, 19.308575 ], [ -98.893703, 19.308589 ], [ -98.893741, 19.308572 ], [ -98.89369, 19.308556 ], [ -98.89361, 19.308573 ], [ -98.893598, 19.308524 ], [ -98.893596, 19.308545 ], [ -98.893576, 19.308559 ], [ -98.893627, 19.308584 ], [ -98.893619, 19.30855 ], [ -98.893636, 19.308558 ], [ -98.893636, 19.308558 ], [ -98.893636, 19.308558 ], [ -98.893634, 19.308567 ], [ -98.89354, 19.308596 ], [ -98.893602, 19.308577 ], [ -98.893602, 19.308577 ], [ -98.893574, 19.308571 ], [ -98.893602, 19.308587 ], [ -98.893627, 19.308668 ], [ -98.893627, 19.308668 ], [ -98.893627, 19.308668 ], [ -98.893627, 19.308668 ], [ -98.893627, 19.308668 ], [ -98.893716, 19.308532 ], [ -98.893634, 19.308554 ], [ -98.893597, 19.308576 ], [ -98.893609, 19.30859 ] ] } },
{ "type": "Feature", "properties": { "device_id": "11d054ca66f082758ad3321e6e7ffa7c93456592559e54feb61bb16d9fd60c21", "timestamps": "2020-01-01T06:02:33, 2020-01-01T06:02:44, 2020-01-01T06:03:39, 2020-01-01T06:09:02, 2020-01-01T06:09:51, 2020-01-01T06:24:08, 2020-01-01T06:24:58, 2020-01-01T06:39:16, 2020-01-01T06:39:26, 2020-01-01T06:54:17, 2020-01-01T06:54:27, 2020-01-01T07:09:13, 2020-01-01T07:09:24, 2020-01-01T07:18:33, 2020-01-01T07:18:44, 2020-01-01T07:29:37, 2020-01-01T07:29:47, 2020-01-01T07:30:13, 2020-01-01T07:30:24, 2020-01-01T07:31:02, 2020-01-01T07:31:51, 2020-01-01T07:46:14, 2020-01-01T07:46:23, 2020-01-01T08:01:19, 2020-01-01T08:01:29, 2020-01-01T08:12:25, 2020-01-01T08:12:31, 2020-01-01T08:12:42, 2020-01-01T08:20:34, 2020-01-01T08:20:43, 2020-01-01T08:24:13, 2020-01-01T08:24:24, 2020-01-01T08:39:17, 2020-01-01T08:39:27, 2020-01-01T08:54:18, 2020-01-01T08:54:28, 2020-01-01T08:58:00, 2020-01-01T08:59:00, 2020-01-01T08:59:55, 2020-01-01T09:14:00, 2020-01-01T09:14:55, 2020-01-01T09:29:02, 2020-01-01T09:29:51, 2020-01-01T09:44:02, 2020-01-01T09:44:51, 2020-01-01T09:48:31, 2020-01-01T09:59:03, 2020-01-01T09:59:54, 2020-01-01T10:14:04, 2020-01-01T10:14:53, 2020-01-01T10:29:05, 2020-01-01T10:29:50, 2020-01-01T10:44:06, 2020-01-01T10:44:56, 2020-01-01T10:59:07, 2020-01-01T10:59:57, 2020-01-01T11:14:08, 2020-01-01T11:14:58, 2020-01-01T11:29:08, 2020-01-01T11:29:58, 2020-01-01T11:44:09, 2020-01-01T11:44:59, 2020-01-01T11:57:31, 2020-01-01T11:57:42, 2020-01-01T11:58:21, 2020-01-01T11:59:02, 2020-01-01T11:59:32, 2020-01-01T11:59:41, 2020-01-01T12:14:01, 2020-01-01T12:14:52, 2020-01-01T12:28:37, 2020-01-01T12:28:47, 2020-01-01T12:51:33, 2020-01-01T12:51:44, 2020-01-01T13:13:16, 2020-01-01T13:13:26, 2020-01-01T13:27:11, 2020-01-01T13:27:22, 2020-01-01T13:28:14, 2020-01-01T13:28:23, 2020-01-01T13:34:30, 2020-01-01T13:34:33, 2020-01-01T13:34:50, 2020-01-01T13:35:12, 2020-01-01T13:35:21, 2020-01-01T13:35:38, 2020-01-01T13:35:47, 2020-01-01T13:35:48, 2020-01-01T13:35:59, 2020-01-01T13:36:32, 2020-01-01T13:36:41, 2020-01-01T13:36:47, 2020-01-01T13:37:07, 2020-01-01T13:37:25, 2020-01-01T13:37:31, 2020-01-01T13:37:57, 2020-01-01T13:38:38, 2020-01-01T13:38:48, 2020-01-01T13:38:49, 2020-01-01T13:39:17, 2020-01-01T13:39:27, 2020-01-01T13:40:00, 2020-01-01T13:40:12, 2020-01-01T13:40:22, 2020-01-01T13:40:41, 2020-01-01T13:41:27, 2020-01-01T13:42:00, 2020-01-01T13:42:54, 2020-01-01T13:42:55, 2020-01-01T13:42:59, 2020-01-01T13:43:41, 2020-01-01T13:44:36, 2020-01-01T13:44:41, 2020-01-01T13:44:44, 2020-01-01T13:44:46, 2020-01-01T13:45:04, 2020-01-01T13:45:51, 2020-01-01T13:45:59, 2020-01-01T13:46:03, 2020-01-01T13:46:29, 2020-01-01T13:46:50, 2020-01-01T13:46:53, 2020-01-01T13:47:09, 2020-01-01T13:47:34, 2020-01-01T13:47:43, 2020-01-01T13:47:44, 2020-01-01T13:48:26, 2020-01-01T13:48:27, 2020-01-01T13:48:41, 2020-01-01T13:49:04, 2020-01-01T13:49:17, 2020-01-01T13:49:27, 2020-01-01T13:49:31, 2020-01-01T13:49:50, 2020-01-01T13:49:53, 2020-01-01T13:50:01, 2020-01-01T13:50:49, 2020-01-01T13:50:51, 2020-01-01T13:50:52, 2020-01-01T13:51:04, 2020-01-01T13:51:27, 2020-01-01T13:51:54, 2020-01-01T13:51:57, 2020-01-01T13:52:27, 2020-01-01T13:52:51, 2020-01-01T13:52:56, 2020-01-01T13:53:36, 2020-01-01T13:53:46, 2020-01-01T13:53:59, 2020-01-01T13:54:12, 2020-01-01T13:54:15, 2020-01-01T13:54:20, 2020-01-01T13:55:01, 2020-01-01T13:55:37, 2020-01-01T13:55:47, 2020-01-01T13:55:59, 2020-01-01T13:56:19, 2020-01-01T13:56:29, 2020-01-01T13:57:03, 2020-01-01T13:57:21, 2020-01-01T13:57:45, 2020-01-01T13:58:25, 2020-01-01T13:58:35, 2020-01-01T13:58:40, 2020-01-01T13:58:52, 2020-01-01T13:59:51, 2020-01-01T14:00:23, 2020-01-01T14:00:35, 2020-01-01T14:01:04, 2020-01-01T14:01:53, 2020-01-01T14:02:06, 2020-01-01T14:02:18, 2020-01-01T14:02:44, 2020-01-01T14:03:32, 2020-01-01T14:03:41, 2020-01-01T14:03:42, 2020-01-01T14:04:09, 2020-01-01T14:04:22, 2020-01-01T14:04:59, 2020-01-01T14:05:21, 2020-01-01T14:05:55, 2020-01-01T14:06:05, 2020-01-01T14:06:50, 2020-01-01T14:06:56, 2020-01-01T14:07:31, 2020-01-01T14:07:42, 2020-01-01T14:09:04, 2020-01-01T14:09:38, 2020-01-01T14:09:48, 2020-01-01T14:09:53, 2020-01-01T14:10:18, 2020-01-01T14:10:28, 2020-01-01T14:10:56, 2020-01-01T14:10:57, 2020-01-01T14:12:16, 2020-01-01T14:12:20, 2020-01-01T14:12:26, 2020-01-01T14:13:11, 2020-01-01T14:13:22, 2020-01-01T14:13:39, 2020-01-01T14:13:49, 2020-01-01T14:14:07, 2020-01-01T14:14:08, 2020-01-01T14:14:57, 2020-01-01T14:15:10, 2020-01-01T14:15:13, 2020-01-01T14:15:16, 2020-01-01T14:15:26, 2020-01-01T14:17:17, 2020-01-01T14:17:18, 2020-01-01T14:17:27, 2020-01-01T14:18:02, 2020-01-01T14:18:33, 2020-01-01T14:18:44, 2020-01-01T14:18:51, 2020-01-01T14:18:52, 2020-01-01T14:19:02, 2020-01-01T14:19:06, 2020-01-01T14:19:51, 2020-01-01T14:19:54, 2020-01-01T14:20:15, 2020-01-01T14:20:20, 2020-01-01T14:24:03, 2020-01-01T14:24:36, 2020-01-01T14:24:46, 2020-01-01T14:30:06, 2020-01-01T14:30:56, 2020-01-01T14:30:57, 2020-01-01T14:31:35, 2020-01-01T14:31:48, 2020-01-01T14:33:02, 2020-01-01T14:33:22, 2020-01-01T14:33:50, 2020-01-01T14:33:54, 2020-01-01T14:34:20, 2020-01-01T14:34:26, 2020-01-01T14:35:11, 2020-01-01T14:35:28, 2020-01-01T14:37:19, 2020-01-01T14:37:32, 2020-01-01T14:37:41, 2020-01-01T14:39:32, 2020-01-01T14:39:37, 2020-01-01T14:39:38, 2020-01-01T14:39:46, 2020-01-01T14:39:48, 2020-01-01T14:40:35, 2020-01-01T14:40:37, 2020-01-01T14:40:40, 2020-01-01T14:40:48, 2020-01-01T14:43:21, 2020-01-01T14:43:59, 2020-01-01T14:44:18, 2020-01-01T14:44:42, 2020-01-01T14:45:06, 2020-01-01T14:46:08, 2020-01-01T14:46:58, 2020-01-01T14:50:04, 2020-01-01T14:50:53, 2020-01-01T14:51:10, 2020-01-01T14:51:13, 2020-01-01T14:52:20, 2020-01-01T14:52:58, 2020-01-01T14:55:19, 2020-01-01T14:55:29, 2020-01-01T14:55:31, 2020-01-01T14:56:08, 2020-01-01T14:56:58, 2020-01-01T14:59:39, 2020-01-01T14:59:49, 2020-01-01T15:55:06, 2020-01-01T15:55:56, 2020-01-01T15:56:57, 2020-01-01T15:56:59, 2020-01-01T15:57:09, 2020-01-01T15:58:53, 2020-01-01T15:58:54, 2020-01-01T15:58:56, 2020-01-01T15:59:32, 2020-01-01T15:59:41, 2020-01-01T16:01:19, 2020-01-01T16:01:23, 2020-01-01T16:01:29, 2020-01-01T16:02:31, 2020-01-01T16:02:41, 2020-01-01T16:02:42, 2020-01-01T16:05:08, 2020-01-01T16:05:57, 2020-01-01T16:05:58, 2020-01-01T16:06:52, 2020-01-01T16:07:10, 2020-01-01T16:07:16, 2020-01-01T16:07:26, 2020-01-01T16:07:47, 2020-01-01T16:08:00, 2020-01-01T16:08:33, 2020-01-01T16:08:43, 2020-01-01T16:08:44, 2020-01-01T16:08:55, 2020-01-01T16:09:11, 2020-01-01T16:09:22, 2020-01-01T16:09:42, 2020-01-01T16:09:48, 2020-01-01T16:09:49, 2020-01-01T16:14:30, 2020-01-01T16:14:45, 2020-01-01T16:15:12, 2020-01-01T16:15:16, 2020-01-01T16:15:21, 2020-01-01T16:15:26, 2020-01-01T16:15:27, 2020-01-01T16:16:14, 2020-01-01T16:16:20, 2020-01-01T16:16:23, 2020-01-01T16:17:33, 2020-01-01T16:17:40, 2020-01-01T16:17:44, 2020-01-01T16:17:51, 2020-01-01T16:19:10, 2020-01-01T16:19:15, 2020-01-01T16:19:25, 2020-01-01T16:22:13, 2020-01-01T16:22:24, 2020-01-01T16:22:34, 2020-01-01T16:22:39, 2020-01-01T16:22:46, 2020-01-01T16:22:49, 2020-01-01T16:29:19, 2020-01-01T16:29:29, 2020-01-01T16:35:15, 2020-01-01T16:35:18, 2020-01-01T16:35:28, 2020-01-01T16:36:31, 2020-01-01T16:36:35, 2020-01-01T16:36:42, 2020-01-01T16:37:07, 2020-01-01T16:37:10, 2020-01-01T16:37:50, 2020-01-01T16:37:53, 2020-01-01T16:38:17, 2020-01-01T16:38:18, 2020-01-01T16:38:27, 2020-01-01T16:38:43, 2020-01-01T16:40:34, 2020-01-01T16:40:43, 2020-01-01T16:41:13, 2020-01-01T16:41:17, 2020-01-01T16:41:24, 2020-01-01T16:42:16, 2020-01-01T16:42:22, 2020-01-01T16:42:25, 2020-01-01T16:43:06, 2020-01-01T16:43:21, 2020-01-01T16:43:24, 2020-01-01T16:44:14, 2020-01-01T16:44:23, 2020-01-01T16:44:34, 2020-01-01T16:45:12, 2020-01-01T16:45:21, 2020-01-01T16:45:29, 2020-01-01T16:46:31, 2020-01-01T16:46:42, 2020-01-01T16:46:45, 2020-01-01T16:47:01, 2020-01-01T16:47:20, 2020-01-01T16:47:23, 2020-01-01T16:47:45, 2020-01-01T16:47:54, 2020-01-01T16:48:25, 2020-01-01T16:48:33, 2020-01-01T16:48:44, 2020-01-01T16:49:02, 2020-01-01T16:49:51, 2020-01-01T16:50:14, 2020-01-01T16:50:31, 2020-01-01T16:50:53, 2020-01-01T16:51:28, 2020-01-01T16:52:40, 2020-01-01T16:52:49, 2020-01-01T16:52:59, 2020-01-01T16:53:29, 2020-01-01T16:53:45, 2020-01-01T16:54:32, 2020-01-01T16:54:41, 2020-01-01T16:54:55, 2020-01-01T16:55:08, 2020-01-01T16:55:26, 2020-01-01T16:55:27, 2020-01-01T16:55:52, 2020-01-01T16:56:16, 2020-01-01T16:56:23, 2020-01-01T16:56:24, 2020-01-01T16:56:26, 2020-01-01T16:57:07, 2020-01-01T16:57:13, 2020-01-01T16:57:17, 2020-01-01T16:57:57, 2020-01-01T16:57:58, 2020-01-01T16:58:33, 2020-01-01T16:58:44, 2020-01-01T16:58:54, 2020-01-01T16:59:33, 2020-01-01T16:59:34, 2020-01-01T16:59:44, 2020-01-01T16:59:57, 2020-01-01T17:05:09, 2020-01-01T17:05:31, 2020-01-01T17:05:34, 2020-01-01T17:05:42, 2020-01-01T17:05:45, 2020-01-01T17:06:26, 2020-01-01T17:06:50, 2020-01-01T17:06:54, 2020-01-01T17:09:37, 2020-01-01T17:09:47, 2020-01-01T17:24:01, 2020-01-01T17:24:52, 2020-01-01T17:40:11, 2020-01-01T17:40:22, 2020-01-01T18:17:01, 2020-01-01T18:17:04, 2020-01-01T18:17:53, 2020-01-01T20:38:32, 2020-01-01T20:38:41, 2020-01-01T20:59:17, 2020-01-01T20:59:27, 2020-01-01T21:02:31, 2020-01-01T21:02:42, 2020-01-01T21:17:31, 2020-01-01T21:17:42, 2020-01-01T21:30:02, 2020-01-01T21:30:51, 2020-01-01T21:45:02, 2020-01-01T21:45:51, 2020-01-01T22:00:03, 2020-01-01T22:00:54, 2020-01-01T22:15:04, 2020-01-01T22:15:53, 2020-01-01T22:30:05, 2020-01-01T22:30:50, 2020-01-01T22:45:05, 2020-01-01T22:45:50, 2020-01-01T23:00:06, 2020-01-01T23:00:56, 2020-01-01T23:15:07, 2020-01-01T23:15:57, 2020-01-01T23:30:08, 2020-01-01T23:30:58, 2020-01-01T23:45:08, 2020-01-01T23:45:58" }, "geometry": { "type": "LineString", "coordinates": [ [ -98.860639, 19.262168 ], [ -98.86065, 19.26215 ], [ -98.860639, 19.262168 ], [ -98.86065, 19.26215 ], [ -98.860639, 19.262168 ], [ -98.86065, 19.26215 ], [ -98.860639, 19.262168 ], [ -98.86065, 19.26215 ], [ -98.860639, 19.262168 ], [ -98.86065, 19.26215 ], [ -98.860639, 19.262168 ], [ -98.860639, 19.262168 ], [ -98.86065, 19.26215 ], [ -98.86065, 19.26215 ], [ -98.860639, 19.262168 ], [ -98.860639, 19.262168 ], [ -98.86065, 19.26215 ], [ -98.86065, 19.26215 ], [ -98.860639, 19.262168 ], [ -98.860639, 19.262168 ], [ -98.86065, 19.26215 ], [ -98.86065, 19.26215 ], [ -98.860639, 19.262168 ], [ -98.86065, 19.26215 ], [ -98.860639, 19.262168 ], [ -98.860639, 19.262168 ], [ -98.860639, 19.262168 ], [ -98.86065, 19.26215 ], [ -98.860639, 19.262168 ], [ -98.86065, 19.26215 ], [ -98.86065, 19.26215 ], [ -98.860639, 19.262168 ], [ -98.86065, 19.26215 ], [ -98.860639, 19.262168 ], [ -98.86065, 19.26215 ], [ -98.860639, 19.262168 ], [ -98.860639, 19.262168 ], [ -98.86065, 19.26215 ], [ -98.860639, 19.262168 ], [ -98.86065, 19.26215 ], [ -98.860639, 19.262168 ], [ -98.86065, 19.26215 ], [ -98.860639, 19.262168 ], [ -98.86065, 19.26215 ], [ -98.860639, 19.262168 ], [ -98.972117, 19.335288 ], [ -98.86065, 19.26215 ], [ -98.860639, 19.262168 ], [ -98.86065, 19.26215 ], [ -98.860639, 19.262168 ], [ -98.86065, 19.26215 ], [ -98.860639, 19.262168 ], [ -98.86065, 19.26215 ], [ -98.860639, 19.262168 ], [ -98.86065, 19.26215 ], [ -98.860639, 19.262168 ], [ -98.86065, 19.26215 ], [ -98.860639, 19.262168 ], [ -98.86065, 19.26215 ], [ -98.860639, 19.262168 ], [ -98.86065, 19.26215 ], [ -98.860639, 19.262168 ], [ -98.86065, 19.26215 ], [ -98.860639, 19.262168 ], [ -98.860639, 19.262168 ], [ -98.860639, 19.262168 ], [ -98.860639, 19.262168 ], [ -98.86065, 19.26215 ], [ -98.860639, 19.262168 ], [ -98.86065, 19.26215 ], [ -98.860639, 19.262168 ], [ -98.86065, 19.26215 ], [ -98.860639, 19.262168 ], [ -98.86065, 19.26215 ], [ -98.860639, 19.262168 ], [ -98.86065, 19.26215 ], [ -98.86065, 19.26215 ], [ -98.860639, 19.262168 ], [ -98.861285, 19.263941 ], [ -98.86128, 19.26393 ], [ -98.880277, 19.290019 ], [ -98.880277, 19.290019 ], [ -98.88029, 19.29002 ], [ -98.88029, 19.29002 ], [ -98.880277, 19.290019 ], [ -98.88511, 19.29314 ], [ -98.885101, 19.293133 ], [ -98.885101, 19.293133 ], [ -98.880277, 19.290019 ], [ -98.893867, 19.292427 ], [ -98.89386, 19.29241 ], [ -98.893867, 19.292427 ], [ -98.917561, 19.290629 ], [ -98.905218, 19.29152 ], [ -98.905218, 19.29152 ], [ -98.91756, 19.29061 ], [ -98.91756, 19.29061 ], [ -98.917561, 19.290629 ], [ -98.917561, 19.290629 ], [ -98.927602, 19.297765 ], [ -98.92761, 19.29775 ], [ -98.9373, 19.30593 ], [ -98.946844, 19.313997 ], [ -98.94684, 19.31399 ], [ -98.946844, 19.313997 ], [ -98.95934, 19.32453 ], [ -98.95934, 19.32453 ], [ -98.959345, 19.324542 ], [ -98.959345, 19.324542 ], [ -98.96868, 19.332451 ], [ -98.98435, 19.34879 ], [ -98.99333, 19.35703 ], [ -98.993319, 19.357044 ], [ -98.993319, 19.357044 ], [ -98.993319, 19.357044 ], [ -99.001713, 19.361842 ], [ -98.993319, 19.357044 ], [ -98.993319, 19.357044 ], [ -99.017328, 19.373604 ], [ -99.009574, 19.367913 ], [ -99.009574, 19.367913 ], [ -99.009574, 19.367913 ], [ -99.025028, 19.379227 ], [ -99.01732, 19.3736 ], [ -99.017328, 19.373604 ], [ -99.017328, 19.373604 ], [ -99.025028, 19.379227 ], [ -99.025028, 19.379227 ], [ -99.033361, 19.384033 ], [ -99.03336, 19.38404 ], [ -99.041775, 19.38886 ], [ -99.04179, 19.38885 ], [ -99.041775, 19.38886 ], [ -99.033361, 19.384033 ], [ -99.033361, 19.384033 ], [ -99.05031, 19.39372 ], [ -99.050301, 19.393712 ], [ -99.050301, 19.393712 ], [ -99.050301, 19.393712 ], [ -99.066503, 19.40308 ], [ -99.058853, 19.398633 ], [ -99.06651, 19.40307 ], [ -99.058853, 19.398633 ], [ -99.0739, 19.40739 ], [ -99.066503, 19.40308 ], [ -99.066503, 19.40308 ], [ -99.078463, 19.409965 ], [ -99.07846, 19.40995 ], [ -99.078463, 19.409965 ], [ -99.081542, 19.41169 ], [ -99.081542, 19.41169 ], [ -99.08154, 19.41169 ], [ -99.084266, 19.418553 ], [ -99.08426, 19.41856 ], [ -99.084266, 19.418553 ], [ -99.08643, 19.414557 ], [ -99.08534, 19.42274 ], [ -99.085341, 19.422732 ], [ -99.088739, 19.433422 ], [ -99.091742, 19.426711 ], [ -99.091742, 19.426711 ], [ -99.088739, 19.433422 ], [ -99.088739, 19.433422 ], [ -99.08875, 19.43341 ], [ -99.088739, 19.433422 ], [ -99.085379, 19.440628 ], [ -99.09573, 19.45155 ], [ -99.095719, 19.451565 ], [ -99.10421, 19.45107 ], [ -99.104207, 19.451086 ], [ -99.11307, 19.45494 ], [ -99.113058, 19.454935 ], [ -99.12057, 19.45928 ], [ -99.12057, 19.45928 ], [ -99.120551, 19.459279 ], [ -99.120551, 19.459279 ], [ -99.12548, 19.46102 ], [ -99.125489, 19.461016 ], [ -99.125489, 19.461016 ], [ -99.1225, 19.47115 ], [ -99.125157, 19.464096 ], [ -99.11977, 19.47807 ], [ -99.119757, 19.47808 ], [ -99.119757, 19.47808 ], [ -99.11911, 19.47973 ], [ -99.119105, 19.479748 ], [ -99.117134, 19.483535 ], [ -99.117974, 19.482363 ], [ -99.11799, 19.48235 ], [ -99.11715, 19.48354 ], [ -99.117134, 19.483535 ], [ -99.11715, 19.48354 ], [ -99.117134, 19.483535 ], [ -99.117134, 19.483535 ], [ -99.11439, 19.48257 ], [ -99.114375, 19.482581 ], [ -99.114375, 19.482581 ], [ -99.114175, 19.483193 ], [ -99.11419, 19.48319 ], [ -99.113141, 19.486206 ], [ -99.11314, 19.4862 ], [ -99.11393, 19.487703 ], [ -99.11393, 19.487703 ], [ -99.11392, 19.4877 ], [ -99.117453, 19.488206 ], [ -99.117453, 19.488206 ], [ -99.117453, 19.488206 ], [ -99.11747, 19.4882 ], [ -99.117661, 19.487516 ], [ -99.117661, 19.487516 ], [ -99.11766, 19.48752 ], [ -99.11766, 19.48752 ], [ -99.11814, 19.48634 ], [ -99.118146, 19.486332 ], [ -99.117661, 19.487516 ], [ -99.117661, 19.487516 ], [ -99.11814, 19.48634 ], [ -99.118146, 19.486332 ], [ -99.118146, 19.486332 ], [ -99.118146, 19.486332 ], [ -99.11814, 19.48634 ], [ -99.118146, 19.486332 ], [ -99.117752, 19.48541 ], [ -99.117752, 19.48541 ], [ -99.11777, 19.48542 ], [ -99.11777, 19.48542 ], [ -99.117752, 19.48541 ], [ -99.117752, 19.48541 ], [ -99.117752, 19.48541 ], [ -99.117752, 19.48541 ], [ -99.117752, 19.48541 ], [ -99.117752, 19.48541 ], [ -99.117752, 19.48541 ], [ -99.117752, 19.48541 ], [ -99.117752, 19.48541 ], [ -99.117752, 19.48541 ], [ -99.117752, 19.48541 ], [ -99.117752, 19.48541 ], [ -99.117752, 19.48541 ], [ -99.117752, 19.48541 ], [ -99.117752, 19.48541 ], [ -99.117752, 19.48541 ], [ -99.117752, 19.48541 ], [ -99.11777, 19.48542 ], [ -99.117752, 19.48541 ], [ -99.117752, 19.48541 ], [ -99.11777, 19.48542 ], [ -99.117752, 19.48541 ], [ -99.117752, 19.48541 ], [ -99.117752, 19.48541 ], [ -99.117752, 19.48541 ], [ -99.117752, 19.48541 ], [ -99.117752, 19.48541 ], [ -99.117752, 19.48541 ], [ -99.117752, 19.48541 ], [ -99.11777, 19.48542 ], [ -99.117752, 19.48541 ], [ -99.117752, 19.48541 ], [ -99.11777, 19.48542 ], [ -99.117752, 19.48541 ], [ -99.117752, 19.48541 ], [ -99.117752, 19.48541 ], [ -99.117752, 19.48541 ], [ -99.117752, 19.48541 ], [ -99.11777, 19.48542 ], [ -99.117752, 19.48541 ], [ -99.11786, 19.48493 ], [ -99.117869, 19.484947 ], [ -99.11778, 19.48493 ], [ -99.11779, 19.484949 ], [ -99.11769, 19.485771 ], [ -99.1177, 19.48578 ], [ -99.11769, 19.485771 ], [ -99.11769, 19.485771 ], [ -99.11769, 19.485771 ], [ -99.11769, 19.485771 ], [ -99.11769, 19.485771 ], [ -99.11769, 19.485771 ], [ -99.1177, 19.48578 ], [ -99.11769, 19.485771 ], [ -99.1177, 19.48578 ], [ -99.11769, 19.485771 ], [ -99.11769, 19.485771 ], [ -99.11404, 19.4827 ], [ -99.114049, 19.482708 ], [ -99.114049, 19.482708 ], [ -99.1102, 19.47705 ], [ -99.110193, 19.477066 ], [ -99.110193, 19.477066 ], [ -99.113854, 19.472151 ], [ -99.11896, 19.46467 ], [ -99.11896, 19.46467 ], [ -99.11896, 19.46468 ], [ -99.11896, 19.46467 ], [ -99.11896, 19.46468 ], [ -99.12202, 19.4601 ], [ -99.122026, 19.460106 ], [ -99.122026, 19.460106 ], [ -99.11896, 19.46467 ], [ -99.11938, 19.45867 ], [ -99.119381, 19.458685 ], [ -99.11367, 19.45497 ], [ -99.113659, 19.454984 ], [ -99.113659, 19.454984 ], [ -99.08804, 19.44293 ], [ -99.088045, 19.442949 ], [ -99.08859, 19.44215 ], [ -99.08857, 19.44214 ], [ -99.088573, 19.442166 ], [ -99.088551, 19.442137 ], [ -99.088551, 19.442137 ], [ -99.08837, 19.44188 ], [ -99.088358, 19.441871 ], [ -99.088358, 19.441871 ], [ -99.08741, 19.44192 ], [ -99.087404, 19.44191 ], [ -99.087404, 19.44191 ], [ -99.087404, 19.44191 ], [ -99.087404, 19.44191 ], [ -99.087404, 19.44191 ], [ -99.08741, 19.44192 ], [ -99.087404, 19.44191 ], [ -99.08741, 19.44192 ], [ -99.087248, 19.441901 ], [ -99.08724, 19.4419 ], [ -99.087404, 19.44191 ], [ -99.087248, 19.441901 ], [ -99.087316, 19.441903 ], [ -99.08733, 19.4419 ], [ -99.089183, 19.433446 ], [ -99.08918, 19.43343 ], [ -99.089183, 19.433446 ], [ -99.089183, 19.433446 ], [ -99.089183, 19.433446 ], [ -99.08918, 19.43343 ], [ -99.090478, 19.416194 ], [ -99.090478, 19.416194 ], [ -99.090478, 19.416194 ], [ -99.090478, 19.416194 ], [ -99.090478, 19.416194 ], [ -99.090478, 19.416194 ], [ -99.09049, 19.41619 ], [ -99.090478, 19.416194 ], [ -99.090478, 19.416194 ], [ -99.09049, 19.41619 ], [ -99.06471, 19.40125 ], [ -99.064702, 19.401267 ], [ -99.064702, 19.401267 ], [ -99.064702, 19.401267 ], [ -99.064702, 19.401267 ], [ -99.064702, 19.401267 ], [ -99.06471, 19.40125 ], [ -99.043347, 19.389453 ], [ -99.043347, 19.389453 ], [ -99.035246, 19.384813 ], [ -99.03524, 19.38482 ], [ -99.026924, 19.38003 ], [ -99.026924, 19.38003 ], [ -99.02692, 19.38001 ], [ -99.026924, 19.38003 ], [ -99.01188, 19.36943 ], [ -99.011883, 19.369449 ], [ -99.011883, 19.369449 ], [ -99.01188, 19.36943 ], [ -99.004565, 19.363715 ], [ -99.004565, 19.363715 ], [ -99.004565, 19.363715 ], [ -99.011883, 19.369449 ], [ -98.996869, 19.358334 ], [ -98.99686, 19.35834 ], [ -98.996869, 19.358334 ], [ -98.98898, 19.35317 ], [ -98.988983, 19.353188 ], [ -98.972117, 19.335288 ], [ -98.97213, 19.33527 ], [ -98.979916, 19.344505 ], [ -98.960997, 19.325888 ], [ -98.93834, 19.30662 ], [ -98.938347, 19.306611 ], [ -98.949508, 19.316074 ], [ -98.92832, 19.29814 ], [ -98.928328, 19.298134 ], [ -98.917769, 19.290474 ], [ -98.91776, 19.29048 ], [ -98.928328, 19.298134 ], [ -98.893351, 19.292243 ], [ -98.905956, 19.291305 ], [ -98.905956, 19.291305 ], [ -98.905956, 19.291305 ], [ -98.893351, 19.292243 ], [ -98.893351, 19.292243 ], [ -98.893351, 19.292243 ], [ -98.89337, 19.29223 ], [ -98.88198, 19.29269 ], [ -98.880321, 19.288723 ], [ -98.880321, 19.288723 ], [ -98.881982, 19.292693 ], [ -98.881982, 19.292693 ], [ -98.88176, 19.28071 ], [ -98.881767, 19.280724 ], [ -98.880321, 19.288723 ], [ -98.881152, 19.26412 ], [ -98.881152, 19.26412 ], [ -98.88117, 19.26412 ], [ -98.883509, 19.273095 ], [ -98.860632, 19.262112 ], [ -98.86071, 19.26328 ], [ -98.860632, 19.262112 ], [ -98.860704, 19.263278 ], [ -98.860704, 19.263278 ], [ -98.860632, 19.262112 ], [ -98.860632, 19.262112 ], [ -98.860632, 19.262112 ], [ -98.860632, 19.262112 ], [ -98.86065, 19.26212 ], [ -98.860632, 19.262112 ], [ -98.86065, 19.26212 ], [ -98.860632, 19.262112 ], [ -98.86065, 19.26212 ], [ -98.860632, 19.262112 ], [ -98.860632, 19.262112 ], [ -98.86065, 19.26212 ], [ -98.860638, 19.262168 ], [ -98.86065, 19.26215 ], [ -98.860638, 19.262168 ], [ -98.86065, 19.26215 ], [ -98.860638, 19.262168 ], [ -98.86065, 19.26215 ], [ -98.860638, 19.262168 ], [ -98.86065, 19.26215 ], [ -98.86065, 19.26215 ], [ -98.860638, 19.262168 ], [ -98.86065, 19.26215 ], [ -98.860638, 19.262168 ], [ -98.86065, 19.26215 ], [ -98.860638, 19.262168 ], [ -98.86065, 19.26215 ], [ -98.860638, 19.262168 ], [ -98.86065, 19.26215 ], [ -98.860638, 19.262168 ], [ -98.86065, 19.26215 ], [ -98.860638, 19.262168 ], [ -98.86065, 19.26215 ], [ -98.860638, 19.262168 ], [ -98.86065, 19.26215 ], [ -98.860638, 19.262168 ], [ -98.86065, 19.26215 ], [ -98.860638, 19.262168 ], [ -98.86065, 19.26215 ], [ -98.860638, 19.262168 ] ] } },
{ "type": "Feature", "properties": { "device_id": "e70138a2eadcb5466bcfb12ede5fb529f861a02ab1dad7642d6c93d77df40be9", "timestamps": "2020-01-01T18:03:19, 2020-01-01T18:03:27, 2020-01-01T18:05:19, 2020-01-01T18:05:30, 2020-01-01T18:06:23, 2020-01-01T18:08:24, 2020-01-01T18:08:25, 2020-01-01T18:21:26, 2020-01-01T21:27:17, 2020-01-01T21:27:34, 2020-01-01T21:27:41, 2020-01-01T21:28:11, 2020-01-01T21:28:12, 2020-01-01T21:28:15, 2020-01-01T21:28:19, 2020-01-01T21:28:22, 2020-01-01T21:28:26, 2020-01-01T21:28:27, 2020-01-01T21:28:30, 2020-01-01T21:28:41, 2020-01-01T21:28:42, 2020-01-01T21:28:45, 2020-01-01T21:28:53, 2020-01-01T21:29:16, 2020-01-01T21:29:17, 2020-01-01T21:29:23, 2020-01-01T21:29:30, 2020-01-01T21:29:36, 2020-01-01T21:29:44, 2020-01-01T21:29:45, 2020-01-01T21:29:53, 2020-01-01T21:30:01, 2020-01-01T21:30:13, 2020-01-01T21:30:14, 2020-01-01T21:30:18, 2020-01-01T21:30:24, 2020-01-01T21:30:33, 2020-01-01T21:31:01, 2020-01-01T21:31:02, 2020-01-01T21:31:08, 2020-01-01T21:31:14, 2020-01-01T21:31:19, 2020-01-01T21:31:22, 2020-01-01T21:31:23, 2020-01-01T21:31:26, 2020-01-01T21:31:29, 2020-01-01T21:31:32, 2020-01-01T21:31:35, 2020-01-01T21:31:38, 2020-01-01T21:31:41, 2020-01-01T21:31:46, 2020-01-01T21:31:47, 2020-01-01T21:31:49, 2020-01-01T21:31:52, 2020-01-01T21:31:56, 2020-01-01T21:31:59, 2020-01-01T21:32:00, 2020-01-01T21:32:04, 2020-01-01T21:32:12, 2020-01-01T21:32:13, 2020-01-01T21:32:16, 2020-01-01T21:32:18, 2020-01-01T21:32:19, 2020-01-01T21:32:22, 2020-01-01T21:32:25, 2020-01-01T21:32:28, 2020-01-01T21:32:31, 2020-01-01T21:32:36, 2020-01-01T21:32:37, 2020-01-01T21:32:39, 2020-01-01T21:32:42, 2020-01-01T21:32:45, 2020-01-01T21:32:48, 2020-01-01T21:32:49, 2020-01-01T21:32:51, 2020-01-01T21:32:54, 2020-01-01T21:33:00, 2020-01-01T21:33:01, 2020-01-01T21:33:03, 2020-01-01T21:33:06, 2020-01-01T21:33:09, 2020-01-01T21:33:12, 2020-01-01T21:33:13, 2020-01-01T21:33:15, 2020-01-01T21:33:18, 2020-01-01T21:33:24, 2020-01-01T21:33:25, 2020-01-01T21:33:27, 2020-01-01T21:33:30, 2020-01-01T21:33:33, 2020-01-01T21:33:36, 2020-01-01T21:33:37, 2020-01-01T21:33:39, 2020-01-01T21:33:42, 2020-01-01T21:33:48, 2020-01-01T21:33:49, 2020-01-01T21:33:51, 2020-01-01T21:33:54, 2020-01-01T21:33:57, 2020-01-01T21:34:00, 2020-01-01T21:34:01, 2020-01-01T21:34:03, 2020-01-01T21:34:06, 2020-01-01T21:34:12, 2020-01-01T21:34:13, 2020-01-01T21:34:15, 2020-01-01T21:34:18, 2020-01-01T21:34:21, 2020-01-01T21:34:24, 2020-01-01T21:34:25, 2020-01-01T21:34:27, 2020-01-01T21:34:30, 2020-01-01T21:34:36, 2020-01-01T21:34:37, 2020-01-01T21:34:39, 2020-01-01T21:34:42, 2020-01-01T21:34:45, 2020-01-01T21:34:47, 2020-01-01T21:34:48, 2020-01-01T21:34:51, 2020-01-01T21:34:54, 2020-01-01T21:34:58, 2020-01-01T21:34:59, 2020-01-01T21:35:01, 2020-01-01T21:35:04, 2020-01-01T21:35:07, 2020-01-01T21:35:10, 2020-01-01T21:35:11, 2020-01-01T21:35:13, 2020-01-01T21:35:16, 2020-01-01T21:35:22, 2020-01-01T21:35:23, 2020-01-01T21:35:25, 2020-01-01T21:35:28, 2020-01-01T21:35:31, 2020-01-01T21:35:34, 2020-01-01T21:35:35, 2020-01-01T21:35:37, 2020-01-01T21:35:40, 2020-01-01T21:35:46, 2020-01-01T21:35:47, 2020-01-01T21:35:49, 2020-01-01T21:35:52, 2020-01-01T21:35:55, 2020-01-01T21:35:58, 2020-01-01T21:35:59, 2020-01-01T21:36:02, 2020-01-01T21:36:06, 2020-01-01T21:36:12, 2020-01-01T21:36:13, 2020-01-01T21:36:15, 2020-01-01T21:36:18, 2020-01-01T21:36:21, 2020-01-01T21:36:24, 2020-01-01T21:36:25, 2020-01-01T21:36:27, 2020-01-01T21:36:30, 2020-01-01T21:36:36, 2020-01-01T21:36:37, 2020-01-01T21:36:39, 2020-01-01T21:36:42, 2020-01-01T21:36:45, 2020-01-01T21:36:48, 2020-01-01T21:36:49, 2020-01-01T21:36:51, 2020-01-01T21:36:54, 2020-01-01T21:37:00, 2020-01-01T21:37:01, 2020-01-01T21:37:03, 2020-01-01T21:37:06, 2020-01-01T21:37:09, 2020-01-01T21:37:12, 2020-01-01T21:37:13, 2020-01-01T21:37:15, 2020-01-01T21:37:18, 2020-01-01T21:37:24, 2020-01-01T21:37:25, 2020-01-01T21:37:27, 2020-01-01T21:37:30, 2020-01-01T21:37:33, 2020-01-01T21:37:36, 2020-01-01T21:37:37, 2020-01-01T21:37:39, 2020-01-01T21:37:42, 2020-01-01T21:37:48, 2020-01-01T21:37:49, 2020-01-01T21:37:51, 2020-01-01T21:37:55, 2020-01-01T21:37:58, 2020-01-01T21:38:01, 2020-01-01T21:38:05, 2020-01-01T21:38:08, 2020-01-01T21:38:12, 2020-01-01T21:38:13, 2020-01-01T21:38:15, 2020-01-01T21:38:18, 2020-01-01T21:38:21, 2020-01-01T21:38:24, 2020-01-01T21:38:25, 2020-01-01T21:38:27, 2020-01-01T21:38:30, 2020-01-01T21:38:36, 2020-01-01T21:38:37, 2020-01-01T21:38:39, 2020-01-01T21:38:42, 2020-01-01T21:38:46, 2020-01-01T21:38:49, 2020-01-01T21:38:54, 2020-01-01T21:39:17, 2020-01-01T21:39:18, 2020-01-01T21:39:22, 2020-01-01T21:39:29, 2020-01-01T21:39:34, 2020-01-01T21:39:43, 2020-01-01T21:39:44, 2020-01-01T21:39:49, 2020-01-01T21:39:54, 2020-01-01T21:39:58, 2020-01-01T21:40:01, 2020-01-01T21:40:03, 2020-01-01T21:40:31, 2020-01-01T21:40:32, 2020-01-01T21:40:38, 2020-01-01T21:40:49, 2020-01-01T21:41:05, 2020-01-01T21:41:06, 2020-01-01T21:41:10, 2020-01-01T21:41:16, 2020-01-01T21:41:22, 2020-01-01T21:41:54, 2020-01-01T21:41:55, 2020-01-01T21:42:01, 2020-01-01T21:42:10, 2020-01-01T21:42:57, 2020-01-01T21:42:58, 2020-01-01T21:43:04, 2020-01-01T21:43:08, 2020-01-01T21:43:12, 2020-01-01T21:43:16, 2020-01-01T21:43:18, 2020-01-01T21:43:19, 2020-01-01T21:43:23, 2020-01-01T21:43:28, 2020-01-01T21:43:49, 2020-01-01T21:43:50, 2020-01-01T21:43:53, 2020-01-01T21:43:57, 2020-01-01T21:44:38, 2020-01-01T21:44:39, 2020-01-01T21:44:44, 2020-01-01T21:44:47, 2020-01-01T21:44:51, 2020-01-01T21:44:54, 2020-01-01T21:44:57, 2020-01-01T21:45:07, 2020-01-01T21:45:08, 2020-01-01T21:45:11, 2020-01-01T21:45:14, 2020-01-01T21:45:17, 2020-01-01T21:45:20, 2020-01-01T21:45:23, 2020-01-01T21:45:26, 2020-01-01T21:45:33, 2020-01-01T21:45:34, 2020-01-01T21:45:37, 2020-01-01T21:45:40, 2020-01-01T21:45:45, 2020-01-01T21:45:50, 2020-01-01T21:45:51, 2020-01-01T21:47:21, 2020-01-01T21:47:22, 2020-01-01T21:47:26, 2020-01-01T21:47:31, 2020-01-01T21:47:37, 2020-01-01T21:47:41, 2020-01-01T21:47:42, 2020-01-01T21:47:43, 2020-01-01T21:47:45, 2020-01-01T21:47:48, 2020-01-01T21:47:51, 2020-01-01T21:47:54, 2020-01-01T21:47:57, 2020-01-01T21:48:29, 2020-01-01T21:49:06, 2020-01-01T21:49:07, 2020-01-01T21:49:09, 2020-01-01T21:49:12, 2020-01-01T21:49:15, 2020-01-01T21:49:18, 2020-01-01T21:49:19, 2020-01-01T21:49:21, 2020-01-01T21:49:24, 2020-01-01T21:49:30, 2020-01-01T21:49:31, 2020-01-01T21:49:33, 2020-01-01T21:49:36, 2020-01-01T21:49:39, 2020-01-01T21:49:42, 2020-01-01T21:49:43, 2020-01-01T21:49:45, 2020-01-01T21:49:48, 2020-01-01T21:49:54, 2020-01-01T21:49:55, 2020-01-01T21:49:57, 2020-01-01T21:50:00, 2020-01-01T21:50:03, 2020-01-01T21:50:06, 2020-01-01T21:50:07, 2020-01-01T21:50:09, 2020-01-01T21:50:12, 2020-01-01T21:50:18, 2020-01-01T21:50:19, 2020-01-01T21:50:22, 2020-01-01T21:50:26, 2020-01-01T21:50:30, 2020-01-01T21:50:34, 2020-01-01T21:50:35, 2020-01-01T21:51:36, 2020-01-01T21:51:37, 2020-01-01T21:51:43, 2020-01-01T21:51:49, 2020-01-01T21:51:53, 2020-01-01T21:51:59, 2020-01-01T21:52:00, 2020-01-01T21:52:03, 2020-01-01T21:52:07, 2020-01-01T21:52:12, 2020-01-01T21:52:17, 2020-01-01T21:52:19, 2020-01-01T21:53:13, 2020-01-01T21:53:14, 2020-01-01T21:53:17, 2020-01-01T21:53:21, 2020-01-01T21:53:27, 2020-01-01T21:53:29, 2020-01-01T21:53:33, 2020-01-01T21:53:39, 2020-01-01T21:53:40, 2020-01-01T21:53:44, 2020-01-01T21:53:49, 2020-01-01T21:55:05, 2020-01-01T21:55:06, 2020-01-01T21:55:11, 2020-01-01T21:55:16, 2020-01-01T21:55:21, 2020-01-01T21:55:26, 2020-01-01T21:55:41, 2020-01-01T21:55:42, 2020-01-01T21:55:46, 2020-01-01T21:55:54, 2020-01-01T21:56:01, 2020-01-01T21:56:10, 2020-01-01T21:56:11, 2020-01-01T21:56:15, 2020-01-01T21:56:20, 2020-01-01T21:56:25, 2020-01-01T21:56:31, 2020-01-01T21:56:32, 2020-01-01T21:56:33, 2020-01-01T21:56:34, 2020-01-01T21:56:38, 2020-01-01T21:56:42, 2020-01-01T21:56:46, 2020-01-01T21:56:50, 2020-01-01T21:58:27, 2020-01-01T21:58:28, 2020-01-01T21:58:29, 2020-01-01T21:58:38, 2020-01-01T21:58:42, 2020-01-01T21:58:47, 2020-01-01T21:59:15, 2020-01-01T21:59:16, 2020-01-01T21:59:22, 2020-01-01T21:59:29, 2020-01-01T21:59:34, 2020-01-01T21:59:43, 2020-01-01T21:59:44, 2020-01-01T21:59:49, 2020-01-01T21:59:54, 2020-01-01T21:59:59, 2020-01-01T22:00:09, 2020-01-01T22:00:10, 2020-01-01T22:03:30, 2020-01-01T22:18:18, 2020-01-01T22:20:06, 2020-01-01T22:20:13" }, "geometry": { "type": "LineString", "coordinates": [ [ -99.008563, 19.352431 ], [ -99.008552, 19.3524 ], [ -99.008535, 19.352423 ], [ -99.008528, 19.352426 ], [ -99.008563, 19.3524 ], [ -99.008598, 19.352443 ], [ -99.008598, 19.352432 ], [ -99.008572, 19.35241 ], [ -99.008563, 19.352431 ], [ -99.009616, 19.354111 ], [ -99.009926, 19.354395 ], [ -99.007901, 19.355254 ], [ -99.007901, 19.35524 ], [ -99.007319, 19.35548 ], [ -99.006752, 19.355726 ], [ -99.0063, 19.355915 ], [ -99.005881, 19.356079 ], [ -99.005765, 19.356129 ], [ -99.005296, 19.356313 ], [ -99.004039, 19.35684 ], [ -99.004039, 19.356827 ], [ -99.003583, 19.357016 ], [ -99.003136, 19.357191 ], [ -99.002017, 19.357633 ], [ -99.002017, 19.35762 ], [ -99.001544, 19.357804 ], [ -99.001036, 19.358 ], [ -99.000549, 19.358178 ], [ -98.999955, 19.358412 ], [ -98.999955, 19.358398 ], [ -98.999481, 19.358576 ], [ -98.999, 19.358813 ], [ -98.99812, 19.359116 ], [ -98.99812, 19.359116 ], [ -98.997634, 19.359119 ], [ -98.997216, 19.358888 ], [ -98.997511, 19.358509 ], [ -98.999801, 19.360386 ], [ -98.999801, 19.360382 ], [ -99.000173, 19.360748 ], [ -99.000486, 19.361123 ], [ -99.00095, 19.361486 ], [ -99.00131, 19.361695 ], [ -99.00131, 19.361694 ], [ -99.001805, 19.362031 ], [ -99.002239, 19.362332 ], [ -99.002697, 19.362654 ], [ -99.002964, 19.362869 ], [ -99.003553, 19.363356 ], [ -99.004006, 19.3637 ], [ -99.004744, 19.364307 ], [ -99.004744, 19.364304 ], [ -99.005191, 19.364666 ], [ -99.005614, 19.364969 ], [ -99.006105, 19.365325 ], [ -99.006346, 19.365494 ], [ -99.006568, 19.365669 ], [ -99.00698, 19.365982 ], [ -99.007902, 19.366729 ], [ -99.007902, 19.366714 ], [ -99.008399, 19.367114 ], [ -99.008534, 19.367203 ], [ -99.008824, 19.367417 ], [ -99.009268, 19.36776 ], [ -99.00956, 19.367981 ], [ -99.01018, 19.368458 ], [ -99.01064, 19.368824 ], [ -99.011319, 19.369329 ], [ -99.011319, 19.369324 ], [ -99.011723, 19.369633 ], [ -99.012164, 19.36996 ], [ -99.012609, 19.370301 ], [ -99.013034, 19.370585 ], [ -99.013034, 19.370575 ], [ -99.013473, 19.370909 ], [ -99.013943, 19.37126 ], [ -99.014875, 19.37195 ], [ -99.014875, 19.371948 ], [ -99.015363, 19.372295 ], [ -99.015831, 19.372611 ], [ -99.016274, 19.372974 ], [ -99.016732, 19.373297 ], [ -99.016732, 19.373291 ], [ -99.017201, 19.3736 ], [ -99.017635, 19.373927 ], [ -99.018547, 19.374594 ], [ -99.018547, 19.374588 ], [ -99.018847, 19.374825 ], [ -99.01948, 19.375286 ], [ -99.019944, 19.375595 ], [ -99.020344, 19.375904 ], [ -99.020344, 19.3759 ], [ -99.020761, 19.376189 ], [ -99.021163, 19.376498 ], [ -99.021995, 19.377092 ], [ -99.021995, 19.37709 ], [ -99.022429, 19.377388 ], [ -99.022874, 19.377697 ], [ -99.023332, 19.378049 ], [ -99.023788, 19.37837 ], [ -99.023788, 19.378357 ], [ -99.024289, 19.378661 ], [ -99.024738, 19.378953 ], [ -99.025595, 19.379469 ], [ -99.025595, 19.379456 ], [ -99.026053, 19.379748 ], [ -99.026491, 19.380018 ], [ -99.026959, 19.38031 ], [ -99.027427, 19.380588 ], [ -99.027427, 19.380585 ], [ -99.027884, 19.380856 ], [ -99.028349, 19.381142 ], [ -99.029366, 19.381691 ], [ -99.029366, 19.381683 ], [ -99.029842, 19.381977 ], [ -99.030355, 19.382262 ], [ -99.030913, 19.382584 ], [ -99.031078, 19.38266 ], [ -99.031403, 19.382827 ], [ -99.031885, 19.383079 ], [ -99.032332, 19.383328 ], [ -99.032902, 19.383655 ], [ -99.032902, 19.383652 ], [ -99.033349, 19.383899 ], [ -99.033803, 19.384142 ], [ -99.034251, 19.384417 ], [ -99.034677, 19.384671 ], [ -99.034677, 19.384659 ], [ -99.035097, 19.384885 ], [ -99.035528, 19.385123 ], [ -99.036426, 19.385681 ], [ -99.036426, 19.385681 ], [ -99.036908, 19.385955 ], [ -99.037398, 19.386238 ], [ -99.037868, 19.386512 ], [ -99.038316, 19.386772 ], [ -99.038316, 19.386765 ], [ -99.03874, 19.387017 ], [ -99.03918, 19.387257 ], [ -99.0401, 19.387816 ], [ -99.0401, 19.387802 ], [ -99.040533, 19.388069 ], [ -99.040996, 19.388328 ], [ -99.04146, 19.388563 ], [ -99.041895, 19.388813 ], [ -99.041895, 19.388809 ], [ -99.042442, 19.389116 ], [ -99.042997, 19.389422 ], [ -99.043891, 19.389915 ], [ -99.043891, 19.389908 ], [ -99.044342, 19.390183 ], [ -99.044794, 19.390447 ], [ -99.0453, 19.390715 ], [ -99.045736, 19.390999 ], [ -99.045736, 19.390991 ], [ -99.046153, 19.391264 ], [ -99.046575, 19.391518 ], [ -99.047469, 19.392043 ], [ -99.047469, 19.392029 ], [ -99.047999, 19.392327 ], [ -99.048493, 19.392619 ], [ -99.048974, 19.392892 ], [ -99.049472, 19.393184 ], [ -99.049472, 19.393173 ], [ -99.049977, 19.393483 ], [ -99.050444, 19.393768 ], [ -99.051376, 19.394326 ], [ -99.051376, 19.394318 ], [ -99.051843, 19.394579 ], [ -99.052313, 19.394832 ], [ -99.052724, 19.39507 ], [ -99.053191, 19.395346 ], [ -99.053191, 19.39534 ], [ -99.053635, 19.395613 ], [ -99.054142, 19.39589 ], [ -99.055151, 19.396424 ], [ -99.055151, 19.396423 ], [ -99.055613, 19.396689 ], [ -99.056097, 19.396981 ], [ -99.056587, 19.39725 ], [ -99.057057, 19.397513 ], [ -99.057057, 19.397507 ], [ -99.057517, 19.39777 ], [ -99.058022, 19.398046 ], [ -99.058989, 19.398648 ], [ -99.058989, 19.398636 ], [ -99.059475, 19.398931 ], [ -99.060009, 19.399243 ], [ -99.060475, 19.399429 ], [ -99.060825, 19.399567 ], [ -99.061472, 19.399934 ], [ -99.061926, 19.40022 ], [ -99.062508, 19.400593 ], [ -99.062508, 19.400589 ], [ -99.062934, 19.400874 ], [ -99.063397, 19.401152 ], [ -99.063863, 19.40147 ], [ -99.064296, 19.401728 ], [ -99.064296, 19.401718 ], [ -99.064563, 19.401921 ], [ -99.065177, 19.402267 ], [ -99.066056, 19.4028 ], [ -99.066056, 19.402786 ], [ -99.066469, 19.403045 ], [ -99.066933, 19.403277 ], [ -99.067505, 19.403626 ], [ -99.067776, 19.403793 ], [ -99.068398, 19.404153 ], [ -99.07014, 19.405168 ], [ -99.07014, 19.405167 ], [ -99.070585, 19.4054 ], [ -99.071082, 19.405678 ], [ -99.071522, 19.405948 ], [ -99.07189, 19.40621 ], [ -99.07189, 19.406204 ], [ -99.072313, 19.40646 ], [ -99.072727, 19.406737 ], [ -99.073224, 19.407018 ], [ -99.07364, 19.407271 ], [ -99.073779, 19.407349 ], [ -99.075525, 19.408427 ], [ -99.075525, 19.408417 ], [ -99.075947, 19.408665 ], [ -99.076372, 19.408878 ], [ -99.077402, 19.409405 ], [ -99.077402, 19.409393 ], [ -99.077878, 19.409663 ], [ -99.078323, 19.409995 ], [ -99.078736, 19.410262 ], [ -99.079193, 19.410586 ], [ -99.079193, 19.410583 ], [ -99.079625, 19.410832 ], [ -99.080058, 19.411031 ], [ -99.08108, 19.411573 ], [ -99.08108, 19.41156 ], [ -99.081575, 19.411818 ], [ -99.08199, 19.412059 ], [ -99.082405, 19.412296 ], [ -99.082792, 19.412561 ], [ -99.082966, 19.41266 ], [ -99.082966, 19.412659 ], [ -99.083451, 19.412933 ], [ -99.083616, 19.413011 ], [ -99.084838, 19.413739 ], [ -99.084838, 19.413727 ], [ -99.085346, 19.413973 ], [ -99.085802, 19.414195 ], [ -99.086666, 19.414607 ], [ -99.086666, 19.414597 ], [ -99.087147, 19.414853 ], [ -99.087592, 19.415141 ], [ -99.088046, 19.415381 ], [ -99.088372, 19.415573 ], [ -99.088943, 19.415878 ], [ -99.090237, 19.416544 ], [ -99.090237, 19.416534 ], [ -99.090758, 19.416937 ], [ -99.091195, 19.417234 ], [ -99.091635, 19.417503 ], [ -99.091975, 19.417709 ], [ -99.092617, 19.418067 ], [ -99.093093, 19.418258 ], [ -99.093988, 19.418666 ], [ -99.093988, 19.418655 ], [ -99.094468, 19.419008 ], [ -99.094899, 19.419231 ], [ -99.095376, 19.419482 ], [ -99.095805, 19.419704 ], [ -99.095805, 19.419693 ], [ -99.097848, 19.417542 ], [ -99.097848, 19.417542 ], [ -99.098201, 19.417225 ], [ -99.098685, 19.417049 ], [ -99.099246, 19.416953 ], [ -99.099753, 19.416944 ], [ -99.099921, 19.416946 ], [ -99.099921, 19.416931 ], [ -99.100398, 19.417004 ], [ -99.100879, 19.417128 ], [ -99.101385, 19.417268 ], [ -99.101963, 19.417494 ], [ -99.10191, 19.417511 ], [ -99.102043, 19.417522 ], [ -99.103947, 19.418048 ], [ -99.103947, 19.418045 ], [ -99.104415, 19.418167 ], [ -99.104931, 19.418272 ], [ -99.105472, 19.418378 ], [ -99.10601, 19.418487 ], [ -99.10601, 19.418472 ], [ -99.106559, 19.418608 ], [ -99.107099, 19.418731 ], [ -99.107995, 19.418988 ], [ -99.107995, 19.418976 ], [ -99.108485, 19.419118 ], [ -99.109, 19.419254 ], [ -99.10952, 19.419359 ], [ -99.11004, 19.41937 ], [ -99.11004, 19.419357 ], [ -99.110588, 19.419484 ], [ -99.11111, 19.419635 ], [ -99.112161, 19.419883 ], [ -99.112161, 19.419876 ], [ -99.112709, 19.420013 ], [ -99.113211, 19.420133 ], [ -99.113685, 19.420245 ], [ -99.114167, 19.42043 ], [ -99.114167, 19.420425 ], [ -99.114657, 19.420656 ], [ -99.11522, 19.420812 ], [ -99.116178, 19.421058 ], [ -99.116178, 19.421051 ], [ -99.116675, 19.421189 ], [ -99.117182, 19.421335 ], [ -99.117727, 19.421517 ], [ -99.118228, 19.421627 ], [ -99.118228, 19.421616 ], [ -99.120239, 19.422212 ], [ -99.120239, 19.422211 ], [ -99.120736, 19.422331 ], [ -99.121264, 19.422384 ], [ -99.121749, 19.422455 ], [ -99.122453, 19.42254 ], [ -99.122453, 19.422531 ], [ -99.122987, 19.422584 ], [ -99.123474, 19.422664 ], [ -99.123998, 19.422733 ], [ -99.124489, 19.422788 ], [ -99.124587, 19.422775 ], [ -99.126721, 19.423066 ], [ -99.126721, 19.423065 ], [ -99.127226, 19.423137 ], [ -99.12777, 19.423176 ], [ -99.128261, 19.423276 ], [ -99.128296, 19.423345 ], [ -99.128304, 19.423809 ], [ -99.128236, 19.424433 ], [ -99.128236, 19.424423 ], [ -99.128143, 19.424952 ], [ -99.128114, 19.425444 ], [ -99.129118, 19.426152 ], [ -99.129118, 19.426147 ], [ -99.129661, 19.426205 ], [ -99.130152, 19.426284 ], [ -99.130736, 19.426269 ], [ -99.131138, 19.426102 ], [ -99.133234, 19.42607 ], [ -99.133234, 19.426056 ], [ -99.133745, 19.426068 ], [ -99.134245, 19.426084 ], [ -99.134752, 19.426119 ], [ -99.135452, 19.426264 ], [ -99.135452, 19.426254 ], [ -99.135982, 19.426232 ], [ -99.136533, 19.426179 ], [ -99.137048, 19.426266 ], [ -99.137531, 19.426346 ], [ -99.137531, 19.426346 ], [ -99.137734, 19.426358 ], [ -99.137734, 19.426346 ], [ -99.138297, 19.426441 ], [ -99.138832, 19.426502 ], [ -99.139446, 19.426573 ], [ -99.139898, 19.426605 ], [ -99.14208, 19.426957 ], [ -99.14208, 19.426956 ], [ -99.14214, 19.427001 ], [ -99.142044, 19.427433 ], [ -99.141917, 19.42792 ], [ -99.14177, 19.428449 ], [ -99.141724, 19.42892 ], [ -99.141724, 19.428909 ], [ -99.141589, 19.429421 ], [ -99.141486, 19.429932 ], [ -99.141435, 19.430384 ], [ -99.141358, 19.431033 ], [ -99.141358, 19.43103 ], [ -99.141268, 19.431504 ], [ -99.141225, 19.431957 ], [ -99.141145, 19.432471 ], [ -99.141339, 19.432927 ], [ -99.141339, 19.432922 ], [ -99.141302, 19.432837 ], [ -99.140992, 19.433466 ], [ -99.141015, 19.433456 ], [ -99.141004, 19.433466 ] ] } },
{ "type": "Feature", "properties": { "device_id": "eb72ad6bf2a509717dcaf8021a472cfe8a94cb33ecb2e7cf3e7f2d2bd69d0b4d", "timestamps": "2020-01-01T14:39:01, 2020-01-01T15:06:26, 2020-01-01T15:11:23, 2020-01-01T15:26:06, 2020-01-01T15:27:13, 2020-01-01T15:27:57, 2020-01-01T15:28:38, 2020-01-01T15:28:47, 2020-01-01T15:30:45, 2020-01-01T15:31:12, 2020-01-01T15:31:25, 2020-01-01T15:32:13, 2020-01-01T15:34:18, 2020-01-01T15:34:35, 2020-01-01T15:35:41, 2020-01-01T15:36:28, 2020-01-01T15:37:56, 2020-01-01T15:38:45, 2020-01-01T15:39:49, 2020-01-01T15:40:41, 2020-01-01T15:43:57, 2020-01-01T15:45:26, 2020-01-01T15:46:07, 2020-01-01T15:52:02, 2020-01-01T15:55:07, 2020-01-01T15:57:51, 2020-01-01T16:01:50, 2020-01-01T16:07:50, 2020-01-01T16:08:12, 2020-01-01T16:08:29, 2020-01-01T16:08:49, 2020-01-01T16:09:10, 2020-01-01T16:11:43, 2020-01-01T16:13:57, 2020-01-01T16:14:46, 2020-01-01T16:15:05, 2020-01-01T16:16:32, 2020-01-01T16:16:57, 2020-01-01T16:17:16, 2020-01-01T16:18:00, 2020-01-01T16:18:17, 2020-01-01T16:18:41, 2020-01-01T16:18:59, 2020-01-01T16:19:12, 2020-01-01T16:19:18, 2020-01-01T16:19:37, 2020-01-01T16:19:45, 2020-01-01T16:20:35, 2020-01-01T16:21:04, 2020-01-01T16:21:09, 2020-01-01T16:21:33, 2020-01-01T16:22:15, 2020-01-01T16:23:45, 2020-01-01T16:24:56, 2020-01-01T16:25:18, 2020-01-01T16:25:41, 2020-01-01T16:26:23, 2020-01-01T16:26:32, 2020-01-01T16:26:58, 2020-01-01T16:27:35, 2020-01-01T16:27:54, 2020-01-01T16:28:29, 2020-01-01T16:31:09, 2020-01-01T16:31:32, 2020-01-01T16:31:40, 2020-01-01T16:32:26, 2020-01-01T16:33:48, 2020-01-01T16:34:15, 2020-01-01T16:34:43, 2020-01-01T16:34:57, 2020-01-01T16:35:08, 2020-01-01T16:35:54, 2020-01-01T16:36:31, 2020-01-01T16:37:56, 2020-01-01T16:40:37, 2020-01-01T16:40:49, 2020-01-01T16:41:31, 2020-01-01T16:45:10, 2020-01-01T16:45:16, 2020-01-01T16:45:40, 2020-01-01T16:46:16, 2020-01-01T16:46:47, 2020-01-01T16:47:14, 2020-01-01T16:48:03, 2020-01-01T16:48:08, 2020-01-01T16:53:02, 2020-01-01T16:53:31, 2020-01-01T16:53:52, 2020-01-01T16:54:36, 2020-01-01T16:54:42, 2020-01-01T16:54:51, 2020-01-01T16:56:19, 2020-01-01T16:56:44, 2020-01-01T16:58:40, 2020-01-01T16:58:45, 2020-01-01T16:59:37, 2020-01-01T16:59:48, 2020-01-01T17:00:03, 2020-01-01T17:00:46, 2020-01-01T17:01:03, 2020-01-01T17:06:38, 2020-01-01T17:07:15, 2020-01-01T17:18:59, 2020-01-01T17:19:26, 2020-01-01T17:40:53, 2020-01-01T17:41:06, 2020-01-01T17:48:33, 2020-01-01T17:48:36, 2020-01-01T17:48:42, 2020-01-01T17:49:30, 2020-01-01T17:49:35, 2020-01-01T17:51:51, 2020-01-01T17:52:16, 2020-01-01T17:53:17, 2020-01-01T17:53:54, 2020-01-01T17:54:35, 2020-01-01T17:55:06, 2020-01-01T17:55:45, 2020-01-01T18:02:29, 2020-01-01T18:04:24, 2020-01-01T18:05:08, 2020-01-01T18:05:18, 2020-01-01T18:05:53, 2020-01-01T18:17:06, 2020-01-01T18:17:25, 2020-01-01T18:18:19, 2020-01-01T18:18:56, 2020-01-01T18:22:09, 2020-01-01T18:24:20, 2020-01-01T18:24:53, 2020-01-01T18:25:26, 2020-01-01T18:25:43, 2020-01-01T18:26:07, 2020-01-01T18:27:49, 2020-01-01T18:28:29, 2020-01-01T18:29:47, 2020-01-01T18:30:58, 2020-01-01T18:32:14, 2020-01-01T18:34:09, 2020-01-01T18:41:41, 2020-01-01T18:54:44, 2020-01-01T19:00:19, 2020-01-01T19:02:00, 2020-01-01T19:11:57, 2020-01-01T19:12:03, 2020-01-01T19:12:34, 2020-01-01T19:13:01, 2020-01-01T19:13:07, 2020-01-01T19:42:58, 2020-01-01T19:43:00, 2020-01-01T19:44:06, 2020-01-01T19:49:46, 2020-01-01T19:49:53, 2020-01-01T19:51:58, 2020-01-01T19:52:30, 2020-01-01T19:53:08, 2020-01-01T19:53:34, 2020-01-01T19:54:22, 2020-01-01T19:56:27, 2020-01-01T19:56:56, 2020-01-01T19:57:20, 2020-01-01T19:57:41, 2020-01-01T19:57:56, 2020-01-01T19:58:27, 2020-01-01T19:58:43, 2020-01-01T19:58:49, 2020-01-01T19:59:01, 2020-01-01T19:59:19, 2020-01-01T19:59:38, 2020-01-01T19:59:45, 2020-01-01T20:01:51, 2020-01-01T20:02:31, 2020-01-01T20:02:50, 2020-01-01T20:03:00, 2020-01-01T20:03:24, 2020-01-01T20:03:43, 2020-01-01T20:08:25, 2020-01-01T20:08:55, 2020-01-01T20:09:17, 2020-01-01T20:13:23, 2020-01-01T20:16:51, 2020-01-01T20:20:05, 2020-01-01T20:20:52, 2020-01-01T20:37:15, 2020-01-01T20:42:42, 2020-01-01T20:44:14, 2020-01-01T20:45:30, 2020-01-01T20:59:13, 2020-01-01T21:03:02, 2020-01-01T21:03:17, 2020-01-01T21:03:22, 2020-01-01T21:03:27, 2020-01-01T21:03:35, 2020-01-01T21:04:44, 2020-01-01T21:05:51, 2020-01-01T21:07:24, 2020-01-01T21:10:33, 2020-01-01T21:49:22, 2020-01-01T22:00:45, 2020-01-01T22:02:19, 2020-01-01T22:05:51, 2020-01-01T22:06:13, 2020-01-01T22:06:41, 2020-01-01T22:08:46, 2020-01-01T22:09:04, 2020-01-01T22:14:44, 2020-01-01T22:15:44, 2020-01-01T22:18:16, 2020-01-01T22:18:33, 2020-01-01T22:20:37, 2020-01-01T22:21:04, 2020-01-01T22:21:22, 2020-01-01T22:22:18, 2020-01-01T22:22:23, 2020-01-01T22:22:57, 2020-01-01T22:23:57, 2020-01-01T22:25:45, 2020-01-01T22:26:13, 2020-01-01T22:26:51, 2020-01-01T22:27:10, 2020-01-01T22:27:31, 2020-01-01T22:27:51, 2020-01-01T22:28:11, 2020-01-01T22:28:53, 2020-01-01T22:29:04, 2020-01-01T22:29:23, 2020-01-01T22:29:43, 2020-01-01T22:30:18, 2020-01-01T22:30:27, 2020-01-01T22:30:44, 2020-01-01T22:31:03, 2020-01-01T22:31:18, 2020-01-01T22:32:14, 2020-01-01T22:32:46, 2020-01-01T22:33:09, 2020-01-01T22:33:27, 2020-01-01T22:33:38, 2020-01-01T22:35:03, 2020-01-01T22:36:28, 2020-01-01T22:36:48, 2020-01-01T22:37:27, 2020-01-01T22:38:27, 2020-01-01T22:39:04, 2020-01-01T22:39:46, 2020-01-01T22:41:57, 2020-01-01T22:43:40, 2020-01-01T22:44:00, 2020-01-01T22:45:09, 2020-01-01T22:45:31, 2020-01-01T22:45:52, 2020-01-01T22:52:45, 2020-01-01T22:52:58, 2020-01-01T23:03:59, 2020-01-01T23:04:24, 2020-01-01T23:04:54, 2020-01-01T23:05:36, 2020-01-01T23:05:53, 2020-01-01T23:06:12, 2020-01-01T23:07:16, 2020-01-01T23:07:34, 2020-01-01T23:08:11, 2020-01-01T23:18:43, 2020-01-01T23:19:09, 2020-01-01T23:22:11, 2020-01-01T23:22:19, 2020-01-01T23:22:49, 2020-01-01T23:23:15, 2020-01-01T23:24:01, 2020-01-01T23:25:26, 2020-01-01T23:29:36, 2020-01-01T23:29:53" }, "geometry": { "type": "LineString", "coordinates": [ [ -99.088393, 19.6633 ], [ -99.053685, 19.564209 ], [ -99.098268, 19.519507 ], [ -99.133853, 19.474936 ], [ -99.135078, 19.473413 ], [ -99.133336, 19.475589 ], [ -99.131606, 19.478623 ], [ -99.131606, 19.478623 ], [ -99.132298, 19.477115 ], [ -99.132298, 19.477116 ], [ -99.132298, 19.477116 ], [ -99.143236, 19.455064 ], [ -99.131984, 19.477277 ], [ -99.131984, 19.477277 ], [ -99.15043, 19.425452 ], [ -99.150285, 19.425377 ], [ -99.151323, 19.417958 ], [ -99.15236, 19.416801 ], [ -99.156166, 19.402614 ], [ -99.150387, 19.419453 ], [ -99.161356, 19.405666 ], [ -99.156144, 19.406584 ], [ -99.161356, 19.405666 ], [ -99.137487, 19.406872 ], [ -99.200186, 19.398271 ], [ -99.099201, 19.409806 ], [ -99.078113, 19.40892 ], [ -99.071625, 19.415682 ], [ -99.071796, 19.414591 ], [ -99.071796, 19.414591 ], [ -99.071625, 19.415682 ], [ -99.07171, 19.415569 ], [ -99.071625, 19.415682 ], [ -99.072487, 19.412715 ], [ -99.072141, 19.40868 ], [ -99.072141, 19.40868 ], [ -99.069718, 19.404738 ], [ -99.069585, 19.404887 ], [ -99.06696, 19.403541 ], [ -99.062526, 19.400218 ], [ -99.060869, 19.398943 ], [ -99.059559, 19.398762 ], [ -99.059536, 19.398859 ], [ -99.059536, 19.398859 ], [ -99.058639, 19.398316 ], [ -99.055881, 19.396294 ], [ -99.055881, 19.396294 ], [ -99.048163, 19.392692 ], [ -99.046749, 19.39093 ], [ -99.046749, 19.39093 ], [ -99.046293, 19.391374 ], [ -99.0463, 19.39136 ], [ -99.046293, 19.391374 ], [ -99.0278, 19.38101 ], [ -99.025153, 19.381556 ], [ -99.022459, 19.377464 ], [ -99.017185, 19.373405 ], [ -99.017185, 19.373405 ], [ -99.017317, 19.373452 ], [ -99.014514, 19.371926 ], [ -99.011758, 19.369963 ], [ -99.007244, 19.366783 ], [ -99.00725, 19.36677 ], [ -98.99573, 19.360414 ], [ -98.99573, 19.360414 ], [ -98.992199, 19.360184 ], [ -98.97988, 19.35882 ], [ -98.978538, 19.359554 ], [ -98.979879, 19.358828 ], [ -98.975984, 19.359309 ], [ -98.97599, 19.3593 ], [ -98.97599, 19.3593 ], [ -98.962752, 19.354266 ], [ -98.961146, 19.350903 ], [ -98.96173, 19.34991 ], [ -98.961717, 19.349927 ], [ -98.964387, 19.346991 ], [ -98.95999, 19.34235 ], [ -98.95783, 19.34142 ], [ -98.95999, 19.34235 ], [ -98.955038, 19.33726 ], [ -98.955039, 19.33726 ], [ -98.95504, 19.33726 ], [ -98.94765, 19.32824 ], [ -98.947549, 19.328213 ], [ -98.930079, 19.314178 ], [ -98.92998, 19.31434 ], [ -98.930046, 19.314318 ], [ -98.9298, 19.31453 ], [ -98.929794, 19.314532 ], [ -98.929794, 19.314532 ], [ -98.9298, 19.31453 ], [ -98.929794, 19.314532 ], [ -98.92896, 19.31605 ], [ -98.928602, 19.316759 ], [ -98.92829, 19.31709 ], [ -98.928281, 19.317099 ], [ -98.928047, 19.317024 ], [ -98.927809, 19.31689 ], [ -98.927801, 19.316894 ], [ -98.92747, 19.31673 ], [ -98.927465, 19.316738 ], [ -98.92896, 19.31603 ], [ -98.928959, 19.316033 ], [ -98.92613, 19.31816 ], [ -98.926123, 19.318174 ], [ -98.926119, 19.31813 ], [ -98.92612, 19.31813 ], [ -98.926179, 19.318061 ], [ -98.92614, 19.31828 ], [ -98.926131, 19.318154 ], [ -98.926123, 19.318268 ], [ -98.92615, 19.318269 ], [ -98.926104, 19.318262 ], [ -98.92616, 19.318049 ], [ -98.92616, 19.318049 ], [ -98.926165, 19.318252 ], [ -98.926163, 19.318271 ], [ -98.926156, 19.318187 ], [ -98.92613, 19.318217 ], [ -98.926204, 19.318026 ], [ -98.92611, 19.31812 ], [ -98.926152, 19.318073 ], [ -98.926179, 19.318063 ], [ -98.92615, 19.3182 ], [ -98.926164, 19.318049 ], [ -98.926157, 19.318287 ], [ -98.926123, 19.318174 ], [ -98.926217, 19.318127 ], [ -98.926138, 19.318271 ], [ -98.926171, 19.318025 ], [ -98.926171, 19.318025 ], [ -98.926224, 19.318088 ], [ -98.92616, 19.318049 ], [ -98.92618, 19.318081 ], [ -98.926203, 19.317959 ], [ -98.926157, 19.318268 ], [ -98.926143, 19.318274 ], [ -98.926143, 19.318274 ], [ -98.926126, 19.318266 ], [ -98.92621, 19.31815 ], [ -98.926143, 19.318274 ], [ -98.926169, 19.318163 ], [ -98.92615, 19.31826 ], [ -98.926119, 19.318193 ], [ -98.926123, 19.318174 ], [ -98.92613, 19.318169 ], [ -98.92613, 19.31816 ], [ -98.9292, 19.31556 ], [ -98.929199, 19.31556 ], [ -98.926191, 19.318092 ], [ -98.92614, 19.31821 ], [ -98.926131, 19.318211 ], [ -98.92614, 19.31821 ], [ -98.926171, 19.318242 ], [ -98.92618, 19.318239 ], [ -98.92617, 19.31818 ], [ -98.92621, 19.31795 ], [ -98.92619, 19.31807 ], [ -98.926143, 19.318274 ], [ -98.926209, 19.31795 ], [ -98.926153, 19.318174 ], [ -98.926209, 19.31795 ], [ -98.926143, 19.318274 ], [ -98.92615, 19.318269 ], [ -98.926143, 19.318274 ], [ -98.926143, 19.318274 ], [ -98.92615, 19.318269 ], [ -98.92615, 19.31826 ], [ -98.926143, 19.318274 ], [ -98.929191, 19.315567 ], [ -98.92615, 19.318269 ], [ -98.926202, 19.318198 ], [ -98.92615, 19.31826 ], [ -98.926203, 19.317959 ], [ -98.926203, 19.317959 ], [ -98.926165, 19.31815 ], [ -98.92621, 19.31795 ], [ -98.926154, 19.318221 ], [ -98.926143, 19.318274 ], [ -98.92615, 19.31826 ], [ -98.92621, 19.31795 ], [ -98.926203, 19.317959 ], [ -98.926138, 19.318293 ], [ -98.926021, 19.317988 ], [ -98.926135, 19.31824 ], [ -98.926097, 19.318148 ], [ -98.92613, 19.31816 ], [ -98.92615, 19.31824 ], [ -98.92615, 19.318249 ], [ -98.926145, 19.318252 ], [ -98.926145, 19.318252 ], [ -98.926145, 19.318252 ], [ -98.926145, 19.318252 ], [ -98.926136, 19.31821 ], [ -98.926131, 19.318289 ], [ -98.926131, 19.318289 ], [ -98.92635, 19.316681 ], [ -98.942405, 19.322594 ], [ -98.949585, 19.330622 ], [ -98.960181, 19.342501 ], [ -98.95921, 19.343193 ], [ -98.960245, 19.344616 ], [ -98.961098, 19.350873 ], [ -98.961098, 19.350873 ], [ -98.9607, 19.350262 ], [ -98.960715, 19.350269 ], [ -98.960702, 19.350223 ], [ -98.960709, 19.350168 ], [ -98.962376, 19.352756 ], [ -98.962316, 19.353724 ], [ -98.966803, 19.357186 ], [ -98.974386, 19.359431 ], [ -98.974386, 19.359431 ], [ -98.976344, 19.35907 ], [ -98.97633, 19.3591 ], [ -98.994727, 19.360285 ], [ -98.996109, 19.360559 ], [ -99.003396, 19.363112 ], [ -99.005141, 19.363779 ], [ -99.005443, 19.364534 ], [ -99.005562, 19.364634 ], [ -99.005562, 19.364634 ], [ -99.009117, 19.367637 ], [ -99.011695, 19.369387 ], [ -99.014504, 19.372397 ], [ -99.016971, 19.373318 ], [ -99.016971, 19.373318 ], [ -99.016959, 19.373313 ], [ -99.019072, 19.374544 ], [ -99.022323, 19.377805 ], [ -99.022323, 19.377805 ], [ -99.024462, 19.378643 ], [ -99.035113, 19.385202 ], [ -99.035387, 19.385112 ], [ -99.035734, 19.38526 ], [ -99.035734, 19.38526 ], [ -99.045948, 19.390495 ], [ -99.054839, 19.396609 ], [ -99.057503, 19.397788 ], [ -99.058986, 19.398622 ], [ -99.06615, 19.402063 ], [ -99.067875, 19.404402 ], [ -99.06915, 19.40457 ], [ -99.072187, 19.415123 ], [ -99.072204, 19.41553 ], [ -99.072191, 19.415539 ], [ -99.072172, 19.415514 ], [ -99.072103, 19.415504 ], [ -99.072224, 19.415542 ], [ -99.07206, 19.415526 ], [ -99.07206, 19.41552 ], [ -99.103871, 19.45101 ], [ -99.10576, 19.45177 ], [ -99.109129, 19.453236 ], [ -99.113278, 19.4545 ], [ -99.113576, 19.454818 ], [ -99.114362, 19.455984 ], [ -99.119566, 19.458981 ], [ -99.119566, 19.458981 ], [ -99.119566, 19.458981 ], [ -99.133336, 19.47559 ], [ -99.133336, 19.47559 ], [ -99.132441, 19.476663 ], [ -99.132441, 19.476663 ], [ -99.132441, 19.476663 ], [ -99.132441, 19.476663 ], [ -99.132441, 19.476663 ], [ -99.124428, 19.486345 ], [ -99.120155, 19.495413 ], [ -99.120141, 19.495467 ] ] } },
{ "type": "Feature", "properties": { "device_id": "9da9baa5c67e8d7ac3227c8e4cb9149af94fd684b2455977c36459727d10b043", "timestamps": "2020-01-01T06:03:07, 2020-01-01T06:13:46, 2020-01-01T06:23:31, 2020-01-01T06:37:50, 2020-01-01T06:47:21, 2020-01-01T06:56:15, 2020-01-01T06:56:28, 2020-01-01T07:06:51, 2020-01-01T07:16:53, 2020-01-01T07:26:53, 2020-01-01T07:36:51, 2020-01-01T07:46:51, 2020-01-01T07:57:57, 2020-01-01T08:07:17, 2020-01-01T08:17:40, 2020-01-01T08:29:06, 2020-01-01T08:29:11, 2020-01-01T08:30:31, 2020-01-01T08:31:18, 2020-01-01T08:32:09, 2020-01-01T08:32:23, 2020-01-01T08:33:30, 2020-01-01T08:34:45, 2020-01-01T08:35:26, 2020-01-01T08:36:36, 2020-01-01T08:36:52, 2020-01-01T08:37:41, 2020-01-01T08:38:28, 2020-01-01T08:39:39, 2020-01-01T08:39:54, 2020-01-01T08:40:40, 2020-01-01T08:41:15, 2020-01-01T08:42:02, 2020-01-01T08:42:56, 2020-01-01T08:43:46, 2020-01-01T08:44:11, 2020-01-01T08:45:04, 2020-01-01T08:45:57, 2020-01-01T08:46:49, 2020-01-01T08:47:10, 2020-01-01T08:48:06, 2020-01-01T08:48:25, 2020-01-01T08:49:32, 2020-01-01T08:50:17, 2020-01-01T08:51:24, 2020-01-01T08:52:20, 2020-01-01T08:52:51, 2020-01-01T08:52:57, 2020-01-01T08:53:09, 2020-01-01T08:53:22, 2020-01-01T08:54:25, 2020-01-01T08:59:21, 2020-01-01T09:04:55, 2020-01-01T09:14:26, 2020-01-01T09:24:48, 2020-01-01T09:35:15, 2020-01-01T09:45:53, 2020-01-01T09:55:28, 2020-01-01T10:05:44, 2020-01-01T10:15:17, 2020-01-01T10:31:06, 2020-01-01T10:43:15, 2020-01-01T10:58:58, 2020-01-01T11:14:41, 2020-01-01T11:34:07, 2020-01-01T11:55:38, 2020-01-01T12:15:15, 2020-01-01T12:25:25, 2020-01-01T12:35:02, 2020-01-01T12:46:29, 2020-01-01T12:57:12, 2020-01-01T12:57:15, 2020-01-01T13:07:15, 2020-01-01T13:16:03, 2020-01-01T13:17:04, 2020-01-01T13:17:24, 2020-01-01T13:17:44, 2020-01-01T13:18:23, 2020-01-01T13:18:43, 2020-01-01T13:19:29, 2020-01-01T13:20:06, 2020-01-01T13:20:26, 2020-01-01T13:20:46, 2020-01-01T13:21:06, 2020-01-01T13:21:26, 2020-01-01T13:21:35, 2020-01-01T13:22:02, 2020-01-01T13:22:04, 2020-01-01T13:22:06, 2020-01-01T13:22:08, 2020-01-01T13:22:13, 2020-01-01T13:22:19, 2020-01-01T13:22:27, 2020-01-01T13:22:32, 2020-01-01T13:22:34, 2020-01-01T13:22:36, 2020-01-01T13:22:38, 2020-01-01T13:22:44, 2020-01-01T13:22:46, 2020-01-01T13:22:48, 2020-01-01T13:23:06, 2020-01-01T13:23:11, 2020-01-01T13:23:13, 2020-01-01T13:23:15, 2020-01-01T13:23:22, 2020-01-01T13:23:24, 2020-01-01T13:23:26, 2020-01-01T13:23:28, 2020-01-01T13:23:46, 2020-01-01T13:23:52, 2020-01-01T13:23:53, 2020-01-01T13:23:56, 2020-01-01T13:23:59, 2020-01-01T13:24:06, 2020-01-01T13:24:26, 2020-01-01T13:24:46, 2020-01-01T13:25:07, 2020-01-01T13:25:26, 2020-01-01T13:25:46, 2020-01-01T13:26:06, 2020-01-01T13:26:26, 2020-01-01T13:26:40, 2020-01-01T13:27:06, 2020-01-01T13:27:26, 2020-01-01T13:27:47, 2020-01-01T13:28:09, 2020-01-01T13:28:26, 2020-01-01T13:28:40, 2020-01-01T13:29:06, 2020-01-01T13:29:20, 2020-01-01T13:29:46, 2020-01-01T13:30:26, 2020-01-01T13:40:44, 2020-01-01T13:50:29, 2020-01-01T14:01:50, 2020-01-01T14:10:15, 2020-01-01T14:20:38, 2020-01-01T14:30:49, 2020-01-01T14:40:39, 2020-01-01T14:50:37, 2020-01-01T15:00:12, 2020-01-01T15:10:18, 2020-01-01T15:10:57, 2020-01-01T15:20:22, 2020-01-01T15:30:27, 2020-01-01T15:39:21, 2020-01-01T15:50:49, 2020-01-01T15:52:16, 2020-01-01T15:55:29, 2020-01-01T16:00:51, 2020-01-01T16:10:59, 2020-01-01T16:34:38, 2020-01-01T16:44:17, 2020-01-01T16:48:07, 2020-01-01T17:12:15, 2020-01-01T17:25:38, 2020-01-01T17:28:23, 2020-01-01T17:30:19, 2020-01-01T17:31:09, 2020-01-01T17:31:23, 2020-01-01T17:32:30, 2020-01-01T17:45:35, 2020-01-01T17:45:47, 2020-01-01T17:46:10, 2020-01-01T17:47:22, 2020-01-01T17:48:39, 2020-01-01T17:49:40, 2020-01-01T17:50:47, 2020-01-01T17:51:11, 2020-01-01T17:52:04, 2020-01-01T17:52:57, 2020-01-01T17:53:33, 2020-01-01T17:54:54, 2020-01-01T18:04:09, 2020-01-01T18:04:21, 2020-01-01T18:05:30, 2020-01-01T18:06:42, 2020-01-01T18:07:26, 2020-01-01T18:08:00, 2020-01-01T18:08:04, 2020-01-01T18:08:07, 2020-01-01T18:08:38, 2020-01-01T18:08:51, 2020-01-01T18:09:04, 2020-01-01T18:09:16, 2020-01-01T18:09:22, 2020-01-01T18:09:24, 2020-01-01T18:09:26, 2020-01-01T18:09:35, 2020-01-01T18:09:42, 2020-01-01T18:09:47, 2020-01-01T18:09:56, 2020-01-01T18:09:58, 2020-01-01T18:10:48, 2020-01-01T18:11:02, 2020-01-01T18:11:03, 2020-01-01T18:11:06, 2020-01-01T18:11:08, 2020-01-01T18:11:10, 2020-01-01T18:11:12, 2020-01-01T18:11:14, 2020-01-01T18:11:18, 2020-01-01T18:11:31, 2020-01-01T18:11:33, 2020-01-01T18:11:35, 2020-01-01T18:11:37, 2020-01-01T18:11:39, 2020-01-01T18:11:40, 2020-01-01T18:11:48, 2020-01-01T18:12:20, 2020-01-01T18:12:22, 2020-01-01T18:12:24, 2020-01-01T18:12:27, 2020-01-01T18:12:50, 2020-01-01T18:12:51, 2020-01-01T18:12:55, 2020-01-01T18:12:57, 2020-01-01T18:12:59, 2020-01-01T18:14:35, 2020-01-01T18:15:16, 2020-01-01T18:16:21, 2020-01-01T18:17:34, 2020-01-01T18:18:19, 2020-01-01T18:19:23, 2020-01-01T18:20:36, 2020-01-01T18:20:55, 2020-01-01T18:22:29, 2020-01-01T18:23:39, 2020-01-01T18:23:58, 2020-01-01T18:25:06, 2020-01-01T18:25:29, 2020-01-01T18:26:49, 2020-01-01T18:27:17, 2020-01-01T18:29:51, 2020-01-01T18:30:47, 2020-01-01T18:32:37, 2020-01-01T18:33:18, 2020-01-01T18:34:21, 2020-01-01T18:35:52, 2020-01-01T18:36:13, 2020-01-01T18:55:33, 2020-01-01T19:13:53, 2020-01-01T19:13:57, 2020-01-01T19:24:09, 2020-01-01T19:34:00, 2020-01-01T19:42:41, 2020-01-01T19:42:46, 2020-01-01T19:44:06, 2020-01-01T19:54:40, 2020-01-01T20:04:36, 2020-01-01T20:14:12, 2020-01-01T20:32:22, 2020-01-01T20:50:14, 2020-01-01T21:00:06, 2020-01-01T21:10:06, 2020-01-01T21:11:30, 2020-01-01T21:12:45, 2020-01-01T21:13:26, 2020-01-01T21:14:38, 2020-01-01T21:14:51, 2020-01-01T21:15:44, 2020-01-01T21:16:28, 2020-01-01T21:17:39, 2020-01-01T21:17:53, 2020-01-01T21:18:43, 2020-01-01T21:19:15, 2020-01-01T21:20:02, 2020-01-01T21:20:50, 2020-01-01T21:21:46, 2020-01-01T21:22:11, 2020-01-01T21:23:04, 2020-01-01T21:23:57, 2020-01-01T21:24:39, 2020-01-01T21:25:10, 2020-01-01T21:26:03, 2020-01-01T21:26:59, 2020-01-01T21:27:35, 2020-01-01T21:28:10, 2020-01-01T21:29:07, 2020-01-01T21:29:22, 2020-01-01T21:30:34, 2020-01-01T21:31:18, 2020-01-01T21:32:23, 2020-01-01T21:33:36, 2020-01-01T21:33:55, 2020-01-01T21:34:42, 2020-01-01T21:35:27, 2020-01-01T21:36:39, 2020-01-01T21:37:40, 2020-01-01T21:38:15, 2020-01-01T21:39:01, 2020-01-01T21:39:56, 2020-01-01T21:40:48, 2020-01-01T21:41:13, 2020-01-01T21:42:03, 2020-01-01T21:42:59, 2020-01-01T21:43:35, 2020-01-01T21:44:16, 2020-01-01T21:45:07, 2020-01-01T21:45:22, 2020-01-01T21:46:31, 2020-01-01T21:47:17, 2020-01-01T21:49:27, 2020-01-01T21:49:34, 2020-01-01T22:00:20, 2020-01-01T22:04:07, 2020-01-01T22:16:30, 2020-01-01T22:27:50, 2020-01-01T22:39:18, 2020-01-01T22:50:27, 2020-01-01T23:05:48, 2020-01-01T23:21:51, 2020-01-01T23:40:05" }, "geometry": { "type": "LineString", "coordinates": [ [ -99.147861, 19.373532 ], [ -99.147755, 19.373546 ], [ -99.147761, 19.373532 ], [ -99.147761, 19.373532 ], [ -99.147816, 19.373527 ], [ -99.147816, 19.373527 ], [ -99.147816, 19.373527 ], [ -99.147822, 19.373525 ], [ -99.147822, 19.373525 ], [ -99.147822, 19.373525 ], [ -99.147828, 19.373505 ], [ -99.147828, 19.373505 ], [ -99.147795, 19.373516 ], [ -99.147766, 19.373548 ], [ -99.147766, 19.373548 ], [ -99.147845, 19.373123 ], [ -99.14798, 19.373493 ], [ -99.149085, 19.374694 ], [ -99.147272, 19.379215 ], [ -99.139097, 19.376955 ], [ -99.141865, 19.378229 ], [ -99.139383, 19.378562 ], [ -99.13973, 19.381648 ], [ -99.138766, 19.387732 ], [ -99.136894, 19.396259 ], [ -99.13778, 19.394211 ], [ -99.136855, 19.396431 ], [ -99.137144, 19.397023 ], [ -99.135394, 19.409055 ], [ -99.136569, 19.402193 ], [ -99.133265, 19.409952 ], [ -99.134976, 19.408427 ], [ -99.136626, 19.403979 ], [ -99.137866, 19.406184 ], [ -99.137463, 19.398948 ], [ -99.138246, 19.393853 ], [ -99.139757, 19.383553 ], [ -99.138966, 19.389065 ], [ -99.140623, 19.378013 ], [ -99.142584, 19.37596 ], [ -99.147498, 19.37485 ], [ -99.145503, 19.375735 ], [ -99.147782, 19.37356 ], [ -99.147797, 19.373559 ], [ -99.147861, 19.373623 ], [ -99.148053, 19.373774 ], [ -99.148085, 19.373882 ], [ -99.148055, 19.373827 ], [ -99.147865, 19.373739 ], [ -99.14802, 19.37358 ], [ -99.147905, 19.373473 ], [ -99.148004, 19.373542 ], [ -99.148235, 19.373434 ], [ -99.148026, 19.373545 ], [ -99.148024, 19.373518 ], [ -99.148005, 19.373543 ], [ -99.147998, 19.373541 ], [ -99.148048, 19.373533 ], [ -99.148044, 19.373535 ], [ -99.148034, 19.373541 ], [ -99.148061, 19.373547 ], [ -99.148049, 19.373513 ], [ -99.148045, 19.373513 ], [ -99.148011, 19.373531 ], [ -99.148022, 19.373764 ], [ -99.148022, 19.373764 ], [ -99.148022, 19.373764 ], [ -99.148047, 19.373532 ], [ -99.148033, 19.373503 ], [ -99.148047, 19.373512 ], [ -99.148041, 19.37353 ], [ -99.148041, 19.37353 ], [ -99.14802, 19.373624 ], [ -99.148033, 19.373545 ], [ -99.147951, 19.373582 ], [ -99.148041, 19.373543 ], [ -99.148019, 19.373545 ], [ -99.14802, 19.373545 ], [ -99.14802, 19.373545 ], [ -99.148018, 19.373545 ], [ -99.148012, 19.373531 ], [ -99.148046, 19.373545 ], [ -99.148047, 19.373545 ], [ -99.148015, 19.373532 ], [ -99.148046, 19.373545 ], [ -99.148015, 19.373532 ], [ -99.148019, 19.373537 ], [ -99.148026, 19.373537 ], [ -99.148028, 19.373531 ], [ -99.148011, 19.373546 ], [ -99.148018, 19.373543 ], [ -99.148018, 19.373543 ], [ -99.148019, 19.373543 ], [ -99.14804, 19.373562 ], [ -99.148033, 19.373536 ], [ -99.148048, 19.373534 ], [ -99.148044, 19.373539 ], [ -99.148054, 19.373538 ], [ -99.148083, 19.373567 ], [ -99.148052, 19.373567 ], [ -99.148043, 19.373547 ], [ -99.14805, 19.373547 ], [ -99.148038, 19.373518 ], [ -99.148046, 19.373549 ], [ -99.148027, 19.373517 ], [ -99.148014, 19.373542 ], [ -99.148043, 19.373548 ], [ -99.148044, 19.373548 ], [ -99.148045, 19.373544 ], [ -99.148015, 19.373546 ], [ -99.148016, 19.373534 ], [ -99.148016, 19.373535 ], [ -99.148023, 19.373519 ], [ -99.148044, 19.373531 ], [ -99.148035, 19.37353 ], [ -99.148044, 19.37354 ], [ -99.148045, 19.37356 ], [ -99.148043, 19.37356 ], [ -99.148033, 19.373531 ], [ -99.148044, 19.373512 ], [ -99.148045, 19.37356 ], [ -99.148044, 19.373512 ], [ -99.148045, 19.373546 ], [ -99.148045, 19.373514 ], [ -99.148045, 19.373546 ], [ -99.148019, 19.373544 ], [ -99.148019, 19.373544 ], [ -99.148019, 19.373544 ], [ -99.148043, 19.373545 ], [ -99.148017, 19.373545 ], [ -99.148043, 19.373545 ], [ -99.148017, 19.373545 ], [ -99.14811, 19.373605 ], [ -99.148048, 19.373543 ], [ -99.148038, 19.37358 ], [ -99.148024, 19.373553 ], [ -99.148023, 19.37359 ], [ -99.148055, 19.373547 ], [ -99.148032, 19.37354 ], [ -99.148065, 19.373626 ], [ -99.148046, 19.373553 ], [ -99.148026, 19.373517 ], [ -99.147999, 19.373525 ], [ -99.148032, 19.373509 ], [ -99.148038, 19.373509 ], [ -99.147975, 19.373512 ], [ -99.148042, 19.373534 ], [ -99.148005, 19.373553 ], [ -99.148038, 19.373588 ], [ -99.147978, 19.37348 ], [ -99.147956, 19.37348 ], [ -99.14803, 19.373507 ], [ -99.14803, 19.373507 ], [ -99.14803, 19.373507 ], [ -99.147735, 19.373563 ], [ -99.141589, 19.369838 ], [ -99.139685, 19.382822 ], [ -99.137778, 19.394809 ], [ -99.136598, 19.402336 ], [ -99.136888, 19.400421 ], [ -99.135736, 19.407986 ], [ -99.100222, 19.408781 ], [ -99.103016, 19.408607 ], [ -99.095877, 19.409094 ], [ -99.091734, 19.408503 ], [ -99.083397, 19.407336 ], [ -99.082113, 19.407141 ], [ -99.082363, 19.407197 ], [ -99.078863, 19.407079 ], [ -99.072789, 19.414524 ], [ -99.075073, 19.410851 ], [ -99.07215, 19.415311 ], [ -99.07216, 19.415344 ], [ -99.069454, 19.404527 ], [ -99.070694, 19.405147 ], [ -99.064996, 19.401762 ], [ -99.059411, 19.398656 ], [ -99.058072, 19.39791 ], [ -99.046355, 19.391245 ], [ -99.046357, 19.391244 ], [ -99.046356, 19.391243 ], [ -99.046351, 19.391241 ], [ -99.050928, 19.393795 ], [ -99.041608, 19.388558 ], [ -99.046241, 19.391175 ], [ -99.046286, 19.391199 ], [ -99.046283, 19.391198 ], [ -99.046284, 19.391197 ], [ -99.043952, 19.389877 ], [ -99.046102, 19.39109 ], [ -99.044808, 19.390357 ], [ -99.046274, 19.391202 ], [ -99.046289, 19.391197 ], [ -99.036123, 19.385352 ], [ -99.035461, 19.385161 ], [ -99.035466, 19.385158 ], [ -99.035451, 19.385172 ], [ -99.035457, 19.385199 ], [ -99.035506, 19.385039 ], [ -99.035519, 19.385068 ], [ -99.035505, 19.385038 ], [ -99.035499, 19.385067 ], [ -99.035457, 19.385103 ], [ -99.035453, 19.385108 ], [ -99.035482, 19.385096 ], [ -99.035465, 19.38512 ], [ -99.035465, 19.385145 ], [ -99.035471, 19.385077 ], [ -99.035488, 19.385091 ], [ -99.03545, 19.38535 ], [ -99.035462, 19.385308 ], [ -99.035433, 19.385311 ], [ -99.035442, 19.385368 ], [ -99.035483, 19.385262 ], [ -99.035485, 19.385224 ], [ -99.035485, 19.385226 ], [ -99.035456, 19.385281 ], [ -99.035468, 19.385295 ], [ -99.035838, 19.387689 ], [ -99.034709, 19.389844 ], [ -99.032987, 19.392838 ], [ -99.028023, 19.401343 ], [ -99.026595, 19.403754 ], [ -99.024783, 19.406902 ], [ -99.020152, 19.414874 ], [ -99.021618, 19.412366 ], [ -99.020532, 19.418414 ], [ -99.020432, 19.418293 ], [ -99.020532, 19.418414 ], [ -99.020443, 19.418384 ], [ -99.020444, 19.418384 ], [ -99.020444, 19.418384 ], [ -99.020444, 19.418384 ], [ -99.020407, 19.418355 ], [ -99.020446, 19.418384 ], [ -99.020446, 19.418383 ], [ -99.020444, 19.418384 ], [ -99.020444, 19.418384 ], [ -99.020444, 19.418384 ], [ -99.020446, 19.418383 ], [ -99.020444, 19.418383 ], [ -99.020445, 19.418383 ], [ -99.020445, 19.418383 ], [ -99.020379, 19.418443 ], [ -99.020394, 19.418452 ], [ -99.020384, 19.418514 ], [ -99.020383, 19.418515 ], [ -99.020385, 19.418514 ], [ -99.020404, 19.418517 ], [ -99.020385, 19.418521 ], [ -99.020376, 19.418498 ], [ -99.020401, 19.418429 ], [ -99.020395, 19.418574 ], [ -99.020601, 19.418331 ], [ -99.019347, 19.417806 ], [ -99.018808, 19.417271 ], [ -99.020818, 19.413838 ], [ -99.021902, 19.412 ], [ -99.025331, 19.406128 ], [ -99.024865, 19.406916 ], [ -99.02758, 19.402277 ], [ -99.029301, 19.399203 ], [ -99.031196, 19.396001 ], [ -99.03076, 19.396732 ], [ -99.034529, 19.390327 ], [ -99.037045, 19.386273 ], [ -99.05049, 19.393802 ], [ -99.042841, 19.38937 ], [ -99.058035, 19.39805 ], [ -99.063958, 19.401541 ], [ -99.069846, 19.404895 ], [ -99.067885, 19.403782 ], [ -99.070355, 19.405195 ], [ -99.071417, 19.40583 ], [ -99.073345, 19.406944 ], [ -99.07223, 19.406276 ], [ -99.074525, 19.407593 ], [ -99.075777, 19.408261 ], [ -99.079561, 19.407036 ], [ -99.077312, 19.408092 ], [ -99.080178, 19.407082 ], [ -99.083036, 19.407461 ], [ -99.086654, 19.408002 ], [ -99.0889, 19.408275 ], [ -99.087748, 19.408161 ], [ -99.089408, 19.408366 ], [ -99.093309, 19.408879 ], [ -99.098461, 19.399817 ], [ -99.099804, 19.390413 ], [ -99.101156, 19.380719 ], [ -99.113695, 19.369819 ], [ -99.103715, 19.371566 ], [ -99.125003, 19.368765 ], [ -99.130564, 19.359835 ], [ -99.148347, 19.357471 ], [ -99.138416, 19.356831 ], [ -99.157866, 19.358033 ], [ -99.167691, 19.358629 ], [ -99.168747, 19.36446 ], [ -99.171004, 19.360285 ], [ -99.167696, 19.365975 ], [ -99.167696, 19.365975 ], [ -99.167081, 19.365991 ], [ -99.167008, 19.36588 ], [ -99.166752, 19.36576 ], [ -99.165816, 19.366869 ], [ -99.165728, 19.366942 ], [ -99.165516, 19.366811 ], [ -99.165687, 19.36669 ], [ -99.165785, 19.36677 ], [ -99.16572, 19.366768 ], [ -99.165718, 19.366762 ], [ -99.165733, 19.366674 ] ] } },
{ "type": "Feature", "properties": { "device_id": "d36874988ccce354b5dde0b14c233a1a4580583ca76d70fbe71c95680700d979", "timestamps": "2020-01-01T06:02:12, 2020-01-01T06:11:48, 2020-01-01T06:21:55, 2020-01-01T06:30:06, 2020-01-01T06:40:38, 2020-01-01T06:51:39, 2020-01-01T07:03:41, 2020-01-01T07:15:55, 2020-01-01T07:25:58, 2020-01-01T07:36:49, 2020-01-01T07:46:23, 2020-01-01T07:57:33, 2020-01-01T08:09:45, 2020-01-01T08:19:37, 2020-01-01T08:29:35, 2020-01-01T08:39:03, 2020-01-01T08:50:51, 2020-01-01T09:01:53, 2020-01-01T09:11:23, 2020-01-01T09:21:45, 2020-01-01T09:31:43, 2020-01-01T09:41:58, 2020-01-01T09:51:17, 2020-01-01T10:02:38, 2020-01-01T10:13:22, 2020-01-01T10:24:32, 2020-01-01T10:36:33, 2020-01-01T10:47:43, 2020-01-01T10:57:01, 2020-01-01T11:08:14, 2020-01-01T11:18:07, 2020-01-01T11:30:51, 2020-01-01T11:40:11, 2020-01-01T11:40:41, 2020-01-01T11:52:46, 2020-01-01T12:02:12, 2020-01-01T12:07:31, 2020-01-01T12:07:41, 2020-01-01T12:14:31, 2020-01-01T12:18:16, 2020-01-01T12:18:22, 2020-01-01T12:18:49, 2020-01-01T12:19:13, 2020-01-01T12:20:06, 2020-01-01T12:20:25, 2020-01-01T12:21:32, 2020-01-01T12:22:16, 2020-01-01T12:23:07, 2020-01-01T12:23:22, 2020-01-01T12:24:31, 2020-01-01T12:25:18, 2020-01-01T12:26:09, 2020-01-01T12:26:23, 2020-01-01T12:27:30, 2020-01-01T12:28:42, 2020-01-01T12:29:26, 2020-01-01T12:30:37, 2020-01-01T12:31:44, 2020-01-01T12:32:29, 2020-01-01T12:33:39, 2020-01-01T12:33:53, 2020-01-01T12:34:43, 2020-01-01T12:35:29, 2020-01-01T12:36:02, 2020-01-01T12:36:50, 2020-01-01T12:37:46, 2020-01-01T12:38:11, 2020-01-01T12:39:04, 2020-01-01T12:39:58, 2020-01-01T12:40:48, 2020-01-01T12:41:13, 2020-01-01T12:42:03, 2020-01-01T12:42:59, 2020-01-01T12:43:35, 2020-01-01T12:44:16, 2020-01-01T12:45:07, 2020-01-01T12:46:34, 2020-01-01T12:47:18, 2020-01-01T12:48:23, 2020-01-01T12:49:36, 2020-01-01T12:49:55, 2020-01-01T12:50:42, 2020-01-01T12:51:26, 2020-01-01T12:52:38, 2020-01-01T12:53:44, 2020-01-01T12:54:28, 2020-01-01T12:55:38, 2020-01-01T12:57:15, 2020-01-01T12:58:02, 2020-01-01T12:58:56, 2020-01-01T12:59:47, 2020-01-01T13:00:14, 2020-01-01T13:01:03, 2020-01-01T13:01:58, 2020-01-01T13:02:49, 2020-01-01T13:03:10, 2020-01-01T13:04:06, 2020-01-01T13:05:31, 2020-01-01T13:06:17, 2020-01-01T13:07:09, 2020-01-01T13:08:33, 2020-01-01T13:09:19, 2020-01-01T13:10:20, 2020-01-01T13:12:41, 2020-01-01T13:14:05, 2020-01-01T13:14:53, 2020-01-01T13:15:40, 2020-01-01T13:16:15, 2020-01-01T13:17:56, 2020-01-01T13:20:18" }, "geometry": { "type": "LineString", "coordinates": [ [ -99.182649, 19.450702 ], [ -99.182633, 19.450704 ], [ -99.182633, 19.450704 ], [ -99.1826, 19.450705 ], [ -99.182649, 19.450702 ], [ -99.182632, 19.450704 ], [ -99.182632, 19.450704 ], [ -99.182632, 19.450704 ], [ -99.182633, 19.450705 ], [ -99.182633, 19.450704 ], [ -99.182634, 19.450705 ], [ -99.182618, 19.450695 ], [ -99.182632, 19.450704 ], [ -99.182632, 19.450704 ], [ -99.182631, 19.450704 ], [ -99.182632, 19.450704 ], [ -99.182632, 19.450703 ], [ -99.18263, 19.450705 ], [ -99.182649, 19.450701 ], [ -99.182632, 19.450704 ], [ -99.18265, 19.450705 ], [ -99.18263, 19.450705 ], [ -99.18263, 19.450705 ], [ -99.182615, 19.450698 ], [ -99.182617, 19.450695 ], [ -99.182619, 19.450699 ], [ -99.182615, 19.450695 ], [ -99.182618, 19.450699 ], [ -99.182646, 19.450705 ], [ -99.18265, 19.450703 ], [ -99.18264, 19.450698 ], [ -99.182618, 19.450698 ], [ -99.182641, 19.450695 ], [ -99.182619, 19.450698 ], [ -99.182618, 19.450695 ], [ -99.182618, 19.450698 ], [ -99.182647, 19.450705 ], [ -99.182647, 19.450705 ], [ -99.183085, 19.450895 ], [ -99.17997, 19.450791 ], [ -99.18102, 19.451034 ], [ -99.179019, 19.450587 ], [ -99.174876, 19.44963 ], [ -99.171384, 19.448541 ], [ -99.17138, 19.448547 ], [ -99.168481, 19.4452 ], [ -99.166019, 19.44382 ], [ -99.164988, 19.44661 ], [ -99.165962, 19.443754 ], [ -99.163932, 19.454667 ], [ -99.159712, 19.463161 ], [ -99.142338, 19.463676 ], [ -99.14963, 19.463131 ], [ -99.133872, 19.464936 ], [ -99.124841, 19.460602 ], [ -99.116045, 19.457068 ], [ -99.098661, 19.450268 ], [ -99.090247, 19.448891 ], [ -99.085627, 19.44231 ], [ -99.091237, 19.429438 ], [ -99.087391, 19.435083 ], [ -99.093187, 19.427165 ], [ -99.086891, 19.423533 ], [ -99.075454, 19.415623 ], [ -99.080841, 19.419546 ], [ -99.070769, 19.413938 ], [ -99.068776, 19.412607 ], [ -99.069627, 19.410665 ], [ -99.06924, 19.411277 ], [ -99.07068, 19.406347 ], [ -99.072179, 19.403005 ], [ -99.07295, 19.406095 ], [ -99.073885, 19.404164 ], [ -99.066459, 19.40233 ], [ -99.060986, 19.399506 ], [ -99.043609, 19.389581 ], [ -99.035915, 19.38522 ], [ -99.027595, 19.380445 ], [ -99.019216, 19.374738 ], [ -99.003581, 19.36286 ], [ -99.011191, 19.3689 ], [ -98.996996, 19.358346 ], [ -98.988769, 19.352947 ], [ -98.970479, 19.333848 ], [ -98.959346, 19.324373 ], [ -98.948389, 19.315028 ], [ -98.925954, 19.296136 ], [ -98.899665, 19.291762 ], [ -98.87367, 19.295521 ], [ -98.885662, 19.292815 ], [ -98.870731, 19.296295 ], [ -98.869087, 19.296571 ], [ -98.869087, 19.29659 ], [ -98.869087, 19.29657 ], [ -98.868401, 19.296845 ], [ -98.858665, 19.299466 ], [ -98.831292, 19.309271 ], [ -98.818706, 19.316043 ], [ -98.804995, 19.317063 ], [ -98.791969, 19.303939 ], [ -98.781455, 19.302919 ], [ -98.774096, 19.297653 ], [ -98.762328, 19.302316 ], [ -98.745721, 19.306743 ], [ -98.722714, 19.325411 ], [ -98.728302, 19.316073 ], [ -98.714527, 19.334534 ], [ -98.702653, 19.334126 ], [ -98.693772, 19.331739 ], [ -98.656011, 19.349438 ] ] } },
{ "type": "Feature", "properties": { "device_id": "00af37eaf5196c8e5df6b9efd2e13c29de74ab44732cbc9cda6dbf457e98fbcd", "timestamps": "2020-01-01T21:19:48, 2020-01-01T21:20:27, 2020-01-01T21:21:02, 2020-01-01T21:21:25, 2020-01-01T21:22:41, 2020-01-01T21:23:28, 2020-01-01T21:24:24, 2020-01-01T21:25:25, 2020-01-01T21:26:27, 2020-01-01T21:32:12, 2020-01-01T21:33:39, 2020-01-01T21:34:49, 2020-01-01T21:36:58, 2020-01-01T21:37:48, 2020-01-01T21:38:47, 2020-01-01T21:39:37, 2020-01-01T21:41:28, 2020-01-01T21:42:54, 2020-01-01T21:43:49, 2020-01-01T21:44:15, 2020-01-01T21:45:38, 2020-01-01T21:46:41, 2020-01-01T21:47:28, 2020-01-01T21:48:38, 2020-01-01T21:49:49, 2020-01-01T21:50:28, 2020-01-01T21:51:00, 2020-01-01T21:51:53, 2020-01-01T21:52:44, 2020-01-01T21:53:28, 2020-01-01T21:54:03, 2020-01-01T21:54:56, 2020-01-01T21:55:32, 2020-01-01T21:56:28, 2020-01-01T21:57:38, 2020-01-01T21:58:49, 2020-01-01T21:59:29, 2020-01-01T22:00:53, 2020-01-01T22:01:32, 2020-01-01T22:02:08, 2020-01-01T22:04:45, 2020-01-01T22:05:09, 2020-01-01T22:07:45, 2020-01-01T22:09:55, 2020-01-01T22:10:35, 2020-01-01T22:10:45, 2020-01-01T22:15:02, 2020-01-01T22:21:14, 2020-01-01T22:26:15, 2020-01-01T22:31:46, 2020-01-01T22:36:42, 2020-01-01T22:39:57, 2020-01-01T22:41:20, 2020-01-01T22:42:28, 2020-01-01T22:43:20, 2020-01-01T22:46:19, 2020-01-01T22:51:19, 2020-01-01T22:52:37, 2020-01-01T22:53:58, 2020-01-01T22:58:08, 2020-01-01T23:19:19" }, "geometry": { "type": "LineString", "coordinates": [ [ -98.649798, 19.350987 ], [ -98.661574, 19.352182 ], [ -98.672887, 19.337943 ], [ -98.673029, 19.34726 ], [ -98.682914, 19.335788 ], [ -98.693195, 19.331665 ], [ -98.702458, 19.333675 ], [ -98.714393, 19.334758 ], [ -98.731551, 19.316303 ], [ -98.801252, 19.31648 ], [ -98.829893, 19.310036 ], [ -98.842774, 19.304279 ], [ -98.868641, 19.296925 ], [ -98.870302, 19.296635 ], [ -98.870562, 19.296628 ], [ -98.870799, 19.296574 ], [ -98.889412, 19.292627 ], [ -98.903527, 19.291667 ], [ -98.927132, 19.297361 ], [ -98.936202, 19.304957 ], [ -98.955015, 19.320851 ], [ -98.962639, 19.327307 ], [ -98.970594, 19.334059 ], [ -98.984861, 19.34917 ], [ -98.99232, 19.356238 ], [ -98.998786, 19.35952 ], [ -99.005901, 19.365071 ], [ -99.00164, 19.361832 ], [ -99.011225, 19.369149 ], [ -99.016878, 19.373295 ], [ -99.029747, 19.381928 ], [ -99.023043, 19.377805 ], [ -99.03597, 19.385397 ], [ -99.043745, 19.389854 ], [ -99.058087, 19.398155 ], [ -99.064689, 19.401958 ], [ -99.070345, 19.405202 ], [ -99.073508, 19.407085 ], [ -99.075829, 19.408424 ], [ -99.076017, 19.40855 ], [ -99.079385, 19.407111 ], [ -99.08308, 19.407534 ], [ -99.085411, 19.40786 ], [ -99.088338, 19.408291 ], [ -99.092375, 19.408828 ], [ -99.091221, 19.40865 ], [ -99.136954, 19.403507 ], [ -99.190063, 19.399692 ], [ -99.209257, 19.432925 ], [ -99.232836, 19.481075 ], [ -99.259186, 19.507311 ], [ -99.25912, 19.506841 ], [ -99.255274, 19.504669 ], [ -99.250641, 19.50029 ], [ -99.249663, 19.496735 ], [ -99.249677, 19.496563 ], [ -99.261295, 19.508999 ], [ -99.265193, 19.508169 ], [ -99.266253, 19.508118 ], [ -99.267377, 19.507657 ], [ -99.267403, 19.507682 ] ] } },
{ "type": "Feature", "properties": { "device_id": "968bb58368c1f92e456d1d3bab9cd193f75761d7dcc95c9f4ac0489dddb0258f", "timestamps": "2020-01-01T21:32:10, 2020-01-01T21:33:25, 2020-01-01T21:38:35, 2020-01-01T21:39:12, 2020-01-01T21:40:04, 2020-01-01T21:40:57, 2020-01-01T21:41:49, 2020-01-01T21:43:07, 2020-01-01T21:44:31, 2020-01-01T21:45:17, 2020-01-01T21:46:08, 2020-01-01T21:47:34, 2020-01-01T21:48:18, 2020-01-01T21:49:23, 2020-01-01T21:49:35, 2020-01-01T21:50:36, 2020-01-01T21:51:41, 2020-01-01T21:52:28, 2020-01-01T21:53:38, 2020-01-01T21:54:44, 2020-01-01T21:55:29, 2020-01-01T21:56:05, 2020-01-01T21:56:50, 2020-01-01T21:57:46, 2020-01-01T21:58:12, 2020-01-01T21:59:01, 2020-01-01T21:59:57, 2020-01-01T22:00:48, 2020-01-01T22:01:13, 2020-01-01T22:02:00, 2020-01-01T22:02:25, 2020-01-01T22:03:35, 2020-01-01T22:04:16, 2020-01-01T22:05:06, 2020-01-01T22:05:22, 2020-01-01T22:06:31, 2020-01-01T22:07:17, 2020-01-01T22:08:49, 2020-01-01T22:11:49, 2020-01-01T22:15:51, 2020-01-01T22:18:28, 2020-01-01T22:22:52, 2020-01-01T22:25:30, 2020-01-01T22:28:17, 2020-01-01T22:28:18, 2020-01-01T22:28:19, 2020-01-01T22:28:33, 2020-01-01T22:28:44, 2020-01-01T22:30:51, 2020-01-01T22:32:58, 2020-01-01T22:36:16, 2020-01-01T22:45:06, 2020-01-01T22:56:48, 2020-01-01T23:07:54, 2020-01-01T23:16:32, 2020-01-01T23:26:09, 2020-01-01T23:36:32, 2020-01-01T23:46:12, 2020-01-01T23:56:23" }, "geometry": { "type": "LineString", "coordinates": [ [ -98.722628, 19.325797 ], [ -98.729228, 19.315714 ], [ -98.792077, 19.305432 ], [ -98.796429, 19.317216 ], [ -98.823736, 19.313355 ], [ -98.809746, 19.318301 ], [ -98.835511, 19.307075 ], [ -98.869989, 19.296775 ], [ -98.870271, 19.296726 ], [ -98.870578, 19.296648 ], [ -98.888318, 19.292651 ], [ -98.903044, 19.29164 ], [ -98.916705, 19.290648 ], [ -98.927074, 19.297281 ], [ -98.931872, 19.301355 ], [ -98.943607, 19.311244 ], [ -98.952687, 19.318904 ], [ -98.961625, 19.32644 ], [ -98.976162, 19.339487 ], [ -98.983541, 19.347943 ], [ -98.99184, 19.355862 ], [ -99.006472, 19.365514 ], [ -98.99917, 19.359909 ], [ -99.013227, 19.370685 ], [ -99.020597, 19.375978 ], [ -99.035163, 19.384917 ], [ -99.027139, 19.38035 ], [ -99.043008, 19.38943 ], [ -99.050773, 19.393887 ], [ -99.063923, 19.40146 ], [ -99.057597, 19.397794 ], [ -99.069824, 19.404814 ], [ -99.070916, 19.405521 ], [ -99.073238, 19.406885 ], [ -99.072381, 19.406375 ], [ -99.075028, 19.40785 ], [ -99.075769, 19.408247 ], [ -99.078109, 19.407127 ], [ -99.083747, 19.407493 ], [ -99.088117, 19.408176 ], [ -99.098558, 19.399559 ], [ -99.116781, 19.369644 ], [ -99.148495, 19.357502 ], [ -99.159317, 19.359032 ], [ -99.159387, 19.359122 ], [ -99.159376, 19.359149 ], [ -99.159738, 19.359776 ], [ -99.159411, 19.359261 ], [ -99.161904, 19.361356 ], [ -99.162586, 19.359368 ], [ -99.162569, 19.358789 ], [ -99.162504, 19.358328 ], [ -99.162513, 19.358819 ], [ -99.16255, 19.358813 ], [ -99.16254, 19.358849 ], [ -99.162429, 19.358896 ], [ -99.162508, 19.358755 ], [ -99.162558, 19.358846 ], [ -99.162555, 19.358837 ] ] } },
{ "type": "Feature", "properties": { "device_id": "15db4d151e2c0cc7366a5a805e0cef915eaee170289590e671f8e2114b4c5e95", "timestamps": "2020-01-01T14:54:16, 2020-01-01T14:54:44, 2020-01-01T14:55:15, 2020-01-01T14:55:33, 2020-01-01T14:55:41, 2020-01-01T14:55:54, 2020-01-01T14:56:56, 2020-01-01T14:57:10, 2020-01-01T14:57:35, 2020-01-01T14:57:54, 2020-01-01T18:21:35, 2020-01-01T18:21:52, 2020-01-01T18:21:59, 2020-01-01T18:22:00, 2020-01-01T18:23:12, 2020-01-01T18:23:21, 2020-01-01T18:23:43, 2020-01-01T18:23:49, 2020-01-01T18:24:09, 2020-01-01T18:24:32, 2020-01-01T18:24:37, 2020-01-01T19:16:48, 2020-01-01T19:27:59, 2020-01-01T19:52:20, 2020-01-01T19:52:49, 2020-01-01T19:53:07, 2020-01-01T19:53:25, 2020-01-01T19:53:38, 2020-01-01T19:53:46, 2020-01-01T19:53:51, 2020-01-01T19:54:14, 2020-01-01T19:54:59, 2020-01-01T19:55:07, 2020-01-01T19:56:17, 2020-01-01T19:56:31, 2020-01-01T19:56:55, 2020-01-01T19:57:11, 2020-01-01T19:57:54, 2020-01-01T19:58:00, 2020-01-01T19:58:43, 2020-01-01T21:13:13" }, "geometry": { "type": "LineString", "coordinates": [ [ -98.990931, 19.365086 ], [ -98.990912, 19.365078 ], [ -98.990916, 19.365139 ], [ -98.990916, 19.365139 ], [ -98.990906, 19.365102 ], [ -98.990906, 19.365102 ], [ -98.990917, 19.365156 ], [ -98.990917, 19.365156 ], [ -98.990933, 19.365164 ], [ -98.990886, 19.365142 ], [ -98.99093, 19.36507 ], [ -98.990907, 19.365179 ], [ -98.990907, 19.365178 ], [ -98.990907, 19.365179 ], [ -98.99091, 19.36515 ], [ -98.990905, 19.365168 ], [ -98.99091, 19.365159 ], [ -98.990899, 19.365171 ], [ -98.990901, 19.365165 ], [ -98.9909, 19.36515 ], [ -98.9909, 19.365171 ], [ -98.9909, 19.36515 ], [ -98.9909, 19.36515 ], [ -98.9909, 19.36515 ], [ -99.035449, 19.388488 ], [ -99.03545, 19.38848 ], [ -99.035452, 19.388573 ], [ -99.03546, 19.38857 ], [ -99.035356, 19.388611 ], [ -99.035356, 19.38861 ], [ -99.035553, 19.388402 ], [ -99.03542, 19.38849 ], [ -99.035685, 19.388612 ], [ -99.0356, 19.38833 ], [ -99.035543, 19.388552 ], [ -99.0356, 19.38833 ], [ -99.035486, 19.388465 ], [ -99.03543, 19.38852 ], [ -99.03543, 19.38852 ], [ -99.035571, 19.388384 ], [ -99.035929, 19.385369 ] ] } },
{ "type": "Feature", "properties": { "device_id": "0ea700c0c64cd0fee36e7b5abf61ba4c6b10f8cdf31f6b2982ef5bc680675ed7", "timestamps": "2020-01-01T08:21:06, 2020-01-01T08:53:13, 2020-01-01T08:53:16, 2020-01-01T08:53:39, 2020-01-01T08:53:41, 2020-01-01T14:09:12, 2020-01-01T14:09:21, 2020-01-01T20:36:36, 2020-01-01T21:49:37, 2020-01-01T21:54:37, 2020-01-01T23:25:09, 2020-01-01T23:25:10, 2020-01-01T23:25:39, 2020-01-01T23:29:45, 2020-01-01T23:30:32" }, "geometry": { "type": "LineString", "coordinates": [ [ -99.039289, 19.38924 ], [ -99.039289, 19.38922 ], [ -99.039289, 19.38922 ], [ -99.039289, 19.38922 ], [ -99.039289, 19.38922 ], [ -99.039284, 19.389215 ], [ -99.03928, 19.38922 ], [ -99.03552, 19.38509 ], [ -99.039289, 19.38922 ], [ -99.039299, 19.38923 ], [ -99.039283, 19.389225 ], [ -99.039283, 19.389225 ], [ -99.039282, 19.389225 ], [ -99.043807, 19.389468 ], [ -99.043807, 19.389468 ] ] } },
{ "type": "Feature", "properties": { "device_id": "a7db60a2000f935ab2be45a8944623bdd51dbd38e6364f456e5c167ed6436f1a", "timestamps": "2020-01-01T06:00:18, 2020-01-01T06:00:29, 2020-01-01T06:21:14, 2020-01-01T07:13:10, 2020-01-01T07:13:13, 2020-01-01T07:14:55, 2020-01-01T07:14:59, 2020-01-01T07:15:16, 2020-01-01T07:15:42, 2020-01-01T07:18:11, 2020-01-01T07:18:22, 2020-01-01T07:22:33, 2020-01-01T07:27:57, 2020-01-01T07:28:10, 2020-01-01T07:29:57, 2020-01-01T07:30:12, 2020-01-01T07:30:28, 2020-01-01T07:32:44, 2020-01-01T07:36:44, 2020-01-01T07:36:45, 2020-01-01T07:37:04, 2020-01-01T07:37:37, 2020-01-01T07:44:59, 2020-01-01T07:49:10, 2020-01-01T07:49:49, 2020-01-01T08:01:38, 2020-01-01T08:06:02, 2020-01-01T08:06:36, 2020-01-01T08:08:15, 2020-01-01T08:08:21, 2020-01-01T08:15:10, 2020-01-01T08:21:31, 2020-01-01T08:21:32, 2020-01-01T08:23:27, 2020-01-01T08:23:29, 2020-01-01T08:24:07, 2020-01-01T08:24:55, 2020-01-01T08:27:52, 2020-01-01T08:27:53, 2020-01-01T08:30:24, 2020-01-01T09:02:03, 2020-01-01T09:03:00, 2020-01-01T09:11:19, 2020-01-01T09:11:44, 2020-01-01T09:26:45, 2020-01-01T09:41:42, 2020-01-01T09:56:42, 2020-01-01T10:02:04, 2020-01-01T10:02:39, 2020-01-01T10:03:25, 2020-01-01T10:05:11, 2020-01-01T10:05:17, 2020-01-01T10:06:22, 2020-01-01T10:06:57, 2020-01-01T10:07:09, 2020-01-01T10:07:15, 2020-01-01T10:07:37, 2020-01-01T10:08:22, 2020-01-01T10:08:41, 2020-01-01T10:08:45, 2020-01-01T10:08:57, 2020-01-01T10:23:42, 2020-01-01T10:38:41, 2020-01-01T10:39:47, 2020-01-01T10:39:52, 2020-01-01T10:54:40, 2020-01-01T11:09:05, 2020-01-01T11:09:40, 2020-01-01T11:24:34, 2020-01-01T11:39:34, 2020-01-01T11:54:33, 2020-01-01T12:09:30, 2020-01-01T12:24:36, 2020-01-01T12:39:36, 2020-01-01T12:54:37, 2020-01-01T12:57:35, 2020-01-01T12:57:48, 2020-01-01T13:12:35, 2020-01-01T13:27:32, 2020-01-01T13:42:31, 2020-01-01T13:57:31, 2020-01-01T14:12:34, 2020-01-01T14:27:33, 2020-01-01T14:42:30, 2020-01-01T14:57:30, 2020-01-01T15:15:13, 2020-01-01T15:57:07, 2020-01-01T15:58:50, 2020-01-01T16:04:03, 2020-01-01T16:04:39, 2020-01-01T16:05:07, 2020-01-01T16:05:09, 2020-01-01T16:07:17, 2020-01-01T16:07:18, 2020-01-01T16:07:30, 2020-01-01T16:07:44, 2020-01-01T16:08:56, 2020-01-01T16:13:26, 2020-01-01T16:13:27, 2020-01-01T16:23:11, 2020-01-01T16:23:45, 2020-01-01T16:52:26, 2020-01-01T16:54:21, 2020-01-01T17:04:07, 2020-01-01T17:04:09, 2020-01-01T17:04:27, 2020-01-01T17:05:04, 2020-01-01T17:05:24, 2020-01-01T17:05:28, 2020-01-01T17:06:36, 2020-01-01T17:07:07, 2020-01-01T17:07:08, 2020-01-01T17:07:41, 2020-01-01T17:07:48, 2020-01-01T17:08:10, 2020-01-01T17:08:13, 2020-01-01T17:09:54, 2020-01-01T17:21:43, 2020-01-01T17:24:48, 2020-01-01T17:24:49, 2020-01-01T17:27:19, 2020-01-01T17:27:42, 2020-01-01T17:28:01, 2020-01-01T17:29:03, 2020-01-01T17:29:52, 2020-01-01T17:36:20, 2020-01-01T17:36:25, 2020-01-01T17:37:21, 2020-01-01T17:37:23, 2020-01-01T17:39:05, 2020-01-01T17:39:35, 2020-01-01T17:39:44, 2020-01-01T17:41:08, 2020-01-01T17:42:16, 2020-01-01T17:42:51, 2020-01-01T17:42:52, 2020-01-01T17:48:47, 2020-01-01T17:48:58, 2020-01-01T17:50:21, 2020-01-01T17:51:50, 2020-01-01T17:51:53, 2020-01-01T17:52:11, 2020-01-01T17:52:20, 2020-01-01T17:53:39, 2020-01-01T17:54:12, 2020-01-01T17:54:29, 2020-01-01T17:54:56, 2020-01-01T17:56:14, 2020-01-01T17:56:42, 2020-01-01T18:07:30, 2020-01-01T18:12:19, 2020-01-01T18:13:48, 2020-01-01T18:13:56, 2020-01-01T18:14:24, 2020-01-01T18:14:30, 2020-01-01T18:14:36, 2020-01-01T18:14:58, 2020-01-01T18:15:20, 2020-01-01T18:15:23, 2020-01-01T18:46:24, 2020-01-01T18:46:29, 2020-01-01T18:46:45, 2020-01-01T18:47:10, 2020-01-01T18:47:36, 2020-01-01T18:48:50, 2020-01-01T18:49:34, 2020-01-01T18:49:42, 2020-01-01T18:50:02, 2020-01-01T18:50:39, 2020-01-01T18:58:29, 2020-01-01T18:58:31, 2020-01-01T19:00:51, 2020-01-01T19:29:41, 2020-01-01T19:29:45, 2020-01-01T19:30:35, 2020-01-01T19:30:54, 2020-01-01T19:31:15, 2020-01-01T19:31:28, 2020-01-01T19:31:34, 2020-01-01T19:32:15, 2020-01-01T19:32:17, 2020-01-01T19:35:30, 2020-01-01T19:35:36, 2020-01-01T19:36:24, 2020-01-01T19:37:03, 2020-01-01T19:37:04, 2020-01-01T19:37:10, 2020-01-01T19:37:19, 2020-01-01T19:38:37, 2020-01-01T19:39:16, 2020-01-01T19:40:56, 2020-01-01T19:50:54, 2020-01-01T20:20:01, 2020-01-01T20:20:02, 2020-01-01T20:29:26, 2020-01-01T20:29:32, 2020-01-01T20:31:31, 2020-01-01T20:31:48, 2020-01-01T20:35:32, 2020-01-01T20:50:23, 2020-01-01T20:50:50, 2020-01-01T20:52:07, 2020-01-01T20:52:09, 2020-01-01T20:52:22, 2020-01-01T20:55:47, 2020-01-01T20:55:48, 2020-01-01T20:56:30, 2020-01-01T20:56:33, 2020-01-01T21:32:05, 2020-01-01T21:52:16, 2020-01-01T21:52:17, 2020-01-01T21:53:25, 2020-01-01T22:01:12, 2020-01-01T22:01:18, 2020-01-01T22:01:22, 2020-01-01T22:07:05, 2020-01-01T22:18:26, 2020-01-01T22:18:41, 2020-01-01T22:57:23, 2020-01-01T23:20:48, 2020-01-01T23:20:49, 2020-01-01T23:21:56, 2020-01-01T23:33:23, 2020-01-01T23:34:21, 2020-01-01T23:34:58, 2020-01-01T23:41:13, 2020-01-01T23:43:42, 2020-01-01T23:43:51, 2020-01-01T23:43:56, 2020-01-01T23:44:22, 2020-01-01T23:44:23, 2020-01-01T23:44:39, 2020-01-01T23:45:51, 2020-01-01T23:45:56, 2020-01-01T23:46:27, 2020-01-01T23:46:33, 2020-01-01T23:46:59, 2020-01-01T23:47:21, 2020-01-01T23:47:22, 2020-01-01T23:48:16, 2020-01-01T23:48:18, 2020-01-01T23:49:24, 2020-01-01T23:49:55, 2020-01-01T23:50:53, 2020-01-01T23:50:58, 2020-01-01T23:51:18, 2020-01-01T23:51:41, 2020-01-01T23:56:07, 2020-01-01T23:57:20, 2020-01-01T23:57:52" }, "geometry": { "type": "LineString", "coordinates": [ [ -99.021365, 19.374737 ], [ -99.021365, 19.374737 ], [ -99.025864, 19.375077 ], [ -99.032163, 19.369234 ], [ -99.032163, 19.369234 ], [ -99.032163, 19.369234 ], [ -99.032163, 19.369234 ], [ -99.032163, 19.369234 ], [ -99.032163, 19.369234 ], [ -99.032163, 19.369234 ], [ -99.032163, 19.369234 ], [ -99.032163, 19.369234 ], [ -99.032163, 19.369234 ], [ -99.032163, 19.369234 ], [ -99.032163, 19.369234 ], [ -99.032163, 19.369234 ], [ -99.032163, 19.369234 ], [ -99.032163, 19.369234 ], [ -99.032163, 19.369234 ], [ -99.032163, 19.369234 ], [ -99.032163, 19.369234 ], [ -99.032163, 19.369234 ], [ -99.032163, 19.369234 ], [ -99.032163, 19.369234 ], [ -99.032163, 19.369234 ], [ -99.032163, 19.369234 ], [ -99.032163, 19.369234 ], [ -99.032163, 19.369234 ], [ -99.032163, 19.369234 ], [ -99.032163, 19.369234 ], [ -99.032163, 19.369234 ], [ -99.032163, 19.369234 ], [ -99.032163, 19.369234 ], [ -99.032163, 19.369234 ], [ -99.032163, 19.369234 ], [ -99.032163, 19.369234 ], [ -99.032163, 19.369234 ], [ -99.032163, 19.369234 ], [ -99.032163, 19.369234 ], [ -99.032163, 19.369234 ], [ -99.032163, 19.369234 ], [ -99.024193, 19.374107 ], [ -99.024193, 19.374107 ], [ -99.024193, 19.374107 ], [ -99.025806, 19.374844 ], [ -99.025806, 19.374844 ], [ -99.025806, 19.374844 ], [ -99.025806, 19.374844 ], [ -99.025806, 19.374844 ], [ -99.025806, 19.374844 ], [ -99.025806, 19.374844 ], [ -99.025806, 19.374844 ], [ -99.025806, 19.374844 ], [ -99.025806, 19.374844 ], [ -99.025806, 19.374844 ], [ -99.025806, 19.374844 ], [ -99.025806, 19.374844 ], [ -99.025806, 19.374844 ], [ -99.025806, 19.374844 ], [ -99.025806, 19.374844 ], [ -99.025806, 19.374844 ], [ -99.025806, 19.374844 ], [ -99.025806, 19.374844 ], [ -99.025806, 19.374844 ], [ -99.025806, 19.374844 ], [ -99.025806, 19.374844 ], [ -99.025806, 19.374844 ], [ -99.025806, 19.374844 ], [ -99.025806, 19.374844 ], [ -99.025806, 19.374844 ], [ -99.025806, 19.374844 ], [ -99.025806, 19.374844 ], [ -99.025806, 19.374844 ], [ -99.025806, 19.374844 ], [ -99.025806, 19.374844 ], [ -99.025806, 19.374844 ], [ -99.025806, 19.374844 ], [ -99.025806, 19.374844 ], [ -99.025806, 19.374844 ], [ -99.025806, 19.374844 ], [ -99.025806, 19.374844 ], [ -99.025806, 19.374844 ], [ -99.025806, 19.374844 ], [ -99.025806, 19.374844 ], [ -99.025806, 19.374844 ], [ -99.025806, 19.374844 ], [ -99.025806, 19.374844 ], [ -99.025806, 19.374844 ], [ -99.023923, 19.374674 ], [ -99.023923, 19.374674 ], [ -99.02346, 19.375974 ], [ -99.02346, 19.375974 ], [ -99.021679, 19.376151 ], [ -99.021679, 19.376151 ], [ -99.018397, 19.373395 ], [ -99.018397, 19.373395 ], [ -99.014326, 19.370706 ], [ -99.006026, 19.367431 ], [ -99.006026, 19.367431 ], [ -99.005555, 19.366192 ], [ -99.005555, 19.366192 ], [ -99.005088, 19.366737 ], [ -99.050903, 19.392967 ], [ -99.051517, 19.392639 ], [ -99.051517, 19.392639 ], [ -99.050903, 19.392967 ], [ -99.051517, 19.392639 ], [ -99.051517, 19.392639 ], [ -99.051517, 19.392639 ], [ -99.0518, 19.393287 ], [ -99.051016, 19.392909 ], [ -99.051016, 19.392909 ], [ -99.051732, 19.392946 ], [ -99.051732, 19.392946 ], [ -99.051016, 19.392909 ], [ -99.051016, 19.392909 ], [ -99.051517, 19.392639 ], [ -99.051898, 19.393294 ], [ -99.050979, 19.393246 ], [ -99.050979, 19.393246 ], [ -99.05118, 19.392624 ], [ -99.05118, 19.392624 ], [ -99.05118, 19.392624 ], [ -99.05118, 19.392624 ], [ -99.05118, 19.392624 ], [ -99.05118, 19.392624 ], [ -99.05118, 19.392624 ], [ -99.05118, 19.392624 ], [ -99.05118, 19.392624 ], [ -99.05118, 19.392624 ], [ -99.05118, 19.392624 ], [ -99.05118, 19.392624 ], [ -99.050725, 19.392892 ], [ -99.050725, 19.392892 ], [ -99.050725, 19.392892 ], [ -99.050725, 19.392892 ], [ -99.050725, 19.392892 ], [ -99.050725, 19.392892 ], [ -99.050725, 19.392892 ], [ -99.050725, 19.392892 ], [ -99.050725, 19.392892 ], [ -99.050725, 19.392892 ], [ -99.050725, 19.392892 ], [ -99.050725, 19.392892 ], [ -99.050725, 19.392892 ], [ -99.050725, 19.392892 ], [ -99.050725, 19.392892 ], [ -99.050725, 19.392892 ], [ -99.050725, 19.392892 ], [ -99.050725, 19.392892 ], [ -99.035921, 19.385334 ], [ -99.027305, 19.380808 ], [ -99.035921, 19.385334 ], [ -99.024693, 19.377552 ], [ -99.024992, 19.374482 ], [ -99.024992, 19.374482 ], [ -99.024693, 19.377552 ], [ -99.024992, 19.374482 ], [ -99.025527, 19.374975 ], [ -99.025527, 19.374975 ], [ -99.025527, 19.374975 ], [ -99.025527, 19.374975 ], [ -99.025527, 19.374975 ], [ -99.025527, 19.374975 ], [ -99.025527, 19.374975 ], [ -99.025527, 19.374975 ], [ -99.025527, 19.374975 ], [ -99.025527, 19.374975 ], [ -99.025527, 19.374975 ], [ -99.025527, 19.374975 ], [ -99.025527, 19.374975 ], [ -99.025527, 19.374975 ], [ -99.025527, 19.374975 ], [ -99.025527, 19.374975 ], [ -99.025667, 19.374328 ], [ -99.025667, 19.374328 ], [ -99.025667, 19.374328 ], [ -99.025667, 19.374328 ], [ -99.025667, 19.374328 ], [ -99.026841, 19.373468 ], [ -99.026841, 19.373468 ], [ -99.026841, 19.373468 ], [ -99.026841, 19.373468 ], [ -99.026841, 19.373468 ], [ -99.025584, 19.374544 ], [ -99.025584, 19.374544 ], [ -99.026129, 19.374047 ], [ -99.026129, 19.374047 ], [ -99.025584, 19.374544 ], [ -99.025584, 19.374544 ], [ -99.025584, 19.374544 ], [ -99.025798, 19.374999 ], [ -99.02586, 19.374893 ], [ -99.02586, 19.374893 ], [ -99.02581, 19.375009 ], [ -99.02581, 19.375009 ], [ -99.02581, 19.375009 ], [ -99.02581, 19.375009 ], [ -99.02581, 19.375009 ], [ -99.017039, 19.372615 ], [ -99.017039, 19.372615 ], [ -99.022431, 19.369722 ], [ -99.022431, 19.369722 ], [ -99.020594, 19.368784 ], [ -99.025777, 19.375014 ], [ -99.025777, 19.375014 ], [ -99.025777, 19.375014 ], [ -99.025777, 19.375014 ], [ -99.025777, 19.375014 ], [ -99.02579, 19.374847 ], [ -99.02579, 19.374847 ], [ -99.02579, 19.374847 ], [ -99.025888, 19.374844 ], [ -99.025888, 19.374844 ], [ -99.025793, 19.374833 ], [ -99.025888, 19.374844 ], [ -99.025888, 19.374844 ], [ -99.025891, 19.374918 ], [ -99.025891, 19.374918 ], [ -99.025891, 19.374918 ], [ -99.025891, 19.374918 ], [ -99.026797, 19.37346 ], [ -99.026797, 19.37346 ], [ -99.026797, 19.37346 ], [ -99.026797, 19.37346 ], [ -99.026797, 19.37346 ], [ -99.026797, 19.37346 ], [ -99.026797, 19.37346 ], [ -99.026797, 19.37346 ], [ -99.026797, 19.37346 ], [ -99.026797, 19.37346 ], [ -99.026797, 19.37346 ], [ -99.026797, 19.37346 ], [ -99.026797, 19.37346 ], [ -99.026797, 19.37346 ], [ -99.026797, 19.37346 ], [ -99.026797, 19.37346 ], [ -99.026797, 19.37346 ], [ -99.026797, 19.37346 ], [ -99.026797, 19.37346 ], [ -99.026797, 19.37346 ], [ -99.026797, 19.37346 ], [ -99.026797, 19.37346 ], [ -99.026806, 19.373463 ], [ -99.026806, 19.373463 ], [ -99.026806, 19.373463 ], [ -99.026806, 19.373463 ], [ -99.026806, 19.373463 ], [ -99.026804, 19.373464 ], [ -99.026804, 19.373464 ] ] } },
{ "type": "Feature", "properties": { "device_id": "38fe07453ae7e2dad3d896d6d8f9e50d9d9b6e6cec0e385dfff5096d4c9b1512", "timestamps": "2020-01-01T06:04:31, 2020-01-01T06:25:32, 2020-01-01T06:44:30, 2020-01-01T07:03:06, 2020-01-01T07:23:51, 2020-01-01T07:44:15, 2020-01-01T07:46:41, 2020-01-01T07:49:02, 2020-01-01T08:08:03, 2020-01-01T08:27:06, 2020-01-01T08:39:23, 2020-01-01T08:39:28, 2020-01-01T08:39:54, 2020-01-01T08:40:36, 2020-01-01T08:41:42, 2020-01-01T08:42:27, 2020-01-01T08:43:37, 2020-01-01T08:43:51, 2020-01-01T08:44:41, 2020-01-01T08:45:28, 2020-01-01T08:46:39, 2020-01-01T08:47:43, 2020-01-01T08:48:15, 2020-01-01T08:49:05, 2020-01-01T08:49:50, 2020-01-01T08:50:47, 2020-01-01T08:51:12, 2020-01-01T08:52:01, 2020-01-01T08:52:57, 2020-01-01T08:53:48, 2020-01-01T08:54:14, 2020-01-01T08:55:03, 2020-01-01T08:55:59, 2020-01-01T08:56:49, 2020-01-01T08:57:10, 2020-01-01T08:58:06, 2020-01-01T08:59:32, 2020-01-01T09:00:17, 2020-01-01T09:01:24, 2020-01-01T09:02:33, 2020-01-01T09:02:58, 2020-01-01T09:03:19, 2020-01-01T09:04:23, 2020-01-01T09:05:19, 2020-01-01T09:06:20, 2020-01-01T09:07:36, 2020-01-01T09:07:55, 2020-01-01T09:08:33, 2020-01-01T09:09:45, 2020-01-01T09:10:26, 2020-01-01T09:11:58, 2020-01-01T09:13:09, 2020-01-01T09:14:33, 2020-01-01T09:15:19, 2020-01-01T09:32:45, 2020-01-01T09:43:59, 2020-01-01T10:02:23, 2020-01-01T10:21:29, 2020-01-01T10:31:58, 2020-01-01T10:41:24, 2020-01-01T10:52:15, 2020-01-01T11:02:41, 2020-01-01T11:12:13, 2020-01-01T11:12:29, 2020-01-01T11:22:49, 2020-01-01T11:33:51, 2020-01-01T11:43:50, 2020-01-01T11:53:59, 2020-01-01T12:03:57, 2020-01-01T12:13:27, 2020-01-01T12:23:09, 2020-01-01T12:34:17, 2020-01-01T12:44:19, 2020-01-01T12:54:20, 2020-01-01T13:04:52, 2020-01-01T13:13:05, 2020-01-01T13:23:30, 2020-01-01T13:34:33, 2020-01-01T13:45:23, 2020-01-01T14:04:28, 2020-01-01T14:23:15, 2020-01-01T14:42:13, 2020-01-01T15:01:19, 2020-01-01T15:20:44, 2020-01-01T15:39:40, 2020-01-01T15:50:23, 2020-01-01T16:00:45, 2020-01-01T16:10:59, 2020-01-01T16:21:10, 2020-01-01T16:40:17, 2020-01-01T16:59:42, 2020-01-01T17:01:08, 2020-01-01T17:02:31, 2020-01-01T17:03:18, 2020-01-01T17:04:09, 2020-01-01T17:04:23, 2020-01-01T17:05:05, 2020-01-01T17:06:42, 2020-01-01T17:08:36, 2020-01-01T17:08:52, 2020-01-01T17:09:42, 2020-01-01T17:11:51, 2020-01-01T17:13:28, 2020-01-01T17:14:05, 2020-01-01T17:14:53, 2020-01-01T17:16:12, 2020-01-01T17:17:57, 2020-01-01T17:18:48, 2020-01-01T17:19:13, 2020-01-01T17:20:00, 2020-01-01T17:20:59, 2020-01-01T17:21:35, 2020-01-01T17:22:48, 2020-01-01T17:23:24, 2020-01-01T17:24:34, 2020-01-01T17:26:09, 2020-01-01T17:27:36, 2020-01-01T17:29:26, 2020-01-01T17:30:37, 2020-01-01T17:31:41, 2020-01-01T17:33:39, 2020-01-01T17:34:40, 2020-01-01T17:35:15, 2020-01-01T17:36:56, 2020-01-01T17:37:47, 2020-01-01T17:38:14, 2020-01-01T17:39:04, 2020-01-01T17:39:59, 2020-01-01T17:40:48, 2020-01-01T17:42:03, 2020-01-01T17:42:58, 2020-01-01T17:45:06, 2020-01-01T17:45:22, 2020-01-01T17:46:31, 2020-01-01T17:47:18, 2020-01-01T17:48:09, 2020-01-01T17:49:45, 2020-01-01T18:08:44, 2020-01-01T18:08:47, 2020-01-01T18:27:37, 2020-01-01T18:46:39, 2020-01-01T19:05:01, 2020-01-01T19:24:04, 2020-01-01T19:44:52, 2020-01-01T20:03:54, 2020-01-01T20:15:18, 2020-01-01T20:34:35, 2020-01-01T20:53:34, 2020-01-01T21:12:30, 2020-01-01T21:31:03, 2020-01-01T21:50:08, 2020-01-01T22:10:50, 2020-01-01T22:34:52, 2020-01-01T22:53:02, 2020-01-01T22:54:30, 2020-01-01T22:55:42, 2020-01-01T22:56:26, 2020-01-01T22:57:37, 2020-01-01T22:57:52, 2020-01-01T22:58:41, 2020-01-01T22:59:28, 2020-01-01T23:00:38, 2020-01-01T23:00:54, 2020-01-01T23:01:44, 2020-01-01T23:02:29, 2020-01-01T23:03:53, 2020-01-01T23:04:40, 2020-01-01T23:05:12, 2020-01-01T23:06:01, 2020-01-01T23:06:57, 2020-01-01T23:07:48, 2020-01-01T23:08:13, 2020-01-01T23:09:03, 2020-01-01T23:09:59, 2020-01-01T23:10:49, 2020-01-01T23:11:13, 2020-01-01T23:12:00, 2020-01-01T23:12:59, 2020-01-01T23:13:32, 2020-01-01T23:14:16, 2020-01-01T23:15:07, 2020-01-01T23:15:22, 2020-01-01T23:16:34, 2020-01-01T23:17:18, 2020-01-01T23:18:23, 2020-01-01T23:19:30, 2020-01-01T23:19:55, 2020-01-01T23:20:42, 2020-01-01T23:21:27, 2020-01-01T23:22:39, 2020-01-01T23:22:50, 2020-01-01T23:23:44, 2020-01-01T23:24:29, 2020-01-01T23:25:02, 2020-01-01T23:25:50, 2020-01-01T23:26:47, 2020-01-01T23:27:14, 2020-01-01T23:28:03, 2020-01-01T23:28:58, 2020-01-01T23:29:35, 2020-01-01T23:30:10, 2020-01-01T23:31:06, 2020-01-01T23:31:22, 2020-01-01T23:32:31, 2020-01-01T23:33:17, 2020-01-01T23:34:08, 2020-01-01T23:34:24, 2020-01-01T23:35:33, 2020-01-01T23:36:45, 2020-01-01T23:37:26, 2020-01-01T23:38:36, 2020-01-01T23:38:52, 2020-01-01T23:39:41, 2020-01-01T23:40:27, 2020-01-01T23:41:38, 2020-01-01T23:41:51, 2020-01-01T23:42:44, 2020-01-01T23:43:17, 2020-01-01T23:44:02, 2020-01-01T23:44:27" }, "geometry": { "type": "LineString", "coordinates": [ [ -98.879585, 19.30808 ], [ -98.879519, 19.30808 ], [ -98.879529, 19.308211 ], [ -98.879558, 19.308138 ], [ -98.879482, 19.308223 ], [ -98.879714, 19.308141 ], [ -98.879884, 19.308743 ], [ -98.879627, 19.308128 ], [ -98.87954, 19.308322 ], [ -98.879454, 19.308171 ], [ -98.881247, 19.307856 ], [ -98.881253, 19.307819 ], [ -98.879975, 19.307831 ], [ -98.883064, 19.302349 ], [ -98.884121, 19.299518 ], [ -98.882654, 19.295659 ], [ -98.884417, 19.292999 ], [ -98.882774, 19.293352 ], [ -98.892591, 19.292389 ], [ -98.902663, 19.291698 ], [ -98.922434, 19.293468 ], [ -98.930175, 19.299926 ], [ -98.938329, 19.306798 ], [ -98.954738, 19.320686 ], [ -98.946686, 19.313878 ], [ -98.962941, 19.327533 ], [ -98.969073, 19.332771 ], [ -98.980309, 19.344944 ], [ -98.97441, 19.337342 ], [ -98.987556, 19.351909 ], [ -98.99418, 19.357785 ], [ -99.007602, 19.366423 ], [ -99.001083, 19.36153 ], [ -99.015005, 19.371929 ], [ -99.022942, 19.377715 ], [ -99.039219, 19.387393 ], [ -99.047291, 19.391919 ], [ -99.055883, 19.396921 ], [ -99.064047, 19.401592 ], [ -99.077405, 19.409268 ], [ -99.071704, 19.405937 ], [ -99.081005, 19.41143 ], [ -99.083932, 19.413211 ], [ -99.086332, 19.414601 ], [ -99.08402, 19.41972 ], [ -99.090916, 19.425965 ], [ -99.086279, 19.423226 ], [ -99.091779, 19.428507 ], [ -99.086208, 19.436296 ], [ -99.085261, 19.442317 ], [ -99.086438, 19.444521 ], [ -99.080504, 19.460643 ], [ -99.080671, 19.46315 ], [ -99.080687, 19.463548 ], [ -99.077565, 19.47217 ], [ -99.077566, 19.472151 ], [ -99.077581, 19.472169 ], [ -99.077582, 19.47217 ], [ -99.07758, 19.47215 ], [ -99.07758, 19.47217 ], [ -99.077581, 19.47217 ], [ -99.07758, 19.47215 ], [ -99.077533, 19.472202 ], [ -99.077582, 19.472169 ], [ -99.077581, 19.472168 ], [ -99.077581, 19.47217 ], [ -99.077582, 19.472169 ], [ -99.077581, 19.472169 ], [ -99.077566, 19.47217 ], [ -99.077565, 19.472169 ], [ -99.077566, 19.47217 ], [ -99.077581, 19.472168 ], [ -99.077566, 19.472169 ], [ -99.077582, 19.472168 ], [ -99.077566, 19.47217 ], [ -99.077566, 19.47217 ], [ -99.077566, 19.47217 ], [ -99.077534, 19.472153 ], [ -99.077581, 19.472168 ], [ -99.077581, 19.472169 ], [ -99.077564, 19.47217 ], [ -99.077581, 19.47215 ], [ -99.077532, 19.472159 ], [ -99.077519, 19.472151 ], [ -99.077566, 19.47215 ], [ -99.077567, 19.472151 ], [ -99.077629, 19.472133 ], [ -99.077566, 19.47217 ], [ -99.077593, 19.472292 ], [ -99.077566, 19.47215 ], [ -99.07752, 19.472154 ], [ -99.075018, 19.472477 ], [ -99.071286, 19.471796 ], [ -99.072199, 19.467228 ], [ -99.067442, 19.465014 ], [ -99.072307, 19.466645 ], [ -99.063254, 19.463685 ], [ -99.0644, 19.461001 ], [ -99.08365, 19.448467 ], [ -99.07736, 19.45234 ], [ -99.09018, 19.443638 ], [ -99.10188, 19.437482 ], [ -99.107636, 19.425476 ], [ -99.099047, 19.421429 ], [ -99.104339, 19.424059 ], [ -99.091031, 19.416571 ], [ -99.09056, 19.416321 ], [ -99.08605, 19.413655 ], [ -99.080882, 19.410688 ], [ -99.077808, 19.40892 ], [ -99.079585, 19.409973 ], [ -99.077006, 19.408539 ], [ -99.070131, 19.404857 ], [ -99.061354, 19.399785 ], [ -99.044483, 19.390108 ], [ -99.019312, 19.374813 ], [ -99.011498, 19.369091 ], [ -98.998751, 19.359414 ], [ -98.983462, 19.347784 ], [ -98.977135, 19.340951 ], [ -98.950227, 19.316516 ], [ -98.940921, 19.308637 ], [ -98.932279, 19.301426 ], [ -98.9227, 19.293381 ], [ -98.900038, 19.291711 ], [ -98.888458, 19.292541 ], [ -98.881702, 19.292198 ], [ -98.881825, 19.292459 ], [ -98.881312, 19.291022 ], [ -98.883413, 19.301208 ], [ -98.882332, 19.295893 ], [ -98.879402, 19.307891 ], [ -98.879352, 19.307614 ], [ -98.879305, 19.308108 ], [ -98.879304, 19.308122 ], [ -98.879278, 19.308098 ], [ -98.879489, 19.308171 ], [ -98.879806, 19.308724 ], [ -98.879669, 19.308408 ], [ -98.879511, 19.308361 ], [ -98.879572, 19.308023 ], [ -98.879529, 19.308211 ], [ -98.879671, 19.308315 ], [ -98.879547, 19.308295 ], [ -98.879798, 19.308374 ], [ -98.879754, 19.308368 ], [ -98.879701, 19.308335 ], [ -98.879599, 19.308103 ], [ -98.879879, 19.308866 ], [ -98.879553, 19.308402 ], [ -98.879578, 19.30812 ], [ -98.879489, 19.308261 ], [ -98.879742, 19.308247 ], [ -98.87923, 19.308275 ], [ -98.881069, 19.308047 ], [ -98.882477, 19.304762 ], [ -98.883126, 19.302406 ], [ -98.884079, 19.299729 ], [ -98.884092, 19.299718 ], [ -98.883451, 19.297423 ], [ -98.882733, 19.295763 ], [ -98.883407, 19.293202 ], [ -98.882218, 19.294545 ], [ -98.889585, 19.292651 ], [ -98.900483, 19.291926 ], [ -98.912069, 19.291098 ], [ -98.931077, 19.300755 ], [ -98.939472, 19.307841 ], [ -98.956976, 19.322495 ], [ -98.948197, 19.31507 ], [ -98.965487, 19.329645 ], [ -98.971068, 19.334431 ], [ -98.983209, 19.347753 ], [ -98.976859, 19.340718 ], [ -98.990672, 19.354847 ], [ -98.99702, 19.358787 ], [ -99.010154, 19.36833 ], [ -99.003672, 19.36328 ], [ -99.016776, 19.373219 ], [ -99.022439, 19.377314 ], [ -99.035342, 19.385039 ], [ -99.028739, 19.381349 ], [ -99.041425, 19.388566 ], [ -99.04718, 19.391908 ], [ -99.054105, 19.395808 ], [ -99.064193, 19.401678 ], [ -99.060099, 19.399232 ], [ -99.06637, 19.402919 ], [ -99.068009, 19.403893 ], [ -99.072524, 19.40656 ], [ -99.070236, 19.405158 ], [ -99.073978, 19.407354 ], [ -99.075453, 19.408184 ], [ -99.077482, 19.409339 ], [ -99.075518, 19.40816 ], [ -99.080641, 19.411187 ], [ -99.082548, 19.412286 ], [ -99.086408, 19.414651 ], [ -99.085517, 19.414115 ], [ -99.084973, 19.417359 ], [ -99.083031, 19.421667 ], [ -99.091699, 19.427896 ], [ -99.088287, 19.424459 ], [ -99.088249, 19.433951 ], [ -99.085897, 19.438849 ], [ -99.083313, 19.448257 ], [ -99.086413, 19.444355 ], [ -99.077995, 19.451005 ], [ -99.078893, 19.454229 ], [ -99.080456, 19.459129 ], [ -99.080724, 19.463116 ], [ -99.08066, 19.462181 ], [ -99.080695, 19.464043 ], [ -99.079915, 19.468853 ], [ -99.077489, 19.472242 ], [ -99.078359, 19.473004 ], [ -99.077505, 19.472154 ], [ -99.077502, 19.472154 ], [ -99.077615, 19.472132 ], [ -99.077489, 19.472191 ] ] } },
{ "type": "Feature", "properties": { "device_id": "4b91eb5118f1663a351366f9d27c53ec5febdb4218770f32e18901d8efe9377d", "timestamps": "2020-01-01T06:02:04, 2020-01-01T10:07:07, 2020-01-01T11:06:29, 2020-01-01T11:06:30, 2020-01-01T11:06:31, 2020-01-01T20:44:44, 2020-01-01T20:45:08, 2020-01-01T21:44:44, 2020-01-01T21:44:45, 2020-01-01T21:45:08, 2020-01-01T21:45:09, 2020-01-01T23:07:59, 2020-01-01T23:10:19, 2020-01-01T23:10:20, 2020-01-01T23:13:11, 2020-01-01T23:13:18, 2020-01-01T23:13:43, 2020-01-01T23:14:40, 2020-01-01T23:15:11, 2020-01-01T23:15:12, 2020-01-01T23:17:38, 2020-01-01T23:17:39, 2020-01-01T23:17:45, 2020-01-01T23:17:46, 2020-01-01T23:17:53, 2020-01-01T23:18:55, 2020-01-01T23:18:56, 2020-01-01T23:19:02, 2020-01-01T23:19:11, 2020-01-01T23:19:12, 2020-01-01T23:19:19, 2020-01-01T23:19:25, 2020-01-01T23:19:32, 2020-01-01T23:20:15, 2020-01-01T23:20:23, 2020-01-01T23:20:30, 2020-01-01T23:20:46, 2020-01-01T23:20:47, 2020-01-01T23:21:01, 2020-01-01T23:21:02, 2020-01-01T23:23:15, 2020-01-01T23:23:16, 2020-01-01T23:30:19, 2020-01-01T23:30:25, 2020-01-01T23:30:26, 2020-01-01T23:30:32, 2020-01-01T23:30:38, 2020-01-01T23:30:39, 2020-01-01T23:30:45, 2020-01-01T23:32:40, 2020-01-01T23:32:47, 2020-01-01T23:32:53, 2020-01-01T23:32:54, 2020-01-01T23:33:00, 2020-01-01T23:34:23, 2020-01-01T23:34:29, 2020-01-01T23:34:37, 2020-01-01T23:34:45, 2020-01-01T23:34:51, 2020-01-01T23:34:59, 2020-01-01T23:35:19, 2020-01-01T23:35:40, 2020-01-01T23:35:41, 2020-01-01T23:36:00, 2020-01-01T23:36:01, 2020-01-01T23:36:02, 2020-01-01T23:36:07, 2020-01-01T23:36:38, 2020-01-01T23:36:45, 2020-01-01T23:36:53, 2020-01-01T23:36:54, 2020-01-01T23:36:55, 2020-01-01T23:37:07, 2020-01-01T23:37:08, 2020-01-01T23:37:13, 2020-01-01T23:37:20, 2020-01-01T23:37:26, 2020-01-01T23:38:12, 2020-01-01T23:38:18, 2020-01-01T23:38:26, 2020-01-01T23:38:40, 2020-01-01T23:38:53, 2020-01-01T23:40:21, 2020-01-01T23:40:22, 2020-01-01T23:40:28, 2020-01-01T23:40:34, 2020-01-01T23:40:40, 2020-01-01T23:40:41, 2020-01-01T23:40:48, 2020-01-01T23:40:49, 2020-01-01T23:40:56, 2020-01-01T23:41:02, 2020-01-01T23:44:11, 2020-01-01T23:44:19, 2020-01-01T23:44:25, 2020-01-01T23:44:26, 2020-01-01T23:45:24, 2020-01-01T23:45:37, 2020-01-01T23:45:38, 2020-01-01T23:45:44, 2020-01-01T23:45:50, 2020-01-01T23:45:57, 2020-01-01T23:45:59, 2020-01-01T23:46:04, 2020-01-01T23:46:05, 2020-01-01T23:52:32, 2020-01-01T23:52:34, 2020-01-01T23:52:51, 2020-01-01T23:58:12" }, "geometry": { "type": "LineString", "coordinates": [ [ -98.897562, 19.296648 ], [ -98.897818, 19.296741 ], [ -98.897701, 19.296692 ], [ -98.897701, 19.296704 ], [ -98.897793, 19.296604 ], [ -98.897551, 19.296715 ], [ -98.897551, 19.296715 ], [ -98.897576, 19.296658 ], [ -98.897576, 19.296646 ], [ -98.897557, 19.296688 ], [ -98.897557, 19.296677 ], [ -98.89762, 19.296674 ], [ -98.901071, 19.296427 ], [ -98.901071, 19.296417 ], [ -98.90177, 19.292603 ], [ -98.901715, 19.292358 ], [ -98.901713, 19.29205 ], [ -98.902191, 19.292018 ], [ -98.90362, 19.291656 ], [ -98.903671, 19.291643 ], [ -98.924833, 19.295502 ], [ -98.925009, 19.295587 ], [ -98.926362, 19.296711 ], [ -98.926362, 19.296707 ], [ -98.927209, 19.297335 ], [ -98.936728, 19.305492 ], [ -98.936728, 19.305481 ], [ -98.93754, 19.306163 ], [ -98.938754, 19.307312 ], [ -98.938754, 19.307297 ], [ -98.940716, 19.308823 ], [ -98.941622, 19.309557 ], [ -98.942573, 19.310545 ], [ -98.948399, 19.315296 ], [ -98.948847, 19.315678 ], [ -98.949439, 19.316177 ], [ -98.951714, 19.31818 ], [ -98.951714, 19.318176 ], [ -98.95382, 19.319915 ], [ -98.95382, 19.319901 ], [ -98.967724, 19.331565 ], [ -98.967724, 19.331558 ], [ -99.007106, 19.366323 ], [ -99.007835, 19.366873 ], [ -99.007835, 19.366867 ], [ -99.008771, 19.367286 ], [ -99.009327, 19.367819 ], [ -99.009327, 19.367813 ], [ -99.010032, 19.368393 ], [ -99.018498, 19.374374 ], [ -99.018974, 19.374945 ], [ -99.019479, 19.375687 ], [ -99.019479, 19.375687 ], [ -99.020169, 19.37609 ], [ -99.029583, 19.381821 ], [ -99.030329, 19.382235 ], [ -99.031632, 19.382976 ], [ -99.033132, 19.383881 ], [ -99.034134, 19.384441 ], [ -99.034984, 19.38493 ], [ -99.035772, 19.385205 ], [ -99.035357, 19.384979 ], [ -99.035357, 19.384979 ], [ -99.036272, 19.385695 ], [ -99.036272, 19.385681 ], [ -99.036272, 19.385681 ], [ -99.036759, 19.386047 ], [ -99.039634, 19.387421 ], [ -99.040416, 19.387658 ], [ -99.041488, 19.388374 ], [ -99.041804, 19.388721 ], [ -99.041804, 19.388718 ], [ -99.043841, 19.389938 ], [ -99.043841, 19.389938 ], [ -99.044861, 19.390548 ], [ -99.045594, 19.390936 ], [ -99.04631, 19.391289 ], [ -99.052756, 19.39505 ], [ -99.053674, 19.395524 ], [ -99.05468, 19.396047 ], [ -99.056484, 19.397095 ], [ -99.057889, 19.398071 ], [ -99.065426, 19.402338 ], [ -99.065426, 19.402328 ], [ -99.065668, 19.402542 ], [ -99.065876, 19.402679 ], [ -99.066605, 19.403077 ], [ -99.066605, 19.403076 ], [ -99.067554, 19.403612 ], [ -99.067554, 19.40361 ], [ -99.068075, 19.404006 ], [ -99.068774, 19.40441 ], [ -99.077408, 19.408737 ], [ -99.078432, 19.409317 ], [ -99.078771, 19.409852 ], [ -99.078771, 19.409851 ], [ -99.082082, 19.411487 ], [ -99.082391, 19.411851 ], [ -99.082391, 19.41185 ], [ -99.082603, 19.412109 ], [ -99.083163, 19.412598 ], [ -99.083644, 19.412944 ], [ -99.084433, 19.413116 ], [ -99.085325, 19.413787 ], [ -99.085325, 19.413773 ], [ -99.09643, 19.419296 ], [ -99.09623, 19.419845 ], [ -99.09645, 19.419368 ], [ -99.120891, 19.429611 ] ] } },
{ "type": "Feature", "properties": { "device_id": "00884b04834d608c288daf9ba4296e189b2e0afed71dc5921c375444eabf4358", "timestamps": "2020-01-01T06:04:19, 2020-01-01T06:13:01, 2020-01-01T06:13:18, 2020-01-01T06:13:28, 2020-01-01T06:13:52, 2020-01-01T06:20:43, 2020-01-01T06:27:40, 2020-01-01T06:34:46, 2020-01-01T06:41:35, 2020-01-01T06:49:34, 2020-01-01T06:58:28, 2020-01-01T07:08:52, 2020-01-01T07:17:46, 2020-01-01T07:27:50, 2020-01-01T07:34:50, 2020-01-01T07:41:56, 2020-01-01T07:48:08, 2020-01-01T07:49:12, 2020-01-01T07:56:48, 2020-01-01T08:03:49, 2020-01-01T08:10:35, 2020-01-01T08:17:31, 2020-01-01T08:19:34, 2020-01-01T08:19:43, 2020-01-01T08:24:34, 2020-01-01T08:32:36, 2020-01-01T08:40:52, 2020-01-01T08:47:53, 2020-01-01T08:54:33, 2020-01-01T09:02:51, 2020-01-01T09:09:25, 2020-01-01T09:16:22, 2020-01-01T09:21:32, 2020-01-01T09:21:41, 2020-01-01T09:23:21, 2020-01-01T09:36:12, 2020-01-01T09:43:30, 2020-01-01T09:50:36, 2020-01-01T09:58:12, 2020-01-01T10:05:12, 2020-01-01T10:12:01, 2020-01-01T10:19:04, 2020-01-01T10:26:03, 2020-01-01T10:34:08, 2020-01-01T10:43:51, 2020-01-01T10:51:10, 2020-01-01T11:00:42, 2020-01-01T11:08:43, 2020-01-01T11:18:35, 2020-01-01T11:25:06, 2020-01-01T11:32:07, 2020-01-01T11:39:08, 2020-01-01T11:46:09, 2020-01-01T11:54:55, 2020-01-01T12:01:52, 2020-01-01T12:09:24, 2020-01-01T12:18:23, 2020-01-01T12:25:20, 2020-01-01T12:32:26, 2020-01-01T12:39:27, 2020-01-01T12:46:15, 2020-01-01T12:53:15, 2020-01-01T13:00:14, 2020-01-01T13:08:44, 2020-01-01T13:08:54, 2020-01-01T13:16:52, 2020-01-01T13:23:52, 2020-01-01T13:30:51, 2020-01-01T13:38:53, 2020-01-01T13:47:56, 2020-01-01T13:59:59, 2020-01-01T14:07:42, 2020-01-01T14:16:44, 2020-01-01T14:29:20, 2020-01-01T14:36:26, 2020-01-01T14:40:12, 2020-01-01T14:40:21, 2020-01-01T14:40:25, 2020-01-01T14:48:52, 2020-01-01T14:55:51, 2020-01-01T15:02:54, 2020-01-01T15:16:33, 2020-01-01T15:40:35, 2020-01-01T15:40:40, 2020-01-01T15:41:00, 2020-01-01T15:51:55, 2020-01-01T15:59:51, 2020-01-01T16:07:22, 2020-01-01T16:26:27, 2020-01-01T16:35:29, 2020-01-01T16:35:45, 2020-01-01T16:56:45, 2020-01-01T17:12:52, 2020-01-01T17:20:44, 2020-01-01T17:35:30, 2020-01-01T17:45:54, 2020-01-01T17:52:23, 2020-01-01T17:55:08, 2020-01-01T17:55:58, 2020-01-01T18:06:08, 2020-01-01T18:06:09, 2020-01-01T18:07:58, 2020-01-01T18:14:28, 2020-01-01T18:21:29, 2020-01-01T18:28:15, 2020-01-01T18:42:11, 2020-01-01T18:49:14, 2020-01-01T18:56:13, 2020-01-01T19:03:46, 2020-01-01T19:10:47, 2020-01-01T19:17:48, 2020-01-01T19:24:49, 2020-01-01T19:41:15, 2020-01-01T19:41:19, 2020-01-01T19:55:02, 2020-01-01T19:55:51, 2020-01-01T19:57:46, 2020-01-01T20:04:35, 2020-01-01T20:12:30, 2020-01-01T20:21:30, 2020-01-01T20:28:36, 2020-01-01T20:37:39, 2020-01-01T20:44:05, 2020-01-01T20:51:02, 2020-01-01T20:55:13, 2020-01-01T20:55:24, 2020-01-01T21:12:37, 2020-01-01T21:12:47, 2020-01-01T21:19:03, 2020-01-01T21:26:00, 2020-01-01T21:33:06, 2020-01-01T21:41:47, 2020-01-01T21:48:47, 2020-01-01T21:55:47, 2020-01-01T22:02:48, 2020-01-01T22:09:35, 2020-01-01T22:16:32, 2020-01-01T22:23:31, 2020-01-01T22:32:58, 2020-01-01T22:42:26, 2020-01-01T22:46:21, 2020-01-01T22:46:51, 2020-01-01T23:05:01, 2020-01-01T23:05:52, 2020-01-01T23:25:33, 2020-01-01T23:32:02, 2020-01-01T23:39:08, 2020-01-01T23:48:55, 2020-01-01T23:55:58" }, "geometry": { "type": "LineString", "coordinates": [ [ -98.913593, 19.331188 ], [ -98.913751, 19.331476 ], [ -98.913589, 19.331161 ], [ -98.913574, 19.331145 ], [ -98.91377, 19.33147 ], [ -98.913578, 19.331099 ], [ -98.913554, 19.33116 ], [ -98.913554, 19.33114 ], [ -98.913568, 19.331121 ], [ -98.913568, 19.331109 ], [ -98.913593, 19.331188 ], [ -98.913593, 19.331188 ], [ -98.913593, 19.331188 ], [ -98.913593, 19.331188 ], [ -98.913593, 19.331188 ], [ -98.913593, 19.331188 ], [ -98.913593, 19.331188 ], [ -98.913593, 19.331188 ], [ -98.913593, 19.331188 ], [ -98.913593, 19.331188 ], [ -98.913593, 19.331188 ], [ -98.913593, 19.331188 ], [ -98.91377, 19.33147 ], [ -98.913751, 19.331476 ], [ -98.913593, 19.331188 ], [ -98.913593, 19.331188 ], [ -98.913593, 19.331188 ], [ -98.913593, 19.331188 ], [ -98.913587, 19.331154 ], [ -98.913593, 19.331188 ], [ -98.91358, 19.331163 ], [ -98.913559, 19.331155 ], [ -98.91377, 19.33147 ], [ -98.913751, 19.331476 ], [ -98.913593, 19.331188 ], [ -98.913593, 19.331188 ], [ -98.913593, 19.331188 ], [ -98.913593, 19.331188 ], [ -98.913588, 19.33115 ], [ -98.913593, 19.331188 ], [ -98.913593, 19.331188 ], [ -98.913588, 19.33115 ], [ -98.913573, 19.331167 ], [ -98.913593, 19.331188 ], [ -98.913593, 19.331188 ], [ -98.913555, 19.33111 ], [ -98.913588, 19.331117 ], [ -98.913586, 19.331128 ], [ -98.913593, 19.331188 ], [ -98.913593, 19.331188 ], [ -98.913583, 19.331139 ], [ -98.913579, 19.331166 ], [ -98.913564, 19.331106 ], [ -98.913569, 19.331165 ], [ -98.913593, 19.331188 ], [ -98.913571, 19.331151 ], [ -98.913593, 19.331188 ], [ -98.913593, 19.331188 ], [ -98.913593, 19.331188 ], [ -98.913593, 19.331188 ], [ -98.913593, 19.331188 ], [ -98.913593, 19.331188 ], [ -98.913593, 19.331188 ], [ -98.913597, 19.331165 ], [ -98.913597, 19.331165 ], [ -98.913593, 19.331188 ], [ -98.913593, 19.331188 ], [ -98.913588, 19.331155 ], [ -98.913593, 19.331188 ], [ -98.913593, 19.331188 ], [ -98.913592, 19.331151 ], [ -98.913589, 19.331112 ], [ -98.91358, 19.331169 ], [ -98.913583, 19.331163 ], [ -98.913593, 19.331188 ], [ -98.913751, 19.331476 ], [ -98.91377, 19.33147 ], [ -98.913593, 19.331188 ], [ -98.913593, 19.331188 ], [ -98.913552, 19.331118 ], [ -98.913593, 19.331188 ], [ -98.913593, 19.331188 ], [ -98.913751, 19.331476 ], [ -98.91377, 19.33147 ], [ -98.913561, 19.331105 ], [ -98.913593, 19.331188 ], [ -98.91351, 19.330987 ], [ -98.913593, 19.331188 ], [ -98.913553, 19.331134 ], [ -98.913593, 19.331188 ], [ -98.913565, 19.331131 ], [ -98.913593, 19.331188 ], [ -98.913564, 19.331107 ], [ -98.913539, 19.331136 ], [ -98.913535, 19.331102 ], [ -98.913567, 19.331127 ], [ -98.913545, 19.331149 ], [ -98.91377, 19.33147 ], [ -98.913751, 19.331476 ], [ -98.913596, 19.331138 ], [ -98.913531, 19.331165 ], [ -98.913585, 19.331135 ], [ -98.913539, 19.331164 ], [ -98.913301, 19.331366 ], [ -98.913301, 19.331366 ], [ -98.913202, 19.331021 ], [ -98.913791, 19.330897 ], [ -98.913673, 19.330875 ], [ -98.913436, 19.331027 ], [ -98.913791, 19.330897 ], [ -98.913299, 19.331137 ], [ -98.913496, 19.331032 ], [ -98.913574, 19.331154 ], [ -98.913564, 19.331169 ], [ -98.913751, 19.331476 ], [ -98.91377, 19.33147 ], [ -98.913583, 19.331117 ], [ -98.913561, 19.3311 ], [ -98.913584, 19.331122 ], [ -98.913596, 19.331128 ], [ -98.913559, 19.331138 ], [ -98.913559, 19.331121 ], [ -98.91357, 19.331108 ], [ -98.913551, 19.331135 ], [ -98.913751, 19.331476 ], [ -98.91377, 19.33147 ], [ -98.913559, 19.331151 ], [ -98.913593, 19.331188 ], [ -98.913593, 19.331188 ], [ -98.913581, 19.331163 ], [ -98.91357, 19.331133 ], [ -98.91356, 19.331163 ], [ -98.913548, 19.331141 ], [ -98.91354, 19.331134 ], [ -98.91354, 19.331131 ], [ -98.913586, 19.331148 ], [ -98.913575, 19.331133 ], [ -98.913202, 19.331021 ], [ -98.91287, 19.330884 ], [ -98.915077, 19.319083 ], [ -98.918049, 19.311545 ], [ -98.917775, 19.311391 ], [ -99.03522, 19.38489 ], [ -99.035224, 19.384901 ], [ -99.037003, 19.386382 ], [ -99.059331, 19.399092 ], [ -99.059928, 19.400747 ], [ -99.05877, 19.400596 ], [ -99.05878, 19.400489 ] ] } },
{ "type": "Feature", "properties": { "device_id": "5df4e71727f93f637d97148de430d2e1d7a102dafb1fd915a04701ecdcde119e", "timestamps": "2020-01-01T06:08:02, 2020-01-01T06:08:30, 2020-01-01T06:08:45, 2020-01-01T06:09:02, 2020-01-01T06:09:36, 2020-01-01T06:09:51, 2020-01-01T06:10:11, 2020-01-01T06:10:18, 2020-01-01T06:10:28, 2020-01-01T06:11:25, 2020-01-01T06:11:26, 2020-01-01T06:11:58, 2020-01-01T06:12:51, 2020-01-01T06:12:52, 2020-01-01T06:16:01, 2020-01-01T06:16:36, 2020-01-01T06:16:52, 2020-01-01T06:25:07, 2020-01-01T06:25:57, 2020-01-01T06:45:08, 2020-01-01T06:45:58, 2020-01-01T07:11:32, 2020-01-01T07:11:35, 2020-01-01T07:11:40, 2020-01-01T07:12:55, 2020-01-01T07:13:11, 2020-01-01T07:13:22, 2020-01-01T07:28:13, 2020-01-01T07:28:24, 2020-01-01T07:40:15, 2020-01-01T07:40:20, 2020-01-01T07:55:15, 2020-01-01T07:55:20, 2020-01-01T08:10:15, 2020-01-01T08:10:20, 2020-01-01T08:25:15, 2020-01-01T08:25:20, 2020-01-01T08:38:09, 2020-01-01T08:38:25, 2020-01-01T08:38:59, 2020-01-01T08:53:10, 2020-01-01T08:53:25, 2020-01-01T09:08:10, 2020-01-01T09:08:25, 2020-01-01T09:23:11, 2020-01-01T09:23:22, 2020-01-01T09:38:11, 2020-01-01T09:38:22, 2020-01-01T09:40:34, 2020-01-01T09:40:43, 2020-01-01T09:50:23, 2020-01-01T09:55:08, 2020-01-01T09:55:58, 2020-01-01T10:10:08, 2020-01-01T10:10:58, 2020-01-01T10:25:09, 2020-01-01T10:25:59, 2020-01-01T10:40:10, 2020-01-01T10:40:25, 2020-01-01T10:55:11, 2020-01-01T10:55:22, 2020-01-01T11:10:12, 2020-01-01T11:10:21, 2020-01-01T11:25:13, 2020-01-01T11:25:24, 2020-01-01T11:40:13, 2020-01-01T11:40:24, 2020-01-01T11:55:14, 2020-01-01T11:55:23, 2020-01-01T12:10:14, 2020-01-01T12:10:23, 2020-01-01T12:25:15, 2020-01-01T12:25:20, 2020-01-01T12:40:16, 2020-01-01T12:40:26, 2020-01-01T12:56:14, 2020-01-01T12:56:23, 2020-01-01T13:29:30, 2020-01-01T13:29:45, 2020-01-01T13:41:12, 2020-01-01T13:41:21, 2020-01-01T14:36:00, 2020-01-01T14:36:05, 2020-01-01T14:36:38, 2020-01-01T14:36:48, 2020-01-01T14:37:33, 2020-01-01T14:37:46, 2020-01-01T14:38:10, 2020-01-01T14:38:16, 2020-01-01T14:39:00, 2020-01-01T14:39:29, 2020-01-01T14:40:13, 2020-01-01T14:40:24, 2020-01-01T14:40:46, 2020-01-01T14:40:54, 2020-01-01T14:41:42, 2020-01-01T14:42:01, 2020-01-01T14:42:47, 2020-01-01T14:42:55, 2020-01-01T14:45:03, 2020-01-01T14:46:23, 2020-01-01T14:46:56, 2020-01-01T14:47:44, 2020-01-01T14:48:58, 2020-01-01T14:49:34, 2020-01-01T14:50:30, 2020-01-01T14:51:45, 2020-01-01T14:52:37, 2020-01-01T14:53:23, 2020-01-01T14:54:19, 2020-01-01T14:54:53, 2020-01-01T14:55:15, 2020-01-01T14:55:20, 2020-01-01T14:55:21, 2020-01-01T14:57:13, 2020-01-01T14:57:14, 2020-01-01T14:57:18, 2020-01-01T14:57:23, 2020-01-01T14:57:34, 2020-01-01T14:58:07, 2020-01-01T14:58:22, 2020-01-01T14:58:44, 2020-01-01T14:58:57, 2020-01-01T14:59:25, 2020-01-01T15:00:03, 2020-01-01T15:00:12, 2020-01-01T15:00:19, 2020-01-01T15:00:21, 2020-01-01T15:00:37, 2020-01-01T15:00:42, 2020-01-01T15:01:46, 2020-01-01T15:01:51, 2020-01-01T15:01:52, 2020-01-01T15:02:08, 2020-01-01T15:02:40, 2020-01-01T15:02:52, 2020-01-01T15:02:55, 2020-01-01T15:03:06, 2020-01-01T15:04:20, 2020-01-01T15:04:26, 2020-01-01T15:04:32, 2020-01-01T15:04:36, 2020-01-01T15:04:47, 2020-01-01T15:05:05, 2020-01-01T15:05:12, 2020-01-01T15:05:24, 2020-01-01T15:05:38, 2020-01-01T15:05:52, 2020-01-01T15:05:55, 2020-01-01T15:06:15, 2020-01-01T15:06:28, 2020-01-01T15:06:52, 2020-01-01T15:07:51, 2020-01-01T15:07:52, 2020-01-01T15:08:16, 2020-01-01T15:08:17, 2020-01-01T15:08:22, 2020-01-01T15:08:24, 2020-01-01T15:08:27, 2020-01-01T15:09:07, 2020-01-01T15:09:26, 2020-01-01T15:10:28, 2020-01-01T15:11:11, 2020-01-01T15:11:31, 2020-01-01T15:11:53, 2020-01-01T15:12:09, 2020-01-01T15:12:30, 2020-01-01T15:12:52, 2020-01-01T15:13:13, 2020-01-01T15:13:30, 2020-01-01T15:13:51, 2020-01-01T15:14:30, 2020-01-01T15:14:39, 2020-01-01T15:14:49, 2020-01-01T15:15:12, 2020-01-01T15:15:50, 2020-01-01T15:16:41, 2020-01-01T15:17:01, 2020-01-01T15:18:18, 2020-01-01T15:19:48, 2020-01-01T15:21:49, 2020-01-01T15:22:07, 2020-01-01T15:22:31, 2020-01-01T15:23:14, 2020-01-01T15:24:04, 2020-01-01T15:24:33, 2020-01-01T15:24:46, 2020-01-01T15:25:09, 2020-01-01T15:25:11, 2020-01-01T15:25:57, 2020-01-01T15:25:59, 2020-01-01T15:26:00, 2020-01-01T15:26:13, 2020-01-01T15:26:14, 2020-01-01T15:26:19, 2020-01-01T15:27:00, 2020-01-01T15:27:36, 2020-01-01T15:27:46, 2020-01-01T15:27:56, 2020-01-01T15:28:18, 2020-01-01T15:28:58, 2020-01-01T15:29:33, 2020-01-01T15:29:44, 2020-01-01T15:31:42, 2020-01-01T15:32:34, 2020-01-01T15:32:36, 2020-01-01T15:32:43, 2020-01-01T15:32:47, 2020-01-01T15:35:39, 2020-01-01T15:35:49, 2020-01-01T15:43:11, 2020-01-01T15:43:22, 2020-01-01T15:44:03, 2020-01-01T15:44:23, 2020-01-01T15:44:31, 2020-01-01T15:44:42, 2020-01-01T15:44:45, 2020-01-01T15:44:56, 2020-01-01T15:47:12, 2020-01-01T15:47:21, 2020-01-01T15:47:25, 2020-01-01T16:17:15, 2020-01-01T16:17:20, 2020-01-01T16:25:33, 2020-01-01T16:25:44, 2020-01-01T16:27:02, 2020-01-01T16:27:04, 2020-01-01T16:29:08, 2020-01-01T16:29:58, 2020-01-01T16:30:19, 2020-01-01T16:30:20, 2020-01-01T16:30:29, 2020-01-01T16:30:53, 2020-01-01T16:32:53, 2020-01-01T16:32:58, 2020-01-01T16:33:47, 2020-01-01T16:33:48, 2020-01-01T16:33:56, 2020-01-01T16:34:00, 2020-01-01T16:34:04, 2020-01-01T16:34:05, 2020-01-01T16:34:17, 2020-01-01T16:34:27, 2020-01-01T16:34:32, 2020-01-01T16:34:56, 2020-01-01T16:35:02, 2020-01-01T16:35:19, 2020-01-01T16:35:38, 2020-01-01T16:35:57, 2020-01-01T16:36:13, 2020-01-01T16:36:18, 2020-01-01T16:37:33, 2020-01-01T16:37:41, 2020-01-01T16:38:11, 2020-01-01T16:38:17, 2020-01-01T16:39:11, 2020-01-01T16:39:13, 2020-01-01T16:39:24, 2020-01-01T16:40:31, 2020-01-01T16:41:28, 2020-01-01T16:41:44, 2020-01-01T16:41:50, 2020-01-01T16:42:04, 2020-01-01T16:43:12, 2020-01-01T16:45:18, 2020-01-01T16:45:19, 2020-01-01T16:45:29, 2020-01-01T16:45:45, 2020-01-01T16:48:04, 2020-01-01T16:48:09, 2020-01-01T16:55:07, 2020-01-01T16:55:44, 2020-01-01T16:55:54, 2020-01-01T16:55:57, 2020-01-01T16:56:16, 2020-01-01T16:56:27, 2020-01-01T16:56:35, 2020-01-01T16:56:44, 2020-01-01T16:57:39, 2020-01-01T16:58:12, 2020-01-01T16:58:27, 2020-01-01T16:58:57, 2020-01-01T16:59:06, 2020-01-01T16:59:56, 2020-01-01T17:00:39, 2020-01-01T17:00:49, 2020-01-01T17:00:51, 2020-01-01T17:01:17, 2020-01-01T17:01:27, 2020-01-01T17:01:44, 2020-01-01T17:04:02, 2020-01-01T17:04:08, 2020-01-01T17:10:10, 2020-01-01T17:10:25, 2020-01-01T17:10:38, 2020-01-01T17:10:46, 2020-01-01T17:10:58, 2020-01-01T17:13:04, 2020-01-01T17:13:17, 2020-01-01T17:13:19, 2020-01-01T17:13:29, 2020-01-01T17:25:08, 2020-01-01T17:25:58, 2020-01-01T17:26:30, 2020-01-01T17:26:45, 2020-01-01T17:26:46, 2020-01-01T17:28:39, 2020-01-01T17:28:48, 2020-01-01T17:28:49, 2020-01-01T17:29:37, 2020-01-01T17:29:47, 2020-01-01T17:42:19, 2020-01-01T17:42:30, 2020-01-01T17:42:45, 2020-01-01T17:43:33, 2020-01-01T17:45:39, 2020-01-01T17:45:49, 2020-01-01T17:45:55, 2020-01-01T17:51:16, 2020-01-01T17:51:26, 2020-01-01T17:52:33, 2020-01-01T17:52:56, 2020-01-01T17:52:57, 2020-01-01T17:53:20, 2020-01-01T17:53:44, 2020-01-01T17:53:51, 2020-01-01T17:54:11, 2020-01-01T17:54:22, 2020-01-01T18:01:19, 2020-01-01T18:01:29, 2020-01-01T18:15:17, 2020-01-01T18:15:27, 2020-01-01T18:20:30, 2020-01-01T18:20:33, 2020-01-01T18:20:45, 2020-01-01T18:21:37, 2020-01-01T18:21:38, 2020-01-01T18:23:45, 2020-01-01T18:23:54, 2020-01-01T18:24:06, 2020-01-01T18:24:20, 2020-01-01T18:24:26, 2020-01-01T18:24:39, 2020-01-01T18:24:48, 2020-01-01T18:24:51, 2020-01-01T18:24:53, 2020-01-01T18:24:55, 2020-01-01T18:24:58, 2020-01-01T18:25:36, 2020-01-01T18:25:42, 2020-01-01T18:26:16, 2020-01-01T18:26:36, 2020-01-01T18:26:57, 2020-01-01T18:27:06, 2020-01-01T18:27:07, 2020-01-01T18:27:09, 2020-01-01T18:27:11, 2020-01-01T18:27:17, 2020-01-01T18:27:52, 2020-01-01T18:28:21, 2020-01-01T18:28:23, 2020-01-01T18:28:56, 2020-01-01T18:29:14, 2020-01-01T18:29:29, 2020-01-01T18:29:34, 2020-01-01T18:29:37, 2020-01-01T18:29:38, 2020-01-01T18:29:48, 2020-01-01T18:29:53, 2020-01-01T18:29:58, 2020-01-01T18:30:00, 2020-01-01T18:30:24, 2020-01-01T18:31:15, 2020-01-01T18:31:29, 2020-01-01T18:31:34, 2020-01-01T18:33:19, 2020-01-01T18:33:40, 2020-01-01T18:34:01, 2020-01-01T18:35:22, 2020-01-01T18:35:28, 2020-01-01T18:42:06, 2020-01-01T18:42:56, 2020-01-01T18:43:36, 2020-01-01T18:43:46, 2020-01-01T18:59:33, 2020-01-01T18:59:44, 2020-01-01T19:02:10, 2020-01-01T19:02:21, 2020-01-01T19:02:25, 2020-01-01T19:04:18, 2020-01-01T19:04:28, 2020-01-01T19:20:38, 2020-01-01T19:20:47, 2020-01-01T19:25:12, 2020-01-01T19:25:21, 2020-01-01T19:44:38, 2020-01-01T19:44:48, 2020-01-01T19:50:10, 2020-01-01T19:50:25, 2020-01-01T19:55:17, 2020-01-01T19:55:18, 2020-01-01T19:55:27, 2020-01-01T20:06:11, 2020-01-01T20:06:22, 2020-01-01T20:14:13, 2020-01-01T20:14:31, 2020-01-01T20:14:41, 2020-01-01T20:14:42, 2020-01-01T20:15:43, 2020-01-01T20:15:56, 2020-01-01T20:15:58, 2020-01-01T20:16:05, 2020-01-01T20:17:49, 2020-01-01T20:19:07, 2020-01-01T20:19:43, 2020-01-01T20:19:44, 2020-01-01T20:19:57, 2020-01-01T20:21:51, 2020-01-01T20:22:06, 2020-01-01T20:31:31, 2020-01-01T20:31:42, 2020-01-01T20:38:41, 2020-01-01T20:39:10, 2020-01-01T20:39:13, 2020-01-01T20:39:25, 2020-01-01T20:43:04, 2020-01-01T20:43:53, 2020-01-01T20:45:18, 2020-01-01T20:45:28, 2020-01-01T20:47:14, 2020-01-01T20:48:03, 2020-01-01T20:48:08, 2020-01-01T20:48:58, 2020-01-01T20:50:29, 2020-01-01T20:50:30, 2020-01-01T20:50:45, 2020-01-01T20:50:52, 2020-01-01T20:50:54, 2020-01-01T20:51:16, 2020-01-01T20:53:05, 2020-01-01T20:53:50, 2020-01-01T20:53:57, 2020-01-01T20:54:32, 2020-01-01T20:54:41, 2020-01-01T20:55:29, 2020-01-01T20:56:10, 2020-01-01T20:56:17, 2020-01-01T20:56:27, 2020-01-01T20:56:42, 2020-01-01T20:56:47, 2020-01-01T21:05:00, 2020-01-01T21:05:52, 2020-01-01T21:05:55, 2020-01-01T21:10:36, 2020-01-01T21:10:39, 2020-01-01T21:10:46, 2020-01-01T21:11:40, 2020-01-01T21:16:13, 2020-01-01T21:16:24, 2020-01-01T21:16:34, 2020-01-01T21:18:02, 2020-01-01T21:18:22, 2020-01-01T21:19:25, 2020-01-01T21:20:28, 2020-01-01T21:21:28, 2020-01-01T21:21:55, 2020-01-01T21:22:40, 2020-01-01T21:23:09, 2020-01-01T21:23:36, 2020-01-01T21:23:59, 2020-01-01T21:24:42, 2020-01-01T21:25:03, 2020-01-01T21:25:08, 2020-01-01T21:25:58, 2020-01-01T21:26:16, 2020-01-01T21:27:18, 2020-01-01T21:27:39, 2020-01-01T21:28:38, 2020-01-01T21:28:45, 2020-01-01T21:28:48, 2020-01-01T21:30:31, 2020-01-01T21:31:18, 2020-01-01T21:31:28, 2020-01-01T21:31:35, 2020-01-01T21:33:03, 2020-01-01T21:33:07, 2020-01-01T21:34:01, 2020-01-01T21:34:52, 2020-01-01T21:41:11, 2020-01-01T21:41:22, 2020-01-01T21:42:25, 2020-01-01T21:42:48, 2020-01-01T21:43:12, 2020-01-01T21:43:14, 2020-01-01T21:43:18, 2020-01-01T21:43:38, 2020-01-01T21:44:12, 2020-01-01T21:44:15, 2020-01-01T21:45:02, 2020-01-01T21:45:04, 2020-01-01T21:45:53, 2020-01-01T21:46:27, 2020-01-01T21:50:56, 2020-01-01T21:51:25, 2020-01-01T21:51:49, 2020-01-01T21:52:48, 2020-01-01T21:53:08, 2020-01-01T21:55:16, 2020-01-01T21:55:26, 2020-01-01T21:57:19, 2020-01-01T21:57:29, 2020-01-01T21:57:45, 2020-01-01T22:10:16, 2020-01-01T22:10:26, 2020-01-01T22:11:31, 2020-01-01T22:12:03, 2020-01-01T22:12:54, 2020-01-01T22:19:55, 2020-01-01T22:21:20, 2020-01-01T22:21:46, 2020-01-01T22:22:21, 2020-01-01T22:25:08, 2020-01-01T22:25:58, 2020-01-01T22:39:43, 2020-01-01T22:40:03, 2020-01-01T22:41:41, 2020-01-01T22:42:49, 2020-01-01T22:43:33, 2020-01-01T22:45:23, 2020-01-01T22:45:35, 2020-01-01T22:46:03, 2020-01-01T22:46:20, 2020-01-01T22:46:40, 2020-01-01T22:47:29, 2020-01-01T22:47:47, 2020-01-01T22:49:31, 2020-01-01T22:49:48, 2020-01-01T22:51:02, 2020-01-01T22:53:37, 2020-01-01T22:54:12, 2020-01-01T22:54:33, 2020-01-01T22:55:14, 2020-01-01T22:55:33, 2020-01-01T22:55:44, 2020-01-01T22:56:00, 2020-01-01T22:56:19, 2020-01-01T22:56:42, 2020-01-01T22:56:55, 2020-01-01T23:00:12, 2020-01-01T23:00:14, 2020-01-01T23:00:23, 2020-01-01T23:06:33, 2020-01-01T23:06:44, 2020-01-01T23:55:19, 2020-01-01T23:55:29, 2020-01-01T23:57:43, 2020-01-01T23:58:16, 2020-01-01T23:58:38, 2020-01-01T23:59:03, 2020-01-01T23:59:09, 2020-01-01T23:59:50" }, "geometry": { "type": "LineString", "coordinates": [ [ -98.88205, 19.324992 ], [ -98.88205, 19.324992 ], [ -98.88204, 19.32499 ], [ -98.88204, 19.32499 ], [ -98.88205, 19.324992 ], [ -98.88205, 19.324992 ], [ -98.88205, 19.324992 ], [ -98.88205, 19.324992 ], [ -98.88204, 19.32499 ], [ -98.88205, 19.324992 ], [ -98.88205, 19.324992 ], [ -98.88205, 19.324992 ], [ -98.88205, 19.324992 ], [ -98.88205, 19.324992 ], [ -98.88205, 19.324992 ], [ -98.88205, 19.324992 ], [ -98.88204, 19.32499 ], [ -98.88205, 19.32499 ], [ -98.882031, 19.324993 ], [ -98.88205, 19.32499 ], [ -98.882031, 19.324993 ], [ -98.880037, 19.328091 ], [ -98.880037, 19.328091 ], [ -98.88005, 19.32809 ], [ -98.880037, 19.328091 ], [ -98.880037, 19.328091 ], [ -98.88005, 19.32809 ], [ -98.880037, 19.328091 ], [ -98.88005, 19.32809 ], [ -98.87989, 19.32792 ], [ -98.879873, 19.327917 ], [ -98.87989, 19.32792 ], [ -98.879873, 19.327917 ], [ -98.87989, 19.32792 ], [ -98.879873, 19.327917 ], [ -98.87989, 19.32792 ], [ -98.879873, 19.327917 ], [ -98.87989, 19.32792 ], [ -98.879873, 19.327917 ], [ -98.879873, 19.327917 ], [ -98.87989, 19.32792 ], [ -98.879873, 19.327917 ], [ -98.87989, 19.32792 ], [ -98.879873, 19.327917 ], [ -98.87989, 19.32792 ], [ -98.879873, 19.327917 ], [ -98.87989, 19.32792 ], [ -98.879873, 19.327917 ], [ -98.87986, 19.327944 ], [ -98.87987, 19.32793 ], [ -99.13365, 19.43514 ], [ -98.87987, 19.32793 ], [ -98.87986, 19.327944 ], [ -98.87987, 19.32793 ], [ -98.87986, 19.327944 ], [ -98.87987, 19.32793 ], [ -98.87986, 19.327944 ], [ -98.87987, 19.32793 ], [ -98.87986, 19.327944 ], [ -98.87987, 19.32793 ], [ -98.87986, 19.327944 ], [ -98.87987, 19.32793 ], [ -98.87986, 19.327944 ], [ -98.87987, 19.32793 ], [ -98.87986, 19.327944 ], [ -98.87987, 19.32793 ], [ -98.87986, 19.327944 ], [ -98.87987, 19.32793 ], [ -98.87986, 19.327944 ], [ -98.87987, 19.32793 ], [ -98.87986, 19.327944 ], [ -98.87987, 19.32793 ], [ -98.87986, 19.327944 ], [ -98.87987, 19.32793 ], [ -98.87986, 19.327944 ], [ -98.87987, 19.32793 ], [ -98.87986, 19.327944 ], [ -98.87986, 19.327944 ], [ -98.87987, 19.32793 ], [ -98.87986, 19.327944 ], [ -98.87987, 19.32793 ], [ -98.978824, 19.358435 ], [ -98.978824, 19.358435 ], [ -98.97882, 19.35844 ], [ -98.978824, 19.358435 ], [ -98.978824, 19.358435 ], [ -98.978824, 19.358435 ], [ -98.978824, 19.358435 ], [ -98.978824, 19.358435 ], [ -98.993793, 19.360012 ], [ -98.996336, 19.360702 ], [ -98.97882, 19.35844 ], [ -98.978824, 19.358435 ], [ -99.005218, 19.36407 ], [ -99.005218, 19.36407 ], [ -98.978824, 19.358435 ], [ -98.97882, 19.35844 ], [ -99.016022, 19.37246 ], [ -98.978824, 19.358435 ], [ -99.028069, 19.381221 ], [ -99.033624, 19.384126 ], [ -99.035331, 19.38488 ], [ -99.039733, 19.38772 ], [ -99.047172, 19.391738 ], [ -99.047172, 19.391738 ], [ -99.057378, 19.397561 ], [ -99.059298, 19.398481 ], [ -99.067606, 19.403471 ], [ -99.069363, 19.404774 ], [ -99.069785, 19.404798 ], [ -99.072129, 19.414923 ], [ -99.06979, 19.40479 ], [ -99.069774, 19.404799 ], [ -99.06979, 19.40478 ], [ -99.072065, 19.415269 ], [ -99.072065, 19.415269 ], [ -99.072065, 19.415269 ], [ -99.07206, 19.41525 ], [ -99.072571, 19.415456 ], [ -99.07206, 19.41525 ], [ -99.072065, 19.415269 ], [ -99.072425, 19.415544 ], [ -99.072065, 19.415269 ], [ -99.072114, 19.415881 ], [ -99.072489, 19.415439 ], [ -99.07206, 19.41525 ], [ -99.07249, 19.415439 ], [ -99.072065, 19.415269 ], [ -99.07239, 19.41555 ], [ -99.072065, 19.415269 ], [ -99.072065, 19.415269 ], [ -99.072065, 19.415269 ], [ -99.072065, 19.415269 ], [ -99.072134, 19.415785 ], [ -99.072065, 19.415269 ], [ -99.072065, 19.415269 ], [ -99.072065, 19.415269 ], [ -99.072084, 19.415749 ], [ -99.072065, 19.415269 ], [ -99.072065, 19.415269 ], [ -99.072065, 19.415269 ], [ -99.072078, 19.415391 ], [ -99.072065, 19.415269 ], [ -99.072038, 19.414993 ], [ -99.072065, 19.415269 ], [ -99.072065, 19.415269 ], [ -99.072038, 19.414993 ], [ -99.072065, 19.415269 ], [ -99.072065, 19.415269 ], [ -99.072065, 19.415269 ], [ -99.072065, 19.415269 ], [ -99.072065, 19.415269 ], [ -99.072065, 19.415269 ], [ -99.072065, 19.415269 ], [ -99.084586, 19.407972 ], [ -99.084577, 19.407981 ], [ -99.084577, 19.407981 ], [ -99.084577, 19.407981 ], [ -99.08459, 19.40797 ], [ -99.089555, 19.408598 ], [ -99.092257, 19.408761 ], [ -99.099458, 19.409288 ], [ -99.102843, 19.408637 ], [ -99.102843, 19.408637 ], [ -99.102843, 19.408637 ], [ -99.102843, 19.408637 ], [ -99.102683, 19.408812 ], [ -99.102683, 19.408812 ], [ -99.103512, 19.408567 ], [ -99.104513, 19.408433 ], [ -99.104513, 19.408433 ], [ -99.106921, 19.408191 ], [ -99.10452, 19.40843 ], [ -99.104524, 19.408444 ], [ -99.11397, 19.408792 ], [ -99.11397, 19.408792 ], [ -99.11397, 19.408792 ], [ -99.12054, 19.408093 ], [ -99.133896, 19.408612 ], [ -99.134043, 19.408952 ], [ -99.135384, 19.409579 ], [ -99.135306, 19.409557 ], [ -99.135306, 19.409557 ], [ -99.135382, 19.409437 ], [ -99.135434, 19.409361 ], [ -99.13545, 19.409421 ], [ -99.13545, 19.409421 ], [ -99.13547, 19.4094 ], [ -99.135461, 19.409401 ], [ -99.135324, 19.409457 ], [ -99.135451, 19.409401 ], [ -99.135451, 19.409401 ], [ -99.135451, 19.409401 ], [ -99.135451, 19.409401 ], [ -99.135451, 19.409401 ], [ -99.135367, 19.409636 ], [ -99.135451, 19.409401 ], [ -99.134656, 19.414627 ], [ -99.135451, 19.409401 ], [ -99.134203, 19.417761 ], [ -99.134374, 19.419182 ], [ -99.13547, 19.4094 ], [ -99.135451, 19.409401 ], [ -99.132076, 19.433258 ], [ -99.13208, 19.43325 ], [ -99.132085, 19.433267 ], [ -99.132085, 19.433267 ], [ -99.132915, 19.433356 ], [ -99.13326, 19.43318 ], [ -99.133266, 19.433172 ], [ -99.133266, 19.433172 ], [ -99.13326, 19.43318 ], [ -99.133634, 19.435131 ], [ -99.133266, 19.433172 ], [ -99.133634, 19.435131 ], [ -99.133634, 19.435131 ], [ -99.133634, 19.435131 ], [ -99.133266, 19.433172 ], [ -99.13365, 19.43514 ], [ -99.133634, 19.435131 ], [ -99.133634, 19.435131 ], [ -99.133634, 19.435131 ], [ -99.13365, 19.43514 ], [ -99.13361, 19.43517 ], [ -99.133602, 19.435182 ], [ -99.133602, 19.435182 ], [ -99.133602, 19.435182 ], [ -99.13361, 19.43517 ], [ -99.133602, 19.435182 ], [ -99.13361, 19.43517 ], [ -99.133602, 19.435182 ], [ -99.133602, 19.435182 ], [ -99.133602, 19.435182 ], [ -99.133602, 19.435182 ], [ -99.133602, 19.435182 ], [ -99.133632, 19.435186 ], [ -99.133602, 19.435182 ], [ -99.13364, 19.435179 ], [ -99.133808, 19.435556 ], [ -99.133602, 19.435182 ], [ -99.133602, 19.435182 ], [ -99.133833, 19.43551 ], [ -99.13364, 19.435179 ], [ -99.133833, 19.43551 ], [ -99.13403, 19.43208 ], [ -99.133781, 19.435154 ], [ -99.133781, 19.435154 ], [ -99.133602, 19.435182 ], [ -99.13379, 19.43515 ], [ -99.133602, 19.435182 ], [ -99.133602, 19.435182 ], [ -99.13386, 19.43516 ], [ -99.133856, 19.435163 ], [ -99.133602, 19.435182 ], [ -99.133602, 19.435182 ], [ -99.133602, 19.435182 ], [ -99.133602, 19.435182 ], [ -99.13361, 19.43517 ], [ -99.133856, 19.435163 ], [ -99.133583, 19.435206 ], [ -99.133589, 19.435199 ], [ -99.133577, 19.435211 ], [ -99.133577, 19.435211 ], [ -99.13359, 19.43519 ], [ -99.13357, 19.43521 ], [ -99.133602, 19.435182 ], [ -99.13361, 19.43517 ], [ -99.133602, 19.435182 ], [ -99.13357, 19.43521 ], [ -99.133587, 19.435198 ], [ -99.13355, 19.43522 ], [ -99.13362, 19.43523 ], [ -99.133547, 19.435232 ], [ -99.133539, 19.435216 ], [ -99.133619, 19.43523 ], [ -99.133585, 19.435222 ], [ -99.133585, 19.435222 ], [ -99.133539, 19.435216 ], [ -99.133539, 19.435216 ], [ -99.13359, 19.43522 ], [ -99.133539, 19.435216 ], [ -99.133539, 19.435216 ], [ -99.13355, 19.43522 ], [ -99.133539, 19.435216 ], [ -99.13355, 19.43522 ], [ -99.133539, 19.435216 ], [ -99.133539, 19.435216 ], [ -99.133539, 19.435216 ], [ -99.13355, 19.43522 ], [ -99.133539, 19.435216 ], [ -99.13361, 19.43516 ], [ -99.13361, 19.435176 ], [ -99.133539, 19.435216 ], [ -99.13355, 19.43522 ], [ -99.13362, 19.43521 ], [ -99.133615, 19.435212 ], [ -99.133539, 19.435216 ], [ -99.133617, 19.435211 ], [ -99.133539, 19.435216 ], [ -99.13355, 19.43522 ], [ -99.133539, 19.435216 ], [ -99.13361, 19.43517 ], [ -99.13361, 19.435187 ], [ -99.13438, 19.43612 ], [ -99.134385, 19.436116 ], [ -99.134385, 19.436116 ], [ -99.13364, 19.43525 ], [ -99.133648, 19.435264 ], [ -99.133648, 19.435264 ], [ -99.133648, 19.435264 ], [ -99.13364, 19.43525 ], [ -99.133605, 19.435158 ], [ -99.133605, 19.435158 ], [ -99.13361, 19.43516 ], [ -99.133605, 19.435158 ], [ -99.133605, 19.435158 ], [ -99.13361, 19.43516 ], [ -99.133605, 19.435158 ], [ -99.133605, 19.435158 ], [ -99.13361, 19.43516 ], [ -99.133605, 19.435158 ], [ -99.133605, 19.435158 ], [ -99.133605, 19.435158 ], [ -99.133605, 19.435158 ], [ -99.133605, 19.435158 ], [ -99.133605, 19.435158 ], [ -99.133605, 19.435158 ], [ -99.13361, 19.43516 ], [ -99.13361, 19.43516 ], [ -99.133605, 19.435158 ], [ -99.13361, 19.43516 ], [ -99.133605, 19.435158 ], [ -99.133605, 19.435158 ], [ -99.133605, 19.435158 ], [ -99.13361, 19.43516 ], [ -99.133605, 19.435158 ], [ -99.133605, 19.435158 ], [ -99.133605, 19.435158 ], [ -99.13362, 19.43516 ], [ -99.13361, 19.435169 ], [ -99.133619, 19.435169 ], [ -99.133613, 19.435173 ], [ -99.13361, 19.435175 ], [ -99.133619, 19.435169 ], [ -99.133605, 19.435158 ], [ -99.13361, 19.435175 ], [ -99.133605, 19.435158 ], [ -99.13361, 19.435175 ], [ -99.13361, 19.435169 ], [ -99.13361, 19.435175 ], [ -99.133609, 19.435174 ], [ -99.133609, 19.435174 ], [ -99.133611, 19.435175 ], [ -99.13361, 19.435169 ], [ -99.133605, 19.435158 ], [ -99.133605, 19.435158 ], [ -99.13361, 19.435176 ], [ -99.13361, 19.435176 ], [ -99.13361, 19.435176 ], [ -99.133605, 19.435158 ], [ -99.133605, 19.435158 ], [ -99.13361, 19.435175 ], [ -99.13361, 19.435175 ], [ -99.13361, 19.435169 ], [ -99.13361, 19.435176 ], [ -99.133605, 19.435158 ], [ -99.133605, 19.435158 ], [ -99.133606, 19.435169 ], [ -99.13361, 19.435169 ], [ -99.13361, 19.435176 ], [ -99.13361, 19.435176 ], [ -99.133611, 19.435175 ], [ -99.13361, 19.435175 ], [ -99.13361, 19.43516 ], [ -99.13361, 19.435175 ], [ -99.13361, 19.435174 ], [ -99.133611, 19.435175 ], [ -99.133611, 19.435175 ], [ -99.13362, 19.43516 ], [ -99.133611, 19.435174 ], [ -99.133599, 19.435184 ], [ -99.1336, 19.43517 ], [ -99.133599, 19.435184 ], [ -99.1336, 19.43517 ], [ -99.13369, 19.43528 ], [ -99.133677, 19.435276 ], [ -99.13369, 19.43528 ], [ -99.133677, 19.435276 ], [ -99.133677, 19.435276 ], [ -99.13369, 19.43528 ], [ -99.133677, 19.435276 ], [ -99.1336, 19.43512 ], [ -99.133594, 19.435129 ], [ -99.13362, 19.43514 ], [ -99.133624, 19.435139 ], [ -99.13364, 19.43525 ], [ -99.133649, 19.435262 ], [ -99.133649, 19.435262 ], [ -99.13364, 19.43525 ], [ -99.133649, 19.435262 ], [ -99.133649, 19.435262 ], [ -99.13364, 19.43525 ], [ -99.13364, 19.43525 ], [ -99.133649, 19.435262 ], [ -99.13364, 19.435152 ], [ -99.13365, 19.43516 ], [ -99.13364, 19.435152 ], [ -99.13364, 19.435152 ], [ -99.13364, 19.435152 ], [ -99.13364, 19.435152 ], [ -99.13364, 19.435152 ], [ -99.13364, 19.435152 ], [ -99.13364, 19.435152 ], [ -99.13364, 19.435152 ], [ -99.13364, 19.435152 ], [ -99.13364, 19.435152 ], [ -99.13365, 19.43516 ], [ -99.13363, 19.43517 ], [ -99.133625, 19.435181 ], [ -99.13364, 19.435152 ], [ -99.13365, 19.43516 ], [ -99.13364, 19.435152 ], [ -99.13364, 19.435152 ], [ -99.13364, 19.435152 ], [ -99.13365, 19.43516 ], [ -99.13364, 19.435152 ], [ -99.13365, 19.43516 ], [ -99.13351, 19.43516 ], [ -99.133505, 19.43515 ], [ -99.133505, 19.43515 ], [ -99.133505, 19.43515 ], [ -99.133505, 19.43515 ], [ -99.13351, 19.43516 ], [ -99.133505, 19.43515 ], [ -99.13351, 19.43516 ], [ -99.133505, 19.43515 ], [ -99.133505, 19.43515 ], [ -99.133505, 19.43515 ], [ -99.133505, 19.43515 ], [ -99.13351, 19.43516 ], [ -99.133505, 19.43515 ], [ -99.133505, 19.43515 ], [ -99.133649, 19.43522 ], [ -99.13364, 19.43521 ], [ -99.133649, 19.43522 ], [ -99.133649, 19.43522 ], [ -99.133619, 19.435173 ], [ -99.13363, 19.43518 ], [ -99.133619, 19.435173 ], [ -99.133619, 19.435173 ], [ -99.13363, 19.43518 ], [ -99.133619, 19.435173 ], [ -99.133619, 19.435173 ], [ -99.13363, 19.43518 ], [ -99.133619, 19.435173 ], [ -99.133619, 19.435173 ], [ -99.133619, 19.435173 ], [ -99.13363, 19.43518 ], [ -99.133619, 19.435173 ], [ -99.133619, 19.435173 ], [ -99.133626, 19.435263 ], [ -99.133626, 19.435263 ], [ -99.133632, 19.435253 ], [ -99.133631, 19.435254 ], [ -99.133626, 19.435262 ], [ -99.133626, 19.435262 ], [ -99.133631, 19.435253 ], [ -99.133638, 19.435252 ], [ -99.133638, 19.435252 ], [ -99.133638, 19.43524 ], [ -99.133638, 19.435241 ], [ -99.133639, 19.435253 ], [ -99.13364, 19.43525 ], [ -99.133647, 19.435261 ], [ -99.13363, 19.435254 ], [ -99.133626, 19.435262 ], [ -99.133626, 19.435262 ], [ -99.13364, 19.43525 ], [ -99.133626, 19.435263 ], [ -99.133647, 19.435261 ], [ -99.133626, 19.435263 ], [ -99.13364, 19.43525 ], [ -99.133647, 19.435261 ], [ -99.133638, 19.435241 ], [ -99.133647, 19.435261 ], [ -99.133647, 19.435261 ], [ -99.13364, 19.43525 ], [ -99.133647, 19.435261 ], [ -99.13364, 19.43525 ], [ -99.133647, 19.435261 ], [ -99.133772, 19.433814 ], [ -99.133736, 19.433451 ], [ -99.133647, 19.435261 ], [ -99.133647, 19.435261 ], [ -99.133368, 19.433267 ], [ -99.133024, 19.43332 ], [ -99.133647, 19.435261 ], [ -99.133647, 19.435261 ], [ -99.133647, 19.435261 ], [ -99.133647, 19.435261 ], [ -99.13364, 19.43525 ], [ -99.130979, 19.433459 ], [ -99.132932, 19.424875 ], [ -99.132932, 19.424875 ], [ -99.132932, 19.424875 ], [ -99.134355, 19.416657 ], [ -99.134355, 19.416657 ], [ -99.13504, 19.41459 ], [ -99.135043, 19.414599 ], [ -99.135043, 19.414599 ], [ -99.13504, 19.41459 ], [ -99.135043, 19.414599 ], [ -99.13409, 19.40866 ], [ -99.13407, 19.408651 ], [ -99.13407, 19.408651 ], [ -99.13409, 19.40866 ], [ -99.13407, 19.408651 ], [ -99.082368, 19.40726 ], [ -99.074394, 19.411512 ], [ -99.074394, 19.411512 ], [ -99.07225, 19.414439 ], [ -99.07215, 19.41551 ], [ -99.072137, 19.415523 ], [ -99.017344, 19.373435 ], [ -99.016642, 19.372671 ], [ -99.007717, 19.366475 ], [ -99.006046, 19.364935 ], [ -98.99585, 19.360498 ], [ -98.979002, 19.358693 ], [ -98.979002, 19.358693 ], [ -98.97781, 19.35886 ], [ -98.97781, 19.35886 ], [ -98.977541, 19.358901 ], [ -98.973409, 19.359476 ], [ -98.96995, 19.358997 ], [ -98.965297, 19.34508 ], [ -98.965297, 19.34508 ], [ -98.965297, 19.34508 ], [ -98.958668, 19.349547 ], [ -98.957759, 19.349475 ], [ -98.948259, 19.350784 ], [ -98.963214, 19.346799 ], [ -98.961078, 19.349439 ], [ -98.96109, 19.34944 ], [ -98.961078, 19.349439 ], [ -98.961078, 19.349439 ], [ -98.961078, 19.349439 ], [ -98.96109, 19.34944 ], [ -98.956139, 19.339229 ], [ -98.956139, 19.339229 ], [ -98.95615, 19.33921 ], [ -98.93407, 19.31557 ], [ -98.934052, 19.315585 ], [ -98.8799, 19.32788 ], [ -98.8799, 19.327874 ], [ -98.879942, 19.327771 ], [ -98.879916, 19.327766 ], [ -98.879916, 19.327766 ], [ -98.87992, 19.32776 ], [ -98.879925, 19.327769 ], [ -98.87991, 19.327764 ] ] } },
{ "type": "Feature", "properties": { "device_id": "58ee4880abdef3a5162595f6097584655f2d9f472ce35d95c4f6aeeba3a6f8fc", "timestamps": "2020-01-01T15:18:35, 2020-01-01T15:18:40, 2020-01-01T15:24:00, 2020-01-01T15:24:55, 2020-01-01T15:29:30, 2020-01-01T15:29:45, 2020-01-01T15:34:32, 2020-01-01T15:34:41, 2020-01-01T17:39:36, 2020-01-01T17:39:46, 2020-01-01T17:44:17, 2020-01-01T17:44:27, 2020-01-01T17:49:35, 2020-01-01T17:49:40, 2020-01-01T17:54:13, 2020-01-01T17:54:24, 2020-01-01T17:59:31, 2020-01-01T17:59:42, 2020-01-01T18:04:30, 2020-01-01T18:04:45, 2020-01-01T18:10:18, 2020-01-01T18:10:28, 2020-01-01T18:16:08, 2020-01-01T18:16:58, 2020-01-01T18:21:15, 2020-01-01T18:21:20, 2020-01-01T18:28:30, 2020-01-01T18:28:45, 2020-01-01T18:35:37, 2020-01-01T18:35:47, 2020-01-01T18:41:32, 2020-01-01T18:41:41, 2020-01-01T18:46:02, 2020-01-01T18:46:51, 2020-01-01T18:50:30, 2020-01-01T18:50:45, 2020-01-01T18:51:01, 2020-01-01T18:51:52, 2020-01-01T21:07:09, 2020-01-01T21:07:59, 2020-01-01T21:12:00, 2020-01-01T21:12:55, 2020-01-01T21:14:01, 2020-01-01T21:14:52" }, "geometry": { "type": "LineString", "coordinates": [ [ -99.03529, 19.38494 ], [ -99.035274, 19.384936 ], [ -99.035274, 19.384936 ], [ -99.03529, 19.38494 ], [ -99.03529, 19.38494 ], [ -99.035274, 19.384936 ], [ -99.035274, 19.384936 ], [ -99.03529, 19.38494 ], [ -99.21598, 19.27662 ], [ -99.215982, 19.276611 ], [ -99.215982, 19.276611 ], [ -99.21598, 19.27662 ], [ -99.215982, 19.276611 ], [ -99.21598, 19.27662 ], [ -99.21598, 19.27662 ], [ -99.215982, 19.276611 ], [ -99.21598, 19.27662 ], [ -99.215982, 19.276611 ], [ -99.215982, 19.276611 ], [ -99.21598, 19.27662 ], [ -99.215982, 19.276611 ], [ -99.21598, 19.27662 ], [ -99.215982, 19.276611 ], [ -99.21598, 19.27662 ], [ -99.215982, 19.276611 ], [ -99.21598, 19.27662 ], [ -99.21598, 19.27662 ], [ -99.215982, 19.276611 ], [ -99.215982, 19.276611 ], [ -99.21598, 19.27662 ], [ -99.215982, 19.276611 ], [ -99.21598, 19.27662 ], [ -99.21598, 19.27662 ], [ -99.215982, 19.276611 ], [ -99.215982, 19.276611 ], [ -99.21598, 19.27662 ], [ -99.215982, 19.276611 ], [ -99.21598, 19.27662 ], [ -99.21598, 19.27662 ], [ -99.215982, 19.276611 ], [ -99.215982, 19.276611 ], [ -99.21598, 19.27662 ], [ -99.215982, 19.276611 ], [ -99.21598, 19.27662 ] ] } },
{ "type": "Feature", "properties": { "device_id": "f5542c48c4236354e90ff8fe1fadab106334e9b40ddb15e8c97f2831d1d0f06c", "timestamps": "2020-01-01T06:04:11, 2020-01-01T06:04:22, 2020-01-01T06:07:07, 2020-01-01T06:07:57, 2020-01-01T06:12:07, 2020-01-01T06:12:57, 2020-01-01T06:46:03, 2020-01-01T06:46:54, 2020-01-01T07:24:31, 2020-01-01T07:24:42, 2020-01-01T07:46:16, 2020-01-01T07:46:26, 2020-01-01T08:22:02, 2020-01-01T08:22:51, 2020-01-01T09:00:19, 2020-01-01T09:00:29, 2020-01-01T09:37:17, 2020-01-01T09:37:27, 2020-01-01T10:17:11, 2020-01-01T10:17:22, 2020-01-01T10:19:33, 2020-01-01T10:19:44, 2020-01-01T10:38:00, 2020-01-01T10:38:55, 2020-01-01T11:15:14, 2020-01-01T11:15:23, 2020-01-01T11:31:09, 2020-01-01T11:31:59, 2020-01-01T11:34:07, 2020-01-01T11:34:57, 2020-01-01T12:03:04, 2020-01-01T12:03:53, 2020-01-01T12:18:12, 2020-01-01T12:18:21, 2020-01-01T12:42:02, 2020-01-01T12:42:51, 2020-01-01T13:21:33, 2020-01-01T13:21:44, 2020-01-01T14:02:03, 2020-01-01T14:02:54, 2020-01-01T14:12:01, 2020-01-01T14:12:52, 2020-01-01T14:21:36, 2020-01-01T14:21:46, 2020-01-01T14:28:06, 2020-01-01T14:28:13, 2020-01-01T14:28:24, 2020-01-01T14:28:56, 2020-01-01T14:52:39, 2020-01-01T14:52:49, 2020-01-01T14:57:08, 2020-01-01T14:57:58, 2020-01-01T15:04:35, 2020-01-01T15:04:40, 2020-01-01T15:09:14, 2020-01-01T15:09:23, 2020-01-01T15:21:17, 2020-01-01T15:21:27, 2020-01-01T15:24:30, 2020-01-01T15:24:45, 2020-01-01T15:51:15, 2020-01-01T15:51:20, 2020-01-01T15:56:12, 2020-01-01T15:56:21, 2020-01-01T16:00:15, 2020-01-01T16:00:20, 2020-01-01T16:08:36, 2020-01-01T16:08:46, 2020-01-01T16:53:01, 2020-01-01T16:53:52, 2020-01-01T17:53:10, 2020-01-01T17:53:25, 2020-01-01T17:58:36, 2020-01-01T17:58:46, 2020-01-01T18:03:06, 2020-01-01T18:03:09, 2020-01-01T18:03:56, 2020-01-01T18:03:59, 2020-01-01T18:07:35, 2020-01-01T18:07:40, 2020-01-01T18:08:16, 2020-01-01T18:08:26, 2020-01-01T18:13:37, 2020-01-01T18:13:47, 2020-01-01T18:14:38, 2020-01-01T18:14:48, 2020-01-01T18:17:33, 2020-01-01T18:17:44, 2020-01-01T18:19:17, 2020-01-01T18:19:27, 2020-01-01T18:20:35, 2020-01-01T18:20:40, 2020-01-01T18:24:07, 2020-01-01T18:24:57, 2020-01-01T18:27:07, 2020-01-01T18:27:57, 2020-01-01T18:29:08, 2020-01-01T18:29:58, 2020-01-01T18:34:02, 2020-01-01T18:34:51, 2020-01-01T18:35:03, 2020-01-01T18:35:54, 2020-01-01T18:38:08, 2020-01-01T18:38:58, 2020-01-01T18:41:19, 2020-01-01T18:41:29, 2020-01-01T18:44:08, 2020-01-01T18:44:58, 2020-01-01T18:46:18, 2020-01-01T18:46:28, 2020-01-01T18:49:15, 2020-01-01T18:49:20, 2020-01-01T18:51:07, 2020-01-01T18:51:57, 2020-01-01T18:54:09, 2020-01-01T18:54:59, 2020-01-01T18:56:11, 2020-01-01T18:56:22, 2020-01-01T19:00:06, 2020-01-01T19:00:56, 2020-01-01T19:01:10, 2020-01-01T19:01:25, 2020-01-01T19:06:14, 2020-01-01T19:06:23, 2020-01-01T19:08:19, 2020-01-01T19:08:29, 2020-01-01T19:12:13, 2020-01-01T19:12:24, 2020-01-01T19:13:39, 2020-01-01T19:13:49, 2020-01-01T19:16:06, 2020-01-01T19:16:56, 2020-01-01T19:18:16, 2020-01-01T19:18:26, 2020-01-01T19:22:10, 2020-01-01T19:22:25, 2020-01-01T19:24:09, 2020-01-01T19:24:59, 2020-01-01T19:28:13, 2020-01-01T19:28:24, 2020-01-01T19:29:19, 2020-01-01T19:29:29, 2020-01-01T19:33:34, 2020-01-01T19:33:43, 2020-01-01T19:34:39, 2020-01-01T19:34:49, 2020-01-01T19:38:38, 2020-01-01T19:38:48, 2020-01-01T19:39:01, 2020-01-01T19:39:52, 2020-01-01T19:44:00, 2020-01-01T19:44:55, 2020-01-01T19:45:04, 2020-01-01T19:45:53, 2020-01-01T19:48:38, 2020-01-01T19:48:48, 2020-01-01T19:50:02, 2020-01-01T19:50:51, 2020-01-01T19:54:05, 2020-01-01T19:54:50, 2020-01-01T19:56:08, 2020-01-01T19:56:58, 2020-01-01T20:01:13, 2020-01-01T20:01:24, 2020-01-01T20:02:11, 2020-01-01T20:02:22, 2020-01-01T20:08:00, 2020-01-01T20:08:55, 2020-01-01T20:09:04, 2020-01-01T20:09:53, 2020-01-01T20:11:13, 2020-01-01T20:11:24, 2020-01-01T20:14:08, 2020-01-01T20:14:58, 2020-01-01T20:17:17, 2020-01-01T20:17:27, 2020-01-01T20:19:04, 2020-01-01T20:19:53, 2020-01-01T20:22:11, 2020-01-01T20:22:22, 2020-01-01T20:24:39, 2020-01-01T20:24:49, 2020-01-01T20:30:15, 2020-01-01T20:30:20, 2020-01-01T20:31:38, 2020-01-01T20:31:48, 2020-01-01T20:35:16, 2020-01-01T20:35:26, 2020-01-01T20:36:14, 2020-01-01T20:36:23, 2020-01-01T20:40:09, 2020-01-01T20:40:59, 2020-01-01T20:41:16, 2020-01-01T20:41:26, 2020-01-01T20:47:10, 2020-01-01T20:47:16, 2020-01-01T20:47:25, 2020-01-01T20:52:10, 2020-01-01T20:52:25, 2020-01-01T20:53:07, 2020-01-01T20:53:57, 2020-01-01T20:56:01, 2020-01-01T20:56:52, 2020-01-01T20:59:37, 2020-01-01T20:59:47, 2020-01-01T21:03:01, 2020-01-01T21:03:52, 2020-01-01T21:05:16, 2020-01-01T21:05:26, 2020-01-01T21:07:32, 2020-01-01T21:07:41, 2020-01-01T21:10:15, 2020-01-01T21:10:20, 2020-01-01T21:13:33, 2020-01-01T21:13:44, 2020-01-01T21:15:13, 2020-01-01T21:15:24, 2020-01-01T21:19:31, 2020-01-01T21:19:42, 2020-01-01T21:21:01, 2020-01-01T21:21:52, 2020-01-01T21:27:09, 2020-01-01T21:27:59, 2020-01-01T21:30:13, 2020-01-01T21:30:24, 2020-01-01T21:32:13, 2020-01-01T21:32:24, 2020-01-01T21:35:02, 2020-01-01T21:35:51, 2020-01-01T21:46:08, 2020-01-01T21:46:19, 2020-01-01T21:46:29, 2020-01-01T21:46:58, 2020-01-01T21:51:11, 2020-01-01T21:51:22, 2020-01-01T21:51:34, 2020-01-01T21:51:43, 2020-01-01T21:56:34, 2020-01-01T21:56:36, 2020-01-01T21:56:43, 2020-01-01T21:56:46, 2020-01-01T22:01:15, 2020-01-01T22:01:20, 2020-01-01T22:02:39, 2020-01-01T22:02:49, 2020-01-01T22:06:15, 2020-01-01T22:06:20, 2020-01-01T22:07:11, 2020-01-01T22:07:22, 2020-01-01T22:07:31, 2020-01-01T22:07:42, 2020-01-01T22:11:38, 2020-01-01T22:11:48, 2020-01-01T22:12:04, 2020-01-01T22:12:53, 2020-01-01T22:16:39, 2020-01-01T22:16:49, 2020-01-01T22:17:19, 2020-01-01T22:17:29, 2020-01-01T22:22:02, 2020-01-01T22:22:51, 2020-01-01T22:23:05, 2020-01-01T22:23:50, 2020-01-01T22:33:02, 2020-01-01T22:33:51, 2020-01-01T22:34:38, 2020-01-01T22:34:48, 2020-01-01T22:38:03, 2020-01-01T22:38:54, 2020-01-01T22:39:18, 2020-01-01T22:39:28, 2020-01-01T22:42:05, 2020-01-01T22:42:50, 2020-01-01T22:44:05, 2020-01-01T22:44:50, 2020-01-01T22:49:14, 2020-01-01T22:49:23, 2020-01-01T22:50:15, 2020-01-01T22:50:20, 2020-01-01T22:53:15, 2020-01-01T22:53:20, 2020-01-01T22:55:00, 2020-01-01T22:55:55, 2020-01-01T23:00:34, 2020-01-01T23:00:43, 2020-01-01T23:01:32, 2020-01-01T23:01:41, 2020-01-01T23:04:09, 2020-01-01T23:04:59, 2020-01-01T23:06:03, 2020-01-01T23:06:54, 2020-01-01T23:10:07, 2020-01-01T23:10:57, 2020-01-01T23:11:14, 2020-01-01T23:11:23, 2020-01-01T23:15:10, 2020-01-01T23:15:25, 2020-01-01T23:16:30, 2020-01-01T23:16:45, 2020-01-01T23:21:00, 2020-01-01T23:21:19, 2020-01-01T23:21:29, 2020-01-01T23:21:55, 2020-01-01T23:24:14, 2020-01-01T23:24:23, 2020-01-01T23:26:04, 2020-01-01T23:26:53, 2020-01-01T23:30:01, 2020-01-01T23:30:52, 2020-01-01T23:31:18, 2020-01-01T23:31:28, 2020-01-01T23:37:00, 2020-01-01T23:37:55, 2020-01-01T23:39:01, 2020-01-01T23:39:52, 2020-01-01T23:42:34, 2020-01-01T23:42:43, 2020-01-01T23:44:05, 2020-01-01T23:44:50, 2020-01-01T23:47:13, 2020-01-01T23:47:24, 2020-01-01T23:50:14, 2020-01-01T23:50:23, 2020-01-01T23:50:39, 2020-01-01T23:50:49, 2020-01-01T23:55:08, 2020-01-01T23:55:58" }, "geometry": { "type": "LineString", "coordinates": [ [ -98.95026, 19.39875 ], [ -98.950264, 19.398764 ], [ -98.95026, 19.39875 ], [ -98.950264, 19.398764 ], [ -98.95026, 19.39875 ], [ -98.950264, 19.398764 ], [ -98.95026, 19.39875 ], [ -98.950264, 19.398764 ], [ -98.95026, 19.39875 ], [ -98.950264, 19.398764 ], [ -98.95026, 19.39875 ], [ -98.950264, 19.398764 ], [ -98.95026, 19.39875 ], [ -98.950264, 19.398764 ], [ -98.95026, 19.39875 ], [ -98.950264, 19.398764 ], [ -98.95026, 19.39875 ], [ -98.950264, 19.398764 ], [ -98.95026, 19.39875 ], [ -98.950264, 19.398764 ], [ -98.950264, 19.398764 ], [ -98.95026, 19.39875 ], [ -98.950264, 19.398764 ], [ -98.95026, 19.39875 ], [ -98.95026, 19.39875 ], [ -98.950264, 19.398764 ], [ -98.950264, 19.398764 ], [ -98.95026, 19.39875 ], [ -98.95026, 19.39875 ], [ -98.950264, 19.398764 ], [ -98.95026, 19.39875 ], [ -98.950264, 19.398764 ], [ -98.95026, 19.39875 ], [ -98.950264, 19.398764 ], [ -98.95026, 19.39875 ], [ -98.950264, 19.398764 ], [ -98.95026, 19.39875 ], [ -98.950264, 19.398764 ], [ -98.95026, 19.39875 ], [ -98.950264, 19.398764 ], [ -98.95026, 19.39875 ], [ -98.950264, 19.398764 ], [ -98.950264, 19.398764 ], [ -98.95026, 19.39875 ], [ -98.95029, 19.39869 ], [ -98.95029, 19.39868 ], [ -98.950274, 19.398697 ], [ -98.950274, 19.398697 ], [ -98.950268, 19.398702 ], [ -98.95026, 19.3987 ], [ -98.95025, 19.3987 ], [ -98.950236, 19.398705 ], [ -98.95025, 19.39867 ], [ -98.950235, 19.398675 ], [ -98.9502, 19.39866 ], [ -98.950193, 19.398688 ], [ -98.950231, 19.398675 ], [ -98.95025, 19.39867 ], [ -98.95026, 19.39875 ], [ -98.950264, 19.398764 ], [ -98.950339, 19.398736 ], [ -98.95035, 19.39874 ], [ -98.950271, 19.398777 ], [ -98.95029, 19.39877 ], [ -98.95035, 19.39873 ], [ -98.950335, 19.398747 ], [ -98.95026, 19.39875 ], [ -98.950264, 19.398764 ], [ -99.03508, 19.38488 ], [ -99.035084, 19.384892 ], [ -99.133678, 19.429993 ], [ -99.13369, 19.42999 ], [ -99.133678, 19.429993 ], [ -99.13369, 19.42999 ], [ -99.13369, 19.42999 ], [ -99.1347, 19.43006 ], [ -99.133678, 19.429993 ], [ -99.134691, 19.43005 ], [ -99.134705, 19.430069 ], [ -99.13471, 19.43005 ], [ -99.133678, 19.429993 ], [ -99.13369, 19.42999 ], [ -99.13472, 19.43006 ], [ -99.134721, 19.430054 ], [ -99.133678, 19.429993 ], [ -99.13369, 19.42999 ], [ -99.13472, 19.43006 ], [ -99.134723, 19.430055 ], [ -99.133678, 19.429993 ], [ -99.13369, 19.42999 ], [ -99.1347, 19.43006 ], [ -99.134695, 19.43005 ], [ -99.133678, 19.429993 ], [ -99.13369, 19.42999 ], [ -99.134724, 19.430058 ], [ -99.13472, 19.43006 ], [ -99.13369, 19.42999 ], [ -99.133678, 19.429993 ], [ -99.134727, 19.430055 ], [ -99.13472, 19.43006 ], [ -99.133678, 19.429993 ], [ -99.13369, 19.42999 ], [ -99.13473, 19.43007 ], [ -99.134711, 19.430082 ], [ -99.133678, 19.429993 ], [ -99.13369, 19.42999 ], [ -99.134746, 19.430059 ], [ -99.13474, 19.43006 ], [ -99.133678, 19.429993 ], [ -99.13369, 19.42999 ], [ -99.134715, 19.430057 ], [ -99.13473, 19.43006 ], [ -99.13369, 19.42999 ], [ -99.133678, 19.429993 ], [ -99.134711, 19.430053 ], [ -99.13473, 19.43006 ], [ -99.13369, 19.42999 ], [ -99.133678, 19.429993 ], [ -99.13502, 19.43008 ], [ -99.135029, 19.430072 ], [ -99.133678, 19.429993 ], [ -99.13369, 19.42999 ], [ -99.13472, 19.43006 ], [ -99.134729, 19.430054 ], [ -99.133678, 19.429993 ], [ -99.13369, 19.42999 ], [ -99.134716, 19.430082 ], [ -99.13473, 19.43007 ], [ -99.13369, 19.42999 ], [ -99.133678, 19.429993 ], [ -99.13473, 19.43007 ], [ -99.134717, 19.430082 ], [ -99.13369, 19.42999 ], [ -99.133678, 19.429993 ], [ -99.13471, 19.430058 ], [ -99.13472, 19.43006 ], [ -99.133678, 19.429993 ], [ -99.13369, 19.42999 ], [ -99.135025, 19.43009 ], [ -99.13502, 19.43009 ], [ -99.13369, 19.42999 ], [ -99.133678, 19.429993 ], [ -99.134712, 19.430057 ], [ -99.13473, 19.43006 ], [ -99.13369, 19.42999 ], [ -99.133678, 19.429993 ], [ -99.13505, 19.43009 ], [ -99.135036, 19.430102 ], [ -99.133678, 19.429993 ], [ -99.13369, 19.42999 ], [ -99.13501, 19.43008 ], [ -99.135002, 19.430078 ], [ -99.133678, 19.429993 ], [ -99.13369, 19.42999 ], [ -99.13471, 19.43006 ], [ -99.134706, 19.430055 ], [ -99.13369, 19.42999 ], [ -99.133678, 19.429993 ], [ -99.13471, 19.43006 ], [ -99.134706, 19.430051 ], [ -99.133678, 19.429993 ], [ -99.13369, 19.42999 ], [ -99.13472, 19.43006 ], [ -99.134729, 19.430053 ], [ -99.13369, 19.42999 ], [ -99.133678, 19.429993 ], [ -99.134706, 19.430052 ], [ -99.13471, 19.43006 ], [ -99.13369, 19.42999 ], [ -99.133678, 19.429993 ], [ -99.13471, 19.43006 ], [ -99.134708, 19.430053 ], [ -99.133678, 19.429993 ], [ -99.13369, 19.42999 ], [ -99.13472, 19.43006 ], [ -99.134726, 19.430057 ], [ -99.13369, 19.42999 ], [ -99.133678, 19.429993 ], [ -99.13473, 19.43007 ], [ -99.134715, 19.430082 ], [ -99.13369, 19.42999 ], [ -99.133678, 19.429993 ], [ -99.13469, 19.43006 ], [ -99.134677, 19.430054 ], [ -99.13369, 19.42999 ], [ -99.133678, 19.429993 ], [ -99.134721, 19.430056 ], [ -99.13472, 19.43006 ], [ -99.133678, 19.429993 ], [ -99.13369, 19.42999 ], [ -99.13472, 19.43006 ], [ -99.13471, 19.430059 ], [ -99.133678, 19.429993 ], [ -99.13369, 19.42999 ], [ -99.13369, 19.42999 ], [ -99.13473, 19.43006 ], [ -99.133678, 19.429993 ], [ -99.13473, 19.43006 ], [ -99.134713, 19.430057 ], [ -99.133678, 19.429993 ], [ -99.13369, 19.42999 ], [ -99.13472, 19.43006 ], [ -99.134724, 19.430055 ], [ -99.133678, 19.429993 ], [ -99.13369, 19.42999 ], [ -99.13471, 19.43006 ], [ -99.134704, 19.430058 ], [ -99.13369, 19.42999 ], [ -99.133678, 19.429993 ], [ -99.13473, 19.43006 ], [ -99.134711, 19.430058 ], [ -99.13369, 19.42999 ], [ -99.133678, 19.429993 ], [ -99.13471, 19.43006 ], [ -99.134703, 19.430055 ], [ -99.13369, 19.42999 ], [ -99.133678, 19.429993 ], [ -99.13472, 19.43006 ], [ -99.13471, 19.430057 ], [ -99.13369, 19.42999 ], [ -99.133678, 19.429993 ], [ -99.134725, 19.430058 ], [ -99.13472, 19.43006 ], [ -99.13369, 19.42999 ], [ -99.133678, 19.429993 ], [ -99.13472, 19.43006 ], [ -99.134724, 19.430053 ], [ -99.13369, 19.42999 ], [ -99.133678, 19.429993 ], [ -99.13469, 19.430106 ], [ -99.133678, 19.429993 ], [ -99.13369, 19.42999 ], [ -99.13469, 19.43009 ], [ -99.133678, 19.429993 ], [ -99.13369, 19.42999 ], [ -99.13469, 19.43006 ], [ -99.134677, 19.430054 ], [ -99.13369, 19.42999 ], [ -99.134766, 19.43008 ], [ -99.133678, 19.429993 ], [ -99.13476, 19.43007 ], [ -99.13469, 19.43006 ], [ -99.134677, 19.430054 ], [ -99.133678, 19.429993 ], [ -99.13369, 19.42999 ], [ -99.134722, 19.430058 ], [ -99.13472, 19.43006 ], [ -99.13369, 19.42999 ], [ -99.133678, 19.429993 ], [ -99.134716, 19.430084 ], [ -99.13473, 19.43007 ], [ -99.134759, 19.430093 ], [ -99.13477, 19.43009 ], [ -99.13369, 19.42999 ], [ -99.133678, 19.429993 ], [ -99.134736, 19.430073 ], [ -99.13475, 19.43008 ], [ -99.133678, 19.429993 ], [ -99.13369, 19.42999 ], [ -99.134762, 19.430086 ], [ -99.13476, 19.43007 ], [ -99.13369, 19.42999 ], [ -99.133678, 19.429993 ], [ -99.134805, 19.430021 ], [ -99.13481, 19.43001 ], [ -99.133678, 19.429993 ], [ -99.13369, 19.42999 ], [ -99.13472, 19.43006 ], [ -99.134722, 19.430057 ], [ -99.133678, 19.429993 ], [ -99.13369, 19.42999 ], [ -99.134702, 19.430053 ], [ -99.13471, 19.43006 ], [ -99.13369, 19.42999 ], [ -99.133678, 19.429993 ], [ -99.134705, 19.430052 ], [ -99.13471, 19.43006 ], [ -99.133678, 19.429993 ], [ -99.13369, 19.42999 ], [ -99.13471, 19.430059 ], [ -99.13472, 19.43006 ], [ -99.133678, 19.429993 ], [ -99.13369, 19.42999 ], [ -99.13472, 19.43006 ], [ -99.134728, 19.430055 ], [ -99.13369, 19.42999 ], [ -99.133678, 19.429993 ], [ -99.134697, 19.43005 ], [ -99.1347, 19.43006 ], [ -99.133678, 19.429993 ], [ -99.13369, 19.42999 ], [ -99.134723, 19.430058 ], [ -99.13472, 19.43006 ], [ -99.13369, 19.42999 ], [ -99.133678, 19.429993 ], [ -99.134717, 19.43008 ], [ -99.13473, 19.43007 ], [ -99.133678, 19.429993 ], [ -99.13369, 19.42999 ], [ -99.13473, 19.43006 ], [ -99.13369, 19.42999 ], [ -99.133678, 19.429993 ], [ -99.134715, 19.430057 ], [ -99.134717, 19.430084 ], [ -99.13473, 19.43007 ], [ -99.13369, 19.42999 ], [ -99.133678, 19.429993 ], [ -99.13472, 19.43006 ], [ -99.134724, 19.430053 ], [ -99.13369, 19.42999 ], [ -99.133678, 19.429993 ], [ -99.13472, 19.43006 ], [ -99.134724, 19.430053 ], [ -99.13369, 19.42999 ], [ -99.133678, 19.429993 ], [ -99.134698, 19.430069 ], [ -99.1347, 19.43005 ], [ -99.133678, 19.429993 ], [ -99.13369, 19.42999 ], [ -99.134713, 19.43008 ], [ -99.13473, 19.43007 ], [ -99.133678, 19.429993 ], [ -99.13369, 19.42999 ], [ -99.1347, 19.43006 ], [ -99.134698, 19.430052 ], [ -99.133678, 19.429993 ], [ -99.13369, 19.42999 ] ] } },
{ "type": "Feature", "properties": { "device_id": "9d3f3835a62699529a1825edc43da095dd47c3b3b59af1ab4798fa485e94c0cc", "timestamps": "2020-01-01T11:40:40, 2020-01-01T11:41:24, 2020-01-01T11:42:05, 2020-01-01T16:31:21, 2020-01-01T16:31:31, 2020-01-01T16:31:55, 2020-01-01T16:32:07, 2020-01-01T16:32:42, 2020-01-01T16:32:47, 2020-01-01T16:34:08, 2020-01-01T16:34:14, 2020-01-01T16:36:27, 2020-01-01T16:36:54, 2020-01-01T16:37:01, 2020-01-01T16:37:41, 2020-01-01T16:38:16, 2020-01-01T16:38:34, 2020-01-01T16:38:53, 2020-01-01T16:40:21, 2020-01-01T16:40:28, 2020-01-01T16:40:50, 2020-01-01T16:40:55, 2020-01-01T16:41:05, 2020-01-01T16:41:21, 2020-01-01T16:41:37, 2020-01-01T16:41:42, 2020-01-01T16:41:50, 2020-01-01T16:47:44, 2020-01-01T16:47:51, 2020-01-01T16:48:20, 2020-01-01T16:48:43, 2020-01-01T16:49:04, 2020-01-01T16:49:10, 2020-01-01T16:50:33, 2020-01-01T16:52:12, 2020-01-01T16:52:43, 2020-01-01T16:53:05, 2020-01-01T16:53:19, 2020-01-01T16:53:25, 2020-01-01T16:53:32, 2020-01-01T16:53:57, 2020-01-01T16:54:13, 2020-01-01T16:57:22, 2020-01-01T16:57:44, 2020-01-01T16:58:48, 2020-01-01T16:58:54, 2020-01-01T16:59:48, 2020-01-01T17:00:28, 2020-01-01T17:01:12, 2020-01-01T17:02:23, 2020-01-01T17:03:26, 2020-01-01T17:04:43, 2020-01-01T17:05:27, 2020-01-01T17:05:46, 2020-01-01T17:06:12, 2020-01-01T17:07:33, 2020-01-01T17:07:42, 2020-01-01T17:08:04, 2020-01-01T17:08:10, 2020-01-01T17:08:58, 2020-01-01T17:09:58, 2020-01-01T17:10:21, 2020-01-01T17:10:26, 2020-01-01T17:10:51, 2020-01-01T17:11:17, 2020-01-01T17:11:41, 2020-01-01T17:12:35, 2020-01-01T17:12:50, 2020-01-01T17:13:09, 2020-01-01T17:13:14, 2020-01-01T17:13:54, 2020-01-01T17:14:22, 2020-01-01T17:15:10, 2020-01-01T17:16:18, 2020-01-01T17:17:28, 2020-01-01T17:17:45, 2020-01-01T17:18:06, 2020-01-01T17:18:23, 2020-01-01T17:18:37, 2020-01-01T17:18:42, 2020-01-01T17:19:59, 2020-01-01T17:20:45, 2020-01-01T17:21:07, 2020-01-01T17:21:26, 2020-01-01T17:21:47, 2020-01-01T17:22:34, 2020-01-01T17:25:22, 2020-01-01T17:26:03, 2020-01-01T17:26:44, 2020-01-01T17:27:03, 2020-01-01T17:28:10, 2020-01-01T17:28:29, 2020-01-01T17:28:46, 2020-01-01T17:29:24, 2020-01-01T17:29:33, 2020-01-01T17:30:12, 2020-01-01T17:30:17, 2020-01-01T17:31:31, 2020-01-01T17:31:53, 2020-01-01T17:32:03, 2020-01-01T17:32:30, 2020-01-01T17:32:38, 2020-01-01T17:32:58, 2020-01-01T17:33:06, 2020-01-01T17:33:45, 2020-01-01T17:33:52, 2020-01-01T17:34:11, 2020-01-01T17:35:47, 2020-01-01T17:35:57, 2020-01-01T17:36:05, 2020-01-01T17:36:19, 2020-01-01T17:36:24, 2020-01-01T17:37:07, 2020-01-01T17:37:12, 2020-01-01T17:37:20, 2020-01-01T17:38:35, 2020-01-01T17:38:43, 2020-01-01T17:39:34, 2020-01-01T17:39:55, 2020-01-01T17:40:16, 2020-01-01T17:40:39, 2020-01-01T17:41:25, 2020-01-01T17:41:30, 2020-01-01T17:41:57, 2020-01-01T17:42:16, 2020-01-01T17:43:41, 2020-01-01T17:44:11, 2020-01-01T17:44:47, 2020-01-01T17:45:22, 2020-01-01T17:46:57, 2020-01-01T17:47:05, 2020-01-01T17:47:28, 2020-01-01T17:47:34, 2020-01-01T17:55:10, 2020-01-01T17:55:18, 2020-01-01T17:55:40, 2020-01-01T17:55:46, 2020-01-01T17:56:05, 2020-01-01T17:56:28, 2020-01-01T17:56:33, 2020-01-01T17:56:52, 2020-01-01T17:57:42, 2020-01-01T17:58:03, 2020-01-01T17:59:15, 2020-01-01T18:00:46, 2020-01-01T18:00:52, 2020-01-01T18:01:41, 2020-01-01T18:02:38, 2020-01-01T18:03:02, 2020-01-01T18:04:26, 2020-01-01T18:05:24, 2020-01-01T18:06:15, 2020-01-01T18:06:21, 2020-01-01T18:06:49, 2020-01-01T18:07:10, 2020-01-01T18:07:27, 2020-01-01T18:08:12, 2020-01-01T18:08:40, 2020-01-01T18:09:47, 2020-01-01T18:10:13, 2020-01-01T18:10:14, 2020-01-01T18:10:25, 2020-01-01T18:10:29, 2020-01-01T18:10:43, 2020-01-01T18:11:10, 2020-01-01T18:11:17, 2020-01-01T18:11:33, 2020-01-01T18:11:58, 2020-01-01T18:12:05, 2020-01-01T18:12:23, 2020-01-01T18:13:19, 2020-01-01T18:13:26, 2020-01-01T18:13:31, 2020-01-01T18:14:06, 2020-01-01T18:14:30, 2020-01-01T18:14:50, 2020-01-01T18:15:58, 2020-01-01T18:16:14, 2020-01-01T18:16:19, 2020-01-01T18:16:24, 2020-01-01T18:16:49, 2020-01-01T18:19:40, 2020-01-01T18:20:19, 2020-01-01T18:20:44, 2020-01-01T18:21:03, 2020-01-01T18:24:28, 2020-01-01T18:24:33, 2020-01-01T18:24:41, 2020-01-01T18:24:58, 2020-01-01T18:25:03, 2020-01-01T18:25:08, 2020-01-01T18:25:51, 2020-01-01T18:25:59, 2020-01-01T18:26:17, 2020-01-01T18:27:21, 2020-01-01T18:27:26, 2020-01-01T18:27:47, 2020-01-01T18:28:07, 2020-01-01T18:28:27, 2020-01-01T18:29:36, 2020-01-01T18:29:44, 2020-01-01T18:30:11, 2020-01-01T18:30:53, 2020-01-01T18:30:58, 2020-01-01T18:31:07, 2020-01-01T18:32:27, 2020-01-01T18:32:56, 2020-01-01T18:34:12, 2020-01-01T18:34:18, 2020-01-01T18:34:44, 2020-01-01T18:37:27, 2020-01-01T18:37:35, 2020-01-01T18:37:55, 2020-01-01T18:38:02, 2020-01-01T18:38:21, 2020-01-01T18:38:44, 2020-01-01T18:38:51, 2020-01-01T18:39:27, 2020-01-01T18:40:13, 2020-01-01T18:40:20, 2020-01-01T18:41:02, 2020-01-01T18:42:11, 2020-01-01T18:42:19, 2020-01-01T18:42:42, 2020-01-01T18:42:49, 2020-01-01T18:43:31, 2020-01-01T18:43:36, 2020-01-01T18:45:01, 2020-01-01T18:45:07, 2020-01-01T18:47:49, 2020-01-01T18:47:55, 2020-01-01T18:48:11, 2020-01-01T18:48:41, 2020-01-01T18:48:59, 2020-01-01T18:49:30, 2020-01-01T18:49:39, 2020-01-01T18:49:58, 2020-01-01T18:50:01, 2020-01-01T18:50:53, 2020-01-01T18:51:55, 2020-01-01T18:52:15, 2020-01-01T18:52:21, 2020-01-01T18:52:32, 2020-01-01T18:53:03, 2020-01-01T18:53:33, 2020-01-01T18:53:58, 2020-01-01T18:54:21, 2020-01-01T18:54:26, 2020-01-01T18:54:44, 2020-01-01T18:55:02, 2020-01-01T18:55:12, 2020-01-01T18:55:36, 2020-01-01T18:56:03, 2020-01-01T18:56:23, 2020-01-01T18:56:41, 2020-01-01T18:57:17, 2020-01-01T18:57:44, 2020-01-01T18:58:52, 2020-01-01T18:59:28, 2020-01-01T19:07:32, 2020-01-01T19:07:41, 2020-01-01T19:09:10, 2020-01-01T19:09:20, 2020-01-01T19:10:58, 2020-01-01T19:11:05, 2020-01-01T19:12:02, 2020-01-01T19:12:19, 2020-01-01T19:12:52, 2020-01-01T19:13:02, 2020-01-01T19:13:24, 2020-01-01T19:13:50, 2020-01-01T19:13:56, 2020-01-01T19:14:31, 2020-01-01T19:15:13, 2020-01-01T19:15:18, 2020-01-01T19:15:26, 2020-01-01T19:15:31, 2020-01-01T19:15:56, 2020-01-01T19:17:15, 2020-01-01T19:17:21, 2020-01-01T19:17:48, 2020-01-01T19:17:53, 2020-01-01T19:18:21, 2020-01-01T19:18:26, 2020-01-01T19:19:05, 2020-01-01T19:19:11, 2020-01-01T19:20:23, 2020-01-01T19:20:34, 2020-01-01T19:20:39, 2020-01-01T19:22:02, 2020-01-01T19:22:27, 2020-01-01T19:22:50, 2020-01-01T19:23:10, 2020-01-01T19:23:22, 2020-01-01T19:23:29, 2020-01-01T19:23:49, 2020-01-01T19:24:23, 2020-01-01T19:26:24, 2020-01-01T19:26:36, 2020-01-01T19:26:45, 2020-01-01T19:27:02, 2020-01-01T19:27:13, 2020-01-01T19:27:34, 2020-01-01T19:28:25, 2020-01-01T19:29:48, 2020-01-01T19:29:54, 2020-01-01T19:30:38, 2020-01-01T19:31:32, 2020-01-01T19:31:51, 2020-01-01T19:32:36, 2020-01-01T19:32:41, 2020-01-01T19:33:49, 2020-01-01T19:35:29, 2020-01-01T19:42:14, 2020-01-01T19:42:37, 2020-01-01T19:42:42, 2020-01-01T19:43:03, 2020-01-01T19:43:25, 2020-01-01T19:45:05, 2020-01-01T19:45:14, 2020-01-01T19:45:37, 2020-01-01T19:45:52, 2020-01-01T19:46:24, 2020-01-01T19:46:29, 2020-01-01T19:46:40, 2020-01-01T19:47:25, 2020-01-01T19:47:31, 2020-01-01T19:47:54, 2020-01-01T19:47:59, 2020-01-01T19:48:42, 2020-01-01T19:48:48, 2020-01-01T19:50:11, 2020-01-01T19:50:18, 2020-01-01T19:51:13, 2020-01-01T19:51:14, 2020-01-01T19:51:22, 2020-01-01T19:58:58, 2020-01-01T19:59:08, 2020-01-01T19:59:29, 2020-01-01T19:59:36, 2020-01-01T20:04:14, 2020-01-01T20:04:23, 2020-01-01T20:04:31, 2020-01-01T20:04:36, 2020-01-01T20:04:58, 2020-01-01T20:05:04, 2020-01-01T20:05:36, 2020-01-01T20:05:41, 2020-01-01T20:05:52, 2020-01-01T20:06:03, 2020-01-01T20:06:10, 2020-01-01T20:06:23, 2020-01-01T20:06:36, 2020-01-01T20:09:39, 2020-01-01T20:09:47, 2020-01-01T20:10:07, 2020-01-01T20:10:14, 2020-01-01T20:10:23, 2020-01-01T20:10:36, 2020-01-01T20:10:41, 2020-01-01T20:10:56, 2020-01-01T20:11:14, 2020-01-01T20:11:22, 2020-01-01T20:11:28, 2020-01-01T20:12:34, 2020-01-01T20:12:50, 2020-01-01T20:16:03, 2020-01-01T20:16:11, 2020-01-01T20:17:18, 2020-01-01T20:17:29, 2020-01-01T20:17:50, 2020-01-01T20:17:55, 2020-01-01T20:18:03, 2020-01-01T20:18:27, 2020-01-01T20:18:44, 2020-01-01T20:19:47, 2020-01-01T20:20:11, 2020-01-01T20:21:15, 2020-01-01T20:21:35, 2020-01-01T20:22:13, 2020-01-01T20:22:35, 2020-01-01T20:22:58, 2020-01-01T20:23:46, 2020-01-01T20:24:12, 2020-01-01T20:24:39, 2020-01-01T20:25:39, 2020-01-01T20:25:49, 2020-01-01T20:26:17, 2020-01-01T20:27:26, 2020-01-01T20:28:02, 2020-01-01T20:28:22, 2020-01-01T20:28:50, 2020-01-01T20:29:05, 2020-01-01T20:36:16, 2020-01-01T20:38:06, 2020-01-01T20:38:11, 2020-01-01T20:38:32, 2020-01-01T20:39:18, 2020-01-01T20:39:25, 2020-01-01T20:39:45, 2020-01-01T20:40:12, 2020-01-01T20:42:21, 2020-01-01T20:42:28, 2020-01-01T20:42:38, 2020-01-01T20:42:50, 2020-01-01T20:43:21, 2020-01-01T20:44:12, 2020-01-01T20:45:09, 2020-01-01T20:45:42, 2020-01-01T20:45:47, 2020-01-01T20:46:08, 2020-01-01T20:46:31, 2020-01-01T20:47:17, 2020-01-01T20:47:52, 2020-01-01T20:48:32, 2020-01-01T20:49:10, 2020-01-01T20:52:11, 2020-01-01T20:52:30, 2020-01-01T20:52:41, 2020-01-01T20:53:06, 2020-01-01T20:53:19, 2020-01-01T20:53:24, 2020-01-01T20:57:51, 2020-01-01T20:58:14, 2020-01-01T20:58:27, 2020-01-01T20:58:42, 2020-01-01T20:58:59, 2020-01-01T20:59:20, 2020-01-01T20:59:31, 2020-01-01T21:00:19, 2020-01-01T21:01:49, 2020-01-01T21:01:58, 2020-01-01T21:02:18, 2020-01-01T21:03:07, 2020-01-01T21:03:57, 2020-01-01T21:04:04, 2020-01-01T21:13:05, 2020-01-01T21:19:37, 2020-01-01T21:19:42, 2020-01-01T21:27:48, 2020-01-01T21:27:58, 2020-01-01T21:28:24, 2020-01-01T21:29:12, 2020-01-01T21:29:30, 2020-01-01T21:30:31, 2020-01-01T21:30:42, 2020-01-01T21:30:53, 2020-01-01T21:31:06, 2020-01-01T21:31:17, 2020-01-01T21:31:32, 2020-01-01T21:32:01, 2020-01-01T21:32:46, 2020-01-01T21:33:13, 2020-01-01T21:33:44, 2020-01-01T21:34:04, 2020-01-01T21:34:24, 2020-01-01T21:35:01, 2020-01-01T21:35:32, 2020-01-01T21:36:00, 2020-01-01T21:38:09, 2020-01-01T21:38:54, 2020-01-01T21:39:24, 2020-01-01T21:39:51, 2020-01-01T21:40:39, 2020-01-01T21:42:11, 2020-01-01T21:42:39, 2020-01-01T21:43:25, 2020-01-01T21:46:39, 2020-01-01T21:49:59, 2020-01-01T21:50:19, 2020-01-01T21:50:34, 2020-01-01T21:50:50, 2020-01-01T21:51:10, 2020-01-01T21:57:43, 2020-01-01T21:58:04, 2020-01-01T21:58:19, 2020-01-01T22:03:36, 2020-01-01T22:05:05, 2020-01-01T22:05:31, 2020-01-01T22:05:48, 2020-01-01T22:06:01, 2020-01-01T22:06:48, 2020-01-01T22:07:12, 2020-01-01T22:07:29, 2020-01-01T22:07:47, 2020-01-01T22:08:13, 2020-01-01T22:08:25, 2020-01-01T22:09:04, 2020-01-01T22:09:38, 2020-01-01T22:09:55, 2020-01-01T22:11:02, 2020-01-01T22:11:42, 2020-01-01T22:13:50, 2020-01-01T22:14:36, 2020-01-01T22:16:30, 2020-01-01T22:17:00, 2020-01-01T22:17:21, 2020-01-01T22:17:47, 2020-01-01T22:20:11, 2020-01-01T22:20:28, 2020-01-01T22:21:36, 2020-01-01T22:21:52, 2020-01-01T22:22:10, 2020-01-01T22:22:15, 2020-01-01T22:22:23, 2020-01-01T22:22:58, 2020-01-01T22:23:45, 2020-01-01T22:24:28, 2020-01-01T22:24:51, 2020-01-01T22:25:42, 2020-01-01T22:27:17, 2020-01-01T22:27:24, 2020-01-01T22:27:48, 2020-01-01T22:28:09, 2020-01-01T22:29:00, 2020-01-01T22:30:38, 2020-01-01T22:30:46, 2020-01-01T22:31:07, 2020-01-01T22:31:13, 2020-01-01T22:31:36, 2020-01-01T22:32:13, 2020-01-01T22:33:49, 2020-01-01T22:33:57, 2020-01-01T22:34:04, 2020-01-01T22:34:16, 2020-01-01T22:34:44, 2020-01-01T22:35:16, 2020-01-01T22:35:33, 2020-01-01T22:36:09, 2020-01-01T22:36:52, 2020-01-01T22:36:58, 2020-01-01T22:40:02, 2020-01-01T22:40:28, 2020-01-01T22:40:38, 2020-01-01T22:41:18, 2020-01-01T22:42:21, 2020-01-01T22:42:41, 2020-01-01T22:44:43, 2020-01-01T22:44:48, 2020-01-01T22:45:28, 2020-01-01T22:45:53, 2020-01-01T22:46:14, 2020-01-01T22:46:41, 2020-01-01T22:47:31, 2020-01-01T22:47:51, 2020-01-01T22:48:26, 2020-01-01T22:48:52, 2020-01-01T22:49:20, 2020-01-01T22:49:40, 2020-01-01T22:50:22, 2020-01-01T22:50:51, 2020-01-01T22:51:08, 2020-01-01T22:51:29, 2020-01-01T22:52:19, 2020-01-01T22:55:40, 2020-01-01T22:56:48, 2020-01-01T22:56:54, 2020-01-01T22:57:20, 2020-01-01T22:57:37, 2020-01-01T22:57:57, 2020-01-01T22:58:07, 2020-01-01T22:58:17, 2020-01-01T22:58:55, 2020-01-01T22:59:38, 2020-01-01T22:59:44, 2020-01-01T23:00:05, 2020-01-01T23:00:32, 2020-01-01T23:00:54, 2020-01-01T23:01:12, 2020-01-01T23:06:04, 2020-01-01T23:06:06, 2020-01-01T23:06:23, 2020-01-01T23:06:29, 2020-01-01T23:07:02, 2020-01-01T23:07:21, 2020-01-01T23:07:53, 2020-01-01T23:08:51, 2020-01-01T23:09:48, 2020-01-01T23:10:18, 2020-01-01T23:11:39, 2020-01-01T23:12:37, 2020-01-01T23:16:41, 2020-01-01T23:16:47, 2020-01-01T23:17:00, 2020-01-01T23:17:09, 2020-01-01T23:17:57, 2020-01-01T23:19:23, 2020-01-01T23:20:29, 2020-01-01T23:21:03, 2020-01-01T23:21:42, 2020-01-01T23:21:53, 2020-01-01T23:22:14, 2020-01-01T23:22:21, 2020-01-01T23:22:39, 2020-01-01T23:22:56, 2020-01-01T23:27:43, 2020-01-01T23:28:06, 2020-01-01T23:29:00, 2020-01-01T23:29:21, 2020-01-01T23:32:11, 2020-01-01T23:33:24, 2020-01-01T23:33:40, 2020-01-01T23:34:07, 2020-01-01T23:37:39, 2020-01-01T23:38:11, 2020-01-01T23:38:30, 2020-01-01T23:40:33, 2020-01-01T23:41:32, 2020-01-01T23:42:25, 2020-01-01T23:42:51, 2020-01-01T23:43:31, 2020-01-01T23:44:57, 2020-01-01T23:45:12" }, "geometry": { "type": "LineString", "coordinates": [ [ -98.932361, 19.408152 ], [ -98.932342, 19.408218 ], [ -98.932374, 19.408213 ], [ -98.932376, 19.408214 ], [ -98.932354, 19.408175 ], [ -98.932342, 19.408153 ], [ -98.932343, 19.408153 ], [ -98.932343, 19.408153 ], [ -98.93237, 19.408232 ], [ -98.932353, 19.408157 ], [ -98.932353, 19.408156 ], [ -98.932346, 19.40819 ], [ -98.932328, 19.408163 ], [ -98.932327, 19.408163 ], [ -98.932336, 19.408178 ], [ -98.932327, 19.408199 ], [ -98.932315, 19.408187 ], [ -98.932196, 19.408141 ], [ -98.932197, 19.408141 ], [ -98.932197, 19.408141 ], [ -98.932197, 19.408141 ], [ -98.932197, 19.408141 ], [ -98.932197, 19.408141 ], [ -98.932197, 19.408141 ], [ -98.932197, 19.408141 ], [ -98.932197, 19.408141 ], [ -98.932196, 19.408141 ], [ -98.932197, 19.408141 ], [ -98.932334, 19.408113 ], [ -98.932336, 19.408109 ], [ -98.932353, 19.408183 ], [ -98.932332, 19.40818 ], [ -98.932318, 19.408175 ], [ -98.932319, 19.408175 ], [ -98.932345, 19.40814 ], [ -98.932358, 19.408143 ], [ -98.932308, 19.408105 ], [ -98.932309, 19.408106 ], [ -98.932337, 19.408098 ], [ -98.932337, 19.408098 ], [ -98.93233, 19.408172 ], [ -98.93233, 19.408173 ], [ -98.932309, 19.408154 ], [ -98.932309, 19.408154 ], [ -98.932309, 19.408154 ], [ -98.932309, 19.408154 ], [ -98.93233, 19.408163 ], [ -98.932309, 19.40809 ], [ -98.93235, 19.40819 ], [ -98.932274, 19.408128 ], [ -98.932332, 19.408155 ], [ -98.932361, 19.408161 ], [ -98.932352, 19.408138 ], [ -98.932361, 19.408129 ], [ -98.932358, 19.408132 ], [ -98.93235, 19.408151 ], [ -98.932356, 19.408196 ], [ -98.93235, 19.408151 ], [ -98.932329, 19.408108 ], [ -98.932334, 19.408181 ], [ -98.932374, 19.408202 ], [ -98.932374, 19.408202 ], [ -98.932359, 19.40811 ], [ -98.93237, 19.408194 ], [ -98.932357, 19.408174 ], [ -98.932357, 19.408175 ], [ -98.932385, 19.408154 ], [ -98.932366, 19.408177 ], [ -98.932385, 19.408154 ], [ -98.932273, 19.407978 ], [ -98.932271, 19.40803 ], [ -98.932291, 19.408051 ], [ -98.932333, 19.408112 ], [ -98.932384, 19.408114 ], [ -98.932351, 19.408131 ], [ -98.932308, 19.408172 ], [ -98.932308, 19.408172 ], [ -98.932333, 19.408187 ], [ -98.932359, 19.40818 ], [ -98.932359, 19.40818 ], [ -98.932321, 19.408071 ], [ -98.932321, 19.408071 ], [ -98.932375, 19.408159 ], [ -98.932375, 19.408159 ], [ -98.932344, 19.408149 ], [ -98.932375, 19.40818 ], [ -98.93234, 19.408192 ], [ -98.932318, 19.408173 ], [ -98.932289, 19.40811 ], [ -98.932318, 19.408114 ], [ -98.932332, 19.408111 ], [ -98.932332, 19.408111 ], [ -98.932331, 19.40811 ], [ -98.932332, 19.408111 ], [ -98.932319, 19.408119 ], [ -98.932364, 19.408158 ], [ -98.932364, 19.408158 ], [ -98.932352, 19.408164 ], [ -98.932355, 19.408161 ], [ -98.93213, 19.407967 ], [ -98.932355, 19.408161 ], [ -98.932127, 19.408019 ], [ -98.932127, 19.408019 ], [ -98.932252, 19.407993 ], [ -98.932264, 19.40803 ], [ -98.93224, 19.408054 ], [ -98.932279, 19.408067 ], [ -98.9323, 19.408069 ], [ -98.932197, 19.408141 ], [ -98.932196, 19.408141 ], [ -98.9323, 19.408069 ], [ -98.932196, 19.408141 ], [ -98.932294, 19.408049 ], [ -98.932158, 19.408128 ], [ -98.932158, 19.408128 ], [ -98.932255, 19.408062 ], [ -98.932264, 19.408091 ], [ -98.9322, 19.408111 ], [ -98.932291, 19.408055 ], [ -98.932199, 19.40807 ], [ -98.932283, 19.408043 ], [ -98.932284, 19.408043 ], [ -98.932302, 19.407993 ], [ -98.932233, 19.407997 ], [ -98.932263, 19.408002 ], [ -98.932213, 19.407992 ], [ -98.932245, 19.407937 ], [ -98.932203, 19.4081 ], [ -98.932276, 19.408021 ], [ -98.932277, 19.408022 ], [ -98.932293, 19.40805 ], [ -98.932277, 19.408022 ], [ -98.932197, 19.408141 ], [ -98.932197, 19.408141 ], [ -98.932292, 19.408014 ], [ -98.932197, 19.408141 ], [ -98.932294, 19.408014 ], [ -98.93228, 19.408053 ], [ -98.932259, 19.408067 ], [ -98.932263, 19.408066 ], [ -98.932257, 19.408054 ], [ -98.932281, 19.408057 ], [ -98.932261, 19.408066 ], [ -98.932262, 19.408065 ], [ -98.932368, 19.408037 ], [ -98.932236, 19.408075 ], [ -98.932235, 19.408074 ], [ -98.932294, 19.408018 ], [ -98.932283, 19.408061 ], [ -98.932274, 19.408069 ], [ -98.932274, 19.408069 ], [ -98.932263, 19.408028 ], [ -98.932263, 19.408027 ], [ -98.932243, 19.408004 ], [ -98.932292, 19.408027 ], [ -98.932254, 19.407958 ], [ -98.932254, 19.407959 ], [ -98.932266, 19.407978 ], [ -98.932134, 19.40807 ], [ -98.932134, 19.408071 ], [ -98.932134, 19.408071 ], [ -98.932134, 19.408071 ], [ -98.932149, 19.407993 ], [ -98.932134, 19.408071 ], [ -98.932134, 19.408071 ], [ -98.932304, 19.408066 ], [ -98.932238, 19.407983 ], [ -98.932205, 19.408085 ], [ -98.932211, 19.408058 ], [ -98.932271, 19.408037 ], [ -98.932216, 19.407991 ], [ -98.932216, 19.407992 ], [ -98.932227, 19.407959 ], [ -98.932227, 19.407958 ], [ -98.932226, 19.408026 ], [ -98.932214, 19.408001 ], [ -98.932264, 19.407995 ], [ -98.932284, 19.407999 ], [ -98.932278, 19.407987 ], [ -98.932277, 19.407986 ], [ -98.932277, 19.407987 ], [ -98.932268, 19.408023 ], [ -98.932196, 19.408089 ], [ -98.932231, 19.408055 ], [ -98.932248, 19.408063 ], [ -98.932249, 19.408064 ], [ -98.932261, 19.408055 ], [ -98.93226, 19.408055 ], [ -98.932261, 19.408055 ], [ -98.932249, 19.408064 ], [ -98.932218, 19.408044 ], [ -98.932245, 19.407977 ], [ -98.932212, 19.408052 ], [ -98.932253, 19.408059 ], [ -98.932237, 19.408056 ], [ -98.932237, 19.408055 ], [ -98.932306, 19.408043 ], [ -98.93224, 19.407993 ], [ -98.932239, 19.407951 ], [ -98.932177, 19.408037 ], [ -98.932177, 19.408036 ], [ -98.932177, 19.408036 ], [ -98.932272, 19.408034 ], [ -98.932271, 19.408034 ], [ -98.932272, 19.408034 ], [ -98.93228, 19.408068 ], [ -98.932259, 19.408066 ], [ -98.932259, 19.408066 ], [ -98.932283, 19.408052 ], [ -98.932298, 19.408024 ], [ -98.932298, 19.408024 ], [ -98.932159, 19.408097 ], [ -98.932152, 19.408075 ], [ -98.932152, 19.408075 ], [ -98.932191, 19.408053 ], [ -98.932267, 19.408079 ], [ -98.932265, 19.40808 ], [ -98.932228, 19.408148 ], [ -98.93221, 19.408145 ], [ -98.932294, 19.408031 ], [ -98.932296, 19.408056 ], [ -98.932225, 19.408121 ], [ -98.932302, 19.408067 ], [ -98.932225, 19.408121 ], [ -98.932292, 19.408055 ], [ -98.932189, 19.408131 ], [ -98.932256, 19.408056 ], [ -98.932285, 19.408058 ], [ -98.932284, 19.408057 ], [ -98.932285, 19.408058 ], [ -98.932296, 19.408049 ], [ -98.932232, 19.408076 ], [ -98.932221, 19.408094 ], [ -98.932247, 19.408063 ], [ -98.932247, 19.408064 ], [ -98.932252, 19.408075 ], [ -98.932254, 19.408105 ], [ -98.932254, 19.408105 ], [ -98.93229, 19.408045 ], [ -98.932236, 19.408078 ], [ -98.932247, 19.408093 ], [ -98.932247, 19.408094 ], [ -98.932188, 19.408076 ], [ -98.932255, 19.407994 ], [ -98.932227, 19.408093 ], [ -98.9322, 19.408103 ], [ -98.932262, 19.408036 ], [ -98.932212, 19.408038 ], [ -98.932212, 19.408038 ], [ -98.932212, 19.408038 ], [ -98.932272, 19.408097 ], [ -98.932212, 19.408038 ], [ -98.932207, 19.408114 ], [ -98.932206, 19.408117 ], [ -98.932206, 19.408104 ], [ -98.932207, 19.408104 ], [ -98.932207, 19.408104 ], [ -98.932277, 19.408087 ], [ -98.932189, 19.40807 ], [ -98.932207, 19.408115 ], [ -98.93221, 19.408017 ], [ -98.932241, 19.408067 ], [ -98.932182, 19.408121 ], [ -98.932182, 19.408122 ], [ -98.932183, 19.408122 ], [ -98.932182, 19.408122 ], [ -98.932273, 19.408076 ], [ -98.932258, 19.408069 ], [ -98.932237, 19.408107 ], [ -98.932258, 19.408067 ], [ -98.932237, 19.408107 ], [ -98.932258, 19.408068 ], [ -98.932279, 19.408053 ], [ -98.932211, 19.408087 ], [ -98.932258, 19.408068 ], [ -98.932211, 19.408087 ], [ -98.932236, 19.408067 ], [ -98.932245, 19.408078 ], [ -98.932303, 19.408054 ], [ -98.93226, 19.408069 ], [ -98.932303, 19.408054 ], [ -98.932155, 19.408106 ], [ -98.932273, 19.408025 ], [ -98.932273, 19.408025 ], [ -98.932176, 19.408064 ], [ -98.932254, 19.407976 ], [ -98.932129, 19.408085 ], [ -98.932129, 19.408085 ], [ -98.932229, 19.408079 ], [ -98.93224, 19.40806 ], [ -98.932265, 19.408065 ], [ -98.932265, 19.408065 ], [ -98.932265, 19.408065 ], [ -98.932266, 19.408066 ], [ -98.932265, 19.408065 ], [ -98.932265, 19.408065 ], [ -98.932266, 19.408066 ], [ -98.932246, 19.408097 ], [ -98.932161, 19.408121 ], [ -98.932246, 19.408097 ], [ -98.932161, 19.408121 ], [ -98.932161, 19.408121 ], [ -98.932161, 19.408121 ], [ -98.932272, 19.408098 ], [ -98.932164, 19.408116 ], [ -98.932289, 19.408078 ], [ -98.932156, 19.408133 ], [ -98.932262, 19.408033 ], [ -98.932297, 19.408011 ], [ -98.932293, 19.408003 ], [ -98.932293, 19.408003 ], [ -98.932271, 19.408067 ], [ -98.932266, 19.408073 ], [ -98.932189, 19.408134 ], [ -98.932208, 19.408081 ], [ -98.9322, 19.40813 ], [ -98.9322, 19.40813 ], [ -98.932207, 19.408116 ], [ -98.932207, 19.408116 ], [ -98.932197, 19.408141 ], [ -98.932207, 19.408116 ], [ -98.932172, 19.408129 ], [ -98.932173, 19.408129 ], [ -98.932172, 19.408129 ], [ -98.932173, 19.408129 ], [ -98.932173, 19.408129 ], [ -98.932214, 19.408082 ], [ -98.932173, 19.408129 ], [ -98.932241, 19.408016 ], [ -98.932242, 19.408017 ], [ -98.932256, 19.408049 ], [ -98.932242, 19.408017 ], [ -98.932256, 19.408107 ], [ -98.932211, 19.408103 ], [ -98.932256, 19.408107 ], [ -98.932219, 19.408079 ], [ -98.932197, 19.408141 ], [ -98.932304, 19.408039 ], [ -98.932197, 19.408141 ], [ -98.932283, 19.408043 ], [ -98.932179, 19.408119 ], [ -98.932243, 19.408094 ], [ -98.932232, 19.408104 ], [ -98.932232, 19.408104 ], [ -98.932243, 19.408094 ], [ -98.932232, 19.408104 ], [ -98.932232, 19.408104 ], [ -98.932262, 19.408053 ], [ -98.93226, 19.408054 ], [ -98.932232, 19.408104 ], [ -98.932261, 19.408055 ], [ -98.93228, 19.408056 ], [ -98.93229, 19.408026 ], [ -98.932267, 19.407995 ], [ -98.932203, 19.408027 ], [ -98.932241, 19.408076 ], [ -98.932242, 19.408077 ], [ -98.932267, 19.407995 ], [ -98.932267, 19.407995 ], [ -98.93226, 19.408039 ], [ -98.932261, 19.40804 ], [ -98.932269, 19.408066 ], [ -98.932261, 19.40804 ], [ -98.932315, 19.408042 ], [ -98.932264, 19.408022 ], [ -98.932301, 19.408043 ], [ -98.93228, 19.408087 ], [ -98.932297, 19.408027 ], [ -98.932297, 19.408027 ], [ -98.932162, 19.408072 ], [ -98.932297, 19.408027 ], [ -98.932294, 19.408063 ], [ -98.932273, 19.408022 ], [ -98.93223, 19.407996 ], [ -98.932217, 19.408045 ], [ -98.932144, 19.408153 ], [ -98.932278, 19.408029 ], [ -98.932267, 19.408066 ], [ -98.932256, 19.40809 ], [ -98.932191, 19.40811 ], [ -98.932192, 19.408095 ], [ -98.932205, 19.408078 ], [ -98.932276, 19.408037 ], [ -98.932287, 19.407998 ], [ -98.932311, 19.408053 ], [ -98.932304, 19.408041 ], [ -98.932265, 19.40808 ], [ -98.932176, 19.408052 ], [ -98.932181, 19.408026 ], [ -98.932191, 19.408031 ], [ -98.932293, 19.408008 ], [ -98.932292, 19.408008 ], [ -98.93228, 19.408045 ], [ -98.932219, 19.408053 ], [ -98.932187, 19.408093 ], [ -98.932187, 19.408093 ], [ -98.932188, 19.408093 ], [ -98.932196, 19.40809 ], [ -98.932297, 19.408053 ], [ -98.932286, 19.408046 ], [ -98.932247, 19.408092 ], [ -98.932079, 19.408055 ], [ -98.932079, 19.408055 ], [ -98.932201, 19.408053 ], [ -98.932201, 19.408053 ], [ -98.932101, 19.408071 ], [ -98.932295, 19.408081 ], [ -98.932278, 19.408036 ], [ -98.932285, 19.408062 ], [ -98.932246, 19.408059 ], [ -98.932198, 19.408036 ], [ -98.932186, 19.40801 ], [ -98.932187, 19.408011 ], [ -98.932304, 19.408075 ], [ -98.932305, 19.408075 ], [ -98.932313, 19.408071 ], [ -98.932186, 19.408037 ], [ -98.932186, 19.408036 ], [ -98.932021, 19.408097 ], [ -98.93224, 19.408105 ], [ -98.932264, 19.408054 ], [ -98.932264, 19.408054 ], [ -98.932248, 19.408099 ], [ -98.932265, 19.408091 ], [ -98.932265, 19.40809 ], [ -98.932265, 19.40809 ], [ -98.932265, 19.40809 ], [ -98.932265, 19.40809 ], [ -98.932265, 19.408091 ], [ -98.932274, 19.408056 ], [ -98.932166, 19.408074 ], [ -98.932166, 19.408074 ], [ -98.932242, 19.40811 ], [ -98.932254, 19.408103 ], [ -98.932259, 19.408057 ], [ -98.932259, 19.408057 ], [ -98.932254, 19.408065 ], [ -98.932196, 19.408141 ], [ -98.932197, 19.408141 ], [ -98.932227, 19.407959 ], [ -98.932227, 19.407958 ], [ -98.932227, 19.407958 ], [ -98.932227, 19.407958 ], [ -98.932277, 19.408054 ], [ -98.932273, 19.408085 ], [ -98.932273, 19.408085 ], [ -98.932151, 19.40813 ], [ -98.932273, 19.408085 ], [ -98.932245, 19.40808 ], [ -98.932295, 19.408055 ], [ -98.932296, 19.408055 ], [ -98.932272, 19.408069 ], [ -98.93226, 19.408067 ], [ -98.932163, 19.408065 ], [ -98.932303, 19.408026 ], [ -98.932323, 19.40804 ], [ -98.932159, 19.408097 ], [ -98.932159, 19.408097 ], [ -98.932305, 19.408061 ], [ -98.932274, 19.40804 ], [ -98.932316, 19.408028 ], [ -98.93232, 19.408052 ], [ -98.93232, 19.408052 ], [ -98.932294, 19.408047 ], [ -98.932321, 19.408096 ], [ -98.932311, 19.408073 ], [ -98.932163, 19.408131 ], [ -98.93229, 19.408062 ], [ -98.932185, 19.408062 ], [ -98.932192, 19.408017 ], [ -98.932193, 19.408017 ], [ -98.932259, 19.408041 ], [ -98.932269, 19.408008 ], [ -98.93227, 19.408009 ], [ -98.932269, 19.408008 ], [ -98.93227, 19.408009 ], [ -98.932793, 19.395088 ], [ -98.938858, 19.384828 ], [ -98.938857, 19.384828 ], [ -98.938589, 19.385465 ], [ -98.938589, 19.385465 ], [ -98.938589, 19.385465 ], [ -98.94493, 19.374342 ], [ -98.945337, 19.372974 ], [ -98.94537, 19.372968 ], [ -98.94537, 19.372968 ], [ -98.945545, 19.372736 ], [ -98.948307, 19.367881 ], [ -98.948119, 19.367795 ], [ -98.948678, 19.367373 ], [ -98.95082, 19.363286 ], [ -98.950654, 19.363206 ], [ -98.958239, 19.355042 ], [ -98.958239, 19.355042 ], [ -98.963426, 19.354974 ], [ -98.960936, 19.349003 ], [ -98.961089, 19.349449 ], [ -98.961982, 19.350898 ], [ -98.960677, 19.350212 ], [ -98.960662, 19.35027 ], [ -98.960676, 19.350265 ], [ -98.964691, 19.355771 ], [ -98.972129, 19.359188 ], [ -98.972129, 19.359189 ], [ -98.972129, 19.359189 ], [ -98.961982, 19.350898 ], [ -98.961982, 19.350898 ], [ -98.961982, 19.350898 ], [ -98.982636, 19.359135 ], [ -98.994573, 19.360281 ], [ -99.00355, 19.362582 ], [ -99.00355, 19.362582 ], [ -99.00355, 19.362582 ], [ -99.005457, 19.364546 ], [ -99.009714, 19.3687 ], [ -99.016815, 19.373304 ], [ -99.016815, 19.373305 ], [ -99.016812, 19.373538 ], [ -99.017549, 19.37422 ], [ -99.02759, 19.380927 ], [ -99.02759, 19.380926 ], [ -99.035553, 19.385165 ], [ -99.035553, 19.385165 ], [ -99.035572, 19.385202 ], [ -99.035572, 19.385202 ], [ -99.035548, 19.385254 ], [ -99.035537, 19.385241 ], [ -99.035585, 19.385233 ], [ -99.035555, 19.385241 ], [ -99.035605, 19.385248 ], [ -99.035604, 19.385247 ], [ -99.016992, 19.373245 ], [ -99.016985, 19.37311 ], [ -99.016978, 19.373131 ], [ -99.016949, 19.373123 ], [ -99.01698, 19.373109 ], [ -99.016914, 19.37324 ], [ -99.016906, 19.373217 ], [ -99.016117, 19.372715 ], [ -99.017063, 19.373138 ], [ -99.016116, 19.372715 ], [ -99.016918, 19.373094 ], [ -99.016883, 19.373104 ], [ -99.016901, 19.373162 ], [ -99.017273, 19.373051 ], [ -99.017356, 19.373078 ], [ -99.017356, 19.373078 ], [ -99.017356, 19.373078 ], [ -99.01735, 19.373002 ], [ -99.017266, 19.372948 ], [ -99.017357, 19.373053 ], [ -99.017329, 19.373009 ], [ -99.017287, 19.37297 ], [ -99.017315, 19.373047 ], [ -99.017819, 19.373394 ], [ -99.017323, 19.37318 ], [ -99.017322, 19.373179 ], [ -99.016116, 19.372715 ], [ -99.017312, 19.373039 ], [ -99.017312, 19.37304 ], [ -99.017312, 19.373039 ], [ -99.017312, 19.373039 ], [ -99.006365, 19.364864 ], [ -99.005955, 19.364496 ], [ -99.00595, 19.364493 ], [ -99.005782, 19.36466 ], [ -99.003106, 19.362232 ], [ -99.003019, 19.362191 ], [ -99.001808, 19.361207 ], [ -98.99925, 19.359938 ], [ -98.99925, 19.359938 ], [ -98.99925, 19.359938 ], [ -98.99925, 19.359938 ], [ -98.985905, 19.356563 ], [ -98.985905, 19.356563 ], [ -98.981099, 19.355875 ], [ -98.976838, 19.353879 ], [ -98.968989, 19.35344 ], [ -98.968989, 19.35344 ], [ -98.962826, 19.354509 ], [ -98.951537, 19.361664 ], [ -98.939634, 19.382735 ], [ -98.939633, 19.382735 ], [ -98.939484, 19.382961 ], [ -98.939483, 19.38296 ], [ -98.938405, 19.385065 ], [ -98.938348, 19.385191 ], [ -98.932381, 19.395782 ], [ -98.93103, 19.397803 ], [ -98.930222, 19.399255 ], [ -98.92968, 19.400311 ], [ -98.929545, 19.400603 ], [ -98.929545, 19.400602 ], [ -98.928164, 19.402967 ], [ -98.926907, 19.404758 ], [ -98.919415, 19.41404 ], [ -98.918352, 19.414812 ], [ -98.916033, 19.418307 ], [ -98.916033, 19.418307 ], [ -98.90793, 19.432638 ], [ -98.906036, 19.436888 ], [ -98.906709, 19.435913 ], [ -98.903859, 19.442451 ], [ -98.895832, 19.46398 ], [ -98.895788, 19.464374 ], [ -98.895788, 19.464374 ], [ -98.89053, 19.476951 ], [ -98.890231, 19.476265 ], [ -98.890418, 19.476716 ], [ -98.89032, 19.476955 ], [ -98.890402, 19.476708 ], [ -98.890031, 19.477049 ], [ -98.890013, 19.477041 ] ] } },
{ "type": "Feature", "properties": { "device_id": "296e016d519578bd68753f9d804868b4c4eafcf942bf0d55ba8902af37427d45", "timestamps": "2020-01-01T07:02:03, 2020-01-01T07:03:08, 2020-01-01T07:29:03, 2020-01-01T07:29:20, 2020-01-01T07:31:30, 2020-01-01T08:04:38, 2020-01-01T08:12:32, 2020-01-01T08:12:40, 2020-01-01T08:13:28, 2020-01-01T08:28:55, 2020-01-01T08:41:18, 2020-01-01T08:56:56, 2020-01-01T08:57:11, 2020-01-01T08:58:25, 2020-01-01T09:03:05, 2020-01-01T09:12:10, 2020-01-01T10:54:50, 2020-01-01T10:56:05, 2020-01-01T10:58:37, 2020-01-01T11:06:21, 2020-01-01T11:14:30, 2020-01-01T11:17:39, 2020-01-01T11:18:05, 2020-01-01T11:20:48, 2020-01-01T11:20:58, 2020-01-01T11:22:10, 2020-01-01T11:33:24, 2020-01-01T11:33:51, 2020-01-01T11:35:56, 2020-01-01T11:36:09, 2020-01-01T11:41:14, 2020-01-01T11:41:23, 2020-01-01T11:43:56, 2020-01-01T11:44:24, 2020-01-01T11:45:10, 2020-01-01T11:46:39, 2020-01-01T11:53:39, 2020-01-01T11:54:15, 2020-01-01T11:55:00, 2020-01-01T11:55:39, 2020-01-01T11:56:04, 2020-01-01T11:58:18, 2020-01-01T11:59:50, 2020-01-01T12:01:48, 2020-01-01T12:02:00, 2020-01-01T12:02:25, 2020-01-01T12:02:32, 2020-01-01T12:05:51, 2020-01-01T12:06:08, 2020-01-01T12:06:50, 2020-01-01T12:08:49, 2020-01-01T12:09:01, 2020-01-01T13:08:45, 2020-01-01T13:37:26, 2020-01-01T13:37:34, 2020-01-01T13:45:58, 2020-01-01T13:46:08, 2020-01-01T13:46:21, 2020-01-01T13:47:25, 2020-01-01T14:09:28, 2020-01-01T14:11:02, 2020-01-01T14:11:14, 2020-01-01T14:11:20, 2020-01-01T14:11:41, 2020-01-01T14:13:15, 2020-01-01T14:17:36, 2020-01-01T14:17:59, 2020-01-01T14:18:25, 2020-01-01T14:19:59, 2020-01-01T14:41:49, 2020-01-01T14:42:03, 2020-01-01T14:42:31, 2020-01-01T14:48:27, 2020-01-01T14:48:54, 2020-01-01T14:49:44, 2020-01-01T14:50:00, 2020-01-01T14:52:11, 2020-01-01T16:04:45, 2020-01-01T18:15:02, 2020-01-01T18:15:17, 2020-01-01T18:15:22, 2020-01-01T18:26:24, 2020-01-01T18:26:28, 2020-01-01T18:26:31, 2020-01-01T18:26:44, 2020-01-01T18:27:08, 2020-01-01T18:27:14, 2020-01-01T18:27:37, 2020-01-01T18:38:19, 2020-01-01T18:38:42, 2020-01-01T18:38:51, 2020-01-01T18:39:04, 2020-01-01T18:48:34, 2020-01-01T19:31:40, 2020-01-01T19:31:53, 2020-01-01T19:34:27, 2020-01-01T19:34:32, 2020-01-01T19:36:20, 2020-01-01T19:38:21, 2020-01-01T19:38:26, 2020-01-01T19:38:53, 2020-01-01T19:41:02, 2020-01-01T19:41:07, 2020-01-01T19:49:26, 2020-01-01T19:49:37, 2020-01-01T19:50:02, 2020-01-01T19:50:34, 2020-01-01T19:51:38, 2020-01-01T19:52:08, 2020-01-01T19:52:54, 2020-01-01T19:53:05, 2020-01-01T19:53:10, 2020-01-01T19:55:53, 2020-01-01T19:55:58, 2020-01-01T19:56:15, 2020-01-01T19:57:28, 2020-01-01T19:58:50, 2020-01-01T19:59:11, 2020-01-01T19:59:39, 2020-01-01T20:00:35, 2020-01-01T20:00:55, 2020-01-01T20:01:15, 2020-01-01T20:01:20, 2020-01-01T20:01:55, 2020-01-01T20:04:20, 2020-01-01T20:04:52, 2020-01-01T20:05:59, 2020-01-01T20:06:02, 2020-01-01T20:06:08, 2020-01-01T20:06:13, 2020-01-01T20:07:16, 2020-01-01T20:08:06, 2020-01-01T20:08:33, 2020-01-01T20:09:23, 2020-01-01T20:09:32, 2020-01-01T20:09:46, 2020-01-01T20:10:12, 2020-01-01T20:10:20, 2020-01-01T20:10:31, 2020-01-01T20:11:03, 2020-01-01T20:12:43, 2020-01-01T20:13:14, 2020-01-01T20:13:43, 2020-01-01T20:14:37, 2020-01-01T20:15:11, 2020-01-01T20:15:19, 2020-01-01T20:15:34, 2020-01-01T20:15:38, 2020-01-01T20:15:51, 2020-01-01T20:16:01, 2020-01-01T20:16:25, 2020-01-01T20:17:04, 2020-01-01T20:17:09, 2020-01-01T20:17:18, 2020-01-01T20:17:24, 2020-01-01T20:17:39, 2020-01-01T20:17:44, 2020-01-01T20:18:39, 2020-01-01T20:19:08, 2020-01-01T20:29:50, 2020-01-01T21:10:24, 2020-01-01T21:11:00, 2020-01-01T21:11:33, 2020-01-01T21:12:23, 2020-01-01T21:12:36, 2020-01-01T21:12:56, 2020-01-01T21:13:21, 2020-01-01T21:13:36, 2020-01-01T21:14:14, 2020-01-01T21:14:27, 2020-01-01T21:14:52, 2020-01-01T21:15:29, 2020-01-01T21:15:38, 2020-01-01T21:16:22, 2020-01-01T21:16:35, 2020-01-01T21:30:15, 2020-01-01T21:30:41, 2020-01-01T21:31:05, 2020-01-01T21:31:15, 2020-01-01T21:31:32, 2020-01-01T21:33:04, 2020-01-01T21:33:37, 2020-01-01T21:33:55, 2020-01-01T21:34:53, 2020-01-01T21:35:21, 2020-01-01T21:38:36, 2020-01-01T21:38:45, 2020-01-01T21:38:59, 2020-01-01T21:39:19, 2020-01-01T21:39:44, 2020-01-01T21:40:28, 2020-01-01T21:41:58, 2020-01-01T21:42:51, 2020-01-01T21:43:10, 2020-01-01T21:43:26, 2020-01-01T21:44:38, 2020-01-01T21:44:44, 2020-01-01T21:45:17, 2020-01-01T21:45:47, 2020-01-01T21:46:59, 2020-01-01T21:47:11, 2020-01-01T21:47:34, 2020-01-01T21:47:54, 2020-01-01T21:48:01, 2020-01-01T21:48:13, 2020-01-01T21:48:39, 2020-01-01T21:48:49, 2020-01-01T21:49:09, 2020-01-01T21:49:23, 2020-01-01T21:49:37, 2020-01-01T21:49:54, 2020-01-01T21:51:02, 2020-01-01T21:52:10, 2020-01-01T21:52:22, 2020-01-01T21:52:33, 2020-01-01T21:56:02, 2020-01-01T21:56:12, 2020-01-01T21:56:19, 2020-01-01T21:58:14, 2020-01-01T21:58:19, 2020-01-01T21:59:45, 2020-01-01T21:59:50, 2020-01-01T22:00:05, 2020-01-01T22:00:10, 2020-01-01T22:00:52, 2020-01-01T22:02:25, 2020-01-01T22:11:16, 2020-01-01T22:18:27, 2020-01-01T22:18:40, 2020-01-01T22:19:33, 2020-01-01T22:20:22, 2020-01-01T22:20:27, 2020-01-01T22:20:49, 2020-01-01T22:22:33, 2020-01-01T22:22:41, 2020-01-01T22:23:28, 2020-01-01T22:24:59, 2020-01-01T22:29:07, 2020-01-01T22:29:16, 2020-01-01T22:29:26, 2020-01-01T22:30:20, 2020-01-01T22:30:27, 2020-01-01T22:30:52, 2020-01-01T22:31:58, 2020-01-01T22:33:06, 2020-01-01T22:34:08, 2020-01-01T22:34:32, 2020-01-01T22:39:48, 2020-01-01T22:40:05, 2020-01-01T22:40:17, 2020-01-01T22:40:35, 2020-01-01T22:43:39" }, "geometry": { "type": "LineString", "coordinates": [ [ -99.165897, 19.426824 ], [ -99.165897, 19.426824 ], [ -99.165911, 19.426905 ], [ -99.165911, 19.426905 ], [ -99.165896, 19.426928 ], [ -99.165911, 19.426905 ], [ -99.165876, 19.426916 ], [ -99.165897, 19.426824 ], [ -99.165897, 19.426824 ], [ -99.165854, 19.425695 ], [ -99.165902, 19.426932 ], [ -99.165768, 19.427689 ], [ -99.165768, 19.427689 ], [ -99.165768, 19.427689 ], [ -99.165911, 19.426905 ], [ -99.165625, 19.427179 ], [ -99.165902, 19.427269 ], [ -99.165902, 19.427269 ], [ -99.165902, 19.427269 ], [ -99.16592, 19.4269 ], [ -99.165899, 19.426929 ], [ -99.165911, 19.426844 ], [ -99.165898, 19.426866 ], [ -99.165909, 19.42685 ], [ -99.165905, 19.426835 ], [ -99.165913, 19.426859 ], [ -99.165835, 19.426716 ], [ -99.165901, 19.426755 ], [ -99.165851, 19.426701 ], [ -99.165851, 19.426701 ], [ -99.166923, 19.427195 ], [ -99.166923, 19.427195 ], [ -99.165901, 19.426859 ], [ -99.165899, 19.426764 ], [ -99.165911, 19.426786 ], [ -99.165813, 19.426647 ], [ -99.165964, 19.426782 ], [ -99.16587, 19.426714 ], [ -99.165826, 19.426656 ], [ -99.16582, 19.426654 ], [ -99.16585, 19.426654 ], [ -99.165902, 19.427054 ], [ -99.165829, 19.426835 ], [ -99.165836, 19.42687 ], [ -99.165836, 19.42687 ], [ -99.165866, 19.426932 ], [ -99.165866, 19.426932 ], [ -99.165337, 19.425699 ], [ -99.165337, 19.425699 ], [ -99.165146, 19.425238 ], [ -99.164244, 19.424239 ], [ -99.164244, 19.424239 ], [ -99.144059, 19.424949 ], [ -99.0747, 19.416689 ], [ -99.07468, 19.416401 ], [ -99.07183, 19.41538 ], [ -99.07183, 19.41538 ], [ -99.07183, 19.41538 ], [ -99.07183, 19.41538 ], [ -99.005438, 19.364456 ], [ -99.002015, 19.362076 ], [ -98.999315, 19.36083 ], [ -98.999315, 19.36083 ], [ -98.998907, 19.360388 ], [ -98.990494, 19.354135 ], [ -98.976523, 19.338864 ], [ -98.976673, 19.338919 ], [ -98.976809, 19.339001 ], [ -98.977883, 19.338604 ], [ -98.977901, 19.337583 ], [ -98.977942, 19.337552 ], [ -98.977991, 19.337503 ], [ -98.977988, 19.337506 ], [ -98.977862, 19.337631 ], [ -98.977935, 19.337542 ], [ -98.97786, 19.337633 ], [ -98.977907, 19.3376 ], [ -98.977968, 19.337509 ], [ -98.97799, 19.337489 ], [ -98.97799, 19.337489 ], [ -98.977988, 19.337503 ], [ -98.97799, 19.337499 ], [ -98.97799, 19.337499 ], [ -98.977955, 19.337525 ], [ -98.977974, 19.337507 ], [ -98.97799, 19.337499 ], [ -98.977987, 19.337504 ], [ -98.977987, 19.337506 ], [ -98.977889, 19.337597 ], [ -98.97799, 19.337499 ], [ -98.977969, 19.337519 ], [ -98.977974, 19.337516 ], [ -98.977969, 19.33751 ], [ -98.977991, 19.337513 ], [ -98.977991, 19.337513 ], [ -98.977999, 19.33751 ], [ -98.977991, 19.337513 ], [ -98.977991, 19.337513 ], [ -98.977999, 19.33751 ], [ -98.977991, 19.337513 ], [ -98.977999, 19.33751 ], [ -98.977999, 19.33751 ], [ -98.977991, 19.337513 ], [ -98.97622, 19.349137 ], [ -98.977917, 19.354549 ], [ -98.976219, 19.349129 ], [ -98.977919, 19.35454 ], [ -98.977919, 19.35454 ], [ -98.977366, 19.354443 ], [ -98.977366, 19.354443 ], [ -98.977369, 19.35444 ], [ -98.977366, 19.354443 ], [ -98.977369, 19.35444 ], [ -98.977366, 19.354443 ], [ -98.977366, 19.354443 ], [ -98.977366, 19.354443 ], [ -98.979077, 19.355258 ], [ -98.979099, 19.355318 ], [ -98.979099, 19.355318 ], [ -98.979099, 19.355318 ], [ -98.979099, 19.355318 ], [ -98.979099, 19.355318 ], [ -98.979079, 19.35525 ], [ -98.979099, 19.355318 ], [ -98.978283, 19.35758 ], [ -98.97829, 19.357569 ], [ -98.97728, 19.358877 ], [ -98.97728, 19.358877 ], [ -98.977279, 19.35887 ], [ -98.97728, 19.358877 ], [ -98.97728, 19.358877 ], [ -98.977279, 19.35887 ], [ -98.97728, 19.358877 ], [ -98.97728, 19.358877 ], [ -98.977279, 19.35887 ], [ -98.977279, 19.35887 ], [ -98.977279, 19.35887 ], [ -98.976427, 19.359141 ], [ -98.976427, 19.359141 ], [ -98.976429, 19.35914 ], [ -98.976427, 19.359141 ], [ -98.976427, 19.359141 ], [ -98.976427, 19.359141 ], [ -98.976427, 19.359141 ], [ -98.976429, 19.35914 ], [ -98.976427, 19.359141 ], [ -98.976429, 19.35914 ], [ -98.976427, 19.359141 ], [ -98.976427, 19.359141 ], [ -98.976429, 19.35914 ], [ -98.976427, 19.359141 ], [ -98.976429, 19.35914 ], [ -98.976429, 19.35914 ], [ -98.976213, 19.359094 ], [ -98.976439, 19.359067 ], [ -98.976429, 19.35914 ], [ -98.976316, 19.359079 ], [ -98.97632, 19.359069 ], [ -98.976364, 19.359114 ], [ -99.03552, 19.38509 ], [ -99.035728, 19.385325 ], [ -99.03597, 19.385563 ], [ -99.036113, 19.385532 ], [ -99.03599, 19.385404 ], [ -99.03599, 19.385404 ], [ -99.036017, 19.385353 ], [ -99.036001, 19.385399 ], [ -99.03602, 19.385275 ], [ -99.035914, 19.385348 ], [ -99.035914, 19.385348 ], [ -99.035974, 19.385358 ], [ -99.035923, 19.385357 ], [ -99.035954, 19.385398 ], [ -99.036044, 19.385414 ], [ -99.036044, 19.385414 ], [ -98.977405, 19.358955 ], [ -98.977623, 19.35887 ], [ -98.977177, 19.358995 ], [ -98.977199, 19.358948 ], [ -98.977457, 19.358974 ], [ -98.977199, 19.358984 ], [ -98.977259, 19.35896 ], [ -98.977252, 19.358995 ], [ -98.977262, 19.358961 ], [ -98.977557, 19.358923 ], [ -98.995233, 19.36035 ], [ -98.995233, 19.36035 ], [ -98.995005, 19.360383 ], [ -98.99489, 19.360313 ], [ -98.994852, 19.3603 ], [ -98.99478, 19.36032 ], [ -98.994795, 19.360327 ], [ -98.994727, 19.360285 ], [ -98.998907, 19.360756 ], [ -99.002015, 19.362076 ], [ -99.005451, 19.364504 ], [ -99.005436, 19.364304 ], [ -99.005487, 19.364558 ], [ -99.005481, 19.364549 ], [ -99.005717, 19.364732 ], [ -99.005717, 19.364732 ], [ -99.0056, 19.364626 ], [ -99.005552, 19.364617 ], [ -99.005552, 19.364617 ], [ -99.005639, 19.364622 ], [ -99.005467, 19.364544 ], [ -99.005451, 19.36445 ], [ -99.005451, 19.36445 ], [ -99.007052, 19.365199 ], [ -99.005499, 19.364334 ], [ -99.005562, 19.364634 ], [ -99.005562, 19.364634 ], [ -99.005686, 19.364697 ], [ -99.005686, 19.364697 ], [ -99.005433, 19.364442 ], [ -99.005562, 19.364634 ], [ -99.00489, 19.365199 ], [ -99.00489, 19.365199 ], [ -99.005534, 19.364269 ], [ -99.005534, 19.364269 ], [ -99.005539, 19.36426 ], [ -99.005058, 19.363781 ], [ -99.005058, 19.363781 ], [ -99.005527, 19.364411 ], [ -99.005607, 19.364629 ], [ -99.001732, 19.361258 ], [ -98.976292, 19.339112 ], [ -98.977991, 19.337501 ], [ -98.977991, 19.337501 ], [ -98.977987, 19.337506 ], [ -98.977867, 19.33763 ], [ -98.977991, 19.337503 ], [ -98.977991, 19.337504 ], [ -98.977986, 19.337508 ], [ -98.977986, 19.337508 ], [ -98.977986, 19.337508 ], [ -98.977992, 19.337501 ], [ -98.978, 19.337491 ], [ -98.978, 19.337491 ], [ -98.97801, 19.337486 ], [ -98.97801, 19.337486 ], [ -98.978009, 19.337488 ], [ -98.977992, 19.337499 ], [ -98.977966, 19.337516 ], [ -98.977966, 19.337516 ], [ -98.977876, 19.337623 ], [ -98.977951, 19.337553 ], [ -98.977966, 19.337514 ], [ -98.977966, 19.337514 ], [ -98.977926, 19.337569 ], [ -98.977893, 19.337597 ], [ -98.977965, 19.337522 ] ] } },
{ "type": "Feature", "properties": { "device_id": "8c8b766ae55c5a07dd5b5a887af405cb7c2f4a4e76be6c22afb4117439cdac2a", "timestamps": "2020-01-01T18:19:24, 2020-01-01T18:19:41, 2020-01-01T18:19:58, 2020-01-01T18:23:13, 2020-01-01T18:23:33, 2020-01-01T18:23:57, 2020-01-01T18:25:12, 2020-01-01T18:25:35, 2020-01-01T18:26:18, 2020-01-01T18:27:33, 2020-01-01T18:27:48" }, "geometry": { "type": "LineString", "coordinates": [ [ -99.07546, 19.41626 ], [ -99.07546, 19.41626 ], [ -99.07546, 19.41626 ], [ -99.057623, 19.397121 ], [ -99.05763, 19.39712 ], [ -99.05763, 19.39712 ], [ -99.0463, 19.391359 ], [ -99.0463, 19.39135 ], [ -99.04636, 19.39133 ], [ -99.036, 19.3854 ], [ -99.03595, 19.385375 ] ] } },
{ "type": "Feature", "properties": { "device_id": "74b80c91ebbf94d4817fcd391d3bdf400b4971f6da23ecfdf39064a51d543562", "timestamps": "2020-01-01T06:54:39, 2020-01-01T06:58:17, 2020-01-01T06:58:41, 2020-01-01T06:58:59, 2020-01-01T06:59:37, 2020-01-01T07:00:50, 2020-01-01T07:01:22, 2020-01-01T07:04:15, 2020-01-01T07:05:24, 2020-01-01T07:05:33, 2020-01-01T07:06:27, 2020-01-01T07:06:48, 2020-01-01T07:07:00, 2020-01-01T07:07:46, 2020-01-01T07:08:47, 2020-01-01T07:09:06, 2020-01-01T17:00:56, 2020-01-01T17:01:04, 2020-01-01T17:01:10, 2020-01-01T17:01:15, 2020-01-01T17:01:37, 2020-01-01T17:48:04, 2020-01-01T17:48:13, 2020-01-01T17:56:03, 2020-01-01T18:14:32, 2020-01-01T18:34:59, 2020-01-01T18:35:07, 2020-01-01T18:48:56, 2020-01-01T18:49:08, 2020-01-01T19:28:28, 2020-01-01T19:29:07, 2020-01-01T19:29:14, 2020-01-01T19:30:01, 2020-01-01T19:30:06, 2020-01-01T19:30:39, 2020-01-01T19:31:22, 2020-01-01T19:31:27, 2020-01-01T19:32:52, 2020-01-01T19:32:59, 2020-01-01T19:35:50, 2020-01-01T19:41:12, 2020-01-01T19:41:19, 2020-01-01T20:20:14, 2020-01-01T21:16:51, 2020-01-01T21:17:14, 2020-01-01T21:19:28, 2020-01-01T21:19:51, 2020-01-01T21:20:19, 2020-01-01T21:23:29, 2020-01-01T21:26:53, 2020-01-01T21:27:09, 2020-01-01T21:34:13, 2020-01-01T21:38:49, 2020-01-01T21:40:19, 2020-01-01T21:40:54, 2020-01-01T21:44:22, 2020-01-01T21:44:51, 2020-01-01T21:44:59, 2020-01-01T21:47:12, 2020-01-01T21:47:28, 2020-01-01T21:47:41, 2020-01-01T21:48:07, 2020-01-01T21:48:19, 2020-01-01T21:48:53, 2020-01-01T21:51:32, 2020-01-01T21:59:02, 2020-01-01T21:59:25, 2020-01-01T22:00:03, 2020-01-01T22:00:19, 2020-01-01T22:04:12, 2020-01-01T22:04:55, 2020-01-01T22:05:34, 2020-01-01T22:06:18, 2020-01-01T22:07:56, 2020-01-01T22:08:03, 2020-01-01T22:08:40, 2020-01-01T22:09:10, 2020-01-01T22:09:26, 2020-01-01T22:11:28, 2020-01-01T22:29:26, 2020-01-01T22:29:37, 2020-01-01T22:41:21, 2020-01-01T22:41:35, 2020-01-01T22:45:03, 2020-01-01T22:48:49, 2020-01-01T22:48:56, 2020-01-01T22:49:18, 2020-01-01T22:50:06, 2020-01-01T22:51:05, 2020-01-01T23:16:04, 2020-01-01T23:16:48, 2020-01-01T23:17:04, 2020-01-01T23:18:00, 2020-01-01T23:49:35, 2020-01-01T23:51:49, 2020-01-01T23:51:55, 2020-01-01T23:52:43, 2020-01-01T23:57:51, 2020-01-01T23:58:10, 2020-01-01T23:58:30, 2020-01-01T23:59:09, 2020-01-01T23:59:23, 2020-01-01T23:59:52" }, "geometry": { "type": "LineString", "coordinates": [ [ -98.992467, 19.27662 ], [ -98.992388, 19.276661 ], [ -98.992388, 19.276661 ], [ -98.992459, 19.276701 ], [ -98.992412, 19.276648 ], [ -98.992361, 19.276729 ], [ -98.992361, 19.276729 ], [ -98.992488, 19.276636 ], [ -98.99252, 19.276635 ], [ -98.99252, 19.276635 ], [ -98.992347, 19.276663 ], [ -98.992388, 19.276628 ], [ -98.992389, 19.276629 ], [ -98.992358, 19.27673 ], [ -98.99242, 19.276704 ], [ -98.992401, 19.276702 ], [ -98.99242, 19.27671 ], [ -98.992399, 19.27662 ], [ -98.9924, 19.27662 ], [ -98.992399, 19.27662 ], [ -98.992399, 19.27662 ], [ -98.99251, 19.27666 ], [ -98.992432, 19.276658 ], [ -98.992386, 19.276761 ], [ -98.99237, 19.27674 ], [ -98.99234, 19.27659 ], [ -98.992298, 19.276672 ], [ -98.99243, 19.27657 ], [ -98.99238, 19.276679 ], [ -98.992189, 19.27675 ], [ -98.99219, 19.27675 ], [ -98.992437, 19.276666 ], [ -98.99244, 19.27666 ], [ -98.992458, 19.276702 ], [ -98.992458, 19.276702 ], [ -98.99238, 19.27673 ], [ -98.992379, 19.276738 ], [ -98.99245, 19.27674 ], [ -98.992401, 19.276943 ], [ -98.992478, 19.276463 ], [ -98.99248, 19.27674 ], [ -98.992473, 19.276746 ], [ -98.992332, 19.276721 ], [ -98.992533, 19.276542 ], [ -98.992282, 19.276607 ], [ -99.001446, 19.277756 ], [ -99.001446, 19.277756 ], [ -99.001417, 19.279744 ], [ -98.996586, 19.294111 ], [ -98.99659, 19.29411 ], [ -98.969251, 19.306342 ], [ -98.959586, 19.325342 ], [ -99.009352, 19.368422 ], [ -99.021916, 19.377665 ], [ -99.02508, 19.379546 ], [ -99.03591, 19.385325 ], [ -99.035828, 19.38537 ], [ -99.035827, 19.385369 ], [ -99.035777, 19.38533 ], [ -99.035777, 19.38533 ], [ -99.035777, 19.38533 ], [ -99.0357, 19.385404 ], [ -99.0357, 19.385403 ], [ -99.0357, 19.385403 ], [ -99.035862, 19.385379 ], [ -99.035811, 19.385381 ], [ -99.035861, 19.385427 ], [ -99.035856, 19.385337 ], [ -99.035647, 19.385347 ], [ -99.036898, 19.38576 ], [ -99.036022, 19.385319 ], [ -99.035881, 19.385418 ], [ -99.035768, 19.385399 ], [ -99.03577, 19.38539 ], [ -99.035863, 19.385379 ], [ -99.035863, 19.385379 ], [ -99.03561, 19.385447 ], [ -99.03585, 19.385279 ], [ -99.035924, 19.385453 ], [ -99.0356, 19.38509 ], [ -99.035596, 19.385098 ], [ -99.073171, 19.415795 ], [ -99.07301, 19.41575 ], [ -99.073857, 19.417523 ], [ -99.074683, 19.416868 ], [ -99.074683, 19.416868 ], [ -99.074683, 19.416868 ], [ -99.074684, 19.416855 ], [ -99.074681, 19.416895 ], [ -99.168152, 19.289423 ], [ -99.168152, 19.289423 ], [ -99.168152, 19.289424 ], [ -99.16816, 19.28942 ], [ -99.109074, 19.33712 ], [ -99.102027, 19.326991 ], [ -99.102027, 19.326991 ], [ -99.096827, 19.322092 ], [ -99.074907, 19.318157 ], [ -99.074804, 19.317974 ], [ -99.074803, 19.317973 ], [ -99.074823, 19.318208 ], [ -99.074824, 19.318208 ], [ -99.069894, 19.312364 ] ] } },
{ "type": "Feature", "properties": { "device_id": "4de03f56d74bbbbb83c03fa4b47ea8d85a47c7195230280337895c20bb0948b5", "timestamps": "2020-01-01T18:59:12, 2020-01-01T18:59:21, 2020-01-01T19:00:11, 2020-01-01T19:00:22" }, "geometry": { "type": "LineString", "coordinates": [ [ -99.036154, 19.385442 ], [ -99.036169, 19.385429 ], [ -99.036169, 19.385429 ], [ -99.036154, 19.385442 ] ] } },
{ "type": "Feature", "properties": { "device_id": "f54249ae18144c1b126656108aa75621d4c5fa599efcec8d746a70a608dda376", "timestamps": "2020-01-01T06:00:06, 2020-01-01T06:13:59, 2020-01-01T06:23:24, 2020-01-01T06:32:04, 2020-01-01T06:42:36, 2020-01-01T06:52:46, 2020-01-01T07:02:34, 2020-01-01T07:13:13, 2020-01-01T07:23:17, 2020-01-01T07:33:34, 2020-01-01T07:43:34, 2020-01-01T07:54:15, 2020-01-01T08:04:25, 2020-01-01T08:04:54, 2020-01-01T08:13:06, 2020-01-01T08:24:26, 2020-01-01T08:38:27, 2020-01-01T08:48:11, 2020-01-01T08:58:14, 2020-01-01T09:08:58, 2020-01-01T09:18:14, 2020-01-01T09:28:24, 2020-01-01T09:38:34, 2020-01-01T09:48:54, 2020-01-01T09:58:50, 2020-01-01T10:09:56, 2020-01-01T10:25:15, 2020-01-01T10:43:19, 2020-01-01T11:03:01, 2020-01-01T11:24:26, 2020-01-01T11:39:23, 2020-01-01T11:54:34, 2020-01-01T12:04:31, 2020-01-01T12:14:39, 2020-01-01T12:33:13, 2020-01-01T12:51:06, 2020-01-01T13:07:23, 2020-01-01T13:46:44, 2020-01-01T14:08:02, 2020-01-01T14:09:52, 2020-01-01T14:28:09, 2020-01-01T14:48:06, 2020-01-01T15:23:13, 2020-01-01T15:24:52, 2020-01-01T15:34:19, 2020-01-01T15:45:54, 2020-01-01T15:54:03, 2020-01-01T16:04:36, 2020-01-01T16:14:39, 2020-01-01T16:17:02, 2020-01-01T16:17:03, 2020-01-01T16:17:05, 2020-01-01T16:17:27, 2020-01-01T16:17:34, 2020-01-01T16:17:47, 2020-01-01T16:18:07, 2020-01-01T16:18:13, 2020-01-01T16:18:15, 2020-01-01T16:18:18, 2020-01-01T16:18:21, 2020-01-01T16:18:25, 2020-01-01T16:18:28, 2020-01-01T16:18:31, 2020-01-01T16:18:46, 2020-01-01T16:18:53, 2020-01-01T16:18:56, 2020-01-01T16:18:58, 2020-01-01T16:19:07, 2020-01-01T16:20:07, 2020-01-01T16:20:26, 2020-01-01T16:20:46, 2020-01-01T16:21:07, 2020-01-01T16:21:47, 2020-01-01T16:22:07, 2020-01-01T16:22:49, 2020-01-01T16:26:06, 2020-01-01T16:26:31, 2020-01-01T16:26:49, 2020-01-01T16:27:06, 2020-01-01T16:27:13, 2020-01-01T16:27:15, 2020-01-01T16:27:16, 2020-01-01T16:27:21, 2020-01-01T16:27:26, 2020-01-01T16:27:35, 2020-01-01T16:27:36, 2020-01-01T16:27:41, 2020-01-01T16:27:43, 2020-01-01T16:27:45, 2020-01-01T16:27:46, 2020-01-01T16:27:51, 2020-01-01T16:27:53, 2020-01-01T16:27:55, 2020-01-01T16:27:58, 2020-01-01T16:28:00, 2020-01-01T16:28:07, 2020-01-01T16:28:09, 2020-01-01T16:28:11, 2020-01-01T16:28:13, 2020-01-01T16:28:17, 2020-01-01T16:28:19, 2020-01-01T16:28:21, 2020-01-01T16:28:24, 2020-01-01T16:28:29, 2020-01-01T16:28:30, 2020-01-01T16:28:32, 2020-01-01T16:28:37, 2020-01-01T16:28:47, 2020-01-01T16:29:21, 2020-01-01T16:29:50, 2020-01-01T16:29:59, 2020-01-01T16:37:34, 2020-01-01T16:38:51, 2020-01-01T16:48:46, 2020-01-01T16:59:53, 2020-01-01T17:09:22, 2020-01-01T17:10:01, 2020-01-01T17:11:05, 2020-01-01T17:11:25, 2020-01-01T17:11:41, 2020-01-01T17:12:06, 2020-01-01T17:12:13, 2020-01-01T17:12:16, 2020-01-01T17:12:18, 2020-01-01T17:12:21, 2020-01-01T17:12:23, 2020-01-01T17:12:31, 2020-01-01T17:12:33, 2020-01-01T17:12:38, 2020-01-01T17:12:41, 2020-01-01T17:12:43, 2020-01-01T17:12:46, 2020-01-01T17:12:48, 2020-01-01T17:12:52, 2020-01-01T17:12:59, 2020-01-01T17:13:39, 2020-01-01T17:13:55, 2020-01-01T17:24:41, 2020-01-01T17:34:33, 2020-01-01T17:44:05, 2020-01-01T17:54:01, 2020-01-01T17:54:03, 2020-01-01T17:54:08, 2020-01-01T17:54:13, 2020-01-01T17:54:18, 2020-01-01T17:54:29, 2020-01-01T17:54:31, 2020-01-01T17:54:35, 2020-01-01T17:54:38, 2020-01-01T17:54:45, 2020-01-01T17:54:46, 2020-01-01T17:54:54, 2020-01-01T17:54:59, 2020-01-01T17:55:25, 2020-01-01T17:55:53, 2020-01-01T17:55:55, 2020-01-01T17:55:58, 2020-01-01T18:14:20, 2020-01-01T18:27:12, 2020-01-01T18:37:36, 2020-01-01T18:57:48, 2020-01-01T19:07:17, 2020-01-01T19:20:18, 2020-01-01T19:30:14, 2020-01-01T19:42:02, 2020-01-01T19:43:02, 2020-01-01T19:43:04, 2020-01-01T19:43:10, 2020-01-01T19:43:12, 2020-01-01T19:43:19, 2020-01-01T19:43:24, 2020-01-01T19:43:27, 2020-01-01T19:43:29, 2020-01-01T19:43:30, 2020-01-01T19:43:32, 2020-01-01T19:43:37, 2020-01-01T19:43:42, 2020-01-01T19:43:44, 2020-01-01T19:43:47, 2020-01-01T19:43:52, 2020-01-01T19:43:53, 2020-01-01T19:43:57, 2020-01-01T19:43:59, 2020-01-01T19:50:19, 2020-01-01T19:50:25, 2020-01-01T19:54:03, 2020-01-01T19:54:05, 2020-01-01T19:54:12, 2020-01-01T19:54:14, 2020-01-01T19:54:31, 2020-01-01T19:54:35, 2020-01-01T19:54:36, 2020-01-01T19:54:47, 2020-01-01T19:54:50, 2020-01-01T19:54:58, 2020-01-01T20:13:29, 2020-01-01T20:13:58, 2020-01-01T20:19:08, 2020-01-01T20:19:37, 2020-01-01T20:20:00, 2020-01-01T20:20:04, 2020-01-01T20:20:07, 2020-01-01T20:20:18, 2020-01-01T20:20:26, 2020-01-01T20:20:30, 2020-01-01T20:20:32, 2020-01-01T20:20:39, 2020-01-01T20:20:43, 2020-01-01T20:20:47, 2020-01-01T20:20:49, 2020-01-01T20:20:58, 2020-01-01T20:21:20, 2020-01-01T20:21:22, 2020-01-01T20:21:27, 2020-01-01T20:21:52, 2020-01-01T20:21:54, 2020-01-01T20:21:57, 2020-01-01T20:21:59, 2020-01-01T20:37:50, 2020-01-01T20:47:28, 2020-01-01T20:57:06, 2020-01-01T21:07:40, 2020-01-01T21:23:11, 2020-01-01T21:35:15, 2020-01-01T21:35:24, 2020-01-01T21:35:31, 2020-01-01T21:35:42, 2020-01-01T21:35:54, 2020-01-01T21:36:12, 2020-01-01T21:48:06, 2020-01-01T21:58:08, 2020-01-01T21:58:18, 2020-01-01T21:58:28, 2020-01-01T21:58:38, 2020-01-01T21:58:48, 2020-01-01T21:59:08, 2020-01-01T21:59:28, 2020-01-01T21:59:59, 2020-01-01T22:00:48, 2020-01-01T22:01:25, 2020-01-01T22:01:48, 2020-01-01T22:09:46, 2020-01-01T22:12:31, 2020-01-01T22:16:54, 2020-01-01T22:17:00, 2020-01-01T22:17:02, 2020-01-01T22:17:04, 2020-01-01T22:17:07, 2020-01-01T22:17:30, 2020-01-01T22:17:32, 2020-01-01T22:17:34, 2020-01-01T22:17:35, 2020-01-01T22:17:37, 2020-01-01T22:17:42, 2020-01-01T22:18:11, 2020-01-01T22:18:13, 2020-01-01T22:18:15, 2020-01-01T22:18:18, 2020-01-01T22:18:21, 2020-01-01T22:18:25, 2020-01-01T22:18:26, 2020-01-01T22:18:41, 2020-01-01T22:18:45, 2020-01-01T22:18:51, 2020-01-01T22:18:55, 2020-01-01T22:18:56, 2020-01-01T22:18:59, 2020-01-01T22:20:17, 2020-01-01T22:21:08, 2020-01-01T22:21:21, 2020-01-01T22:22:33, 2020-01-01T22:23:45, 2020-01-01T22:24:26, 2020-01-01T22:25:36, 2020-01-01T22:25:52, 2020-01-01T22:26:41, 2020-01-01T22:27:27, 2020-01-01T22:28:38, 2020-01-01T22:28:54, 2020-01-01T22:31:04, 2020-01-01T22:31:17, 2020-01-01T22:31:19, 2020-01-01T22:31:35, 2020-01-01T22:31:37, 2020-01-01T22:31:42, 2020-01-01T22:31:43, 2020-01-01T22:31:46, 2020-01-01T22:31:48, 2020-01-01T22:31:50, 2020-01-01T22:32:06, 2020-01-01T22:32:14, 2020-01-01T22:32:16, 2020-01-01T22:32:21, 2020-01-01T22:32:27, 2020-01-01T22:32:32, 2020-01-01T22:32:37, 2020-01-01T22:32:42, 2020-01-01T22:32:46, 2020-01-01T22:32:51, 2020-01-01T22:32:57, 2020-01-01T22:36:39, 2020-01-01T22:37:36, 2020-01-01T22:38:42, 2020-01-01T22:39:27, 2020-01-01T22:40:38, 2020-01-01T22:40:51, 2020-01-01T22:41:04, 2020-01-01T22:41:05, 2020-01-01T22:41:08, 2020-01-01T22:41:36, 2020-01-01T22:41:38, 2020-01-01T22:41:43, 2020-01-01T22:42:00, 2020-01-01T22:42:01, 2020-01-01T22:42:05, 2020-01-01T22:42:07, 2020-01-01T22:42:09, 2020-01-01T22:42:12, 2020-01-01T22:42:14, 2020-01-01T22:42:18, 2020-01-01T22:42:22, 2020-01-01T22:42:23, 2020-01-01T22:42:26, 2020-01-01T22:42:28, 2020-01-01T22:42:31, 2020-01-01T22:42:38, 2020-01-01T22:42:42, 2020-01-01T22:42:44, 2020-01-01T22:42:46, 2020-01-01T22:42:49, 2020-01-01T22:42:52, 2020-01-01T22:42:54, 2020-01-01T22:42:58, 2020-01-01T22:43:13, 2020-01-01T22:43:16, 2020-01-01T22:43:22, 2020-01-01T22:43:24, 2020-01-01T22:43:26, 2020-01-01T22:43:29, 2020-01-01T22:43:35, 2020-01-01T22:43:50, 2020-01-01T22:43:51, 2020-01-01T22:43:58, 2020-01-01T22:44:16, 2020-01-01T22:48:34, 2020-01-01T22:50:02, 2020-01-01T22:50:56, 2020-01-01T22:51:47, 2020-01-01T22:56:16, 2020-01-01T22:57:00, 2020-01-01T22:57:25, 2020-01-01T22:58:32, 2020-01-01T22:59:17, 2020-01-01T23:00:08, 2020-01-01T23:00:21, 2020-01-01T23:01:34, 2020-01-01T23:02:17, 2020-01-01T23:02:19, 2020-01-01T23:02:36, 2020-01-01T23:02:37, 2020-01-01T23:03:17, 2020-01-01T23:03:37, 2020-01-01T23:03:56, 2020-01-01T23:04:18, 2020-01-01T23:04:22, 2020-01-01T23:04:38, 2020-01-01T23:05:03, 2020-01-01T23:05:18, 2020-01-01T23:05:57, 2020-01-01T23:06:23, 2020-01-01T23:06:36, 2020-01-01T23:06:43, 2020-01-01T23:07:23, 2020-01-01T23:07:43, 2020-01-01T23:08:17, 2020-01-01T23:09:26, 2020-01-01T23:10:51, 2020-01-01T23:11:43, 2020-01-01T23:13:39, 2020-01-01T23:13:53, 2020-01-01T23:14:00, 2020-01-01T23:14:02, 2020-01-01T23:14:04, 2020-01-01T23:14:08, 2020-01-01T23:14:30, 2020-01-01T23:14:31, 2020-01-01T23:14:35, 2020-01-01T23:14:38, 2020-01-01T23:14:43, 2020-01-01T23:15:08, 2020-01-01T23:15:14, 2020-01-01T23:15:16, 2020-01-01T23:15:18, 2020-01-01T23:15:20, 2020-01-01T23:15:22, 2020-01-01T23:15:24, 2020-01-01T23:15:28, 2020-01-01T23:15:32, 2020-01-01T23:15:42, 2020-01-01T23:15:43, 2020-01-01T23:15:46, 2020-01-01T23:15:49, 2020-01-01T23:15:54, 2020-01-01T23:15:55, 2020-01-01T23:15:58, 2020-01-01T23:16:28, 2020-01-01T23:16:48, 2020-01-01T23:17:28, 2020-01-01T23:17:56, 2020-01-01T23:18:40, 2020-01-01T23:19:11, 2020-01-01T23:19:17, 2020-01-01T23:19:38, 2020-01-01T23:19:47, 2020-01-01T23:20:55, 2020-01-01T23:21:46, 2020-01-01T23:22:11, 2020-01-01T23:23:57, 2020-01-01T23:24:47, 2020-01-01T23:25:11, 2020-01-01T23:32:14, 2020-01-01T23:37:49, 2020-01-01T23:56:36" }, "geometry": { "type": "LineString", "coordinates": [ [ -99.015072, 19.384708 ], [ -99.015092, 19.384715 ], [ -99.015106, 19.384778 ], [ -99.015106, 19.384777 ], [ -99.015107, 19.384779 ], [ -99.014955, 19.384702 ], [ -99.015096, 19.384775 ], [ -99.01504, 19.384759 ], [ -99.015064, 19.38479 ], [ -99.015106, 19.384779 ], [ -99.015112, 19.384794 ], [ -99.015116, 19.384775 ], [ -99.015113, 19.38479 ], [ -99.015115, 19.384787 ], [ -99.015095, 19.384773 ], [ -99.015116, 19.384775 ], [ -99.015116, 19.384775 ], [ -99.015057, 19.384777 ], [ -99.015062, 19.384777 ], [ -99.015065, 19.384775 ], [ -99.015036, 19.384787 ], [ -99.015033, 19.384788 ], [ -99.015064, 19.38478 ], [ -99.015031, 19.384785 ], [ -99.015094, 19.384784 ], [ -99.015064, 19.384776 ], [ -99.015064, 19.384776 ], [ -99.015064, 19.384776 ], [ -99.01507, 19.38476 ], [ -99.01507, 19.38476 ], [ -99.01507, 19.38476 ], [ -99.01507, 19.38476 ], [ -99.015017, 19.384784 ], [ -99.015099, 19.384784 ], [ -99.015092, 19.384779 ], [ -99.015035, 19.384705 ], [ -99.01501, 19.38491 ], [ -99.015043, 19.384816 ], [ -99.015043, 19.384816 ], [ -99.015043, 19.384816 ], [ -99.015043, 19.384816 ], [ -99.015043, 19.384816 ], [ -99.015043, 19.384816 ], [ -99.01506, 19.384792 ], [ -99.015092, 19.384773 ], [ -99.015094, 19.384775 ], [ -99.015095, 19.384773 ], [ -99.015057, 19.384792 ], [ -99.015064, 19.384774 ], [ -99.015133, 19.384756 ], [ -99.015148, 19.384715 ], [ -99.015136, 19.384815 ], [ -99.015064, 19.384774 ], [ -99.015064, 19.384774 ], [ -99.015064, 19.384774 ], [ -99.014999, 19.384739 ], [ -99.014978, 19.384726 ], [ -99.015016, 19.384728 ], [ -99.014944, 19.384668 ], [ -99.014966, 19.384774 ], [ -99.014925, 19.384774 ], [ -99.015016, 19.384727 ], [ -99.014991, 19.384761 ], [ -99.014962, 19.384686 ], [ -99.01493, 19.384718 ], [ -99.01491, 19.384719 ], [ -99.014902, 19.384764 ], [ -99.014999, 19.384739 ], [ -99.014999, 19.384739 ], [ -99.014999, 19.384739 ], [ -99.014999, 19.384739 ], [ -99.015081, 19.384829 ], [ -99.015081, 19.384829 ], [ -99.015081, 19.384829 ], [ -99.015081, 19.384829 ], [ -99.015007, 19.384752 ], [ -99.015081, 19.384829 ], [ -99.015081, 19.384829 ], [ -99.014992, 19.384737 ], [ -99.014991, 19.384736 ], [ -99.014991, 19.384736 ], [ -99.014991, 19.384736 ], [ -99.014991, 19.384734 ], [ -99.014991, 19.384736 ], [ -99.014991, 19.384737 ], [ -99.014992, 19.384737 ], [ -99.014991, 19.384736 ], [ -99.014991, 19.384737 ], [ -99.014991, 19.384736 ], [ -99.014991, 19.384737 ], [ -99.014977, 19.384765 ], [ -99.014975, 19.384736 ], [ -99.014976, 19.384767 ], [ -99.01498, 19.384735 ], [ -99.015009, 19.384756 ], [ -99.015009, 19.384756 ], [ -99.015009, 19.384756 ], [ -99.015001, 19.384751 ], [ -99.014998, 19.384757 ], [ -99.014998, 19.384758 ], [ -99.015002, 19.38476 ], [ -99.014992, 19.384737 ], [ -99.014992, 19.384737 ], [ -99.015016, 19.384762 ], [ -99.015007, 19.384757 ], [ -99.015006, 19.384783 ], [ -99.015008, 19.384756 ], [ -99.015007, 19.384784 ], [ -99.015009, 19.384758 ], [ -99.015009, 19.384758 ], [ -99.015009, 19.384756 ], [ -99.015009, 19.384758 ], [ -99.015009, 19.384758 ], [ -99.015121, 19.384771 ], [ -99.015105, 19.384779 ], [ -99.015106, 19.384779 ], [ -99.015103, 19.384778 ], [ -99.015103, 19.384778 ], [ -99.015103, 19.384778 ], [ -99.015103, 19.384778 ], [ -99.015055, 19.384777 ], [ -99.015047, 19.384804 ], [ -99.015033, 19.384799 ], [ -99.015036, 19.384795 ], [ -99.014944, 19.384734 ], [ -99.014959, 19.3848 ], [ -99.015055, 19.384774 ], [ -99.015057, 19.384772 ], [ -99.015053, 19.384774 ], [ -99.015036, 19.384799 ], [ -99.015033, 19.384801 ], [ -99.015041, 19.384824 ], [ -99.015033, 19.384802 ], [ -99.015103, 19.384778 ], [ -99.015058, 19.384797 ], [ -99.015051, 19.384776 ], [ -99.015052, 19.384776 ], [ -99.015053, 19.384758 ], [ -99.015073, 19.384796 ], [ -99.0151, 19.384784 ], [ -99.014992, 19.384791 ], [ -99.014989, 19.384794 ], [ -99.014988, 19.384794 ], [ -99.01509, 19.384797 ], [ -99.015063, 19.384747 ], [ -99.015091, 19.384791 ], [ -99.015012, 19.384775 ], [ -99.015015, 19.38479 ], [ -99.015011, 19.384777 ], [ -99.01503, 19.384743 ], [ -99.015041, 19.384764 ], [ -99.0151, 19.384784 ], [ -99.015101, 19.384789 ], [ -99.01499, 19.384794 ], [ -99.01499, 19.384792 ], [ -99.014987, 19.384794 ], [ -99.01499, 19.384792 ], [ -99.015145, 19.384772 ], [ -99.015044, 19.384793 ], [ -99.015052, 19.384789 ], [ -99.01496, 19.384665 ], [ -99.01513, 19.38479 ], [ -99.015116, 19.384775 ], [ -99.015032, 19.384805 ], [ -99.015136, 19.38477 ], [ -99.015098, 19.38484 ], [ -99.015098, 19.384818 ], [ -99.015089, 19.384982 ], [ -99.015071, 19.384988 ], [ -99.015088, 19.384981 ], [ -99.015073, 19.385005 ], [ -99.015075, 19.384994 ], [ -99.015072, 19.384974 ], [ -99.01507, 19.38495 ], [ -99.01509, 19.384935 ], [ -99.01508, 19.384871 ], [ -99.015088, 19.384955 ], [ -99.015089, 19.384951 ], [ -99.015089, 19.384967 ], [ -99.015096, 19.384926 ], [ -99.01507, 19.38503 ], [ -99.015073, 19.385016 ], [ -99.015073, 19.385027 ], [ -99.015096, 19.38484 ], [ -99.015096, 19.38484 ], [ -99.014996, 19.384766 ], [ -99.014993, 19.38473 ], [ -99.015106, 19.384619 ], [ -99.015128, 19.384628 ], [ -99.015062, 19.384686 ], [ -99.015057, 19.38462 ], [ -99.015018, 19.384729 ], [ -99.015147, 19.384539 ], [ -99.015096, 19.38484 ], [ -99.015096, 19.38484 ], [ -99.015048, 19.384772 ], [ -99.015017, 19.384776 ], [ -99.015107, 19.384724 ], [ -99.015048, 19.384772 ], [ -99.015083, 19.384766 ], [ -99.015087, 19.384765 ], [ -99.015089, 19.384768 ], [ -99.015122, 19.38477 ], [ -99.015107, 19.384724 ], [ -99.015072, 19.384762 ], [ -99.015078, 19.384763 ], [ -99.015089, 19.384764 ], [ -99.015103, 19.384768 ], [ -99.015093, 19.384764 ], [ -99.015091, 19.384763 ], [ -99.015107, 19.384724 ], [ -99.015078, 19.384769 ], [ -99.015078, 19.384769 ], [ -99.015078, 19.384768 ], [ -99.015076, 19.384768 ], [ -99.015077, 19.384768 ], [ -99.015076, 19.384769 ], [ -99.015076, 19.384769 ], [ -99.015044, 19.384793 ], [ -99.015047, 19.38476 ], [ -99.015066, 19.384736 ], [ -99.015044, 19.384793 ], [ -99.015032, 19.384759 ], [ -99.015086, 19.384771 ], [ -99.015061, 19.384777 ], [ -99.015074, 19.384771 ], [ -99.015081, 19.384778 ], [ -99.015065, 19.384791 ], [ -99.015086, 19.38474 ], [ -99.015032, 19.384759 ], [ -99.01511, 19.384715 ], [ -99.015117, 19.38473 ], [ -99.015124, 19.384733 ], [ -99.015127, 19.384724 ], [ -99.015118, 19.38473 ], [ -99.015123, 19.384732 ], [ -99.015129, 19.384725 ], [ -99.015144, 19.384711 ], [ -99.01513, 19.384694 ], [ -99.015156, 19.384748 ], [ -99.015091, 19.384771 ], [ -99.016503, 19.381634 ], [ -99.016952, 19.37564 ], [ -99.016596, 19.373778 ], [ -99.017147, 19.373548 ], [ -99.017139, 19.373568 ], [ -99.01714, 19.373533 ], [ -99.017145, 19.373549 ], [ -99.01713, 19.373531 ], [ -99.017158, 19.373519 ], [ -99.017136, 19.373543 ], [ -99.017203, 19.373549 ], [ -99.017133, 19.373538 ], [ -99.017157, 19.373558 ], [ -99.017524, 19.37368 ], [ -99.017524, 19.373693 ], [ -99.01752, 19.373676 ], [ -99.017524, 19.373691 ], [ -99.017451, 19.373654 ], [ -99.017437, 19.373654 ], [ -99.017493, 19.373686 ], [ -99.017521, 19.37368 ], [ -99.017525, 19.373691 ], [ -99.017394, 19.373666 ], [ -99.017346, 19.373617 ], [ -99.017424, 19.373657 ], [ -99.017442, 19.373655 ], [ -99.024722, 19.378692 ], [ -99.035951, 19.385383 ], [ -99.031366, 19.382714 ], [ -99.036455, 19.385634 ], [ -99.042731, 19.389265 ], [ -99.046928, 19.391659 ], [ -99.056361, 19.396979 ], [ -99.049127, 19.392867 ], [ -99.059979, 19.399102 ], [ -99.062965, 19.400814 ], [ -99.07009, 19.40488 ], [ -99.069418, 19.404596 ], [ -99.071923, 19.415291 ], [ -99.071745, 19.415797 ], [ -99.071718, 19.41578 ], [ -99.07181, 19.415515 ], [ -99.071886, 19.415374 ], [ -99.071743, 19.415772 ], [ -99.071742, 19.415758 ], [ -99.071756, 19.415637 ], [ -99.071775, 19.41558 ], [ -99.071804, 19.415684 ], [ -99.072102, 19.415545 ], [ -99.071948, 19.415303 ], [ -99.071949, 19.41535 ], [ -99.071942, 19.415234 ], [ -99.071946, 19.415289 ], [ -99.071971, 19.415434 ], [ -99.072043, 19.415494 ], [ -99.07193, 19.415335 ], [ -99.071952, 19.415397 ], [ -99.071921, 19.415261 ], [ -99.07191, 19.415203 ], [ -99.071972, 19.415 ], [ -99.075687, 19.409878 ], [ -99.081391, 19.407036 ], [ -99.082763, 19.407277 ], [ -99.091606, 19.408516 ], [ -99.08738, 19.407895 ], [ -99.093044, 19.408729 ], [ -99.092769, 19.408679 ], [ -99.093522, 19.408772 ], [ -99.092321, 19.40865 ], [ -99.092497, 19.408652 ], [ -99.09169, 19.408551 ], [ -99.099425, 19.408973 ], [ -99.099059, 19.409046 ], [ -99.098835, 19.40905 ], [ -99.099609, 19.408917 ], [ -99.099824, 19.40888 ], [ -99.095946, 19.409148 ], [ -99.096152, 19.409156 ], [ -99.096633, 19.409202 ], [ -99.094861, 19.408981 ], [ -99.095169, 19.409017 ], [ -99.095366, 19.409061 ], [ -99.0956, 19.409075 ], [ -99.098039, 19.409147 ], [ -99.098642, 19.409095 ], [ -99.096967, 19.409204 ], [ -99.097151, 19.409197 ], [ -99.097485, 19.409176 ], [ -99.097739, 19.409165 ], [ -99.093735, 19.408808 ], [ -99.093922, 19.408819 ], [ -99.094539, 19.408941 ], [ -99.10229, 19.40864 ], [ -99.102475, 19.40863 ], [ -99.100916, 19.408683 ], [ -99.101137, 19.408653 ], [ -99.101436, 19.40867 ], [ -99.101766, 19.40865 ], [ -99.103683, 19.408628 ], [ -99.100356, 19.408738 ], [ -99.100038, 19.408792 ], [ -99.100637, 19.408703 ], [ -99.106212, 19.408514 ], [ -99.133897, 19.408621 ], [ -99.134288, 19.409085 ], [ -99.134124, 19.408664 ], [ -99.134374, 19.409095 ], [ -99.136579, 19.402455 ], [ -99.137944, 19.394945 ], [ -99.137076, 19.400323 ], [ -99.138193, 19.392767 ], [ -99.139136, 19.386964 ], [ -99.140306, 19.378944 ], [ -99.139511, 19.383878 ], [ -99.140808, 19.375055 ], [ -99.141711, 19.369351 ], [ -99.141726, 19.369392 ], [ -99.141699, 19.369468 ], [ -99.141699, 19.369468 ], [ -99.142048, 19.367051 ], [ -99.142538, 19.364161 ], [ -99.141702, 19.369469 ], [ -99.143086, 19.361384 ], [ -99.143096, 19.361384 ], [ -99.143394, 19.359834 ], [ -99.144451, 19.355591 ], [ -99.144794, 19.354021 ], [ -99.143881, 19.357514 ], [ -99.144478, 19.355459 ], [ -99.145194, 19.351275 ], [ -99.145178, 19.35171 ], [ -99.145349, 19.348639 ], [ -99.145228, 19.347685 ], [ -99.13935, 19.343672 ], [ -99.139331, 19.343637 ], [ -99.139443, 19.343664 ], [ -99.138968, 19.343835 ], [ -99.138962, 19.344582 ], [ -99.139576, 19.34413 ], [ -99.137523, 19.343079 ], [ -99.137574, 19.343236 ], [ -99.137531, 19.343153 ], [ -99.137473, 19.342945 ], [ -99.13778, 19.34357 ], [ -99.137927, 19.343724 ], [ -99.138019, 19.34379 ], [ -99.137685, 19.3434 ], [ -99.138367, 19.343913 ], [ -99.141802, 19.341754 ], [ -99.138275, 19.341325 ], [ -99.138533, 19.341314 ], [ -99.138743, 19.341339 ], [ -99.137714, 19.341554 ], [ -99.137552, 19.341852 ], [ -99.137621, 19.341696 ], [ -99.137928, 19.341418 ], [ -99.14004, 19.341512 ], [ -99.139019, 19.341385 ], [ -99.139327, 19.341402 ], [ -99.139529, 19.34144 ], [ -99.139823, 19.341479 ], [ -99.137495, 19.342536 ], [ -99.137489, 19.342808 ], [ -99.137542, 19.342096 ], [ -99.143459, 19.342694 ], [ -99.144727, 19.342183 ], [ -99.143294, 19.341454 ], [ -99.143338, 19.341765 ], [ -99.142282, 19.336284 ], [ -99.139694, 19.328357 ], [ -99.139293, 19.326848 ], [ -99.138884, 19.32572 ], [ -99.139013, 19.326035 ], [ -99.13886, 19.325568 ], [ -99.139052, 19.318097 ], [ -99.142026, 19.309123 ], [ -99.142026, 19.309123 ], [ -99.144406, 19.30553 ], [ -99.148421, 19.302476 ], [ -99.150563, 19.295246 ], [ -99.148707, 19.293833 ], [ -99.148607, 19.293953 ] ] } },
{ "type": "Feature", "properties": { "device_id": "a20c211119a426ea7783f37c13a02cc2c404ee7f5f08e5fab15a026bf5a0fa86", "timestamps": "2020-01-01T06:37:55, 2020-01-01T06:38:25, 2020-01-01T12:03:26, 2020-01-01T12:03:57, 2020-01-01T12:06:38, 2020-01-01T13:29:32, 2020-01-01T17:01:20, 2020-01-01T17:01:25, 2020-01-01T19:34:01, 2020-01-01T19:51:55, 2020-01-01T19:52:08, 2020-01-01T19:53:03, 2020-01-01T19:53:46, 2020-01-01T19:54:17, 2020-01-01T19:54:48, 2020-01-01T19:55:53, 2020-01-01T19:56:06, 2020-01-01T19:57:29, 2020-01-01T19:59:52, 2020-01-01T19:59:56, 2020-01-01T20:05:08, 2020-01-01T20:17:41, 2020-01-01T21:23:23, 2020-01-01T22:06:48, 2020-01-01T22:23:40, 2020-01-01T23:23:31" }, "geometry": { "type": "LineString", "coordinates": [ [ -99.216457, 19.327029 ], [ -99.216457, 19.327029 ], [ -99.216447, 19.327056 ], [ -99.216477, 19.327057 ], [ -99.21648, 19.32705 ], [ -99.216453, 19.327085 ], [ -98.97647, 19.35895 ], [ -98.976464, 19.358951 ], [ -99.03506, 19.38479 ], [ -99.03506, 19.38479 ], [ -99.035059, 19.384794 ], [ -99.035056, 19.384803 ], [ -99.035056, 19.384803 ], [ -99.035056, 19.384803 ], [ -99.035056, 19.384803 ], [ -99.035056, 19.384803 ], [ -99.035059, 19.384794 ], [ -99.03506, 19.38478 ], [ -99.100925, 19.408853 ], [ -99.100925, 19.408853 ], [ -99.10093, 19.40885 ], [ -99.10093, 19.40885 ], [ -99.10093, 19.40885 ], [ -99.10093, 19.40885 ], [ -99.10093, 19.40885 ], [ -99.216441, 19.327081 ] ] } },
{ "type": "Feature", "properties": { "device_id": "0d16774bed889c450b1a27ea94845b26bf7efb94e718d47efdea0dfdf847cce9", "timestamps": "2020-01-01T06:06:48, 2020-01-01T06:45:05, 2020-01-01T06:46:57, 2020-01-01T07:05:07, 2020-01-01T07:26:26, 2020-01-01T08:07:39, 2020-01-01T08:22:30, 2020-01-01T08:22:58, 2020-01-01T08:24:33, 2020-01-01T08:26:08, 2020-01-01T08:28:18, 2020-01-01T08:29:09, 2020-01-01T08:29:24, 2020-01-01T08:30:34, 2020-01-01T08:32:08, 2020-01-01T08:32:24, 2020-01-01T08:33:34, 2020-01-01T08:34:18, 2020-01-01T08:35:08, 2020-01-01T08:35:24, 2020-01-01T08:36:34, 2020-01-01T08:37:18, 2020-01-01T08:38:08, 2020-01-01T08:39:34, 2020-01-01T08:40:44, 2020-01-01T08:42:34, 2020-01-01T08:43:18, 2020-01-01T08:44:24, 2020-01-01T08:45:39, 2020-01-01T08:46:42, 2020-01-01T08:47:08, 2020-01-01T08:47:23, 2020-01-01T08:50:11, 2020-01-01T08:50:58, 2020-01-01T08:51:09, 2020-01-01T08:54:12, 2020-01-01T08:54:15, 2020-01-01T08:58:10, 2020-01-01T08:58:12, 2020-01-01T08:58:46, 2020-01-01T09:18:04, 2020-01-01T09:39:53, 2020-01-01T10:00:12, 2020-01-01T10:36:19, 2020-01-01T10:56:59, 2020-01-01T11:35:20, 2020-01-01T12:36:45, 2020-01-01T13:57:45, 2020-01-01T14:17:22, 2020-01-01T14:56:14, 2020-01-01T15:57:34, 2020-01-01T16:06:18, 2020-01-01T16:06:41, 2020-01-01T16:06:44, 2020-01-01T16:27:21, 2020-01-01T16:47:33, 2020-01-01T17:09:03, 2020-01-01T17:09:39, 2020-01-01T17:09:54, 2020-01-01T17:31:52, 2020-01-01T17:52:50, 2020-01-01T17:52:53, 2020-01-01T18:12:33, 2020-01-01T18:12:44, 2020-01-01T18:15:00, 2020-01-01T18:15:01, 2020-01-01T18:35:14, 2020-01-01T18:56:50, 2020-01-01T19:06:31, 2020-01-01T19:27:10, 2020-01-01T19:27:38, 2020-01-01T19:28:18, 2020-01-01T19:28:37, 2020-01-01T19:28:50, 2020-01-01T19:29:18, 2020-01-01T19:29:37, 2020-01-01T19:29:58, 2020-01-01T19:30:13, 2020-01-01T19:30:53, 2020-01-01T19:50:29, 2020-01-01T19:59:02, 2020-01-01T19:59:41, 2020-01-01T19:59:43, 2020-01-01T20:20:25, 2020-01-01T20:39:38, 2020-01-01T20:43:48, 2020-01-01T20:43:49, 2020-01-01T20:51:54, 2020-01-01T20:51:59, 2020-01-01T21:11:03, 2020-01-01T21:11:04, 2020-01-01T21:31:17, 2020-01-01T21:38:11, 2020-01-01T21:38:28, 2020-01-01T21:51:18, 2020-01-01T22:00:30, 2020-01-01T22:12:17, 2020-01-01T22:19:10, 2020-01-01T22:20:23, 2020-01-01T22:22:05, 2020-01-01T22:22:21, 2020-01-01T22:22:45, 2020-01-01T22:23:00, 2020-01-01T22:23:01, 2020-01-01T22:23:08, 2020-01-01T22:23:09, 2020-01-01T22:23:19, 2020-01-01T22:23:59, 2020-01-01T22:24:10, 2020-01-01T22:24:12, 2020-01-01T22:24:14, 2020-01-01T22:24:17, 2020-01-01T22:24:19, 2020-01-01T22:24:20, 2020-01-01T22:24:21, 2020-01-01T22:24:23, 2020-01-01T22:24:25, 2020-01-01T22:24:27, 2020-01-01T22:24:29, 2020-01-01T22:24:32, 2020-01-01T22:24:40, 2020-01-01T22:24:42, 2020-01-01T22:24:44, 2020-01-01T22:24:47, 2020-01-01T22:24:49, 2020-01-01T22:24:51, 2020-01-01T22:24:53, 2020-01-01T22:24:55, 2020-01-01T22:24:57, 2020-01-01T22:24:58, 2020-01-01T22:30:12, 2020-01-01T22:30:26, 2020-01-01T22:30:27, 2020-01-01T22:31:09, 2020-01-01T22:31:26, 2020-01-01T22:32:02, 2020-01-01T22:33:16, 2020-01-01T22:34:04, 2020-01-01T22:34:59, 2020-01-01T22:35:48, 2020-01-01T22:36:37, 2020-01-01T22:37:38, 2020-01-01T22:38:00, 2020-01-01T22:38:06, 2020-01-01T22:43:52, 2020-01-01T23:03:06, 2020-01-01T23:24:22, 2020-01-01T23:42:53, 2020-01-01T23:47:41, 2020-01-01T23:47:42, 2020-01-01T23:59:24, 2020-01-01T23:59:27, 2020-01-01T23:59:28" }, "geometry": { "type": "LineString", "coordinates": [ [ -99.107135, 19.428434 ], [ -99.107081, 19.428471 ], [ -99.107075, 19.42849 ], [ -99.10709, 19.428481 ], [ -99.10707, 19.428524 ], [ -99.107043, 19.428507 ], [ -99.103756, 19.427461 ], [ -99.105286, 19.428207 ], [ -99.100218, 19.423427 ], [ -99.096125, 19.419489 ], [ -99.090277, 19.416107 ], [ -99.080987, 19.410728 ], [ -99.085249, 19.413259 ], [ -99.079271, 19.40976 ], [ -99.068119, 19.403607 ], [ -99.075064, 19.407597 ], [ -99.060813, 19.399454 ], [ -99.052326, 19.394564 ], [ -99.036349, 19.385455 ], [ -99.043886, 19.389781 ], [ -99.028722, 19.381146 ], [ -99.022338, 19.376959 ], [ -99.009604, 19.367618 ], [ -99.003701, 19.362984 ], [ -98.998095, 19.358863 ], [ -98.977588, 19.341706 ], [ -98.970854, 19.33407 ], [ -98.962548, 19.327008 ], [ -98.949637, 19.31596 ], [ -98.943243, 19.310459 ], [ -98.933763, 19.302435 ], [ -98.937673, 19.30577 ], [ -98.933371, 19.300847 ], [ -98.933339, 19.301098 ], [ -98.932782, 19.299687 ], [ -98.932764, 19.299581 ], [ -98.932764, 19.299581 ], [ -98.932659, 19.299679 ], [ -98.93269, 19.299718 ], [ -98.932684, 19.299691 ], [ -98.93237, 19.299635 ], [ -98.932407, 19.299639 ], [ -98.932306, 19.299641 ], [ -98.932339, 19.299627 ], [ -98.932401, 19.299604 ], [ -98.932434, 19.299587 ], [ -98.932364, 19.299573 ], [ -98.932403, 19.299574 ], [ -98.932498, 19.299601 ], [ -98.932545, 19.299651 ], [ -98.93254, 19.299668 ], [ -98.932441, 19.299617 ], [ -98.932344, 19.299731 ], [ -98.932344, 19.299731 ], [ -98.932317, 19.299665 ], [ -98.932527, 19.299648 ], [ -98.932569, 19.299663 ], [ -98.932569, 19.299663 ], [ -98.932568, 19.299637 ], [ -98.93266, 19.299684 ], [ -98.932551, 19.299663 ], [ -98.932551, 19.299663 ], [ -98.932563, 19.299661 ], [ -98.932568, 19.299637 ], [ -98.932566, 19.299666 ], [ -98.932566, 19.299666 ], [ -98.932397, 19.299606 ], [ -98.932264, 19.299615 ], [ -98.932344, 19.299645 ], [ -98.932402, 19.299573 ], [ -98.932475, 19.299646 ], [ -98.932511, 19.299467 ], [ -98.932464, 19.299627 ], [ -98.9325, 19.299588 ], [ -98.932517, 19.299633 ], [ -98.932423, 19.299588 ], [ -98.932219, 19.299472 ], [ -98.932542, 19.299743 ], [ -98.932561, 19.299673 ], [ -98.932498, 19.299612 ], [ -98.932519, 19.299578 ], [ -98.932413, 19.29966 ], [ -98.932414, 19.299639 ], [ -98.932568, 19.299661 ], [ -98.93249, 19.29961 ], [ -98.932274, 19.299612 ], [ -98.932276, 19.29961 ], [ -98.932392, 19.299608 ], [ -98.932666, 19.299734 ], [ -98.932565, 19.29966 ], [ -98.932569, 19.299661 ], [ -98.932451, 19.299661 ], [ -98.93261, 19.299706 ], [ -98.932485, 19.299646 ], [ -98.932519, 19.299663 ], [ -98.932428, 19.299632 ], [ -98.932374, 19.299655 ], [ -98.932437, 19.299611 ], [ -98.932643, 19.299704 ], [ -98.932377, 19.299666 ], [ -98.932418, 19.299508 ], [ -98.932454, 19.29958 ], [ -98.932777, 19.299706 ], [ -98.932716, 19.299578 ], [ -98.93279, 19.299677 ], [ -98.932752, 19.299687 ], [ -98.932494, 19.299598 ], [ -98.932578, 19.299597 ], [ -98.932751, 19.299637 ], [ -98.932751, 19.299636 ], [ -98.932751, 19.299637 ], [ -98.932751, 19.299637 ], [ -98.932751, 19.299637 ], [ -98.9327, 19.299603 ], [ -98.932702, 19.299644 ], [ -98.932698, 19.299607 ], [ -98.932711, 19.299637 ], [ -98.932711, 19.299609 ], [ -98.93276, 19.29964 ], [ -98.932751, 19.299637 ], [ -98.932751, 19.299637 ], [ -98.932751, 19.299637 ], [ -98.932751, 19.299637 ], [ -98.932751, 19.299637 ], [ -98.932751, 19.299637 ], [ -98.93272, 19.299662 ], [ -98.932706, 19.299645 ], [ -98.932747, 19.29968 ], [ -98.932712, 19.299619 ], [ -98.932718, 19.299644 ], [ -98.939502, 19.298289 ], [ -98.939457, 19.298736 ], [ -98.93948, 19.298523 ], [ -98.940493, 19.292135 ], [ -98.940141, 19.294487 ], [ -98.9411, 19.288375 ], [ -98.941892, 19.286575 ], [ -98.949221, 19.287561 ], [ -98.945417, 19.287041 ], [ -98.95115, 19.285462 ], [ -98.951614, 19.282392 ], [ -98.95182, 19.281195 ], [ -98.951949, 19.281135 ], [ -98.951931, 19.281149 ], [ -98.951986, 19.281356 ], [ -98.951882, 19.28042 ], [ -98.951885, 19.280374 ], [ -98.941498, 19.286246 ], [ -98.933465, 19.298981 ], [ -98.933767, 19.298969 ], [ -98.932517, 19.299662 ], [ -98.932452, 19.299625 ], [ -98.932467, 19.299626 ] ] } },
{ "type": "Feature", "properties": { "device_id": "c32f577d479126149b9e315fe2909faa6bc28b79e81dbeca54c553ab52b8e492", "timestamps": "2020-01-01T07:35:20, 2020-01-01T07:35:44, 2020-01-01T07:36:16, 2020-01-01T07:37:00, 2020-01-01T11:23:38, 2020-01-01T11:24:02, 2020-01-01T11:24:33, 2020-01-01T11:25:47, 2020-01-01T11:26:20, 2020-01-01T11:26:47, 2020-01-01T11:26:56, 2020-01-01T11:27:30, 2020-01-01T11:28:10, 2020-01-01T11:28:47, 2020-01-01T11:29:04, 2020-01-01T11:29:24, 2020-01-01T11:29:32, 2020-01-01T11:29:39, 2020-01-01T11:29:59, 2020-01-01T11:30:33, 2020-01-01T11:31:11, 2020-01-01T11:31:29, 2020-01-01T11:31:44, 2020-01-01T11:32:05, 2020-01-01T11:32:23, 2020-01-01T11:33:00, 2020-01-01T11:33:17, 2020-01-01T11:34:31, 2020-01-01T11:34:57, 2020-01-01T11:35:08, 2020-01-01T11:36:00, 2020-01-01T11:36:20, 2020-01-01T11:37:14, 2020-01-01T11:37:49, 2020-01-01T11:38:28, 2020-01-01T11:39:38, 2020-01-01T11:40:15, 2020-01-01T11:40:50, 2020-01-01T11:41:45, 2020-01-01T11:42:21, 2020-01-01T11:42:39, 2020-01-01T11:42:58, 2020-01-01T11:43:33, 2020-01-01T11:44:12, 2020-01-01T11:45:04, 2020-01-01T11:45:42, 2020-01-01T11:45:59, 2020-01-01T11:46:17, 2020-01-01T11:46:35, 2020-01-01T11:47:32, 2020-01-01T11:47:48, 2020-01-01T11:48:06, 2020-01-01T11:49:00, 2020-01-01T11:49:55, 2020-01-01T11:50:12, 2020-01-01T11:50:30, 2020-01-01T11:51:06, 2020-01-01T11:52:01, 2020-01-01T11:52:19, 2020-01-01T11:52:37, 2020-01-01T11:53:32, 2020-01-01T11:53:51, 2020-01-01T11:54:09, 2020-01-01T11:54:27, 2020-01-01T11:54:45, 2020-01-01T11:55:21, 2020-01-01T11:55:40, 2020-01-01T11:55:58, 2020-01-01T11:56:15, 2020-01-01T11:56:52, 2020-01-01T11:57:10, 2020-01-01T11:57:27, 2020-01-01T11:57:45, 2020-01-01T11:58:24, 2020-01-01T11:58:39, 2020-01-01T11:59:35, 2020-01-01T12:01:02, 2020-01-01T12:01:42, 2020-01-01T12:01:59, 2020-01-01T12:02:37, 2020-01-01T12:02:53, 2020-01-01T12:03:12, 2020-01-01T12:03:30, 2020-01-01T12:03:49, 2020-01-01T12:04:07, 2020-01-01T12:04:27, 2020-01-01T12:05:19, 2020-01-01T12:05:36, 2020-01-01T12:05:56, 2020-01-01T12:07:07, 2020-01-01T12:07:25, 2020-01-01T12:08:03, 2020-01-01T12:08:39, 2020-01-01T12:09:15, 2020-01-01T12:10:27, 2020-01-01T12:10:45, 2020-01-01T12:11:04, 2020-01-01T12:11:21, 2020-01-01T12:12:35, 2020-01-01T12:13:10, 2020-01-01T12:13:28, 2020-01-01T12:14:05, 2020-01-01T12:14:23, 2020-01-01T12:14:41, 2020-01-01T12:15:36, 2020-01-01T12:16:31, 2020-01-01T12:16:49, 2020-01-01T12:17:06, 2020-01-01T12:17:24, 2020-01-01T12:18:18, 2020-01-01T12:18:36, 2020-01-01T12:18:54, 2020-01-01T12:19:32, 2020-01-01T12:20:45, 2020-01-01T12:21:20, 2020-01-01T12:21:58, 2020-01-01T12:23:08, 2020-01-01T12:23:27, 2020-01-01T12:24:03, 2020-01-01T12:24:20, 2020-01-01T12:24:39, 2020-01-01T12:24:58, 2020-01-01T12:25:15, 2020-01-01T12:25:34, 2020-01-01T12:26:11, 2020-01-01T12:26:28, 2020-01-01T12:26:47, 2020-01-01T12:27:05, 2020-01-01T12:27:22, 2020-01-01T12:27:41, 2020-01-01T12:28:37, 2020-01-01T12:28:53, 2020-01-01T12:29:08, 2020-01-01T12:29:28, 2020-01-01T12:30:08, 2020-01-01T12:30:25, 2020-01-01T12:31:00, 2020-01-01T12:31:37, 2020-01-01T12:31:54, 2020-01-01T12:32:13, 2020-01-01T12:32:31, 2020-01-01T12:33:06, 2020-01-01T12:33:43, 2020-01-01T12:34:21, 2020-01-01T12:34:38, 2020-01-01T12:34:55, 2020-01-01T12:35:14, 2020-01-01T12:36:07, 2020-01-01T12:37:21, 2020-01-01T12:37:57, 2020-01-01T12:38:16, 2020-01-01T12:38:32, 2020-01-01T12:38:50, 2020-01-01T12:39:10, 2020-01-01T12:39:47, 2020-01-01T12:40:02, 2020-01-01T12:40:40, 2020-01-01T12:41:17, 2020-01-01T12:41:33, 2020-01-01T12:41:52, 2020-01-01T12:42:10, 2020-01-01T12:42:30, 2020-01-01T12:42:46, 2020-01-01T12:43:24, 2020-01-01T12:43:42, 2020-01-01T12:43:59, 2020-01-01T12:44:34, 2020-01-01T12:44:54, 2020-01-01T12:45:11, 2020-01-01T12:47:02, 2020-01-01T12:47:36, 2020-01-01T12:47:55, 2020-01-01T12:48:50, 2020-01-01T12:49:25, 2020-01-01T12:49:52, 2020-01-01T12:50:56, 2020-01-01T12:51:32, 2020-01-01T12:51:51, 2020-01-01T12:52:10, 2020-01-01T12:53:06, 2020-01-01T12:53:22, 2020-01-01T12:55:10, 2020-01-01T12:55:27, 2020-01-01T12:56:04, 2020-01-01T12:56:22, 2020-01-01T12:56:39, 2020-01-01T12:57:37, 2020-01-01T12:57:52, 2020-01-01T12:58:11, 2020-01-01T12:58:52, 2020-01-01T12:59:44, 2020-01-01T13:00:00, 2020-01-01T13:00:17, 2020-01-01T13:00:35, 2020-01-01T13:01:02, 2020-01-01T13:01:48, 2020-01-01T13:02:25, 2020-01-01T13:03:03, 2020-01-01T13:03:20, 2020-01-01T13:04:33, 2020-01-01T13:04:50, 2020-01-01T13:05:08, 2020-01-01T13:05:44, 2020-01-01T13:06:21, 2020-01-01T13:06:38, 2020-01-01T13:06:56, 2020-01-01T13:07:15, 2020-01-01T13:08:09, 2020-01-01T13:09:04, 2020-01-01T13:09:44, 2020-01-01T13:09:57, 2020-01-01T13:10:34, 2020-01-01T13:10:51, 2020-01-01T13:11:11, 2020-01-01T13:11:29, 2020-01-01T13:12:45, 2020-01-01T13:13:17, 2020-01-01T13:14:13, 2020-01-01T13:14:49, 2020-01-01T13:15:07, 2020-01-01T13:15:42, 2020-01-01T13:16:00, 2020-01-01T13:16:21, 2020-01-01T13:17:33, 2020-01-01T13:17:50, 2020-01-01T13:18:09, 2020-01-01T13:18:24, 2020-01-01T13:18:44, 2020-01-01T13:19:22, 2020-01-01T13:19:56, 2020-01-01T13:21:10, 2020-01-01T13:21:27, 2020-01-01T13:23:00, 2020-01-01T13:23:16, 2020-01-01T13:24:12, 2020-01-01T13:24:47, 2020-01-01T13:25:05, 2020-01-01T13:25:41, 2020-01-01T13:25:59, 2020-01-01T13:27:11, 2020-01-01T13:29:19, 2020-01-01T13:29:39, 2020-01-01T13:30:12, 2020-01-01T13:30:32, 2020-01-01T13:30:50, 2020-01-01T13:31:07, 2020-01-01T13:31:25, 2020-01-01T13:31:40, 2020-01-01T13:32:59, 2020-01-01T13:33:14, 2020-01-01T13:33:32, 2020-01-01T13:34:46, 2020-01-01T13:35:02, 2020-01-01T13:35:24, 2020-01-01T13:35:41, 2020-01-01T13:35:57, 2020-01-01T13:36:51, 2020-01-01T13:37:09, 2020-01-01T13:37:29, 2020-01-01T13:37:47, 2020-01-01T13:38:23, 2020-01-01T13:38:40, 2020-01-01T13:38:57, 2020-01-01T13:39:34, 2020-01-01T13:39:53, 2020-01-01T13:40:31, 2020-01-01T13:40:46, 2020-01-01T13:41:06, 2020-01-01T13:41:23, 2020-01-01T13:41:43, 2020-01-01T13:42:00, 2020-01-01T13:42:54, 2020-01-01T13:43:12, 2020-01-01T13:44:07, 2020-01-01T13:44:45, 2020-01-01T13:45:19, 2020-01-01T13:45:36, 2020-01-01T13:46:14, 2020-01-01T13:46:31, 2020-01-01T13:46:50, 2020-01-01T13:47:07, 2020-01-01T13:47:28, 2020-01-01T13:50:27, 2020-01-01T13:50:47, 2020-01-01T13:51:05, 2020-01-01T13:51:43, 2020-01-01T13:53:47, 2020-01-01T13:55:00, 2020-01-01T13:55:17, 2020-01-01T13:56:30, 2020-01-01T13:57:07, 2020-01-01T13:57:25, 2020-01-01T13:57:42, 2020-01-01T13:58:18, 2020-01-01T13:58:58, 2020-01-01T13:59:31, 2020-01-01T13:59:49, 2020-01-01T14:00:07, 2020-01-01T14:01:02, 2020-01-01T14:01:45, 2020-01-01T14:02:11, 2020-01-01T14:02:33, 2020-01-01T14:04:03, 2020-01-01T14:04:20, 2020-01-01T14:04:57, 2020-01-01T14:05:14, 2020-01-01T14:05:55, 2020-01-01T14:06:24, 2020-01-01T14:06:44, 2020-01-01T14:07:21, 2020-01-01T14:07:38, 2020-01-01T14:07:58, 2020-01-01T14:08:32, 2020-01-01T14:09:10, 2020-01-01T14:09:28, 2020-01-01T14:09:47, 2020-01-01T14:10:03, 2020-01-01T14:10:21, 2020-01-01T14:10:42, 2020-01-01T14:10:58, 2020-01-01T14:11:37, 2020-01-01T14:12:11, 2020-01-01T14:12:30, 2020-01-01T14:12:46, 2020-01-01T14:13:24, 2020-01-01T14:14:00, 2020-01-01T14:14:36, 2020-01-01T14:15:11, 2020-01-01T14:15:16, 2020-01-01T14:15:31, 2020-01-01T14:15:49, 2020-01-01T14:16:07, 2020-01-01T14:16:24, 2020-01-01T14:16:43, 2020-01-01T14:17:18, 2020-01-01T14:17:55, 2020-01-01T14:18:15, 2020-01-01T14:18:31, 2020-01-01T14:19:09, 2020-01-01T14:20:22, 2020-01-01T14:20:56, 2020-01-01T14:21:51, 2020-01-01T14:22:09, 2020-01-01T14:22:26, 2020-01-01T14:23:02, 2020-01-01T14:24:15, 2020-01-01T14:24:34, 2020-01-01T14:25:31, 2020-01-01T14:26:06, 2020-01-01T14:26:22, 2020-01-01T14:26:59, 2020-01-01T14:28:37, 2020-01-01T14:29:06, 2020-01-01T14:29:24, 2020-01-01T14:30:04, 2020-01-01T14:30:37, 2020-01-01T14:30:56, 2020-01-01T14:31:12, 2020-01-01T14:31:49, 2020-01-01T14:32:07, 2020-01-01T14:33:01, 2020-01-01T14:33:19, 2020-01-01T14:33:39, 2020-01-01T14:34:16, 2020-01-01T14:34:34, 2020-01-01T14:34:51, 2020-01-01T14:35:11, 2020-01-01T14:35:45, 2020-01-01T14:36:06, 2020-01-01T14:36:20, 2020-01-01T14:36:39, 2020-01-01T14:37:15, 2020-01-01T14:37:52, 2020-01-01T14:38:09, 2020-01-01T14:38:26, 2020-01-01T14:39:44, 2020-01-01T14:40:36, 2020-01-01T14:41:13, 2020-01-01T14:41:30, 2020-01-01T14:41:48, 2020-01-01T14:42:04, 2020-01-01T14:43:02, 2020-01-01T14:43:20, 2020-01-01T14:43:53, 2020-01-01T14:44:13, 2020-01-01T14:44:30, 2020-01-01T14:45:24, 2020-01-01T14:45:41, 2020-01-01T14:46:19, 2020-01-01T14:46:36, 2020-01-01T14:46:56, 2020-01-01T14:47:13, 2020-01-01T14:48:10, 2020-01-01T14:48:26, 2020-01-01T14:48:45, 2020-01-01T14:49:20, 2020-01-01T14:49:39, 2020-01-01T14:50:50, 2020-01-01T14:52:07, 2020-01-01T14:52:21, 2020-01-01T14:52:40, 2020-01-01T14:52:57, 2020-01-01T14:53:36, 2020-01-01T14:54:11, 2020-01-01T14:54:28, 2020-01-01T14:55:59, 2020-01-01T14:56:17, 2020-01-01T14:57:12, 2020-01-01T14:57:30, 2020-01-01T14:59:01, 2020-01-01T14:59:18, 2020-01-01T14:59:38, 2020-01-01T15:00:31, 2020-01-01T15:01:09, 2020-01-01T15:01:27, 2020-01-01T15:01:42, 2020-01-01T15:02:01, 2020-01-01T15:02:56, 2020-01-01T15:03:13, 2020-01-01T15:03:31, 2020-01-01T15:04:08, 2020-01-01T15:04:27, 2020-01-01T15:04:45, 2020-01-01T15:05:21, 2020-01-01T15:05:39, 2020-01-01T15:06:36, 2020-01-01T15:06:48, 2020-01-01T15:07:09, 2020-01-01T15:07:27, 2020-01-01T15:07:47, 2020-01-01T15:08:03, 2020-01-01T15:08:22, 2020-01-01T15:08:42, 2020-01-01T15:09:00, 2020-01-01T15:09:14, 2020-01-01T15:09:36, 2020-01-01T15:09:52, 2020-01-01T15:10:13, 2020-01-01T15:10:48, 2020-01-01T15:11:42, 2020-01-01T15:12:18, 2020-01-01T15:12:35, 2020-01-01T15:12:54, 2020-01-01T15:13:13, 2020-01-01T15:13:37, 2020-01-01T15:15:18, 2020-01-01T15:15:56, 2020-01-01T15:16:14, 2020-01-01T15:17:05, 2020-01-01T15:18:40, 2020-01-01T15:19:16, 2020-01-01T15:20:26, 2020-01-01T15:20:47, 2020-01-01T15:21:03, 2020-01-01T15:21:19, 2020-01-01T15:21:42, 2020-01-01T15:22:16, 2020-01-01T15:24:23, 2020-01-01T15:24:43, 2020-01-01T15:24:59, 2020-01-01T15:25:17, 2020-01-01T15:25:54, 2020-01-01T15:26:30, 2020-01-01T15:27:24, 2020-01-01T15:28:03, 2020-01-01T15:28:20, 2020-01-01T15:29:31, 2020-01-01T15:29:49, 2020-01-01T15:30:43, 2020-01-01T15:31:03, 2020-01-01T15:31:25, 2020-01-01T15:31:57, 2020-01-01T15:32:13, 2020-01-01T15:32:31, 2020-01-01T15:32:50, 2020-01-01T15:33:27, 2020-01-01T15:33:44, 2020-01-01T15:34:22, 2020-01-01T15:34:39, 2020-01-01T15:35:16, 2020-01-01T15:35:52, 2020-01-01T15:36:09, 2020-01-01T15:36:27, 2020-01-01T15:37:04, 2020-01-01T15:37:22, 2020-01-01T15:37:41, 2020-01-01T15:38:35, 2020-01-01T15:38:54, 2020-01-01T15:39:47, 2020-01-01T15:40:05, 2020-01-01T15:40:42, 2020-01-01T15:41:37, 2020-01-01T15:41:54, 2020-01-01T15:42:31, 2020-01-01T15:43:25, 2020-01-01T15:43:45, 2020-01-01T15:44:01, 2020-01-01T15:44:19, 2020-01-01T15:45:32, 2020-01-01T15:45:50, 2020-01-01T15:46:09, 2020-01-01T15:46:27, 2020-01-01T15:46:46, 2020-01-01T15:47:59, 2020-01-01T15:48:15, 2020-01-01T15:48:32, 2020-01-01T15:49:11, 2020-01-01T15:49:45, 2020-01-01T15:50:04, 2020-01-01T15:51:19, 2020-01-01T15:51:35, 2020-01-01T15:51:54, 2020-01-01T15:52:11, 2020-01-01T15:52:27, 2020-01-01T15:53:04, 2020-01-01T15:53:41, 2020-01-01T15:54:35, 2020-01-01T15:55:12, 2020-01-01T15:55:29, 2020-01-01T15:56:14, 2020-01-01T15:57:01, 2020-01-01T15:58:51, 2020-01-01T16:01:43, 2020-01-01T16:01:51, 2020-01-01T16:02:30, 2020-01-01T16:03:00, 2020-01-01T16:03:30, 2020-01-01T16:03:51, 2020-01-01T16:04:29, 2020-01-01T16:04:41, 2020-01-01T16:05:51, 2020-01-01T16:06:06, 2020-01-01T16:06:37, 2020-01-01T16:06:56, 2020-01-01T16:08:30, 2020-01-01T16:08:50, 2020-01-01T16:09:09, 2020-01-01T16:09:26, 2020-01-01T16:10:48, 2020-01-01T16:11:35, 2020-01-01T16:14:14, 2020-01-01T16:14:20, 2020-01-01T16:22:19, 2020-01-01T16:22:31, 2020-01-01T16:22:44, 2020-01-01T16:23:50, 2020-01-01T16:24:05, 2020-01-01T16:24:23, 2020-01-01T16:24:49, 2020-01-01T16:25:18, 2020-01-01T16:27:59, 2020-01-01T16:28:03, 2020-01-01T16:31:38, 2020-01-01T16:32:32, 2020-01-01T16:32:52, 2020-01-01T16:33:11, 2020-01-01T16:33:25, 2020-01-01T16:33:50, 2020-01-01T16:35:44, 2020-01-01T16:36:06, 2020-01-01T16:36:24, 2020-01-01T16:44:11, 2020-01-01T16:44:18, 2020-01-01T16:45:32, 2020-01-01T16:47:20, 2020-01-01T16:47:28, 2020-01-01T16:47:50, 2020-01-01T16:47:55, 2020-01-01T16:48:20, 2020-01-01T16:48:35, 2020-01-01T16:49:17, 2020-01-01T16:49:42, 2020-01-01T16:50:41, 2020-01-01T16:50:46, 2020-01-01T16:53:33, 2020-01-01T16:54:02, 2020-01-01T16:56:33, 2020-01-01T17:01:50, 2020-01-01T17:02:00, 2020-01-01T17:02:21, 2020-01-01T17:02:26, 2020-01-01T17:02:47, 2020-01-01T17:03:22, 2020-01-01T17:03:30, 2020-01-01T17:03:31, 2020-01-01T17:03:38, 2020-01-01T17:04:10, 2020-01-01T17:04:46, 2020-01-01T17:05:03, 2020-01-01T17:05:11, 2020-01-01T17:05:28, 2020-01-01T17:05:43, 2020-01-01T17:06:09, 2020-01-01T17:06:57, 2020-01-01T17:07:40, 2020-01-01T17:07:53, 2020-01-01T17:11:32, 2020-01-01T17:13:13, 2020-01-01T17:13:19, 2020-01-01T17:20:47, 2020-01-01T18:07:52, 2020-01-01T18:07:57, 2020-01-01T18:08:25, 2020-01-01T18:08:30, 2020-01-01T18:09:24, 2020-01-01T18:09:30, 2020-01-01T18:09:57, 2020-01-01T18:10:00, 2020-01-01T18:10:06, 2020-01-01T18:10:22, 2020-01-01T18:13:07, 2020-01-01T18:15:36, 2020-01-01T18:45:49, 2020-01-01T18:46:00, 2020-01-01T19:02:44, 2020-01-01T19:02:51, 2020-01-01T20:16:30, 2020-01-01T20:16:59, 2020-01-01T20:36:39, 2020-01-01T20:37:14, 2020-01-01T20:37:41, 2020-01-01T20:38:33, 2020-01-01T20:56:26, 2020-01-01T20:56:33, 2020-01-01T20:58:30, 2020-01-01T21:00:01, 2020-01-01T21:00:19, 2020-01-01T21:00:36, 2020-01-01T21:01:13, 2020-01-01T21:01:30, 2020-01-01T21:02:07, 2020-01-01T21:04:19, 2020-01-01T21:04:50, 2020-01-01T21:05:27, 2020-01-01T21:06:02, 2020-01-01T21:06:23, 2020-01-01T21:07:00, 2020-01-01T21:07:14, 2020-01-01T21:07:36, 2020-01-01T21:08:47, 2020-01-01T21:09:12, 2020-01-01T21:09:50, 2020-01-01T21:10:25, 2020-01-01T21:11:24, 2020-01-01T21:11:57, 2020-01-01T21:12:50, 2020-01-01T21:13:08, 2020-01-01T21:13:27, 2020-01-01T21:14:04, 2020-01-01T21:14:39, 2020-01-01T21:14:58, 2020-01-01T21:15:17, 2020-01-01T21:15:43, 2020-01-01T21:16:02, 2020-01-01T21:16:25, 2020-01-01T21:18:11, 2020-01-01T21:18:26, 2020-01-01T21:18:47, 2020-01-01T21:19:59, 2020-01-01T21:20:16, 2020-01-01T21:20:32, 2020-01-01T21:20:50, 2020-01-01T21:21:51, 2020-01-01T21:22:26, 2020-01-01T21:23:00, 2020-01-01T21:23:17, 2020-01-01T21:23:34, 2020-01-01T21:23:52, 2020-01-01T21:24:29, 2020-01-01T21:24:47, 2020-01-01T21:25:05, 2020-01-01T21:25:20, 2020-01-01T21:25:40, 2020-01-01T21:26:00, 2020-01-01T21:26:17, 2020-01-01T21:27:31, 2020-01-01T21:28:25, 2020-01-01T21:28:43, 2020-01-01T21:29:01, 2020-01-01T21:29:46, 2020-01-01T21:30:12, 2020-01-01T21:30:30, 2020-01-01T21:31:06, 2020-01-01T21:31:31, 2020-01-01T21:32:20, 2020-01-01T21:32:52, 2020-01-01T21:33:22, 2020-01-01T21:33:46, 2020-01-01T21:34:08, 2020-01-01T21:34:43, 2020-01-01T21:35:37, 2020-01-01T21:35:55, 2020-01-01T21:37:42, 2020-01-01T21:38:21, 2020-01-01T21:38:38, 2020-01-01T21:40:09, 2020-01-01T21:40:51, 2020-01-01T21:41:45, 2020-01-01T21:42:05, 2020-01-01T21:42:28, 2020-01-01T21:43:46, 2020-01-01T21:44:14, 2020-01-01T21:44:27, 2020-01-01T21:44:49, 2020-01-01T21:45:26, 2020-01-01T21:46:34, 2020-01-01T21:46:56, 2020-01-01T21:47:18, 2020-01-01T21:47:37, 2020-01-01T21:48:28, 2020-01-01T21:50:26, 2020-01-01T21:51:00, 2020-01-01T21:51:47, 2020-01-01T21:52:59, 2020-01-01T21:53:17, 2020-01-01T21:53:41, 2020-01-01T21:53:46, 2020-01-01T21:54:13, 2020-01-01T21:54:31, 2020-01-01T21:54:54, 2020-01-01T22:01:37, 2020-01-01T22:02:08, 2020-01-01T22:02:38, 2020-01-01T22:02:44, 2020-01-01T22:03:23, 2020-01-01T22:04:08, 2020-01-01T22:16:13, 2020-01-01T22:21:50, 2020-01-01T22:22:59, 2020-01-01T22:23:25, 2020-01-01T22:23:30, 2020-01-01T22:23:56, 2020-01-01T22:24:41, 2020-01-01T22:26:06, 2020-01-01T22:26:24, 2020-01-01T22:26:30, 2020-01-01T22:27:12, 2020-01-01T22:27:52, 2020-01-01T22:29:17, 2020-01-01T22:29:31, 2020-01-01T22:29:48, 2020-01-01T22:30:10, 2020-01-01T22:31:57, 2020-01-01T22:32:29, 2020-01-01T22:32:46, 2020-01-01T22:33:44, 2020-01-01T22:34:03, 2020-01-01T22:34:59, 2020-01-01T22:38:46, 2020-01-01T22:39:07, 2020-01-01T22:39:39, 2020-01-01T22:40:41, 2020-01-01T22:41:37, 2020-01-01T22:42:21, 2020-01-01T22:42:40, 2020-01-01T22:43:11, 2020-01-01T22:46:08, 2020-01-01T22:46:57, 2020-01-01T22:47:48, 2020-01-01T22:47:55, 2020-01-01T22:48:52, 2020-01-01T22:49:22, 2020-01-01T22:49:39, 2020-01-01T22:52:07, 2020-01-01T22:54:01, 2020-01-01T22:54:23, 2020-01-01T22:58:55, 2020-01-01T22:59:15, 2020-01-01T22:59:59, 2020-01-01T23:00:06, 2020-01-01T23:00:58, 2020-01-01T23:01:25, 2020-01-01T23:04:19, 2020-01-01T23:09:43, 2020-01-01T23:11:52, 2020-01-01T23:12:21, 2020-01-01T23:16:13, 2020-01-01T23:16:32, 2020-01-01T23:17:02, 2020-01-01T23:23:09, 2020-01-01T23:23:58, 2020-01-01T23:24:15, 2020-01-01T23:24:34, 2020-01-01T23:24:59, 2020-01-01T23:25:31, 2020-01-01T23:25:53, 2020-01-01T23:46:07, 2020-01-01T23:46:33, 2020-01-01T23:57:07, 2020-01-01T23:57:25, 2020-01-01T23:58:50" }, "geometry": { "type": "LineString", "coordinates": [ [ -98.913226, 19.337705 ], [ -98.913226, 19.337704 ], [ -98.913226, 19.337704 ], [ -98.913226, 19.337704 ], [ -98.913229, 19.337689 ], [ -98.913228, 19.337694 ], [ -98.913227, 19.337694 ], [ -98.913228, 19.337694 ], [ -98.913228, 19.337694 ], [ -98.913227, 19.337694 ], [ -98.913227, 19.337694 ], [ -98.91323, 19.33768 ], [ -98.913227, 19.337694 ], [ -98.913228, 19.337694 ], [ -98.913228, 19.337694 ], [ -98.913228, 19.337694 ], [ -98.913228, 19.337694 ], [ -98.913228, 19.337694 ], [ -98.913228, 19.337694 ], [ -98.913228, 19.337694 ], [ -98.913228, 19.337694 ], [ -98.913228, 19.337694 ], [ -98.91323, 19.33768 ], [ -98.913228, 19.337694 ], [ -98.913228, 19.337694 ], [ -98.913227, 19.337694 ], [ -98.913228, 19.337694 ], [ -98.913228, 19.337694 ], [ -98.913228, 19.337694 ], [ -98.913228, 19.337694 ], [ -98.913228, 19.337694 ], [ -98.913228, 19.337694 ], [ -98.913228, 19.337694 ], [ -98.913228, 19.337694 ], [ -98.913227, 19.337694 ], [ -98.913228, 19.337694 ], [ -98.913227, 19.337694 ], [ -98.913228, 19.337694 ], [ -98.913228, 19.337694 ], [ -98.913228, 19.337694 ], [ -98.913228, 19.337694 ], [ -98.913228, 19.337694 ], [ -98.913228, 19.337694 ], [ -98.913228, 19.337694 ], [ -98.913227, 19.337694 ], [ -98.913228, 19.337694 ], [ -98.913228, 19.337694 ], [ -98.913227, 19.337694 ], [ -98.913228, 19.337694 ], [ -98.913228, 19.337694 ], [ -98.913228, 19.337694 ], [ -98.913228, 19.337694 ], [ -98.913228, 19.337694 ], [ -98.913228, 19.337694 ], [ -98.913228, 19.337694 ], [ -98.913227, 19.337694 ], [ -98.913228, 19.337694 ], [ -98.913228, 19.337694 ], [ -98.913228, 19.337694 ], [ -98.913228, 19.337694 ], [ -98.913228, 19.337694 ], [ -98.913228, 19.337694 ], [ -98.913228, 19.337694 ], [ -98.913228, 19.337694 ], [ -98.913228, 19.337694 ], [ -98.913228, 19.337694 ], [ -98.913228, 19.337694 ], [ -98.913228, 19.337694 ], [ -98.913227, 19.337694 ], [ -98.913228, 19.337694 ], [ -98.913228, 19.337694 ], [ -98.913228, 19.337694 ], [ -98.913228, 19.337694 ], [ -98.913228, 19.337694 ], [ -98.913227, 19.337694 ], [ -98.913228, 19.337694 ], [ -98.91323, 19.33768 ], [ -98.913228, 19.337694 ], [ -98.913228, 19.337694 ], [ -98.913227, 19.337694 ], [ -98.913228, 19.337694 ], [ -98.913228, 19.337694 ], [ -98.913227, 19.337694 ], [ -98.913227, 19.337694 ], [ -98.913227, 19.337694 ], [ -98.913227, 19.337694 ], [ -98.913228, 19.337694 ], [ -98.913228, 19.337694 ], [ -98.913227, 19.337694 ], [ -98.913227, 19.337694 ], [ -98.913227, 19.337694 ], [ -98.913227, 19.337694 ], [ -98.913227, 19.337694 ], [ -98.913227, 19.337694 ], [ -98.913228, 19.337694 ], [ -98.913228, 19.337694 ], [ -98.913227, 19.337694 ], [ -98.913228, 19.337694 ], [ -98.913227, 19.337694 ], [ -98.913228, 19.337694 ], [ -98.913227, 19.337694 ], [ -98.913228, 19.337694 ], [ -98.913227, 19.337694 ], [ -98.913228, 19.337694 ], [ -98.913227, 19.337694 ], [ -98.913227, 19.337694 ], [ -98.913228, 19.337694 ], [ -98.913227, 19.337694 ], [ -98.913227, 19.337694 ], [ -98.913227, 19.337694 ], [ -98.913227, 19.337694 ], [ -98.913228, 19.337694 ], [ -98.913228, 19.337694 ], [ -98.913228, 19.337694 ], [ -98.913228, 19.337694 ], [ -98.913227, 19.337694 ], [ -98.913227, 19.337694 ], [ -98.913227, 19.337694 ], [ -98.913227, 19.337694 ], [ -98.913227, 19.337694 ], [ -98.913228, 19.337694 ], [ -98.913228, 19.337694 ], [ -98.913227, 19.337694 ], [ -98.913227, 19.337694 ], [ -98.913227, 19.337694 ], [ -98.913228, 19.337694 ], [ -98.913228, 19.337694 ], [ -98.913227, 19.337694 ], [ -98.913228, 19.337694 ], [ -98.913228, 19.337694 ], [ -98.913228, 19.337694 ], [ -98.913228, 19.337694 ], [ -98.91323, 19.33768 ], [ -98.913228, 19.337694 ], [ -98.913228, 19.337694 ], [ -98.913227, 19.337694 ], [ -98.913228, 19.337694 ], [ -98.913228, 19.337694 ], [ -98.913228, 19.337694 ], [ -98.913227, 19.337694 ], [ -98.913227, 19.337694 ], [ -98.913227, 19.337694 ], [ -98.913228, 19.337694 ], [ -98.913227, 19.337694 ], [ -98.913227, 19.337694 ], [ -98.913227, 19.337694 ], [ -98.913228, 19.337694 ], [ -98.913227, 19.337694 ], [ -98.913228, 19.337694 ], [ -98.913227, 19.337694 ], [ -98.913228, 19.337694 ], [ -98.913227, 19.337694 ], [ -98.913228, 19.337694 ], [ -98.913227, 19.337694 ], [ -98.913227, 19.337694 ], [ -98.913227, 19.337694 ], [ -98.913228, 19.337694 ], [ -98.913227, 19.337694 ], [ -98.913227, 19.337694 ], [ -98.913227, 19.337694 ], [ -98.913227, 19.337694 ], [ -98.913228, 19.337694 ], [ -98.913227, 19.337694 ], [ -98.913228, 19.337694 ], [ -98.913228, 19.337694 ], [ -98.913228, 19.337694 ], [ -98.913227, 19.337694 ], [ -98.913227, 19.337694 ], [ -98.913227, 19.337694 ], [ -98.913227, 19.337694 ], [ -98.913227, 19.337694 ], [ -98.913228, 19.337694 ], [ -98.913227, 19.337694 ], [ -98.913228, 19.337694 ], [ -98.913227, 19.337694 ], [ -98.913228, 19.337694 ], [ -98.913227, 19.337694 ], [ -98.913228, 19.337694 ], [ -98.913227, 19.337694 ], [ -98.913227, 19.337694 ], [ -98.913228, 19.337694 ], [ -98.913228, 19.337694 ], [ -98.913227, 19.337694 ], [ -98.913227, 19.337694 ], [ -98.913227, 19.337694 ], [ -98.913227, 19.337694 ], [ -98.913227, 19.337694 ], [ -98.913227, 19.337694 ], [ -98.913227, 19.337694 ], [ -98.913228, 19.337694 ], [ -98.913228, 19.337694 ], [ -98.913228, 19.337694 ], [ -98.913228, 19.337694 ], [ -98.913227, 19.337694 ], [ -98.913228, 19.337694 ], [ -98.913228, 19.337694 ], [ -98.913227, 19.337694 ], [ -98.913227, 19.337694 ], [ -98.913228, 19.337694 ], [ -98.913228, 19.337694 ], [ -98.913228, 19.337694 ], [ -98.913228, 19.337694 ], [ -98.913228, 19.337694 ], [ -98.913227, 19.337694 ], [ -98.913228, 19.337694 ], [ -98.913227, 19.337694 ], [ -98.913227, 19.337694 ], [ -98.913227, 19.337694 ], [ -98.913227, 19.337694 ], [ -98.913228, 19.337694 ], [ -98.913228, 19.337694 ], [ -98.913228, 19.337694 ], [ -98.913227, 19.337694 ], [ -98.913228, 19.337694 ], [ -98.913228, 19.337694 ], [ -98.913228, 19.337694 ], [ -98.913228, 19.337694 ], [ -98.913227, 19.337694 ], [ -98.913227, 19.337694 ], [ -98.913228, 19.337694 ], [ -98.913228, 19.337694 ], [ -98.913228, 19.337694 ], [ -98.913228, 19.337694 ], [ -98.913228, 19.337694 ], [ -98.913228, 19.337694 ], [ -98.913228, 19.337694 ], [ -98.913228, 19.337694 ], [ -98.913228, 19.337694 ], [ -98.913228, 19.337694 ], [ -98.913228, 19.337694 ], [ -98.913227, 19.337694 ], [ -98.913228, 19.337694 ], [ -98.913228, 19.337694 ], [ -98.913227, 19.337694 ], [ -98.913227, 19.337694 ], [ -98.913227, 19.337694 ], [ -98.913227, 19.337694 ], [ -98.913227, 19.337694 ], [ -98.913228, 19.337694 ], [ -98.913228, 19.337694 ], [ -98.913227, 19.337694 ], [ -98.913227, 19.337694 ], [ -98.913227, 19.337694 ], [ -98.913228, 19.337694 ], [ -98.913227, 19.337694 ], [ -98.913227, 19.337694 ], [ -98.913228, 19.337694 ], [ -98.91323, 19.33768 ], [ -98.913227, 19.337694 ], [ -98.913228, 19.337694 ], [ -98.913228, 19.337694 ], [ -98.913228, 19.337694 ], [ -98.913228, 19.337694 ], [ -98.913228, 19.337694 ], [ -98.913227, 19.337694 ], [ -98.913228, 19.337694 ], [ -98.913228, 19.337694 ], [ -98.913228, 19.337694 ], [ -98.913228, 19.337694 ], [ -98.913228, 19.337694 ], [ -98.913228, 19.337694 ], [ -98.913227, 19.337694 ], [ -98.913228, 19.337694 ], [ -98.913227, 19.337694 ], [ -98.913228, 19.337694 ], [ -98.913227, 19.337694 ], [ -98.913227, 19.337694 ], [ -98.913227, 19.337694 ], [ -98.913228, 19.337694 ], [ -98.913227, 19.337694 ], [ -98.913227, 19.337694 ], [ -98.913227, 19.337694 ], [ -98.913227, 19.337694 ], [ -98.913227, 19.337694 ], [ -98.913227, 19.337694 ], [ -98.913227, 19.337694 ], [ -98.913228, 19.337694 ], [ -98.913228, 19.337694 ], [ -98.913227, 19.337694 ], [ -98.913227, 19.337694 ], [ -98.913227, 19.337694 ], [ -98.913227, 19.337694 ], [ -98.913227, 19.337694 ], [ -98.913227, 19.337694 ], [ -98.913227, 19.337694 ], [ -98.913227, 19.337694 ], [ -98.913228, 19.337694 ], [ -98.913227, 19.337694 ], [ -98.913227, 19.337694 ], [ -98.913227, 19.337694 ], [ -98.913227, 19.337694 ], [ -98.913227, 19.337694 ], [ -98.913227, 19.337694 ], [ -98.913228, 19.337694 ], [ -98.913228, 19.337694 ], [ -98.913227, 19.337694 ], [ -98.913228, 19.337694 ], [ -98.913227, 19.337694 ], [ -98.913227, 19.337694 ], [ -98.913228, 19.337694 ], [ -98.913228, 19.337694 ], [ -98.913227, 19.337694 ], [ -98.913228, 19.337694 ], [ -98.913228, 19.337694 ], [ -98.913228, 19.337694 ], [ -98.913228, 19.337694 ], [ -98.913227, 19.337694 ], [ -98.91323, 19.33768 ], [ -98.913228, 19.337694 ], [ -98.913228, 19.337694 ], [ -98.913227, 19.337694 ], [ -98.913228, 19.337694 ], [ -98.913228, 19.337694 ], [ -98.913228, 19.337694 ], [ -98.913228, 19.337694 ], [ -98.913228, 19.337694 ], [ -98.913227, 19.337694 ], [ -98.913227, 19.337694 ], [ -98.913227, 19.337694 ], [ -98.913228, 19.337694 ], [ -98.913228, 19.337694 ], [ -98.913227, 19.337694 ], [ -98.913228, 19.337694 ], [ -98.913227, 19.337694 ], [ -98.913227, 19.337694 ], [ -98.913227, 19.337694 ], [ -98.913227, 19.337694 ], [ -98.913227, 19.337694 ], [ -98.913227, 19.337694 ], [ -98.913228, 19.337694 ], [ -98.913227, 19.337694 ], [ -98.913228, 19.337694 ], [ -98.913228, 19.337694 ], [ -98.913228, 19.337694 ], [ -98.913227, 19.337694 ], [ -98.913228, 19.337694 ], [ -98.913227, 19.337694 ], [ -98.913227, 19.337694 ], [ -98.913228, 19.337694 ], [ -98.913227, 19.337694 ], [ -98.913227, 19.337694 ], [ -98.913228, 19.337694 ], [ -98.913228, 19.337694 ], [ -98.913227, 19.337694 ], [ -98.913228, 19.337694 ], [ -98.913227, 19.337694 ], [ -98.913227, 19.337694 ], [ -98.913228, 19.337694 ], [ -98.913227, 19.337694 ], [ -98.913228, 19.337694 ], [ -98.913228, 19.337694 ], [ -98.913227, 19.337694 ], [ -98.913227, 19.337694 ], [ -98.913228, 19.337694 ], [ -98.913227, 19.337694 ], [ -98.913228, 19.337694 ], [ -98.913228, 19.337694 ], [ -98.913228, 19.337694 ], [ -98.913227, 19.337694 ], [ -98.913227, 19.337694 ], [ -98.913228, 19.337694 ], [ -98.913228, 19.337694 ], [ -98.913228, 19.337694 ], [ -98.913227, 19.337694 ], [ -98.913227, 19.337694 ], [ -98.913228, 19.337694 ], [ -98.913228, 19.337694 ], [ -98.913228, 19.337694 ], [ -98.913228, 19.337694 ], [ -98.913227, 19.337694 ], [ -98.913228, 19.337694 ], [ -98.913227, 19.337694 ], [ -98.913228, 19.337694 ], [ -98.913228, 19.337694 ], [ -98.913228, 19.337694 ], [ -98.913227, 19.337694 ], [ -98.913227, 19.337694 ], [ -98.913228, 19.337694 ], [ -98.913228, 19.337694 ], [ -98.913227, 19.337694 ], [ -98.913228, 19.337694 ], [ -98.913228, 19.337694 ], [ -98.913227, 19.337694 ], [ -98.913227, 19.337694 ], [ -98.913228, 19.337694 ], [ -98.913227, 19.337694 ], [ -98.913228, 19.337694 ], [ -98.913227, 19.337694 ], [ -98.913228, 19.337694 ], [ -98.913227, 19.337694 ], [ -98.913227, 19.337694 ], [ -98.913227, 19.337694 ], [ -98.913228, 19.337694 ], [ -98.913228, 19.337694 ], [ -98.913228, 19.337694 ], [ -98.913228, 19.337694 ], [ -98.913227, 19.337694 ], [ -98.913228, 19.337694 ], [ -98.913227, 19.337694 ], [ -98.913228, 19.337694 ], [ -98.913227, 19.337694 ], [ -98.913227, 19.337694 ], [ -98.913227, 19.337694 ], [ -98.913227, 19.337694 ], [ -98.913227, 19.337694 ], [ -98.913228, 19.337694 ], [ -98.913227, 19.337694 ], [ -98.913228, 19.337694 ], [ -98.913228, 19.337694 ], [ -98.913228, 19.337694 ], [ -98.913228, 19.337694 ], [ -98.913227, 19.337694 ], [ -98.913228, 19.337694 ], [ -98.913227, 19.337694 ], [ -98.913228, 19.337694 ], [ -98.913228, 19.337694 ], [ -98.913227, 19.337694 ], [ -98.913227, 19.337694 ], [ -98.913228, 19.337694 ], [ -98.913228, 19.337694 ], [ -98.913227, 19.337694 ], [ -98.913228, 19.337694 ], [ -98.913228, 19.337694 ], [ -98.913227, 19.337694 ], [ -98.913228, 19.337694 ], [ -98.913228, 19.337694 ], [ -98.91323, 19.33768 ], [ -98.913228, 19.337694 ], [ -98.913228, 19.337694 ], [ -98.913228, 19.337694 ], [ -98.913227, 19.337694 ], [ -98.913228, 19.337694 ], [ -98.913228, 19.337694 ], [ -98.913228, 19.337694 ], [ -98.913228, 19.337694 ], [ -98.913228, 19.337694 ], [ -98.913227, 19.337694 ], [ -98.913228, 19.337694 ], [ -98.913228, 19.337694 ], [ -98.913228, 19.337694 ], [ -98.913228, 19.337694 ], [ -98.913228, 19.337694 ], [ -98.913228, 19.337694 ], [ -98.913227, 19.337694 ], [ -98.913227, 19.337694 ], [ -98.913228, 19.337694 ], [ -98.913227, 19.337694 ], [ -98.913228, 19.337694 ], [ -98.91323, 19.33768 ], [ -98.913227, 19.337694 ], [ -98.913228, 19.337694 ], [ -98.913227, 19.337694 ], [ -98.913228, 19.337694 ], [ -98.913228, 19.337694 ], [ -98.91323, 19.33768 ], [ -98.913227, 19.337694 ], [ -98.913228, 19.337694 ], [ -98.913228, 19.337694 ], [ -98.913228, 19.337694 ], [ -98.913227, 19.337694 ], [ -98.913228, 19.337694 ], [ -98.913227, 19.337694 ], [ -98.913227, 19.337694 ], [ -98.913227, 19.337694 ], [ -98.913227, 19.337694 ], [ -98.913227, 19.337694 ], [ -98.913228, 19.337694 ], [ -98.913228, 19.337694 ], [ -98.913228, 19.337694 ], [ -98.913227, 19.337694 ], [ -98.913228, 19.337694 ], [ -98.913227, 19.337694 ], [ -98.913227, 19.337694 ], [ -98.913228, 19.337694 ], [ -98.913228, 19.337694 ], [ -98.913227, 19.337694 ], [ -98.913228, 19.337694 ], [ -98.913227, 19.337694 ], [ -98.913228, 19.337694 ], [ -98.913228, 19.337694 ], [ -98.913228, 19.337694 ], [ -98.913228, 19.337694 ], [ -98.913228, 19.337694 ], [ -98.913227, 19.337694 ], [ -98.913228, 19.337694 ], [ -98.913227, 19.337694 ], [ -98.913227, 19.337694 ], [ -98.913227, 19.337694 ], [ -98.913228, 19.337694 ], [ -98.913228, 19.337694 ], [ -98.913228, 19.337694 ], [ -98.913227, 19.337694 ], [ -98.913227, 19.337694 ], [ -98.913227, 19.337694 ], [ -98.913227, 19.337694 ], [ -98.913227, 19.337694 ], [ -98.913228, 19.337694 ], [ -98.913227, 19.337694 ], [ -98.913227, 19.337694 ], [ -98.913228, 19.337694 ], [ -98.913228, 19.337694 ], [ -98.913227, 19.337694 ], [ -98.913227, 19.337694 ], [ -98.913228, 19.337694 ], [ -98.913227, 19.337694 ], [ -98.913228, 19.337694 ], [ -98.913227, 19.337694 ], [ -98.913227, 19.337694 ], [ -98.913227, 19.337694 ], [ -98.913227, 19.337694 ], [ -98.913227, 19.337694 ], [ -98.913228, 19.337694 ], [ -98.913227, 19.337694 ], [ -98.913228, 19.337694 ], [ -98.913227, 19.337694 ], [ -98.913227, 19.337694 ], [ -98.913228, 19.337694 ], [ -98.913228, 19.337694 ], [ -98.913228, 19.337694 ], [ -98.913228, 19.337694 ], [ -98.913227, 19.337694 ], [ -98.913227, 19.337694 ], [ -98.913227, 19.337694 ], [ -98.913228, 19.337694 ], [ -98.913227, 19.337694 ], [ -98.913228, 19.337694 ], [ -98.913228, 19.337694 ], [ -98.913227, 19.337694 ], [ -98.913228, 19.337694 ], [ -98.913228, 19.337694 ], [ -98.913198, 19.337697 ], [ -98.913198, 19.337697 ], [ -98.913198, 19.337697 ], [ -98.913198, 19.337697 ], [ -98.913198, 19.337697 ], [ -98.913198, 19.337697 ], [ -98.913198, 19.337697 ], [ -98.913198, 19.337697 ], [ -98.913198, 19.337697 ], [ -98.913198, 19.337697 ], [ -98.9132, 19.33768 ], [ -98.913198, 19.337697 ], [ -98.913198, 19.337697 ], [ -98.913198, 19.337697 ], [ -98.913198, 19.337697 ], [ -98.9132, 19.33768 ], [ -98.913198, 19.337697 ], [ -98.913198, 19.337697 ], [ -98.913198, 19.337697 ], [ -98.913198, 19.337697 ], [ -98.913198, 19.337697 ], [ -98.913198, 19.337697 ], [ -98.913029, 19.337699 ], [ -98.912969, 19.337711 ], [ -98.912969, 19.337711 ], [ -98.912969, 19.337711 ], [ -98.91303, 19.33768 ], [ -98.912969, 19.337711 ], [ -98.912969, 19.337711 ], [ -98.91297, 19.337711 ], [ -98.912969, 19.337711 ], [ -98.91303, 19.33768 ], [ -98.91297, 19.337711 ], [ -98.912969, 19.337711 ], [ -98.91297, 19.337711 ], [ -98.912969, 19.337711 ], [ -98.91297, 19.337711 ], [ -98.91297, 19.337711 ], [ -98.91297, 19.337711 ], [ -98.91297, 19.337711 ], [ -98.91297, 19.337711 ], [ -98.91297, 19.337711 ], [ -98.91297, 19.33771 ], [ -98.91297, 19.337711 ], [ -98.912969, 19.337711 ], [ -98.912969, 19.337711 ], [ -98.91297, 19.337711 ], [ -98.913203, 19.337691 ], [ -98.913203, 19.33769 ], [ -98.91321, 19.337689 ], [ -98.913203, 19.33769 ], [ -98.913203, 19.337691 ], [ -98.913203, 19.337691 ], [ -98.913203, 19.337691 ], [ -98.913203, 19.337691 ], [ -98.913203, 19.337691 ], [ -98.913203, 19.33769 ], [ -98.913203, 19.337691 ], [ -98.913203, 19.337691 ], [ -98.913203, 19.33769 ], [ -98.913203, 19.33769 ], [ -98.913203, 19.337691 ], [ -98.913203, 19.337691 ], [ -98.913203, 19.337691 ], [ -98.913203, 19.337691 ], [ -98.913203, 19.337691 ], [ -98.913203, 19.337691 ], [ -98.913203, 19.337691 ], [ -98.91321, 19.33768 ], [ -98.913184, 19.337693 ], [ -98.917759, 19.311503 ], [ -98.917759, 19.311503 ], [ -98.917759, 19.311503 ], [ -98.917759, 19.311503 ], [ -98.917759, 19.311503 ], [ -98.917759, 19.311503 ], [ -98.917759, 19.311503 ], [ -98.917759, 19.311503 ], [ -98.917759, 19.311503 ], [ -98.91776, 19.31149 ], [ -98.95473, 19.31578 ], [ -98.954724, 19.315786 ], [ -98.94265, 19.32485 ], [ -98.942646, 19.324852 ], [ -98.937915, 19.32824 ], [ -98.937915, 19.32824 ], [ -98.940807, 19.321832 ], [ -98.940807, 19.321832 ], [ -98.977579, 19.354448 ], [ -98.977579, 19.354448 ], [ -98.977579, 19.354448 ], [ -98.977579, 19.354447 ], [ -99.03618, 19.38843 ], [ -99.036175, 19.388443 ], [ -99.036175, 19.388443 ], [ -99.036175, 19.388443 ], [ -99.036175, 19.388443 ], [ -99.036176, 19.388443 ], [ -99.036175, 19.388443 ], [ -99.036175, 19.388443 ], [ -99.036175, 19.388443 ], [ -99.036189, 19.38844 ], [ -99.036189, 19.38844 ], [ -99.03619, 19.38844 ], [ -99.036189, 19.38844 ], [ -99.03619, 19.38844 ], [ -99.036189, 19.38844 ], [ -99.03619, 19.38844 ], [ -99.03619, 19.38844 ], [ -99.036189, 19.38844 ], [ -99.03619, 19.38844 ], [ -99.03619, 19.38844 ], [ -99.036189, 19.38844 ], [ -99.036189, 19.38844 ], [ -99.036189, 19.38844 ], [ -99.036189, 19.38844 ], [ -99.036189, 19.38844 ], [ -99.036189, 19.38844 ], [ -99.03619, 19.38844 ], [ -99.036189, 19.38844 ], [ -99.03619, 19.38844 ], [ -99.036189, 19.38844 ], [ -99.03619, 19.38844 ], [ -99.036189, 19.38844 ], [ -99.03619, 19.38844 ], [ -99.03619, 19.38844 ], [ -99.036189, 19.38844 ], [ -99.03619, 19.38844 ], [ -99.03619, 19.38844 ], [ -99.03619, 19.38844 ], [ -99.03619, 19.38844 ], [ -99.03619, 19.38844 ], [ -99.03619, 19.38844 ], [ -99.036189, 19.38844 ], [ -99.036189, 19.38844 ], [ -99.036189, 19.38844 ], [ -99.036189, 19.38844 ], [ -99.03619, 19.38844 ], [ -99.03619, 19.38844 ], [ -99.03619, 19.38844 ], [ -99.03619, 19.38844 ], [ -99.03619, 19.38843 ], [ -99.03619, 19.38844 ], [ -99.03619, 19.38844 ], [ -99.036189, 19.38844 ], [ -99.036189, 19.38844 ], [ -99.03619, 19.38844 ], [ -99.036189, 19.38844 ], [ -99.036189, 19.38844 ], [ -99.03619, 19.38844 ], [ -99.036189, 19.38844 ], [ -99.036189, 19.38844 ], [ -99.036189, 19.38844 ], [ -99.036189, 19.38844 ], [ -99.03619, 19.38844 ], [ -99.036189, 19.38844 ], [ -99.036189, 19.38844 ], [ -99.03619, 19.38844 ], [ -99.03619, 19.38844 ], [ -99.036189, 19.38844 ], [ -99.03619, 19.38844 ], [ -99.03619, 19.38844 ], [ -99.03619, 19.38844 ], [ -99.036189, 19.38844 ], [ -99.036189, 19.38844 ], [ -99.03619, 19.38844 ], [ -99.03619, 19.38844 ], [ -99.03619, 19.38844 ], [ -99.036189, 19.38844 ], [ -99.03619, 19.38844 ], [ -99.036189, 19.38844 ], [ -99.036189, 19.38844 ], [ -99.03619, 19.38844 ], [ -99.036189, 19.38844 ], [ -99.036189, 19.38844 ], [ -99.03619, 19.38843 ], [ -99.03619, 19.38844 ], [ -99.03619, 19.38844 ], [ -99.03619, 19.38844 ], [ -99.036189, 19.38844 ], [ -99.03619, 19.38844 ], [ -99.036189, 19.38844 ], [ -99.03619, 19.38844 ], [ -99.03619, 19.38844 ], [ -99.036189, 19.38844 ], [ -99.036189, 19.38844 ], [ -99.03619, 19.38844 ], [ -99.036189, 19.38844 ], [ -99.036189, 19.38844 ], [ -99.03619, 19.38844 ], [ -99.03619, 19.38844 ], [ -99.036189, 19.38844 ], [ -99.03619, 19.38844 ], [ -99.036189, 19.38844 ], [ -99.036189, 19.38844 ], [ -99.036189, 19.38844 ], [ -99.03619, 19.38844 ], [ -99.035929, 19.385378 ], [ -99.035929, 19.385378 ], [ -99.035929, 19.385378 ], [ -99.035929, 19.385378 ], [ -99.035929, 19.385378 ], [ -99.035929, 19.385378 ], [ -99.035929, 19.385378 ], [ -99.035929, 19.385378 ], [ -99.035929, 19.385378 ], [ -99.03595, 19.38533 ], [ -99.035948, 19.385345 ], [ -99.036251, 19.385473 ], [ -99.036251, 19.385473 ], [ -99.03625, 19.385472 ], [ -99.036251, 19.385473 ], [ -99.03625, 19.385472 ], [ -99.03625, 19.385472 ], [ -99.03625, 19.385472 ], [ -99.036251, 19.385473 ], [ -99.03625, 19.385472 ], [ -99.036251, 19.385473 ], [ -99.007052, 19.365199 ], [ -99.007052, 19.365199 ], [ -99.007052, 19.365199 ], [ -99.007052, 19.365199 ], [ -99.007052, 19.365199 ], [ -99.007052, 19.365199 ], [ -99.007052, 19.365199 ], [ -99.007052, 19.365199 ], [ -98.96059, 19.347914 ], [ -98.96379, 19.347142 ], [ -98.96379, 19.347142 ], [ -98.963789, 19.347142 ], [ -98.963789, 19.347142 ], [ -98.963789, 19.347142 ], [ -98.96059, 19.3479 ], [ -98.963789, 19.347142 ], [ -98.963789, 19.347142 ], [ -98.960935, 19.34937 ], [ -98.960935, 19.34937 ], [ -98.960936, 19.349371 ], [ -98.960935, 19.34937 ], [ -98.960936, 19.349371 ], [ -98.960935, 19.34937 ], [ -98.960936, 19.349371 ], [ -98.960936, 19.349371 ], [ -98.962771, 19.34859 ], [ -98.963789, 19.347142 ], [ -98.963789, 19.347142 ], [ -98.963789, 19.347142 ], [ -98.963789, 19.347142 ], [ -98.963789, 19.347142 ], [ -98.938851, 19.319513 ], [ -98.938851, 19.319513 ], [ -98.938851, 19.319513 ], [ -98.938851, 19.319513 ], [ -98.938851, 19.319513 ], [ -98.938851, 19.319513 ], [ -98.938851, 19.319513 ], [ -98.9133, 19.33764 ], [ -98.913294, 19.337645 ], [ -98.913208, 19.337681 ], [ -98.913209, 19.337682 ], [ -98.913209, 19.337682 ] ] } },
{ "type": "Feature", "properties": { "device_id": "163501b12b2224b832ebed70b9df068b3f6caae53a0d1ad1c2ee99bf88f53c15", "timestamps": "2020-01-01T19:23:56, 2020-01-01T19:24:08, 2020-01-01T19:24:16, 2020-01-01T19:30:27, 2020-01-01T19:30:35, 2020-01-01T19:30:40, 2020-01-01T19:30:50, 2020-01-01T19:30:54, 2020-01-01T19:32:29, 2020-01-01T19:35:00, 2020-01-01T19:35:09, 2020-01-01T19:35:12, 2020-01-01T19:35:20, 2020-01-01T19:35:21, 2020-01-01T19:41:20, 2020-01-01T19:41:50, 2020-01-01T19:52:20, 2020-01-01T19:52:29, 2020-01-01T19:52:37, 2020-01-01T20:07:07, 2020-01-01T20:07:18, 2020-01-01T20:07:22, 2020-01-01T20:20:15, 2020-01-01T20:20:22, 2020-01-01T20:20:25, 2020-01-01T20:20:35, 2020-01-01T20:20:40, 2020-01-01T20:20:44, 2020-01-01T20:20:48, 2020-01-01T20:20:56, 2020-01-01T20:21:28, 2020-01-01T20:56:06, 2020-01-01T20:56:34, 2020-01-01T20:59:41, 2020-01-01T20:59:57, 2020-01-01T21:34:12, 2020-01-01T21:38:46, 2020-01-01T21:38:50, 2020-01-01T21:39:00, 2020-01-01T21:39:22, 2020-01-01T21:39:43, 2020-01-01T21:39:50, 2020-01-01T21:40:11, 2020-01-01T21:40:23, 2020-01-01T21:49:23, 2020-01-01T21:49:33, 2020-01-01T21:49:39, 2020-01-01T21:50:34, 2020-01-01T21:51:07, 2020-01-01T22:21:42, 2020-01-01T22:24:10, 2020-01-01T22:24:49, 2020-01-01T22:28:51, 2020-01-01T22:56:11, 2020-01-01T22:56:20, 2020-01-01T22:58:13, 2020-01-01T23:01:22, 2020-01-01T23:10:30, 2020-01-01T23:11:31, 2020-01-01T23:12:23, 2020-01-01T23:21:31, 2020-01-01T23:26:26, 2020-01-01T23:26:27, 2020-01-01T23:26:37, 2020-01-01T23:38:53, 2020-01-01T23:39:00, 2020-01-01T23:41:20, 2020-01-01T23:41:27, 2020-01-01T23:45:02, 2020-01-01T23:45:09" }, "geometry": { "type": "LineString", "coordinates": [ [ -99.018591, 19.37638 ], [ -99.018591, 19.37638 ], [ -99.0186, 19.37638 ], [ -99.010064, 19.394753 ], [ -99.010064, 19.394753 ], [ -99.010064, 19.394753 ], [ -99.010064, 19.394753 ], [ -99.010064, 19.394753 ], [ -99.010064, 19.394753 ], [ -99.010064, 19.394753 ], [ -99.010065, 19.394753 ], [ -99.010064, 19.394753 ], [ -99.010064, 19.394753 ], [ -99.010064, 19.394753 ], [ -98.999052, 19.415299 ], [ -98.99906, 19.41528 ], [ -98.894459, 19.50957 ], [ -98.894454, 19.509572 ], [ -98.894453, 19.509571 ], [ -98.914968, 19.504169 ], [ -98.914968, 19.504169 ], [ -98.914968, 19.504169 ], [ -98.907454, 19.506632 ], [ -98.907454, 19.506632 ], [ -98.907454, 19.506632 ], [ -98.907454, 19.506632 ], [ -98.907454, 19.506632 ], [ -98.907454, 19.506632 ], [ -98.907454, 19.506632 ], [ -98.907454, 19.506632 ], [ -98.90746, 19.50663 ], [ -98.893642, 19.50711 ], [ -98.893642, 19.50711 ], [ -98.893643, 19.507111 ], [ -98.893642, 19.50711 ], [ -98.954479, 19.359279 ], [ -98.954479, 19.359279 ], [ -98.954479, 19.359279 ], [ -98.954479, 19.359279 ], [ -98.954479, 19.359279 ], [ -98.954479, 19.359279 ], [ -98.95448, 19.35926 ], [ -98.954479, 19.359279 ], [ -98.95448, 19.35926 ], [ -98.995598, 19.360188 ], [ -98.995598, 19.360188 ], [ -98.9956, 19.36018 ], [ -98.9956, 19.36018 ], [ -98.99506, 19.3602 ], [ -99.071797, 19.415427 ], [ -99.071797, 19.415427 ], [ -99.071797, 19.415427 ], [ -99.071799, 19.41542 ], [ -99.071489, 19.4157 ], [ -99.071489, 19.4157 ], [ -99.07149, 19.4157 ], [ -99.07149, 19.4157 ], [ -98.97631, 19.35912 ], [ -98.976309, 19.35912 ], [ -98.976309, 19.35912 ], [ -99.03534, 19.38498 ], [ -99.03551, 19.385429 ], [ -99.03551, 19.385429 ], [ -99.03551, 19.385429 ], [ -99.03454, 19.38735 ], [ -99.03454, 19.38735 ], [ -99.03454, 19.38735 ], [ -99.03454, 19.38735 ], [ -99.03454, 19.38735 ], [ -99.03454, 19.38735 ] ] } },
{ "type": "Feature", "properties": { "device_id": "d9ef38c377886e08d40863d4fba5b8dd3371d6b7f62966b23355e8ef1b999836", "timestamps": "2020-01-01T06:18:12, 2020-01-01T06:38:23, 2020-01-01T06:38:24, 2020-01-01T06:50:42, 2020-01-01T06:50:45, 2020-01-01T07:10:06, 2020-01-01T07:30:37, 2020-01-01T07:51:48, 2020-01-01T08:18:15, 2020-01-01T08:37:11, 2020-01-01T08:47:37, 2020-01-01T08:58:22, 2020-01-01T09:07:02, 2020-01-01T09:17:49, 2020-01-01T09:27:54, 2020-01-01T09:37:25, 2020-01-01T09:49:59, 2020-01-01T09:59:18, 2020-01-01T10:09:31, 2020-01-01T10:21:56, 2020-01-01T10:31:18, 2020-01-01T10:41:02, 2020-01-01T10:51:08, 2020-01-01T11:01:03, 2020-01-01T11:12:18, 2020-01-01T11:22:56, 2020-01-01T11:32:19, 2020-01-01T11:42:44, 2020-01-01T11:52:44, 2020-01-01T12:02:06, 2020-01-01T12:12:07, 2020-01-01T12:22:05, 2020-01-01T12:33:34, 2020-01-01T12:44:57, 2020-01-01T12:44:58, 2020-01-01T12:44:59, 2020-01-01T12:54:05, 2020-01-01T13:05:56, 2020-01-01T13:15:18, 2020-01-01T13:25:34, 2020-01-01T13:35:18, 2020-01-01T13:45:19, 2020-01-01T13:55:00, 2020-01-01T14:07:18, 2020-01-01T14:17:50, 2020-01-01T14:26:02, 2020-01-01T14:45:00, 2020-01-01T14:45:03, 2020-01-01T14:55:01, 2020-01-01T15:16:25, 2020-01-01T16:35:14, 2020-01-01T16:48:02, 2020-01-01T16:50:15, 2020-01-01T16:51:02, 2020-01-01T16:51:50, 2020-01-01T16:54:57, 2020-01-01T16:55:21, 2020-01-01T16:56:28, 2020-01-01T16:57:15, 2020-01-01T16:58:57, 2020-01-01T16:59:22, 2020-01-01T17:00:26, 2020-01-01T17:01:12, 2020-01-01T17:02:28, 2020-01-01T17:04:19, 2020-01-01T17:05:20, 2020-01-01T17:06:37, 2020-01-01T17:07:44, 2020-01-01T17:08:28, 2020-01-01T17:09:39, 2020-01-01T17:09:54, 2020-01-01T17:10:47, 2020-01-01T17:11:15, 2020-01-01T17:12:02, 2020-01-01T17:12:50, 2020-01-01T17:13:46, 2020-01-01T17:14:11, 2020-01-01T17:15:57, 2020-01-01T17:16:48, 2020-01-01T17:17:13, 2020-01-01T17:18:00, 2020-01-01T17:18:25, 2020-01-01T17:19:32, 2020-01-01T17:20:17, 2020-01-01T17:22:04, 2020-01-01T17:23:08, 2020-01-01T17:24:34, 2020-01-01T17:25:19, 2020-01-01T17:26:20, 2020-01-01T17:27:37, 2020-01-01T17:27:55, 2020-01-01T17:28:41, 2020-01-01T17:29:28, 2020-01-01T17:30:39, 2020-01-01T17:30:53, 2020-01-01T17:31:40, 2020-01-01T17:32:12, 2020-01-01T17:33:56, 2020-01-01T17:36:04, 2020-01-01T17:36:58, 2020-01-01T17:37:48, 2020-01-01T17:38:13, 2020-01-01T17:39:00, 2020-01-01T17:39:25, 2020-01-01T17:40:32, 2020-01-01T17:41:16, 2020-01-01T17:46:17, 2020-01-01T18:05:17, 2020-01-01T18:06:06, 2020-01-01T18:06:22, 2020-01-01T18:08:17, 2020-01-01T18:09:08, 2020-01-01T18:09:21, 2020-01-01T18:10:34, 2020-01-01T18:11:18, 2020-01-01T18:14:00, 2020-01-01T18:15:32, 2020-01-01T18:16:16, 2020-01-01T18:17:07, 2020-01-01T18:17:22, 2020-01-01T18:18:33, 2020-01-01T18:19:19, 2020-01-01T18:20:08, 2020-01-01T18:22:45, 2020-01-01T18:23:20, 2020-01-01T18:24:36, 2020-01-01T18:25:42, 2020-01-01T18:26:26, 2020-01-01T18:27:52, 2020-01-01T18:28:44, 2020-01-01T18:30:39, 2020-01-01T18:30:53, 2020-01-01T18:50:57, 2020-01-01T18:50:59, 2020-01-01T19:11:50, 2020-01-01T19:16:13, 2020-01-01T20:50:20, 2020-01-01T22:32:29, 2020-01-01T22:51:16, 2020-01-01T23:15:19, 2020-01-01T23:47:07" }, "geometry": { "type": "LineString", "coordinates": [ [ -99.139897, 19.396441 ], [ -99.139892, 19.396413 ], [ -99.139876, 19.396417 ], [ -99.139891, 19.396395 ], [ -99.139897, 19.396441 ], [ -99.140108, 19.396284 ], [ -99.139897, 19.396441 ], [ -99.139897, 19.396441 ], [ -99.139897, 19.396441 ], [ -99.139897, 19.396441 ], [ -99.139897, 19.396441 ], [ -99.139897, 19.396441 ], [ -99.139882, 19.396424 ], [ -99.139897, 19.396441 ], [ -99.139897, 19.396441 ], [ -99.139897, 19.396441 ], [ -99.139897, 19.396441 ], [ -99.139886, 19.396425 ], [ -99.139897, 19.396441 ], [ -99.139897, 19.396441 ], [ -99.139897, 19.396441 ], [ -99.139897, 19.396441 ], [ -99.139897, 19.396441 ], [ -99.139897, 19.396441 ], [ -99.139897, 19.396441 ], [ -99.139897, 19.396441 ], [ -99.139897, 19.396441 ], [ -99.139888, 19.396393 ], [ -99.139897, 19.396441 ], [ -99.139897, 19.396441 ], [ -99.139897, 19.396441 ], [ -99.139897, 19.396441 ], [ -99.139897, 19.396441 ], [ -99.139836, 19.396406 ], [ -99.139838, 19.396406 ], [ -99.139838, 19.396406 ], [ -99.139897, 19.396441 ], [ -99.139897, 19.396441 ], [ -99.139897, 19.396441 ], [ -99.13988, 19.396425 ], [ -99.139897, 19.396441 ], [ -99.139897, 19.396441 ], [ -99.139897, 19.396441 ], [ -99.139897, 19.396441 ], [ -99.139897, 19.396441 ], [ -99.139897, 19.396441 ], [ -99.139901, 19.396441 ], [ -99.139897, 19.396441 ], [ -99.139897, 19.396441 ], [ -99.139897, 19.396441 ], [ -99.13687, 19.400736 ], [ -99.096532, 19.409162 ], [ -99.090936, 19.408436 ], [ -99.082576, 19.407262 ], [ -99.084939, 19.407589 ], [ -99.073102, 19.413986 ], [ -99.072112, 19.415317 ], [ -99.072134, 19.415283 ], [ -99.071839, 19.415365 ], [ -99.071863, 19.415331 ], [ -99.071864, 19.415338 ], [ -99.071864, 19.415333 ], [ -99.06813, 19.403942 ], [ -99.06813, 19.403942 ], [ -99.061165, 19.399768 ], [ -99.059451, 19.398799 ], [ -99.048637, 19.392668 ], [ -99.046406, 19.391327 ], [ -99.042282, 19.389078 ], [ -99.035645, 19.385101 ], [ -99.036529, 19.38563 ], [ -99.030631, 19.382362 ], [ -99.024471, 19.378762 ], [ -99.017128, 19.373306 ], [ -99.018875, 19.374614 ], [ -99.012998, 19.370483 ], [ -99.007388, 19.36607 ], [ -99.005792, 19.364796 ], [ -98.995894, 19.360253 ], [ -98.995118, 19.36026 ], [ -98.98081, 19.358984 ], [ -98.987839, 19.359511 ], [ -98.976945, 19.359129 ], [ -98.97413, 19.359497 ], [ -98.960924, 19.350459 ], [ -98.960401, 19.349973 ], [ -98.961168, 19.350548 ], [ -98.961945, 19.35188 ], [ -98.963342, 19.35248 ], [ -98.9633, 19.354558 ], [ -98.963851, 19.354418 ], [ -98.958433, 19.355152 ], [ -98.954083, 19.359194 ], [ -98.948281, 19.367089 ], [ -98.950852, 19.36297 ], [ -98.946196, 19.370729 ], [ -98.944818, 19.373325 ], [ -98.942557, 19.376711 ], [ -98.93372, 19.393085 ], [ -98.936855, 19.387548 ], [ -98.932557, 19.395022 ], [ -98.931646, 19.396816 ], [ -98.928084, 19.403066 ], [ -98.930494, 19.398844 ], [ -98.927216, 19.40401 ], [ -98.926781, 19.403762 ], [ -98.926654, 19.404399 ], [ -98.92446, 19.40743 ], [ -98.919268, 19.414083 ], [ -98.919719, 19.413536 ], [ -98.917562, 19.416284 ], [ -98.913095, 19.422189 ], [ -98.915162, 19.419536 ], [ -98.909865, 19.42765 ], [ -98.907882, 19.432907 ], [ -98.899942, 19.452912 ], [ -98.898495, 19.456106 ], [ -98.896332, 19.462792 ], [ -98.893562, 19.469556 ], [ -98.895166, 19.46552 ], [ -98.89039, 19.476365 ], [ -98.887759, 19.482311 ], [ -98.88312, 19.490848 ], [ -98.883184, 19.501995 ], [ -98.883223, 19.504978 ], [ -98.885574, 19.506142 ], [ -98.886499, 19.507766 ], [ -98.886263, 19.509206 ], [ -98.886549, 19.509286 ], [ -98.887584, 19.50942 ], [ -98.888769, 19.510059 ], [ -98.888499, 19.50971 ], [ -98.889136, 19.510209 ], [ -98.889162, 19.510206 ], [ -98.88916, 19.510257 ], [ -98.890308, 19.510643 ], [ -98.889354, 19.510492 ], [ -98.88908, 19.510935 ], [ -98.889052, 19.510879 ], [ -98.889063, 19.510946 ], [ -98.888235, 19.511729 ] ] } },
{ "type": "Feature", "properties": { "device_id": "cf2c951a347377b0afba21b9fdc99189879d2d099aa1879e963fcdef2c3befef", "timestamps": "2020-01-01T07:17:57, 2020-01-01T07:18:10, 2020-01-01T07:19:18, 2020-01-01T07:20:55, 2020-01-01T07:21:11, 2020-01-01T07:22:07, 2020-01-01T07:23:16, 2020-01-01T07:27:20, 2020-01-01T07:27:46, 2020-01-01T07:28:54, 2020-01-01T07:29:51, 2020-01-01T07:31:13, 2020-01-01T07:33:53, 2020-01-01T07:34:18, 2020-01-01T11:01:18, 2020-01-01T11:01:26, 2020-01-01T11:21:00, 2020-01-01T11:21:06, 2020-01-01T11:21:56, 2020-01-01T11:22:16, 2020-01-01T11:23:42, 2020-01-01T11:24:11, 2020-01-01T11:24:29, 2020-01-01T11:25:53, 2020-01-01T11:26:11, 2020-01-01T11:26:27, 2020-01-01T11:27:06, 2020-01-01T11:27:26, 2020-01-01T11:28:00, 2020-01-01T11:28:22, 2020-01-01T11:29:17, 2020-01-01T11:29:54, 2020-01-01T11:38:57, 2020-01-01T11:38:58, 2020-01-01T18:16:18, 2020-01-01T18:16:21, 2020-01-01T18:16:27, 2020-01-01T18:16:30, 2020-01-01T19:14:55, 2020-01-01T19:15:06, 2020-01-01T19:15:59, 2020-01-01T19:16:01, 2020-01-01T19:16:14, 2020-01-01T19:16:50, 2020-01-01T19:34:28, 2020-01-01T19:34:45, 2020-01-01T19:35:07, 2020-01-01T19:35:10, 2020-01-01T19:35:34, 2020-01-01T19:35:39, 2020-01-01T19:36:20, 2020-01-01T19:36:25, 2020-01-01T19:36:44, 2020-01-01T19:36:54, 2020-01-01T19:37:02, 2020-01-01T19:37:22, 2020-01-01T19:37:42, 2020-01-01T19:42:16, 2020-01-01T19:42:35, 2020-01-01T19:51:43, 2020-01-01T19:51:48, 2020-01-01T19:52:18, 2020-01-01T19:52:45, 2020-01-01T19:53:29, 2020-01-01T19:53:34, 2020-01-01T20:09:38, 2020-01-01T20:09:44, 2020-01-01T20:27:51, 2020-01-01T20:28:07, 2020-01-01T20:28:15, 2020-01-01T20:28:24, 2020-01-01T20:28:48, 2020-01-01T20:29:00, 2020-01-01T20:29:15, 2020-01-01T20:29:42, 2020-01-01T20:30:54, 2020-01-01T20:31:17, 2020-01-01T20:31:39, 2020-01-01T20:34:14, 2020-01-01T20:40:14, 2020-01-01T20:40:33, 2020-01-01T20:40:51, 2020-01-01T20:40:57, 2020-01-01T20:45:34, 2020-01-01T20:45:54, 2020-01-01T20:46:13, 2020-01-01T20:46:42, 2020-01-01T20:47:29, 2020-01-01T20:47:55, 2020-01-01T20:49:21, 2020-01-01T20:49:43, 2020-01-01T20:51:31, 2020-01-01T20:52:00, 2020-01-01T20:56:36, 2020-01-01T20:57:12, 2020-01-01T20:57:39, 2020-01-01T20:57:46, 2020-01-01T21:15:27, 2020-01-01T21:15:41, 2020-01-01T21:15:52, 2020-01-01T21:16:00, 2020-01-01T21:16:19, 2020-01-01T21:16:38, 2020-01-01T21:16:55, 2020-01-01T21:56:01" }, "geometry": { "type": "LineString", "coordinates": [ [ -99.004682, 19.411323 ], [ -99.004682, 19.411323 ], [ -99.004633, 19.411327 ], [ -99.004675, 19.411314 ], [ -99.004675, 19.411314 ], [ -99.004677, 19.411331 ], [ -99.004683, 19.411324 ], [ -99.004693, 19.411356 ], [ -99.004682, 19.411323 ], [ -99.004661, 19.411376 ], [ -99.004682, 19.411323 ], [ -99.004704, 19.411313 ], [ -99.004682, 19.411323 ], [ -99.004682, 19.411323 ], [ -99.19876, 19.45187 ], [ -99.198678, 19.451858 ], [ -99.198689, 19.45185 ], [ -99.198689, 19.45185 ], [ -99.198678, 19.451857 ], [ -99.198677, 19.451859 ], [ -99.198701, 19.451857 ], [ -99.198689, 19.45185 ], [ -99.198682, 19.451846 ], [ -99.198691, 19.451848 ], [ -99.198691, 19.451849 ], [ -99.198691, 19.451849 ], [ -99.198692, 19.451848 ], [ -99.198678, 19.451858 ], [ -99.198689, 19.451849 ], [ -99.19868, 19.45185 ], [ -99.198688, 19.45185 ], [ -99.19869, 19.451848 ], [ -99.198691, 19.451857 ], [ -99.1987, 19.45184 ], [ -99.1987, 19.45184 ], [ -99.198693, 19.451847 ], [ -99.198702, 19.451856 ], [ -99.198693, 19.451847 ], [ -99.183156, 19.454282 ], [ -99.18163, 19.45738 ], [ -99.172427, 19.4493 ], [ -99.172429, 19.449301 ], [ -99.166892, 19.444793 ], [ -99.17243, 19.4493 ], [ -99.134333, 19.417549 ], [ -99.135371, 19.409657 ], [ -99.134333, 19.417549 ], [ -99.134333, 19.417549 ], [ -99.13554, 19.40898 ], [ -99.135532, 19.408992 ], [ -99.135532, 19.408992 ], [ -99.135728, 19.408823 ], [ -99.135709, 19.408836 ], [ -99.13571, 19.40882 ], [ -99.135629, 19.408822 ], [ -99.135679, 19.408844 ], [ -99.135456, 19.408712 ], [ -99.134245, 19.408532 ], [ -99.134046, 19.408504 ], [ -99.10671, 19.40915 ], [ -99.105671, 19.408472 ], [ -99.105672, 19.408472 ], [ -99.105671, 19.408472 ], [ -99.10568, 19.40847 ], [ -99.105672, 19.408472 ], [ -99.07275, 19.41369 ], [ -99.071478, 19.414672 ], [ -99.069714, 19.404926 ], [ -99.069727, 19.40483 ], [ -99.069727, 19.40483 ], [ -99.069727, 19.40483 ], [ -99.069694, 19.405069 ], [ -99.069694, 19.405069 ], [ -99.06991, 19.404869 ], [ -99.069729, 19.404814 ], [ -99.069992, 19.40497 ], [ -99.069616, 19.405173 ], [ -99.069783, 19.40501 ], [ -99.059517, 19.398813 ], [ -99.03592, 19.385337 ], [ -99.035918, 19.385344 ], [ -99.035929, 19.385339 ], [ -99.035907, 19.385333 ], [ -99.020226, 19.375869 ], [ -99.01856, 19.374525 ], [ -99.018522, 19.373822 ], [ -99.017823, 19.373553 ], [ -99.017528, 19.373381 ], [ -99.017881, 19.373529 ], [ -99.017301, 19.373638 ], [ -99.017487, 19.373625 ], [ -99.017296, 19.37346 ], [ -99.017295, 19.373464 ], [ -99.01731, 19.37343 ], [ -99.006027, 19.364859 ], [ -99.006011, 19.364903 ], [ -99.006011, 19.364903 ], [ -98.962661, 19.35297 ], [ -98.962661, 19.35297 ], [ -98.962661, 19.35297 ], [ -98.962661, 19.35297 ], [ -98.964371, 19.344393 ], [ -98.961088, 19.349449 ], [ -98.965413, 19.345094 ], [ -98.940532, 19.38708 ] ] } },
{ "type": "Feature", "properties": { "device_id": "75b3646dd24fac55720582febd6201a4d93d68999d84fbc14856dd2ca77a312f", "timestamps": "2020-01-01T06:24:46, 2020-01-01T06:45:59, 2020-01-01T06:57:01, 2020-01-01T06:57:02, 2020-01-01T06:57:05, 2020-01-01T07:17:13, 2020-01-01T08:19:34, 2020-01-01T08:39:08, 2020-01-01T08:59:45, 2020-01-01T09:05:32, 2020-01-01T09:05:46, 2020-01-01T09:06:17, 2020-01-01T09:07:07, 2020-01-01T09:07:21, 2020-01-01T09:08:31, 2020-01-01T09:10:23, 2020-01-01T09:11:30, 2020-01-01T09:11:55, 2020-01-01T09:12:45, 2020-01-01T09:13:20, 2020-01-01T09:14:30, 2020-01-01T09:14:55, 2020-01-01T09:16:20, 2020-01-01T09:17:30, 2020-01-01T09:17:55, 2020-01-01T09:18:45, 2020-01-01T09:19:20, 2020-01-01T09:20:30, 2020-01-01T09:20:55, 2020-01-01T09:21:45, 2020-01-01T09:22:20, 2020-01-01T09:23:30, 2020-01-01T09:23:55, 2020-01-01T09:24:45, 2020-01-01T09:25:20, 2020-01-01T09:26:30, 2020-01-01T09:26:55, 2020-01-01T09:27:45, 2020-01-01T09:28:20, 2020-01-01T09:29:30, 2020-01-01T09:29:55, 2020-01-01T09:30:45, 2020-01-01T09:31:20, 2020-01-01T09:32:30, 2020-01-01T09:32:55, 2020-01-01T09:33:45, 2020-01-01T09:34:20, 2020-01-01T09:35:30, 2020-01-01T09:35:55, 2020-01-01T09:36:45, 2020-01-01T09:37:20, 2020-01-01T09:38:30, 2020-01-01T09:38:55, 2020-01-01T09:40:20, 2020-01-01T09:41:30, 2020-01-01T09:41:55, 2020-01-01T09:43:20, 2020-01-01T09:44:30, 2020-01-01T09:45:45, 2020-01-01T09:46:20, 2020-01-01T09:50:39, 2020-01-01T09:51:40, 2020-01-01T09:52:15, 2020-01-01T09:53:05, 2020-01-01T09:53:50, 2020-01-01T09:54:40, 2020-01-01T09:59:36, 2020-01-01T10:04:17, 2020-01-01T10:05:08, 2020-01-01T10:05:24, 2020-01-01T10:06:34, 2020-01-01T10:14:38, 2020-01-01T10:17:06, 2020-01-01T10:37:29, 2020-01-01T10:56:42, 2020-01-01T11:06:04, 2020-01-01T11:27:33, 2020-01-01T11:47:22, 2020-01-01T12:07:44, 2020-01-01T12:28:55, 2020-01-01T12:47:37, 2020-01-01T13:07:10, 2020-01-01T13:26:08, 2020-01-01T14:07:12, 2020-01-01T15:08:41, 2020-01-01T16:29:08, 2020-01-01T16:45:42, 2020-01-01T16:51:16, 2020-01-01T17:10:06, 2020-01-01T17:49:15, 2020-01-01T17:50:55, 2020-01-01T17:51:45, 2020-01-01T17:52:20, 2020-01-01T17:53:30, 2020-01-01T17:53:55, 2020-01-01T17:56:30, 2020-01-01T17:56:55, 2020-01-01T17:57:45, 2020-01-01T17:58:20, 2020-01-01T17:59:55, 2020-01-01T18:00:45, 2020-01-01T18:01:00, 2020-01-01T18:02:32, 2020-01-01T18:04:56, 2020-01-01T18:05:46, 2020-01-01T18:06:12, 2020-01-01T18:07:02, 2020-01-01T18:07:56, 2020-01-01T18:08:46, 2020-01-01T18:10:02, 2020-01-01T18:10:56, 2020-01-01T18:11:47, 2020-01-01T18:12:12, 2020-01-01T18:13:01, 2020-01-01T18:13:57, 2020-01-01T18:14:46, 2020-01-01T18:16:01, 2020-01-01T18:16:56, 2020-01-01T18:17:46, 2020-01-01T18:19:56, 2020-01-01T18:20:46, 2020-01-01T18:21:12, 2020-01-01T18:22:02, 2020-01-01T18:22:58, 2020-01-01T18:23:49, 2020-01-01T18:28:09, 2020-01-01T18:48:03, 2020-01-01T18:49:23, 2020-01-01T19:12:38, 2020-01-01T19:29:18, 2020-01-01T19:29:19, 2020-01-01T19:40:34, 2020-01-01T19:50:30, 2020-01-01T19:54:43, 2020-01-01T19:55:15, 2020-01-01T19:56:05, 2020-01-01T19:57:40, 2020-01-01T19:58:15, 2020-01-01T19:59:11, 2020-01-01T19:59:14, 2020-01-01T19:59:16, 2020-01-01T19:59:17, 2020-01-01T19:59:29, 2020-01-01T19:59:34, 2020-01-01T19:59:36, 2020-01-01T19:59:42, 2020-01-01T19:59:43, 2020-01-01T19:59:45, 2020-01-01T19:59:46, 2020-01-01T19:59:48, 2020-01-01T19:59:49, 2020-01-01T20:00:41, 2020-01-01T20:01:26, 2020-01-01T20:02:37, 2020-01-01T20:02:51, 2020-01-01T20:12:22, 2020-01-01T20:17:22, 2020-01-01T20:22:19, 2020-01-01T20:23:01, 2020-01-01T20:42:29, 2020-01-01T20:52:10, 2020-01-01T21:13:25, 2020-01-01T21:33:32, 2020-01-01T21:41:08, 2020-01-01T21:41:32, 2020-01-01T21:41:35, 2020-01-01T21:41:49, 2020-01-01T21:42:55, 2020-01-01T22:02:36, 2020-01-01T22:23:32, 2020-01-01T22:43:53, 2020-01-01T23:21:15, 2020-01-01T23:41:27" }, "geometry": { "type": "LineString", "coordinates": [ [ -98.992529, 19.398024 ], [ -98.992535, 19.397911 ], [ -98.992404, 19.397895 ], [ -98.992403, 19.397896 ], [ -98.992485, 19.397944 ], [ -98.992569, 19.398051 ], [ -98.992538, 19.397916 ], [ -98.99255, 19.398067 ], [ -98.992437, 19.397936 ], [ -98.996143, 19.399501 ], [ -98.995873, 19.399379 ], [ -98.997707, 19.398942 ], [ -99.000759, 19.393233 ], [ -98.99954, 19.395567 ], [ -99.002535, 19.389964 ], [ -99.003677, 19.387936 ], [ -99.006576, 19.382648 ], [ -99.005101, 19.385421 ], [ -99.007892, 19.380223 ], [ -99.009442, 19.378023 ], [ -99.012239, 19.375913 ], [ -99.009902, 19.377775 ], [ -99.01436, 19.373946 ], [ -99.023137, 19.378633 ], [ -99.017804, 19.374632 ], [ -99.028929, 19.3815 ], [ -99.035527, 19.385151 ], [ -99.04659, 19.391621 ], [ -99.042149, 19.388994 ], [ -99.048134, 19.392408 ], [ -99.050452, 19.393857 ], [ -99.063044, 19.400952 ], [ -99.057186, 19.39759 ], [ -99.069553, 19.404721 ], [ -99.07559, 19.408177 ], [ -99.085648, 19.407833 ], [ -99.080875, 19.407151 ], [ -99.089348, 19.408359 ], [ -99.091719, 19.408697 ], [ -99.098557, 19.409083 ], [ -99.096273, 19.409271 ], [ -99.103331, 19.408073 ], [ -99.111042, 19.406448 ], [ -99.121522, 19.405209 ], [ -99.116836, 19.405645 ], [ -99.126583, 19.404263 ], [ -99.130713, 19.403131 ], [ -99.141213, 19.40376 ], [ -99.135193, 19.403404 ], [ -99.148013, 19.404104 ], [ -99.155587, 19.404185 ], [ -99.161465, 19.402835 ], [ -99.159949, 19.403396 ], [ -99.162441, 19.399831 ], [ -99.164135, 19.392954 ], [ -99.163012, 19.397459 ], [ -99.16424, 19.390352 ], [ -99.162568, 19.38679 ], [ -99.163268, 19.383839 ], [ -99.163839, 19.381537 ], [ -99.16327, 19.381323 ], [ -99.164043, 19.379853 ], [ -99.16687, 19.380509 ], [ -99.171569, 19.376623 ], [ -99.169205, 19.37876 ], [ -99.171092, 19.377004 ], [ -99.171268, 19.377173 ], [ -99.167789, 19.378234 ], [ -99.165094, 19.382568 ], [ -99.165491, 19.381224 ], [ -99.162868, 19.381227 ], [ -99.162757, 19.381225 ], [ -99.162779, 19.381301 ], [ -99.162813, 19.381243 ], [ -99.162762, 19.381192 ], [ -99.162761, 19.381207 ], [ -99.162746, 19.381193 ], [ -99.162756, 19.381194 ], [ -99.162884, 19.381217 ], [ -99.1627, 19.381224 ], [ -99.162875, 19.38124 ], [ -99.162691, 19.381197 ], [ -99.162698, 19.381206 ], [ -99.162722, 19.38121 ], [ -99.162735, 19.381213 ], [ -99.162856, 19.38123 ], [ -99.162698, 19.377723 ], [ -99.16272, 19.379961 ], [ -99.16292, 19.381263 ], [ -99.165724, 19.380147 ], [ -99.165744, 19.380473 ], [ -99.164274, 19.386137 ], [ -99.163106, 19.390948 ], [ -99.161139, 19.400897 ], [ -99.161906, 19.395779 ], [ -99.136719, 19.40329 ], [ -99.145096, 19.403793 ], [ -99.127919, 19.403634 ], [ -99.119604, 19.405357 ], [ -99.110811, 19.406347 ], [ -99.09399, 19.408651 ], [ -99.090045, 19.408099 ], [ -99.083116, 19.407141 ], [ -99.081178, 19.406854 ], [ -99.073957, 19.406989 ], [ -99.066195, 19.402521 ], [ -99.051321, 19.393993 ], [ -99.058921, 19.398368 ], [ -99.043858, 19.389637 ], [ -99.026029, 19.37911 ], [ -99.033164, 19.383294 ], [ -99.018713, 19.374037 ], [ -99.017322, 19.371097 ], [ -99.017184, 19.370621 ], [ -99.018711, 19.369755 ], [ -99.013368, 19.374296 ], [ -99.007288, 19.380047 ], [ -99.009664, 19.37779 ], [ -99.005203, 19.383398 ], [ -99.003917, 19.38649 ], [ -99.003147, 19.388365 ], [ -99.001467, 19.391395 ], [ -98.997364, 19.397306 ], [ -98.999795, 19.394584 ], [ -98.993211, 19.395539 ], [ -98.99243, 19.397878 ], [ -98.992572, 19.397978 ], [ -98.992577, 19.397989 ], [ -98.99245, 19.397914 ], [ -98.992486, 19.397953 ], [ -98.992452, 19.397913 ], [ -98.992571, 19.397973 ], [ -98.992569, 19.398054 ], [ -98.99605, 19.399423 ], [ -98.997759, 19.398825 ], [ -98.999403, 19.398594 ], [ -99.002825, 19.400234 ], [ -99.005933, 19.401761 ], [ -99.010668, 19.403937 ], [ -99.010733, 19.403982 ], [ -99.010792, 19.403974 ], [ -99.010826, 19.403979 ], [ -99.010232, 19.403842 ], [ -99.011771, 19.404401 ], [ -99.011895, 19.404467 ], [ -99.011001, 19.404049 ], [ -99.011119, 19.404091 ], [ -99.010872, 19.404005 ], [ -99.011278, 19.404151 ], [ -99.011402, 19.404221 ], [ -99.011567, 19.404292 ], [ -99.015367, 19.406166 ], [ -99.016421, 19.406658 ], [ -99.019982, 19.410179 ], [ -99.020021, 19.408401 ], [ -99.017997, 19.413846 ], [ -98.998328, 19.404832 ], [ -98.992254, 19.397966 ], [ -98.992335, 19.397864 ], [ -98.992575, 19.397977 ], [ -98.99257, 19.397974 ], [ -98.99257, 19.397976 ], [ -98.992573, 19.397974 ], [ -98.992589, 19.397971 ], [ -98.992587, 19.39797 ], [ -98.99257, 19.397976 ], [ -98.99257, 19.397976 ], [ -98.992589, 19.397971 ], [ -98.992504, 19.397944 ], [ -98.992552, 19.398068 ], [ -98.992472, 19.397989 ], [ -98.992554, 19.398038 ], [ -98.99255, 19.39805 ] ] } },
{ "type": "Feature", "properties": { "device_id": "f735428c8f2eaf2af73c3ace384d5828325f64f1ea9588a6f1fbb9e9f48c6d58", "timestamps": "2020-01-01T22:01:02, 2020-01-01T22:01:51, 2020-01-01T22:11:32, 2020-01-01T22:11:33" }, "geometry": { "type": "LineString", "coordinates": [ [ -99.03497, 19.38478 ], [ -99.034959, 19.38479 ], [ -98.97163, 19.35912 ], [ -98.971626, 19.359125 ] ] } },
{ "type": "Feature", "properties": { "device_id": "8f929be5726ef85591299ad223521e65c16b5a45cc9b310c0a08fc45de5d3123", "timestamps": "2020-01-01T23:05:07, 2020-01-01T23:08:36, 2020-01-01T23:09:12, 2020-01-01T23:11:26, 2020-01-01T23:13:50, 2020-01-01T23:15:34, 2020-01-01T23:20:42, 2020-01-01T23:21:19, 2020-01-01T23:21:50, 2020-01-01T23:24:53, 2020-01-01T23:27:35, 2020-01-01T23:27:45, 2020-01-01T23:30:34, 2020-01-01T23:32:42, 2020-01-01T23:33:34, 2020-01-01T23:34:23, 2020-01-01T23:35:49, 2020-01-01T23:36:55, 2020-01-01T23:38:49, 2020-01-01T23:39:50, 2020-01-01T23:40:38, 2020-01-01T23:40:58, 2020-01-01T23:41:24, 2020-01-01T23:42:24" }, "geometry": { "type": "LineString", "coordinates": [ [ -99.04653, 19.39149 ], [ -99.036133, 19.385575 ], [ -99.036266, 19.385533 ], [ -99.035915, 19.385402 ], [ -99.035883, 19.385389 ], [ -99.036024, 19.385478 ], [ -99.013756, 19.371439 ], [ -99.013756, 19.371439 ], [ -99.013756, 19.371439 ], [ -98.995739, 19.360451 ], [ -98.977215, 19.359003 ], [ -98.977215, 19.359003 ], [ -98.97267, 19.35837 ], [ -98.994736, 19.360291 ], [ -98.994736, 19.360291 ], [ -98.994736, 19.360291 ], [ -99.009113, 19.367858 ], [ -99.016173, 19.372424 ], [ -99.009113, 19.367858 ], [ -99.009113, 19.367858 ], [ -99.017834, 19.373153 ], [ -99.017834, 19.373153 ], [ -99.017834, 19.373153 ], [ -99.017834, 19.373153 ] ] } },
{ "type": "Feature", "properties": { "device_id": "5348a40fdabdad0a2ed5e57b221a46a732b996987d6920ac301821a07de94893", "timestamps": "2020-01-01T14:44:14, 2020-01-01T14:44:23, 2020-01-01T16:49:18, 2020-01-01T16:49:28, 2020-01-01T16:54:35, 2020-01-01T16:54:40, 2020-01-01T16:59:01, 2020-01-01T16:59:52, 2020-01-01T17:04:34, 2020-01-01T17:04:43, 2020-01-01T18:08:12, 2020-01-01T18:08:21, 2020-01-01T18:20:13, 2020-01-01T18:20:24, 2020-01-01T18:25:14, 2020-01-01T18:25:23, 2020-01-01T18:31:30, 2020-01-01T18:31:45, 2020-01-01T18:53:39, 2020-01-01T18:53:49, 2020-01-01T18:58:05, 2020-01-01T18:58:50, 2020-01-01T19:05:38, 2020-01-01T19:05:48, 2020-01-01T19:20:36, 2020-01-01T19:20:46, 2020-01-01T19:49:15, 2020-01-01T19:49:20, 2020-01-01T19:54:05, 2020-01-01T19:54:50, 2020-01-01T21:00:04, 2020-01-01T21:00:53, 2020-01-01T22:16:04, 2020-01-01T22:16:53, 2020-01-01T22:22:08, 2020-01-01T22:22:58, 2020-01-01T22:50:34, 2020-01-01T22:50:43, 2020-01-01T23:01:33, 2020-01-01T23:01:44" }, "geometry": { "type": "LineString", "coordinates": [ [ -99.0168, 19.37314 ], [ -99.016791, 19.37316 ], [ -98.97657, 19.35932 ], [ -98.97658, 19.359316 ], [ -98.96142, 19.35115 ], [ -98.961421, 19.351162 ], [ -98.96142, 19.35115 ], [ -98.961421, 19.351162 ], [ -98.96142, 19.35115 ], [ -98.961421, 19.351162 ], [ -98.961421, 19.351162 ], [ -98.96142, 19.35115 ], [ -98.961421, 19.351162 ], [ -98.96142, 19.35115 ], [ -98.96142, 19.35115 ], [ -98.961421, 19.351162 ], [ -98.961421, 19.351162 ], [ -98.96142, 19.35115 ], [ -99.036154, 19.385442 ], [ -99.03617, 19.38542 ], [ -99.03617, 19.38542 ], [ -99.036154, 19.385442 ], [ -99.03617, 19.38542 ], [ -99.036154, 19.385442 ], [ -99.07206, 19.41491 ], [ -99.072067, 19.414914 ], [ -99.01933, 19.37445 ], [ -99.019313, 19.374453 ], [ -98.96126, 19.35078 ], [ -98.961262, 19.350776 ], [ -98.996203, 19.361152 ], [ -98.99621, 19.36116 ], [ -98.99493, 19.3603 ], [ -98.994919, 19.360323 ], [ -98.96091, 19.35012 ], [ -98.960904, 19.350111 ], [ -98.976872, 19.359005 ], [ -98.976881, 19.359006 ], [ -99.035301, 19.384676 ], [ -99.03531, 19.38467 ] ] } },
{ "type": "Feature", "properties": { "device_id": "5682f1b0fd2fad5c8d140d1b3395a764bb444019ff47678d6618e7a8a2856980", "timestamps": "2020-01-01T09:14:23, 2020-01-01T09:14:54, 2020-01-01T09:15:01, 2020-01-01T09:15:29, 2020-01-01T09:16:15, 2020-01-01T09:16:40, 2020-01-01T09:17:42, 2020-01-01T09:20:27, 2020-01-01T09:20:59, 2020-01-01T09:22:11, 2020-01-01T09:22:32, 2020-01-01T09:23:30, 2020-01-01T09:23:53, 2020-01-01T09:24:39, 2020-01-01T09:24:58, 2020-01-01T09:25:49, 2020-01-01T09:26:02, 2020-01-01T09:26:34, 2020-01-01T09:27:36, 2020-01-01T09:27:57, 2020-01-01T09:29:17, 2020-01-01T09:29:50, 2020-01-01T09:29:55, 2020-01-01T09:30:05, 2020-01-01T09:30:23, 2020-01-01T15:55:58, 2020-01-01T15:56:54, 2020-01-01T15:57:49, 2020-01-01T15:58:32, 2020-01-01T15:59:44, 2020-01-01T16:01:38, 2020-01-01T16:02:14, 2020-01-01T16:03:20, 2020-01-01T16:04:13, 2020-01-01T16:06:32, 2020-01-01T16:06:52, 2020-01-01T16:07:50, 2020-01-01T16:08:28, 2020-01-01T16:12:01, 2020-01-01T16:12:22, 2020-01-01T16:12:39, 2020-01-01T16:12:58, 2020-01-01T16:13:26, 2020-01-01T16:15:29, 2020-01-01T16:18:00, 2020-01-01T16:18:12, 2020-01-01T16:18:46, 2020-01-01T16:19:52, 2020-01-01T16:21:37, 2020-01-01T16:21:49, 2020-01-01T16:22:10, 2020-01-01T16:22:30, 2020-01-01T16:22:52, 2020-01-01T16:23:09, 2020-01-01T16:23:37, 2020-01-01T16:24:28, 2020-01-01T16:24:33, 2020-01-01T16:26:28, 2020-01-01T16:26:58, 2020-01-01T16:27:25, 2020-01-01T16:28:06, 2020-01-01T16:28:07, 2020-01-01T16:28:20, 2020-01-01T16:32:05, 2020-01-01T16:32:23, 2020-01-01T16:32:47, 2020-01-01T16:32:54, 2020-01-01T16:33:09, 2020-01-01T16:33:40, 2020-01-01T16:33:55, 2020-01-01T16:34:17, 2020-01-01T16:35:10, 2020-01-01T16:35:51, 2020-01-01T16:36:22, 2020-01-01T16:36:56, 2020-01-01T16:37:47, 2020-01-01T16:38:10, 2020-01-01T16:38:56, 2020-01-01T16:39:02, 2020-01-01T16:39:27, 2020-01-01T16:39:43, 2020-01-01T16:40:24, 2020-01-01T16:40:25, 2020-01-01T16:42:01, 2020-01-01T16:42:11, 2020-01-01T16:42:24, 2020-01-01T16:43:56, 2020-01-01T16:44:46, 2020-01-01T16:45:22, 2020-01-01T16:49:40, 2020-01-01T16:49:50, 2020-01-01T16:49:56, 2020-01-01T16:50:11, 2020-01-01T16:50:27, 2020-01-01T16:50:47, 2020-01-01T16:51:30, 2020-01-01T16:51:45, 2020-01-01T16:53:17, 2020-01-01T16:53:41, 2020-01-01T16:54:23, 2020-01-01T16:54:45, 2020-01-01T16:55:46, 2020-01-01T16:56:23, 2020-01-01T16:56:37, 2020-01-01T16:58:03, 2020-01-01T16:59:20, 2020-01-01T17:00:43, 2020-01-01T17:01:20, 2020-01-01T17:01:43, 2020-01-01T17:02:08, 2020-01-01T17:02:13, 2020-01-01T17:02:56, 2020-01-01T17:05:03, 2020-01-01T17:06:19, 2020-01-01T17:07:51, 2020-01-01T17:08:08, 2020-01-01T17:08:42, 2020-01-01T17:09:47, 2020-01-01T17:10:03, 2020-01-01T17:11:05, 2020-01-01T17:12:48, 2020-01-01T17:12:54, 2020-01-01T17:13:08, 2020-01-01T17:14:19, 2020-01-01T17:17:03, 2020-01-01T17:17:19, 2020-01-01T17:17:40, 2020-01-01T17:18:04, 2020-01-01T17:18:45, 2020-01-01T17:18:59, 2020-01-01T17:19:15, 2020-01-01T17:19:26, 2020-01-01T17:20:31, 2020-01-01T17:20:51, 2020-01-01T17:21:03, 2020-01-01T17:21:43, 2020-01-01T17:22:29, 2020-01-01T17:22:50, 2020-01-01T17:23:36, 2020-01-01T17:23:41, 2020-01-01T17:25:23, 2020-01-01T17:27:21, 2020-01-01T17:27:34, 2020-01-01T17:27:42, 2020-01-01T17:28:06, 2020-01-01T17:28:29, 2020-01-01T17:30:01, 2020-01-01T17:30:06, 2020-01-01T17:33:32, 2020-01-01T17:34:03, 2020-01-01T17:34:48, 2020-01-01T18:04:43, 2020-01-01T18:05:00, 2020-01-01T18:05:32, 2020-01-01T18:05:46, 2020-01-01T18:06:17, 2020-01-01T18:06:30, 2020-01-01T18:07:22, 2020-01-01T18:07:36, 2020-01-01T18:07:50, 2020-01-01T18:08:08, 2020-01-01T18:09:30, 2020-01-01T18:09:45, 2020-01-01T18:12:26, 2020-01-01T18:12:39, 2020-01-01T18:38:31, 2020-01-01T18:38:36, 2020-01-01T18:38:41, 2020-01-01T18:39:13, 2020-01-01T18:39:26, 2020-01-01T18:40:17, 2020-01-01T18:40:31, 2020-01-01T18:45:40, 2020-01-01T18:45:50, 2020-01-01T18:45:56, 2020-01-01T18:46:01, 2020-01-01T18:46:16, 2020-01-01T18:46:51, 2020-01-01T18:47:40, 2020-01-01T18:48:23, 2020-01-01T18:48:38, 2020-01-01T18:50:09, 2020-01-01T18:50:24, 2020-01-01T18:50:36, 2020-01-01T18:51:56, 2020-01-01T18:52:01, 2020-01-01T18:52:14, 2020-01-01T18:53:20, 2020-01-01T18:53:33, 2020-01-01T18:53:46, 2020-01-01T19:15:23, 2020-01-01T19:23:53, 2020-01-01T19:24:03, 2020-01-01T19:24:26, 2020-01-01T19:24:40, 2020-01-01T19:25:23, 2020-01-01T19:25:26, 2020-01-01T19:25:41, 2020-01-01T19:27:12, 2020-01-01T19:27:36, 2020-01-01T19:29:11, 2020-01-01T19:30:18, 2020-01-01T19:30:34, 2020-01-01T19:31:48, 2020-01-01T19:32:00, 2020-01-01T19:32:35, 2020-01-01T19:33:01, 2020-01-01T19:33:06, 2020-01-01T19:33:49, 2020-01-01T19:34:00, 2020-01-01T19:34:21, 2020-01-01T19:34:49, 2020-01-01T19:35:10, 2020-01-01T19:35:14, 2020-01-01T19:37:01, 2020-01-01T19:38:06, 2020-01-01T19:38:30, 2020-01-01T19:45:06, 2020-01-01T20:41:03, 2020-01-01T20:41:43, 2020-01-01T20:42:18, 2020-01-01T20:42:37, 2020-01-01T20:42:44, 2020-01-01T20:42:56, 2020-01-01T20:43:20, 2020-01-01T20:43:31, 2020-01-01T20:44:02, 2020-01-01T20:44:39, 2020-01-01T20:44:58, 2020-01-01T20:45:42, 2020-01-01T20:46:30, 2020-01-01T20:47:39, 2020-01-01T20:51:27, 2020-01-01T20:52:11, 2020-01-01T20:52:30, 2020-01-01T20:53:09, 2020-01-01T20:54:14, 2020-01-01T20:54:34, 2020-01-01T20:54:52, 2020-01-01T20:55:34, 2020-01-01T20:57:26, 2020-01-01T20:58:12, 2020-01-01T21:00:00, 2020-01-01T21:00:14, 2020-01-01T21:01:03, 2020-01-01T21:01:48, 2020-01-01T21:03:02, 2020-01-01T21:03:43, 2020-01-01T21:03:54, 2020-01-01T21:05:19, 2020-01-01T21:05:24, 2020-01-01T21:05:37, 2020-01-01T21:05:45, 2020-01-01T21:06:36, 2020-01-01T21:07:27, 2020-01-01T21:07:58, 2020-01-01T21:08:07, 2020-01-01T21:09:01, 2020-01-01T21:09:45, 2020-01-01T21:10:07, 2020-01-01T21:10:43, 2020-01-01T21:11:52, 2020-01-01T21:12:38, 2020-01-01T21:14:38, 2020-01-01T21:14:56, 2020-01-01T21:15:42, 2020-01-01T21:16:53, 2020-01-01T21:17:10, 2020-01-01T21:17:28, 2020-01-01T21:18:40, 2020-01-01T21:19:10, 2020-01-01T21:19:36, 2020-01-01T21:20:32, 2020-01-01T21:21:22, 2020-01-01T21:22:00, 2020-01-01T21:23:51, 2020-01-01T21:24:23, 2020-01-01T21:28:56, 2020-01-01T21:29:11, 2020-01-01T21:30:20, 2020-01-01T21:30:56, 2020-01-01T21:31:50, 2020-01-01T21:33:03, 2020-01-01T21:33:20, 2020-01-01T21:33:39, 2020-01-01T21:34:35, 2020-01-01T21:35:00, 2020-01-01T21:35:13, 2020-01-01T21:35:29, 2020-01-01T21:35:43, 2020-01-01T21:37:26, 2020-01-01T21:37:50, 2020-01-01T21:38:43, 2020-01-01T21:38:54, 2020-01-01T21:39:48, 2020-01-01T21:44:07, 2020-01-01T21:44:14, 2020-01-01T21:45:21, 2020-01-01T21:45:41, 2020-01-01T21:46:05, 2020-01-01T21:46:43, 2020-01-01T21:46:51, 2020-01-01T21:47:02, 2020-01-01T21:47:37, 2020-01-01T21:55:00, 2020-01-01T21:55:18, 2020-01-01T21:55:44, 2020-01-01T21:56:58, 2020-01-01T21:57:00, 2020-01-01T21:57:18, 2020-01-01T21:57:26, 2020-01-01T21:57:43, 2020-01-01T22:25:12, 2020-01-01T22:36:45, 2020-01-01T22:36:50, 2020-01-01T22:37:02, 2020-01-01T22:37:29, 2020-01-01T22:38:15, 2020-01-01T22:49:38, 2020-01-01T22:50:08, 2020-01-01T22:50:32, 2020-01-01T22:50:44" }, "geometry": { "type": "LineString", "coordinates": [ [ -99.144872, 19.490198 ], [ -99.146907, 19.495415 ], [ -99.146906, 19.495414 ], [ -99.148628, 19.50053 ], [ -99.149159, 19.502652 ], [ -99.150988, 19.505085 ], [ -99.151615, 19.507931 ], [ -99.157925, 19.522102 ], [ -99.159136, 19.525244 ], [ -99.155076, 19.529779 ], [ -99.154875, 19.531717 ], [ -99.156214, 19.53455 ], [ -99.156215, 19.53455 ], [ -99.15616, 19.537553 ], [ -99.15616, 19.537552 ], [ -99.154082, 19.54014 ], [ -99.154082, 19.54014 ], [ -99.15409, 19.54014 ], [ -99.154152, 19.54007 ], [ -99.154153, 19.540071 ], [ -99.154278, 19.540037 ], [ -99.15416, 19.54007 ], [ -99.154773, 19.539524 ], [ -99.154772, 19.539524 ], [ -99.154772, 19.539524 ], [ -99.156833, 19.544642 ], [ -99.156844, 19.54464 ], [ -99.156833, 19.544638 ], [ -99.15686, 19.54464 ], [ -99.156835, 19.544639 ], [ -99.156869, 19.544642 ], [ -99.156857, 19.544649 ], [ -99.156832, 19.544644 ], [ -99.156856, 19.54464 ], [ -99.156841, 19.544643 ], [ -99.156841, 19.544643 ], [ -99.156828, 19.544641 ], [ -99.156859, 19.544644 ], [ -99.156849, 19.544624 ], [ -99.156849, 19.544624 ], [ -99.156855, 19.544639 ], [ -99.15683, 19.544643 ], [ -99.15683, 19.544643 ], [ -99.156885, 19.544628 ], [ -99.156865, 19.544642 ], [ -99.156855, 19.54464 ], [ -99.156828, 19.544644 ], [ -99.15685, 19.544632 ], [ -99.156846, 19.544642 ], [ -99.156846, 19.544642 ], [ -99.156834, 19.544643 ], [ -99.156834, 19.544643 ], [ -99.156834, 19.544644 ], [ -99.156834, 19.544644 ], [ -99.156832, 19.544642 ], [ -99.15684, 19.54464 ], [ -99.156855, 19.544638 ], [ -99.156835, 19.544647 ], [ -99.156835, 19.544647 ], [ -99.15685, 19.544649 ], [ -99.15685, 19.54464 ], [ -99.15685, 19.544649 ], [ -99.156843, 19.544631 ], [ -99.15684, 19.544651 ], [ -99.15685, 19.54465 ], [ -99.156834, 19.544646 ], [ -99.156834, 19.544646 ], [ -99.156834, 19.544643 ], [ -99.15684, 19.54464 ], [ -99.15686, 19.54464 ], [ -99.156832, 19.544644 ], [ -99.15683, 19.54464 ], [ -99.156847, 19.544642 ], [ -99.15683, 19.54464 ], [ -99.15685, 19.544641 ], [ -99.15685, 19.54465 ], [ -99.156834, 19.544643 ], [ -99.156876, 19.544642 ], [ -99.156875, 19.544642 ], [ -99.15688, 19.54464 ], [ -99.156857, 19.544645 ], [ -99.15697, 19.54453 ], [ -99.156965, 19.544536 ], [ -99.156828, 19.544643 ], [ -99.15683, 19.54464 ], [ -99.156828, 19.544643 ], [ -99.156828, 19.544643 ], [ -99.156841, 19.544647 ], [ -99.156836, 19.544645 ], [ -99.15682, 19.54465 ], [ -99.15682, 19.54465 ], [ -99.156815, 19.54465 ], [ -99.156818, 19.544654 ], [ -99.156814, 19.54465 ], [ -99.15682, 19.54465 ], [ -99.156831, 19.544641 ], [ -99.156831, 19.544641 ], [ -99.15684, 19.54464 ], [ -99.156918, 19.544602 ], [ -99.156833, 19.544639 ], [ -99.156833, 19.544639 ], [ -99.15683, 19.54464 ], [ -99.15684, 19.54463 ], [ -99.156834, 19.544639 ], [ -99.156829, 19.54465 ], [ -99.15683, 19.54463 ], [ -99.156825, 19.544646 ], [ -99.156836, 19.544646 ], [ -99.156859, 19.544643 ], [ -99.15684, 19.54464 ], [ -99.156859, 19.544643 ], [ -99.156839, 19.544646 ], [ -99.156887, 19.544645 ], [ -99.156859, 19.54464 ], [ -99.15685, 19.544646 ], [ -99.15686, 19.54464 ], [ -99.156909, 19.544647 ], [ -99.15685, 19.54463 ], [ -99.156855, 19.544641 ], [ -99.156833, 19.544642 ], [ -99.156825, 19.54465 ], [ -99.15684, 19.54463 ], [ -99.156832, 19.544642 ], [ -99.156834, 19.544643 ], [ -99.15684, 19.54464 ], [ -99.156832, 19.54464 ], [ -99.156831, 19.54464 ], [ -99.156833, 19.544644 ], [ -99.156816, 19.544651 ], [ -99.156816, 19.544652 ], [ -99.156816, 19.544652 ], [ -99.15682, 19.54465 ], [ -99.15684, 19.54464 ], [ -99.15684, 19.54464 ], [ -99.156839, 19.544647 ], [ -99.156838, 19.544643 ], [ -99.15686, 19.544642 ], [ -99.156862, 19.54464 ], [ -99.15687, 19.54464 ], [ -99.156822, 19.544654 ], [ -99.156831, 19.544642 ], [ -99.15684, 19.54464 ], [ -99.156829, 19.544642 ], [ -99.156829, 19.544642 ], [ -99.15683, 19.54464 ], [ -99.156829, 19.544642 ], [ -99.156829, 19.54464 ], [ -99.156829, 19.544642 ], [ -99.15683, 19.54464 ], [ -99.156829, 19.544642 ], [ -99.156822, 19.544649 ], [ -99.156822, 19.544649 ], [ -99.15682, 19.54466 ], [ -99.15683, 19.54464 ], [ -99.156814, 19.544658 ], [ -99.156813, 19.544657 ], [ -99.156814, 19.544658 ], [ -99.156819, 19.54465 ], [ -99.156803, 19.544653 ], [ -99.156819, 19.54465 ], [ -99.156803, 19.544653 ], [ -99.15681, 19.54465 ], [ -99.156803, 19.544653 ], [ -99.15682, 19.54466 ], [ -99.156814, 19.544665 ], [ -99.156818, 19.544659 ], [ -99.15682, 19.54465 ], [ -99.156818, 19.544659 ], [ -99.156818, 19.544658 ], [ -99.15682, 19.544651 ], [ -99.15682, 19.54465 ], [ -99.156814, 19.544663 ], [ -99.156812, 19.544669 ], [ -99.15682, 19.54466 ], [ -99.156812, 19.544669 ], [ -99.156812, 19.544669 ], [ -99.156795, 19.544667 ], [ -99.1568, 19.54466 ], [ -99.156795, 19.544667 ], [ -99.156819, 19.54465 ], [ -99.156802, 19.544648 ], [ -99.156801, 19.544644 ], [ -99.156802, 19.544645 ], [ -99.156801, 19.544644 ], [ -99.156802, 19.544646 ], [ -99.156801, 19.544644 ], [ -99.156803, 19.544644 ], [ -99.156803, 19.544644 ], [ -99.15681, 19.54464 ], [ -99.156803, 19.544644 ], [ -99.15681, 19.54464 ], [ -99.15682, 19.54466 ], [ -99.156817, 19.544671 ], [ -99.156812, 19.544667 ], [ -99.156798, 19.544654 ], [ -99.1568, 19.54465 ], [ -99.156797, 19.544654 ], [ -99.156818, 19.544669 ], [ -99.15682, 19.54468 ], [ -99.156824, 19.54467 ], [ -99.156823, 19.544662 ], [ -99.15683, 19.54466 ], [ -99.156825, 19.544653 ], [ -99.156795, 19.544657 ], [ -99.156806, 19.544657 ], [ -99.1568, 19.54465 ], [ -99.156748, 19.544756 ], [ -99.15675, 19.54475 ], [ -99.156761, 19.544719 ], [ -99.156761, 19.544719 ], [ -99.156771, 19.544695 ], [ -99.156771, 19.544695 ], [ -99.15678, 19.54468 ], [ -99.156813, 19.544666 ], [ -99.156824, 19.544675 ], [ -99.15683, 19.54467 ], [ -99.156815, 19.544678 ], [ -99.15679, 19.54487 ], [ -99.15816, 19.52745 ], [ -99.158159, 19.52745 ], [ -99.148728, 19.498561 ], [ -99.147081, 19.496441 ], [ -99.14648, 19.493342 ], [ -99.14648, 19.493342 ], [ -99.146392, 19.492284 ], [ -99.145312, 19.49028 ], [ -99.144886, 19.490706 ], [ -99.144852, 19.490617 ], [ -99.142675, 19.486168 ], [ -99.141249, 19.479198 ], [ -99.139171, 19.475021 ], [ -99.13784, 19.4691 ], [ -99.123998, 19.461327 ], [ -99.114567, 19.455894 ], [ -99.115353, 19.456974 ], [ -99.111639, 19.453473 ], [ -99.106101, 19.451514 ], [ -99.105956, 19.451603 ], [ -99.105956, 19.451603 ], [ -99.098351, 19.450211 ], [ -99.089264, 19.448137 ], [ -99.086611, 19.445219 ], [ -99.086564, 19.437521 ], [ -99.08459, 19.43347 ], [ -99.085621, 19.434895 ], [ -99.085621, 19.435263 ], [ -99.08251, 19.42842 ], [ -99.083201, 19.430227 ], [ -99.083201, 19.430227 ], [ -99.078491, 19.417544 ], [ -99.078491, 19.417544 ], [ -99.075921, 19.41593 ], [ -99.075921, 19.41593 ], [ -99.074838, 19.415143 ], [ -99.07486, 19.41507 ], [ -99.074215, 19.41447 ], [ -99.074215, 19.41447 ], [ -99.074215, 19.41447 ], [ -99.073072, 19.415838 ], [ -99.073114, 19.415483 ], [ -99.071796, 19.416433 ], [ -99.072023, 19.41552 ], [ -99.071871, 19.415343 ], [ -99.071867, 19.415321 ], [ -99.069722, 19.408433 ], [ -98.995381, 19.360369 ], [ -98.995381, 19.360369 ], [ -98.995381, 19.360369 ], [ -98.995381, 19.360369 ], [ -99.067389, 19.404279 ], [ -99.062529, 19.400123 ], [ -99.059529, 19.39882 ], [ -99.058297, 19.39802 ], [ -99.052564, 19.394544 ], [ -99.0476, 19.391865 ], [ -99.037002, 19.386373 ], [ -99.035759, 19.385183 ], [ -99.013404, 19.370734 ], [ -99.013404, 19.370734 ], [ -99.005968, 19.364871 ], [ -99.005968, 19.364871 ], [ -99.004273, 19.36516 ], [ -99.004385, 19.365173 ], [ -99.004385, 19.365173 ], [ -99.004269, 19.36557 ], [ -99.003984, 19.365785 ], [ -99.004114, 19.36589 ], [ -99.004114, 19.36589 ], [ -99.003998, 19.365726 ], [ -99.003997, 19.365725 ], [ -99.003718, 19.365964 ], [ -99.003718, 19.365964 ], [ -99.001011, 19.367766 ], [ -99.001011, 19.367766 ], [ -99.000243, 19.368371 ], [ -98.998098, 19.37162 ], [ -98.998098, 19.37162 ], [ -98.998101, 19.371666 ], [ -98.998101, 19.371666 ], [ -98.998054, 19.371748 ], [ -98.9981, 19.371664 ], [ -98.9981, 19.371664 ], [ -98.9981, 19.371664 ], [ -98.998076, 19.371703 ], [ -98.99806, 19.37163 ], [ -98.99809, 19.371554 ], [ -98.998108, 19.371598 ], [ -98.998065, 19.371588 ], [ -98.998065, 19.371588 ], [ -98.998065, 19.371588 ], [ -98.998065, 19.371588 ], [ -98.998129, 19.371668 ], [ -98.99808, 19.371648 ], [ -98.99803, 19.37136 ], [ -98.998126, 19.371642 ], [ -98.998126, 19.371642 ], [ -98.998119, 19.371627 ], [ -98.998119, 19.371627 ], [ -98.998162, 19.371677 ], [ -98.998162, 19.371677 ], [ -98.998162, 19.371677 ], [ -98.998162, 19.371677 ] ] } },
{ "type": "Feature", "properties": { "device_id": "aa74f79bd7f355f821eda172d38c17e5b7fe0045b87a4917786c645aab49429f", "timestamps": "2020-01-01T16:48:05, 2020-01-01T16:48:50, 2020-01-01T17:22:15, 2020-01-01T17:22:20, 2020-01-01T17:27:07, 2020-01-01T17:27:57, 2020-01-01T17:32:35, 2020-01-01T17:32:40, 2020-01-01T17:42:17, 2020-01-01T17:42:27, 2020-01-01T17:47:33, 2020-01-01T17:47:44, 2020-01-01T18:05:10, 2020-01-01T18:05:25, 2020-01-01T18:16:35, 2020-01-01T18:16:40, 2020-01-01T19:21:02, 2020-01-01T19:21:51, 2020-01-01T19:28:00, 2020-01-01T19:28:55, 2020-01-01T19:32:08, 2020-01-01T19:32:58, 2020-01-01T19:37:04, 2020-01-01T19:37:53, 2020-01-01T19:57:12, 2020-01-01T19:57:21, 2020-01-01T20:02:08, 2020-01-01T20:02:58, 2020-01-01T20:08:15, 2020-01-01T20:08:20, 2020-01-01T20:13:05, 2020-01-01T20:13:50, 2020-01-01T20:23:13, 2020-01-01T20:23:24, 2020-01-01T20:28:38, 2020-01-01T20:28:48, 2020-01-01T20:33:38, 2020-01-01T20:33:48, 2020-01-01T20:44:14, 2020-01-01T20:44:23, 2020-01-01T20:49:06, 2020-01-01T20:49:56, 2020-01-01T20:54:38, 2020-01-01T20:54:48, 2020-01-01T20:59:38, 2020-01-01T20:59:48, 2020-01-01T21:04:36, 2020-01-01T21:04:46, 2020-01-01T21:13:16, 2020-01-01T21:13:26, 2020-01-01T21:26:15, 2020-01-01T21:26:20, 2020-01-01T21:54:30, 2020-01-01T21:54:45, 2020-01-01T22:02:37, 2020-01-01T22:02:47, 2020-01-01T22:12:37, 2020-01-01T22:12:47, 2020-01-01T22:53:11, 2020-01-01T22:53:22" }, "geometry": { "type": "LineString", "coordinates": [ [ -99.03047, 19.41039 ], [ -99.030451, 19.410394 ], [ -99.030451, 19.410394 ], [ -99.03047, 19.41039 ], [ -99.03047, 19.41039 ], [ -99.030451, 19.410394 ], [ -99.03047, 19.41039 ], [ -99.030451, 19.410394 ], [ -99.03047, 19.41039 ], [ -99.030451, 19.410394 ], [ -99.03047, 19.41039 ], [ -99.030451, 19.410394 ], [ -99.046507, 19.391505 ], [ -99.04651, 19.3915 ], [ -99.035208, 19.384805 ], [ -99.03521, 19.38479 ], [ -98.851734, 19.263303 ], [ -98.85175, 19.2633 ], [ -98.85175, 19.2633 ], [ -98.851734, 19.263303 ], [ -98.851734, 19.263303 ], [ -98.85175, 19.2633 ], [ -98.85175, 19.2633 ], [ -98.851734, 19.263303 ], [ -98.851734, 19.263303 ], [ -98.85175, 19.2633 ], [ -98.851734, 19.263303 ], [ -98.85175, 19.2633 ], [ -98.85175, 19.2633 ], [ -98.851734, 19.263303 ], [ -98.85175, 19.2633 ], [ -98.851734, 19.263303 ], [ -98.85175, 19.2633 ], [ -98.851734, 19.263303 ], [ -98.85175, 19.2633 ], [ -98.851734, 19.263303 ], [ -98.851734, 19.263303 ], [ -98.85175, 19.2633 ], [ -98.851734, 19.263303 ], [ -98.85175, 19.2633 ], [ -98.85175, 19.2633 ], [ -98.851734, 19.263303 ], [ -98.85175, 19.2633 ], [ -98.851734, 19.263303 ], [ -98.85175, 19.2633 ], [ -98.851734, 19.263303 ], [ -98.851734, 19.263303 ], [ -98.85175, 19.2633 ], [ -98.851734, 19.263303 ], [ -98.85175, 19.2633 ], [ -98.851734, 19.263303 ], [ -98.85175, 19.2633 ], [ -98.851734, 19.263303 ], [ -98.85175, 19.2633 ], [ -98.851734, 19.263303 ], [ -98.85175, 19.2633 ], [ -98.851734, 19.263303 ], [ -98.85175, 19.2633 ], [ -98.851734, 19.263303 ], [ -98.85175, 19.2633 ] ] } },
{ "type": "Feature", "properties": { "device_id": "26f9f08a9f36172752414764e7561d729fb8a053847d2c35608c919770049d80", "timestamps": "2020-01-01T22:51:37, 2020-01-01T22:52:18, 2020-01-01T22:53:21, 2020-01-01T22:53:26, 2020-01-01T22:55:06, 2020-01-01T22:57:22, 2020-01-01T22:57:47, 2020-01-01T22:57:52, 2020-01-01T22:58:37, 2020-01-01T23:05:04, 2020-01-01T23:05:38, 2020-01-01T23:06:19, 2020-01-01T23:06:26, 2020-01-01T23:06:46, 2020-01-01T23:07:03, 2020-01-01T23:07:24, 2020-01-01T23:08:00, 2020-01-01T23:09:36, 2020-01-01T23:09:56, 2020-01-01T23:11:00, 2020-01-01T23:11:33, 2020-01-01T23:12:47, 2020-01-01T23:13:29, 2020-01-01T23:14:33, 2020-01-01T23:15:12, 2020-01-01T23:15:36, 2020-01-01T23:15:59, 2020-01-01T23:16:10, 2020-01-01T23:16:20, 2020-01-01T23:16:33, 2020-01-01T23:17:12, 2020-01-01T23:17:28, 2020-01-01T23:18:09, 2020-01-01T23:18:58, 2020-01-01T23:19:13, 2020-01-01T23:20:58, 2020-01-01T23:21:50, 2020-01-01T23:27:21, 2020-01-01T23:27:31, 2020-01-01T23:33:41, 2020-01-01T23:34:42, 2020-01-01T23:35:02, 2020-01-01T23:36:16, 2020-01-01T23:36:21, 2020-01-01T23:36:42, 2020-01-01T23:36:50, 2020-01-01T23:37:39, 2020-01-01T23:38:00, 2020-01-01T23:39:07, 2020-01-01T23:39:31, 2020-01-01T23:39:53, 2020-01-01T23:40:16, 2020-01-01T23:42:16, 2020-01-01T23:47:47, 2020-01-01T23:51:08, 2020-01-01T23:59:30, 2020-01-01T23:59:52" }, "geometry": { "type": "LineString", "coordinates": [ [ -99.022159, 19.377702 ], [ -99.027596, 19.380597 ], [ -99.035346, 19.384938 ], [ -99.035346, 19.384938 ], [ -99.044862, 19.390893 ], [ -99.056563, 19.396523 ], [ -99.056563, 19.396523 ], [ -99.056563, 19.396523 ], [ -99.058909, 19.398682 ], [ -99.072141, 19.417889 ], [ -99.072511, 19.4162 ], [ -99.072117, 19.415749 ], [ -99.072117, 19.415749 ], [ -99.072117, 19.415749 ], [ -99.072117, 19.415749 ], [ -99.072273, 19.415608 ], [ -99.072428, 19.416129 ], [ -99.073256, 19.413097 ], [ -99.077088, 19.407866 ], [ -99.081753, 19.407151 ], [ -99.080375, 19.407271 ], [ -99.09095, 19.408399 ], [ -99.096053, 19.409597 ], [ -99.099354, 19.40936 ], [ -99.103652, 19.408571 ], [ -99.103652, 19.408571 ], [ -99.100485, 19.408732 ], [ -99.100831, 19.408715 ], [ -99.100831, 19.408716 ], [ -99.100485, 19.408732 ], [ -99.106017, 19.408087 ], [ -99.106017, 19.408086 ], [ -99.106017, 19.408086 ], [ -99.106017, 19.408823 ], [ -99.106017, 19.408823 ], [ -99.117428, 19.407882 ], [ -99.114661, 19.408389 ], [ -99.178647, 19.406029 ], [ -99.178657, 19.404055 ], [ -99.18746, 19.401968 ], [ -99.187461, 19.401968 ], [ -99.18746, 19.401968 ], [ -99.18746, 19.401968 ], [ -99.187461, 19.401968 ], [ -99.187474, 19.401968 ], [ -99.187474, 19.401968 ], [ -99.187475, 19.401966 ], [ -99.187461, 19.401968 ], [ -99.187461, 19.401968 ], [ -99.18746, 19.401975 ], [ -99.187461, 19.401968 ], [ -99.187461, 19.401968 ], [ -99.187471, 19.401975 ], [ -99.187461, 19.401968 ], [ -99.18746, 19.401968 ], [ -99.182968, 19.399761 ], [ -99.182938, 19.399772 ] ] } },
{ "type": "Feature", "properties": { "device_id": "51db2f008b9d392a8a3cddbc3169aa72ef2d6deaaf7d780b645e1190d95e9aa5", "timestamps": "2020-01-01T06:40:14, 2020-01-01T06:40:42, 2020-01-01T06:41:16, 2020-01-01T06:41:31, 2020-01-01T06:41:36, 2020-01-01T06:41:46, 2020-01-01T06:49:56, 2020-01-01T06:56:25, 2020-01-01T06:57:17, 2020-01-01T06:57:36, 2020-01-01T06:57:41, 2020-01-01T06:58:17, 2020-01-01T06:58:56, 2020-01-01T07:00:10, 2020-01-01T07:00:22, 2020-01-01T07:00:36, 2020-01-01T07:13:58, 2020-01-01T07:24:08, 2020-01-01T07:29:50, 2020-01-01T07:36:21, 2020-01-01T07:37:57, 2020-01-01T07:44:19, 2020-01-01T07:52:12, 2020-01-01T07:59:34, 2020-01-01T08:09:03, 2020-01-01T08:22:52, 2020-01-01T08:37:57, 2020-01-01T08:52:23, 2020-01-01T09:09:54, 2020-01-01T09:24:51, 2020-01-01T09:39:54, 2020-01-01T09:53:59, 2020-01-01T10:09:54, 2020-01-01T10:24:54, 2020-01-01T10:39:54, 2020-01-01T10:54:53, 2020-01-01T11:09:54, 2020-01-01T11:24:51, 2020-01-01T11:39:54, 2020-01-01T11:54:54, 2020-01-01T12:09:54, 2020-01-01T12:24:54, 2020-01-01T12:37:13, 2020-01-01T16:24:08, 2020-01-01T16:25:59, 2020-01-01T16:26:20, 2020-01-01T16:41:10, 2020-01-01T16:49:43, 2020-01-01T16:56:39, 2020-01-01T17:03:17, 2020-01-01T17:05:34, 2020-01-01T17:06:17, 2020-01-01T17:08:09, 2020-01-01T17:11:12, 2020-01-01T17:12:57, 2020-01-01T17:13:48, 2020-01-01T17:15:17, 2020-01-01T17:18:44, 2020-01-01T17:20:39, 2020-01-01T17:21:40, 2020-01-01T17:25:23, 2020-01-01T17:26:36, 2020-01-01T17:28:15, 2020-01-01T17:29:44, 2020-01-01T17:38:09, 2020-01-01T17:39:16, 2020-01-01T17:39:42, 2020-01-01T17:39:46, 2020-01-01T17:54:49, 2020-01-01T18:01:39, 2020-01-01T18:08:07, 2020-01-01T18:16:10, 2020-01-01T18:31:04, 2020-01-01T18:39:27, 2020-01-01T18:47:52, 2020-01-01T18:54:22, 2020-01-01T19:01:36, 2020-01-01T19:10:29, 2020-01-01T19:17:43, 2020-01-01T19:37:25, 2020-01-01T19:37:50, 2020-01-01T19:37:53, 2020-01-01T19:48:15, 2020-01-01T19:55:47, 2020-01-01T20:02:39, 2020-01-01T20:10:54, 2020-01-01T20:17:24, 2020-01-01T20:25:13, 2020-01-01T20:37:37, 2020-01-01T20:38:16, 2020-01-01T20:38:19, 2020-01-01T20:45:39, 2020-01-01T20:52:38, 2020-01-01T21:00:40, 2020-01-01T21:08:23, 2020-01-01T21:08:26, 2020-01-01T21:08:29, 2020-01-01T21:22:05, 2020-01-01T21:29:53, 2020-01-01T21:43:03, 2020-01-01T21:58:03, 2020-01-01T22:06:14, 2020-01-01T22:15:51, 2020-01-01T22:15:52, 2020-01-01T22:17:47, 2020-01-01T22:27:34, 2020-01-01T22:38:47, 2020-01-01T22:39:10, 2020-01-01T22:44:17, 2020-01-01T22:44:44, 2020-01-01T22:51:03, 2020-01-01T22:59:47, 2020-01-01T23:09:46, 2020-01-01T23:17:20, 2020-01-01T23:24:19, 2020-01-01T23:31:44, 2020-01-01T23:40:40, 2020-01-01T23:50:33" }, "geometry": { "type": "LineString", "coordinates": [ [ -99.120704, 19.432512 ], [ -99.120705, 19.432514 ], [ -99.120706, 19.432513 ], [ -99.120709, 19.432515 ], [ -99.120708, 19.432515 ], [ -99.120705, 19.432513 ], [ -99.120704, 19.432544 ], [ -99.120724, 19.432536 ], [ -99.120724, 19.432528 ], [ -99.120708, 19.432511 ], [ -99.120725, 19.432527 ], [ -99.12071, 19.432541 ], [ -99.120707, 19.432515 ], [ -99.120722, 19.43255 ], [ -99.120713, 19.432517 ], [ -99.120721, 19.432533 ], [ -99.120724, 19.432547 ], [ -99.121163, 19.433009 ], [ -99.117856, 19.43997 ], [ -99.121139, 19.432617 ], [ -99.120708, 19.432606 ], [ -99.12072, 19.432502 ], [ -99.120724, 19.432508 ], [ -99.120746, 19.432473 ], [ -99.12076, 19.432528 ], [ -99.120716, 19.432539 ], [ -99.12073, 19.432512 ], [ -99.120782, 19.432453 ], [ -99.120723, 19.432529 ], [ -99.120723, 19.432529 ], [ -99.120723, 19.432529 ], [ -99.12076, 19.432502 ], [ -99.12076, 19.432502 ], [ -99.12076, 19.432502 ], [ -99.12076, 19.432502 ], [ -99.12076, 19.432502 ], [ -99.12076, 19.432502 ], [ -99.12076, 19.432502 ], [ -99.12076, 19.432502 ], [ -99.120725, 19.432542 ], [ -99.120725, 19.432542 ], [ -99.120725, 19.432542 ], [ -99.120725, 19.432542 ], [ -99.120722, 19.43251 ], [ -99.120724, 19.432514 ], [ -99.120706, 19.432544 ], [ -99.120703, 19.432543 ], [ -99.120709, 19.432545 ], [ -99.120726, 19.432537 ], [ -99.118793, 19.434923 ], [ -99.114011, 19.437985 ], [ -99.108519, 19.436343 ], [ -99.102577, 19.422918 ], [ -99.094571, 19.418493 ], [ -99.092191, 19.417357 ], [ -99.087706, 19.414354 ], [ -99.078775, 19.409279 ], [ -99.061733, 19.400068 ], [ -99.036353, 19.385549 ], [ -99.027825, 19.380537 ], [ -98.995653, 19.357818 ], [ -98.983437, 19.347525 ], [ -98.971669, 19.335546 ], [ -98.960848, 19.325442 ], [ -98.949199, 19.316888 ], [ -98.948952, 19.316797 ], [ -98.948968, 19.316759 ], [ -98.948974, 19.316769 ], [ -98.949074, 19.316675 ], [ -98.949055, 19.316659 ], [ -98.949057, 19.316669 ], [ -98.949056, 19.316657 ], [ -98.949101, 19.316677 ], [ -98.949121, 19.316692 ], [ -98.949107, 19.316694 ], [ -98.949082, 19.316693 ], [ -98.949076, 19.316677 ], [ -98.949073, 19.316675 ], [ -98.949076, 19.316677 ], [ -98.949101, 19.316675 ], [ -98.949129, 19.316675 ], [ -98.949109, 19.316696 ], [ -98.949077, 19.316677 ], [ -98.949073, 19.316678 ], [ -98.949074, 19.316675 ], [ -98.949073, 19.316677 ], [ -98.949074, 19.316679 ], [ -98.949084, 19.316683 ], [ -98.949054, 19.316723 ], [ -98.949054, 19.316723 ], [ -98.949081, 19.316724 ], [ -98.949093, 19.316698 ], [ -98.949075, 19.316676 ], [ -98.949074, 19.316675 ], [ -98.949073, 19.316677 ], [ -98.949073, 19.316677 ], [ -98.949073, 19.316677 ], [ -98.949104, 19.316675 ], [ -98.949099, 19.316678 ], [ -98.9491, 19.316678 ], [ -98.949099, 19.31668 ], [ -98.949095, 19.316697 ], [ -98.949255, 19.316802 ], [ -98.949418, 19.317007 ], [ -98.968181, 19.331665 ], [ -99.046458, 19.391769 ], [ -99.108161, 19.426324 ], [ -99.111386, 19.427544 ], [ -99.121129, 19.433068 ], [ -99.121136, 19.432569 ], [ -99.120708, 19.432512 ], [ -99.120726, 19.43252 ], [ -99.120726, 19.432532 ], [ -99.120708, 19.432515 ], [ -99.120692, 19.432502 ], [ -99.120709, 19.4325 ], [ -99.120726, 19.43252 ], [ -99.1207, 19.432545 ] ] } },
{ "type": "Feature", "properties": { "device_id": "d5846f2c7e0f0319f434e3a765764fcee18f7d80959e3a3dcfc1ec6e7afeff7c", "timestamps": "2020-01-01T21:25:04, 2020-01-01T22:04:18, 2020-01-01T22:40:22, 2020-01-01T23:20:30" }, "geometry": { "type": "LineString", "coordinates": [ [ -99.03656, 19.3854 ], [ -99.03952, 19.38777 ], [ -99.03621, 19.38542 ], [ -99.040369, 19.38662 ] ] } },
{ "type": "Feature", "properties": { "device_id": "237d23017ac696da185a6fe1de53a406d33751d9badeaffe8343ec6ba7644d8a", "timestamps": "2020-01-01T06:05:30, 2020-01-01T06:14:45, 2020-01-01T06:22:42, 2020-01-01T06:32:44, 2020-01-01T06:42:44, 2020-01-01T06:53:32, 2020-01-01T07:03:34, 2020-01-01T07:13:33, 2020-01-01T07:25:51, 2020-01-01T07:31:15, 2020-01-01T07:34:53, 2020-01-01T07:44:24, 2020-01-01T07:54:20, 2020-01-01T08:04:19, 2020-01-01T08:15:52, 2020-01-01T08:25:54, 2020-01-01T08:34:19, 2020-01-01T08:34:58, 2020-01-01T09:30:50, 2020-01-01T09:30:52, 2020-01-01T11:15:39, 2020-01-01T11:16:55, 2020-01-01T11:29:28, 2020-01-01T12:33:23, 2020-01-01T13:25:33, 2020-01-01T13:25:49, 2020-01-01T13:33:43, 2020-01-01T13:42:11, 2020-01-01T13:51:53, 2020-01-01T13:59:19, 2020-01-01T14:06:41, 2020-01-01T14:13:44, 2020-01-01T14:20:33, 2020-01-01T14:27:04, 2020-01-01T14:30:51, 2020-01-01T14:35:23, 2020-01-01T14:42:29, 2020-01-01T14:49:46, 2020-01-01T15:00:42, 2020-01-01T15:11:18, 2020-01-01T15:21:37, 2020-01-01T15:29:01, 2020-01-01T15:33:07, 2020-01-01T15:38:55, 2020-01-01T15:46:58, 2020-01-01T15:54:17, 2020-01-01T16:03:40, 2020-01-01T16:05:48, 2020-01-01T16:11:55, 2020-01-01T16:20:23, 2020-01-01T16:27:49, 2020-01-01T16:36:09, 2020-01-01T16:36:37, 2020-01-01T16:47:29, 2020-01-01T16:57:12, 2020-01-01T18:15:00, 2020-01-01T18:16:54, 2020-01-01T18:16:58, 2020-01-01T18:50:29, 2020-01-01T19:02:55, 2020-01-01T19:19:05, 2020-01-01T19:27:50, 2020-01-01T19:34:46, 2020-01-01T19:41:32, 2020-01-01T19:50:00, 2020-01-01T19:50:05, 2020-01-01T19:57:03, 2020-01-01T20:09:18, 2020-01-01T20:16:35, 2020-01-01T20:24:20, 2020-01-01T20:34:26, 2020-01-01T20:42:15, 2020-01-01T21:02:47, 2020-01-01T21:10:21, 2020-01-01T21:17:14, 2020-01-01T21:24:19, 2020-01-01T21:33:26, 2020-01-01T21:44:57, 2020-01-01T21:51:45, 2020-01-01T22:03:12, 2020-01-01T22:20:11, 2020-01-01T22:31:39, 2020-01-01T22:38:00, 2020-01-01T22:45:09, 2020-01-01T22:54:42, 2020-01-01T23:00:10, 2020-01-01T23:01:34, 2020-01-01T23:10:49, 2020-01-01T23:19:33, 2020-01-01T23:31:58, 2020-01-01T23:38:11, 2020-01-01T23:45:36, 2020-01-01T23:53:57" }, "geometry": { "type": "LineString", "coordinates": [ [ -98.974979, 19.362679 ], [ -98.974983, 19.362703 ], [ -98.974988, 19.362691 ], [ -98.97498, 19.362702 ], [ -98.974958, 19.362678 ], [ -98.974954, 19.362683 ], [ -98.974955, 19.362679 ], [ -98.974973, 19.362658 ], [ -98.974989, 19.362673 ], [ -98.974989, 19.362653 ], [ -98.974971, 19.36267 ], [ -98.974958, 19.362682 ], [ -98.974955, 19.362684 ], [ -98.974958, 19.362692 ], [ -98.974955, 19.362695 ], [ -98.974957, 19.362691 ], [ -98.975144, 19.362796 ], [ -98.974974, 19.362695 ], [ -98.974951, 19.362683 ], [ -98.974966, 19.362694 ], [ -98.974953, 19.362682 ], [ -98.974966, 19.362692 ], [ -98.974952, 19.362675 ], [ -98.974952, 19.362702 ], [ -98.97496, 19.36271 ], [ -98.974957, 19.362703 ], [ -98.974967, 19.362691 ], [ -98.974997, 19.362692 ], [ -98.974935, 19.362703 ], [ -98.975464, 19.361724 ], [ -98.977334, 19.358968 ], [ -98.995629, 19.360388 ], [ -99.035927, 19.385314 ], [ -99.069669, 19.404714 ], [ -99.071772, 19.415438 ], [ -99.071709, 19.414917 ], [ -99.103662, 19.408582 ], [ -99.134117, 19.409041 ], [ -99.137155, 19.435595 ], [ -99.135361, 19.434408 ], [ -99.13543, 19.43415 ], [ -99.135377, 19.434615 ], [ -99.135377, 19.434612 ], [ -99.13549, 19.434277 ], [ -99.04381, 19.493242 ], [ -99.04371, 19.493245 ], [ -99.135213, 19.434384 ], [ -99.135233, 19.434314 ], [ -99.275197, 19.484204 ], [ -99.13519, 19.434501 ], [ -99.135238, 19.434367 ], [ -99.135264, 19.434314 ], [ -99.135283, 19.434249 ], [ -99.135249, 19.434334 ], [ -99.275267, 19.484149 ], [ -99.135174, 19.434491 ], [ -99.135229, 19.434377 ], [ -99.135222, 19.434469 ], [ -99.043698, 19.4932 ], [ -99.135283, 19.434249 ], [ -99.135223, 19.434627 ], [ -99.135283, 19.434249 ], [ -99.04381, 19.493242 ], [ -99.135223, 19.434627 ], [ -99.135223, 19.434627 ], [ -99.135223, 19.434627 ], [ -99.135233, 19.434397 ], [ -99.135253, 19.434519 ], [ -99.135223, 19.434627 ], [ -99.135283, 19.434249 ], [ -99.275197, 19.484204 ], [ -99.135223, 19.434627 ], [ -99.135234, 19.434503 ], [ -99.275197, 19.484204 ], [ -99.04381, 19.493242 ], [ -99.135085, 19.43439 ], [ -99.04381, 19.493242 ], [ -99.135223, 19.434627 ], [ -99.135223, 19.434627 ], [ -99.135223, 19.434627 ], [ -99.275197, 19.484204 ], [ -99.135223, 19.434627 ], [ -99.135226, 19.434388 ], [ -99.135267, 19.434457 ], [ -99.275236, 19.484183 ], [ -99.275197, 19.484204 ], [ -99.275197, 19.484204 ], [ -99.135223, 19.434627 ], [ -99.135219, 19.434584 ], [ -99.135409, 19.434164 ], [ -99.136889, 19.43552 ], [ -99.135328, 19.408817 ], [ -99.133611, 19.40859 ] ] } }
]
}
